23.4 -167.52773,-147.14093,-127.85411,-100.90209,-76.0085,-58.47812,-41.10392,-15.36224,10.62188,28.47458,46.34,71.13158,96.90017,114.88636,133.99936,162.73597 0.02676,0.08021,0.14088,0.34663,0.2473,0.12803,0.02613,0.02744,-0.05519,-0.10075,-0.15095,-0.35379,-0.40704,-0.27884,-0.04173,-0.02416
29.25 -163.10743,-147.88444,-133.20474,-112.89626,-90.91628,-76.0085,-58.47812,-41.10392,-26.52877,-4.27969,10.62188,29.10184,46.34,61.27906,82.73104,96.90017,115.69674,129.96757,150.50123,175.36009 0.12824,0.14822,0.14945,0.21778,0.29641,0.2473,0.12803,0.02613,-0.05012,-0.05118,-0.05519,-0.11397,-0.15095,-0.19868,-0.30044,-0.40704,-0.03626,0.09357,0.03571,0.02748
35.1 -176.92962,-160.48305,-148.35236,-133.20474,-120.65155,-102.30585,-84.72329,-72.59975,-59.1795,-45.76879,-33.67596,-15.45612,2.93979,15.32252,29.10184,42.8311,55.08494,72.48817,90.14212,101.97706,115.69674,129.96757,143.13271,154.14974,171.72479 0.13032,0.21092,0.2214,0.14945,0.17314,0.24303,0.16304,0.09105,-0.00403,-0.08974,-0.15057,-0.11205,-0.11294,-0.10943,-0.11397,-0.13268,-0.15998,-0.19454,-0.16841,-0.15497,-0.03626,0.09357,0.15396,0.20015,0.17632
40.95 -171.92127,-160.48305,-148.35236,-136.53725,-125.91552,-110.69357,-94.87142,-80.58612,-70.45385,-59.58776,-48.69384,-38.50045,-23.55758,-7.30813,7.89018,18.3325,29.5168,40.64875,50.93471,65.19239,80.62056,95.12068,105.10871,116.15444,127.51456,138.33037,154.14974,162.88513,178.05277 0.20668,0.21092,0.2214,0.20358,0.19005,0.19921,0.17898,0.05861,-0.00315,-0.06913,-0.12826,-0.17527,-0.17982,-0.14593,-0.13233,-0.12981,-0.12761,-0.13765,-0.15392,-0.16132,-0.14697,-0.07605,-0.00774,0.10367,0.19515,0.23469,0.20015,0.23889,0.22945
46.8 -168.47288,-158.7735,-148.69736,-138.82161,-129.68174,-116.89729,-103.02454,-89.52393,-80.58612,-68.97448,-59.8425,-50.67494,-38.50045,-29.47251,-15.43434,-1.26604,7.89018,20.43418,29.83584,39.19022,50.93471,59.90495,73.19434,86.55885,95.12068,107.21066,116.43755,125.86489,134.99483,147.94075,156.09415,169.66414,178.05277 0.24778,0.24386,0.24781,0.23044,0.20081,0.18883,0.17631,0.10534,0.05861,-0.02652,-0.05778,-0.07849,-0.17527,-0.18038,-0.16685,-0.12661,-0.13233,-0.09513,-0.10402,-0.11512,-0.15392,-0.15688,-0.14356,-0.10672,-0.07605,0.00906,0.10324,0.17332,0.19916,0.25563,0.25953,0.25741,0.22945
52.65 -177.31118,-165.98197,-157.58607,-148.96604,-140.48773,-129.68174,-121.58373,-109.48759,-97.12665,-85.54955,-77.64787,-68.97448,-59.8425,-50.67494,-41.91413,-33.88478,-21.78316,-8.98905,3.30761,11.46437,20.43418,29.83584,39.19022,48.00924,55.97356,67.43346,79.45219,90.99095,98.63755,107.21066,116.62024,124.66891,134.99483,143.39501,150.84065,162.81825,174.93482 0.2647,0.26768,0.25719,0.25303,0.23143,0.20081,0.17516,0.16884,0.13193,0.06804,0.02359,-0.02652,-0.05778,-0.07849,-0.09535,-0.08106,-0.13156,-0.10573,-0.05168,-0.07666,-0.09513,-0.10402,-0.11512,-0.13102,-0.13454,-0.1467,-0.1213,-0.10824,-0.07111,0.00906,-0.004,0.03079,0.19916,0.19474,0.17026,0.23879,0.26183
58.5 -173.82814,-165.98197,-156.72756,-149.19574,-140.48773,-132.49604,-125.21472,-114.62452,-103.47256,-92.53382,-82.50079,-75.45625,-67.88728,-60.01077,-52.10072,-44.44002,-37.26057,-26.76363,-15.35367,-3.86522,6.86495,14.16027,21.99095,30.09328,38.15151,45.85331,55.97356,62.93021,73.63815,84.36522,90.99095,101.23044,108.70946,116.62024,124.66891,132.54183,139.95086,150.84065,157.25846,168.31454,179.06906 0.27791,0.26768,0.25336,0.2445,0.23143,0.19237,0.15542,0.14858,0.13969,0.09152,0.05392,0.02823,-0.00373,-0.01364,-0.00101,0.01464,0.03144,-0.0304,-0.05248,-0.0218,0.03688,0.01759,-0.01694,-0.04264,-0.06026,-0.07278,-0.13454,-0.12336,-0.12725,-0.11286,-0.10824,-0.11396,-0.06244,-0.004,0.03079,0.03403,0.01607,0.17026,0.12369,0.20146,0.25136
64.35 -171.13912,-164.11597,-156.72756,-149.19574,-141.77004,-134.68078,-128.09769,-118.75395,-108.73537,-98.58875,-88.89462,-82.50079,-73.7601,-67.05064,-60.12229,-53.16446,-46.36873,-37.26057,-30.71042,-20.57334,-10.02139,0.26267,6.86495,16.26276,23.19833,30.31578,37.39164,44.21808,52.96895,59.36376,68.89319,78.72089,88.26646,94.38194,103.20644,109.82326,116.74155,123.761,130.66982,137.2674,146.71385,152.7349,162.71904,172.79416,179.06906 0.24578,0.25446,0.25336,0.2445,0.22051,0.19019,0.15406,0.12491,0.12241,0.09992,0.05942,0.05392,0.03789,0.01453,0.00081,0.0067,0.02946,0.03144,0.04355,0.01577,0.0102,0.03813,0.03688,0.09311,0.06007,0.03235,0.01885,0.01244,-0.07116,-0.06132,-0.09963,-0.10534,-0.10442,-0.1252,-0.14103,-0.12911,-0.11339,-0.10909,-0.11465,-0.12923,-0.01173,-0.04806,0.0645,0.15272,0.25136
70.2 -177.63656,-169.01754,-162.67535,-156.08201,-149.39215,-142.78778,-136.42557,-128.09769,-122.11893,-113.11187,-103.78467,-94.59408,-85.95788,-80.09708,-73.7601,-66.383,-60.19829,-53.98883,-46.36873,-39.90403,-33.88712,-24.85069,-15.25255,-5.58556,3.62514,9.69219,16.26276,24.16964,30.51136,36.8151,44.21808,50.6225,56.49814,65.00542,73.94915,82.89633,88.26646,97.03773,103.20644,110.67961,116.82139,123.04015,129.18675,137.2674,143.41213,149.01401,158.01625,167.32557,176.47558 0.19094,0.1641,0.20233,0.21642,0.20905,0.1933,0.1788,0.15406,0.11381,0.09811,0.08836,0.06057,0.04824,0.05158,0.03789,0.02714,0.00547,-0.00815,0.02946,0.04024,0.02694,0.02974,0.02133,0.02839,0.06856,0.09655,0.09311,0.10521,0.08754,0.07588,0.01244,0.00822,0.00447,-0.04621,-0.07449,-0.08339,-0.10442,-0.1241,-0.14103,-0.15299,-0.16313,-0.17201,-0.17882,-0.12923,-0.13988,-0.14741,-0.08424,0.0034,0.07684
76.05 -174.97693,-169.01754,-161.53909,-155.59003,-149.57315,-143.62493,-137.85647,-130.43764,-124.90346,-116.77218,-108.2312,-99.61749,-91.29266,-83.54652,-78.15496,-72.40565,-66.383,-60.19829,-53.98883,-47.88561,-42.01875,-36.4771,-28.38792,-19.67323,-10.69716,-1.87685,6.41201,11.99742,17.95548,24.16964,30.51136,36.8151,42.93799,48.74691,56.49814,61.79604,69.92339,78.22694,86.34859,91.40784,99.16206,104.7564,110.67961,116.82139,123.04015,129.18675,135.11876,140.72479,149.01401,154.04688,162.59873,171.2193,179.51848 0.0899,0.1641,0.12074,0.14731,0.1448,0.14001,0.12846,0.14027,0.08978,0.07983,0.06718,0.05716,0.04947,0.06894,0.06947,0.05226,0.02714,0.00547,-0.00815,-0.00436,-0.00064,-0.00819,0.00066,0.00015,0.00775,0.03362,0.06077,0.10294,0.11986,0.10521,0.08754,0.07588,0.06387,0.05104,0.00447,-0.00205,-0.03313,-0.05898,-0.06176,-0.08615,-0.10969,-0.13816,-0.15299,-0.16313,-0.17201,-0.17882,-0.18644,-0.18436,-0.14741,-0.15314,-0.11408,-0.04207,0.00291
81.9 -172.79614,-167.31036,-160.62498,-155.20361,-149.73708,-144.32541,-137.85647,-132.37326,-127.23795,-119.8634,-112.03968,-107.87147,-104.02004,-96.09428,-88.53258,-83.54652,-76.5551,-71.29862,-65.8351,-60.24729,-54.63752,-49.10282,-43.74043,-36.4771,-31.32941,-23.4176,-18.9702,-11.15605,-6.79424,1.2538,6.41201,13.9073,19.34502,24.97244,30.68912,36.37363,41.9207,47.22812,54.1599,59.12198,66.51746,74.18717,81.84984,89.22812,93.97354,99.16206,105.99766,111.35324,116.87331,122.45432,127.98594,133.36333,138.49924,145.92671,150.68593,158.51815,166.56638,174.51115,179.51848 -0.00059,0.06435,0.0456,0.07333,0.06969,0.06586,0.12846,0.08275,0.03383,0.05343,0.04745,0.02739,0.04531,0.05972,0.07902,0.06894,0.10699,0.08278,0.04732,0.01763,-0.00325,-0.01451,-0.02401,-0.00819,-0.02173,-0.02188,-0.02495,-0.00378,0.00899,0.02748,0.06077,0.06889,0.09337,0.09524,0.08405,0.07012,0.06134,0.05063,0.03568,0.01682,-0.00665,-0.02467,-0.04257,-0.04872,-0.07347,-0.10969,-0.11653,-0.13874,-0.1544,-0.16247,-0.1632,-0.16028,-0.15052,-0.16658,-0.14635,-0.15037,-0.11779,-0.06707,0.00291
87.75 -177.93657,-170.98819,-165.91368,-160.62498,-155.20361,-149.73708,-144.32541,-139.05367,-134.00222,-127.23795,-122.49485,-115.31763,-111.24456,-104.20721,-100.38562,-93.09442,-86.1985,-81.5355,-76.5551,-70.37421,-65.37481,-60.27915,-55.16298,-50.10049,-45.16536,-38.62206,-33.80555,-26.59802,-22.29262,-15.002,-7.67749,-3.43866,3.92223,8.74887,15.52051,20.51549,25.65338,30.85375,36.02845,41.09395,47.22812,52.22974,59.12198,63.6227,70.6943,77.87621,84.93283,89.22812,96.09751,100.89152,105.99766,111.89501,116.90444,121.96312,126.98794,131.9007,138.49924,143.32946,150.68593,154.99335,162.47016,169.99353,177.31601 -0.05009,-0.05111,-0.00663,0.0456,0.07333,0.06969,0.06586,0.05612,0.01751,0.03383,0.00908,0.02432,0.00286,0.01852,0.04967,0.09434,0.11718,0.11027,0.10699,0.10645,0.06475,0.03025,0.00579,-0.01063,-0.02937,-0.03003,-0.03189,-0.02951,-0.01273,0.00268,0.01876,0.01485,0.00862,0.03189,0.04257,0.05932,0.06646,0.06237,0.05315,0.04844,0.05063,0.03447,0.01682,0.00565,-0.00263,-0.01512,-0.03,-0.04872,-0.05848,-0.08893,-0.11653,-0.10342,-0.11516,-0.11649,-0.10536,-0.09339,-0.15052,-0.13002,-0.14635,-0.12564,-0.1291,-0.10056,-0.07742
93.6 -175.79285,-169.46751,-164.75484,-159.8788,-154.9008,-149.8922,-144.92612,-140.07239,-135.39153,-129.22435,-124.76008,-118.15275,-114.2065,-107.60633,-100.98298,-97.23728,-90.52082,-84.20301,-79.83422,-75.21214,-70.37421,-64.98176,-60.29657,-55.59225,-50.92931,-45.16536,-40.4179,-35.90502,-29.31851,-22.29262,-18.39213,-11.47494,-7.67749,-0.53562,6.21528,10.73692,15.52051,20.51549,26.23528,31.00533,36.02845,41.09395,45.97447,50.61286,56.87499,61.1479,67.67052,74.3759,81.07266,87.57043,91.65215,97.8779,102.32276,107.01233,111.89501,116.90444,121.54704,126.98794,131.9007,136.63091,141.12602,147.81394,151.93625,158.86711,165.94915,172.96622,179.71334 -0.07044,-0.06795,-0.04481,-0.0107,0.00934,0.00504,0.0005,-0.00436,-0.02549,-0.02004,-0.03974,-0.01187,-0.03776,-0.0185,0.00479,0.06576,0.10889,0.10666,0.12286,0.12915,0.10645,0.06847,0.03102,-0.00139,-0.01982,-0.02937,-0.04124,-0.04144,-0.02564,-0.01273,0.03047,0.04072,0.01876,0.01584,0.01528,0.02106,0.04257,0.05932,0.04915,0.04973,0.05315,0.04844,0.04179,0.03358,0.02018,0.01541,0.00854,0.00395,-0.00737,-0.02005,-0.03464,-0.03712,-0.06375,-0.08596,-0.10342,-0.11516,-0.0786,-0.10536,-0.09339,-0.08375,-0.07342,-0.1044,-0.07825,-0.09826,-0.09556,-0.08591,-0.07538
99.45 -173.96587,-169.46751,-163.77934,-159.25722,-154.65488,-150.03353,-145.44605,-140.95045,-135.39153,-130.93067,-126.72347,-120.623,-114.2065,-110.63246,-104.36042,-98.1398,-94.49825,-88.2952,-84.20301,-78.37769,-74.07045,-69.59065,-64.98176,-60.29657,-55.59225,-50.92931,-46.36233,-41.94299,-35.90502,-31.65853,-25.17732,-21.37778,-14.87337,-8.33372,-4.61948,1.98756,6.21528,12.44589,16.89685,21.51053,26.23528,31.00533,35.75439,40.41443,44.9283,50.61286,54.96752,61.1479,65.04402,71.29537,77.61748,83.84962,87.57043,93.71166,97.8779,103.5225,107.85313,112.33727,116.92168,121.54704,126.14794,130.66453,135.04061,141.12602,145.34639,149.2737,155.6976,162.33434,169.01381,175.54712,179.71334 -0.07085,-0.06795,-0.06405,-0.05546,-0.04979,-0.05369,-0.05637,-0.05224,-0.02549,-0.05534,-0.07656,-0.05693,-0.03776,-0.05401,-0.04564,-0.01594,0.05412,0.0748,0.10666,0.0807,0.10536,0.09729,0.06847,0.03102,-0.00139,-0.01982,-0.038,-0.04426,-0.04144,-0.02602,0.00411,0.05194,0.07385,0.08404,0.04689,0.04941,0.01528,0.0529,0.04428,0.04293,0.04915,0.04973,0.04845,0.05056,0.05116,0.03358,0.03256,0.01541,0.02322,0.01397,0.01072,-0.00128,-0.02005,-0.01706,-0.03712,-0.04342,-0.06127,-0.0739,-0.08061,-0.0786,-0.06382,-0.05054,-0.04396,-0.07342,-0.06237,-0.04587,-0.0554,-0.07236,-0.07378,-0.07483,-0.07538
105.3 -178.21606,-172.39754,-168.17491,-163.77934,-158.73668,-154.45859,-150.16718,-145.90281,-140.95045,-136.59263,-132.41438,-128.44236,-122.7876,-116.8177,-113.33119,-107.40459,-101.46249,-95.62369,-92.10158,-86.35554,-82.47991,-77.11647,-73.08596,-68.91629,-64.64163,-60.30585,-55.95205,-51.6294,-47.38014,-43.24884,-37.70748,-33.68771,-27.6935,-24.01704,-17.90644,-11.70062,-5.53683,-1.92992,4.19918,8.20446,13.92927,18.08718,22.37256,26.74474,31.14868,35.53472,39.84723,44.04231,49.24678,53.33554,59.01737,62.75337,68.58029,74.532,80.47399,83.84962,89.84187,95.47724,99.38719,103.5225,108.5613,112.70438,116.92838,121.18651,125.42804,129.60582,133.67358,139.23295,143.20673,149.2737,152.90151,159.11245,165.43384,171.71313,177.8047 -0.06541,-0.06979,-0.07362,-0.06405,-0.07731,-0.08271,-0.0856,-0.07772,-0.05224,-0.05624,-0.07172,-0.08153,-0.08391,-0.07386,-0.07187,-0.06504,-0.05566,-0.04009,0.00918,0.01064,0.04794,0.01887,0.05613,0.0643,0.04886,0.01929,-0.0175,-0.04008,-0.05255,-0.04481,-0.03965,-0.02,0.00717,0.04854,0.09032,0.10747,0.1382,0.10295,0.12436,0.07717,0.12962,0.08396,0.06137,0.06211,0.0603,0.06184,0.07164,0.08348,0.05485,0.0679,0.0378,0.0472,0.02803,0.0176,0.01684,-0.00128,-0.00892,-0.00503,-0.02181,-0.04342,-0.05077,-0.06332,-0.06754,-0.06535,-0.05714,-0.05047,-0.04879,-0.04103,-0.04228,-0.04587,-0.03128,-0.0464,-0.05701,-0.06417,-0.06498
111.15 -176.41981,-171.03758,-167.06423,-162.95064,-158.73668,-154.45859,-150.16718,-145.90281,-141.71539,-137.63918,-133.71191,-128.44236,-124.69709,-119.12973,-115.74541,-110.14821,-104.48952,-98.87064,-95.62369,-89.99276,-84.65287,-80.97857,-77.11647,-72.23001,-68.33013,-64.3439,-60.30706,-56.25447,-52.2262,-48.25657,-43.24884,-39.26436,-35.45777,-29.8985,-26.35368,-20.62004,-14.74439,-8.84288,-3.03823,0.45063,6.14398,9.94029,13.92927,19.12508,23.12408,27.18997,31.28028,35.35431,39.84723,44.04231,48.07714,51.9243,57.17175,62.75337,66.18187,71.77666,77.42097,82.99652,86.27239,91.81087,95.47724,100.68027,104.54175,108.5613,112.70438,116.92887,120.87392,124.80671,129.60582,133.67358,137.5962,141.34141,146.94287,150.42911,156.23551,162.20331,168.20178,174.10284,179.78368 -0.06107,-0.06626,-0.07189,-0.07161,-0.07731,-0.08271,-0.0856,-0.07772,-0.062,-0.05993,-0.06039,-0.08153,-0.07856,-0.08317,-0.06894,-0.0607,-0.06388,-0.05078,-0.04009,-0.0319,-0.03134,-0.01269,0.01887,0.00915,0.02261,0.02025,0.01092,-0.01448,-0.04387,-0.05635,-0.04481,-0.02575,-0.00225,0.01514,0.05292,0.08292,0.11053,0.13743,0.16939,0.16375,0.19195,0.16703,0.12962,0.1601,0.13032,0.1213,0.11008,0.10886,0.07164,0.08348,0.10019,0.12453,0.08167,0.0472,0.05119,0.02761,0.02541,0.02039,0.00252,0.00066,-0.00503,-0.02049,-0.03446,-0.05077,-0.06332,-0.06385,-0.06369,-0.06221,-0.05047,-0.04879,-0.04513,-0.04255,-0.04046,-0.03466,-0.03225,-0.04701,-0.05301,-0.06231,-0.0621
117.0 -178.46656,-174.84601,-171.03758,-166.09903,-162.23593,-158.28964,-154.29491,-150.28899,-146.30739,-142.3886,-138.56204,-134.85895,-129.95554,-126.38988,-121.18543,-117.91014,-112.62567,-107.24506,-101.85681,-96.54649,-93.38853,-88.12659,-84.65287,-79.65989,-76.01475,-72.23001,-67.81525,-64.08183,-60.30528,-56.5155,-52.74312,-48.25657,-44.38064,-40.6253,-37.01464,-31.84263,-26.35368,-23.04797,-17.49569,-11.86536,-6.26744,-3.03823,2.56159,6.14398,11.46923,15.22963,19.12508,23.12408,27.18997,31.28028,35.35431,39.36758,43.28378,47.06764,51.9243,55.56016,60.74558,64.05573,69.31466,74.66277,80.00064,82.99652,88.39564,93.52905,97.00362,100.68027,105.41628,109.16401,113.01322,116.92887,120.87392,124.80671,128.69009,132.48692,136.16676,141.34141,144.89207,150.42911,153.6668,159.28836,164.99698,170.6792,176.22113 -0.06021,-0.05538,-0.06626,-0.06611,-0.07017,-0.07641,-0.08016,-0.07133,-0.0526,-0.03753,-0.03794,-0.03007,-0.05423,-0.05168,-0.07323,-0.06196,-0.05044,-0.05602,-0.04826,-0.03786,-0.0507,-0.04368,-0.03134,-0.04509,-0.02265,0.00915,-0.01024,-0.00391,0.00517,0.00173,-0.01496,-0.05635,-0.03941,-0.01195,0.00668,0.03294,0.05292,0.08559,0.10454,0.11888,0.14579,0.16939,0.18922,0.19195,0.22146,0.20283,0.1601,0.13032,0.1213,0.11008,0.10886,0.12096,0.14058,0.16374,0.12453,0.14377,0.08909,0.09106,0.0528,0.03879,0.03686,0.02039,0.00689,0.00814,-0.00566,-0.02049,-0.02439,-0.03893,-0.05589,-0.06385,-0.06369,-0.06221,-0.06503,-0.07297,-0.07337,-0.04255,-0.04609,-0.03466,-0.03795,-0.04466,-0.05342,-0.06288,-0.07017
122.85 -178.46656,-173.45966,-169.8486,-166.09903,-161.61424,-157.90613,-154.15877,-150.40141,-146.66656,-142.98226,-139.37718,-134.85895,-131.29824,-127.89884,-123.02195,-117.91014,-114.86516,-109.75479,-104.59928,-99.47491,-94.45629,-91.39437,-86.46611,-83.14787,-78.49333,-75.04388,-71.47754,-67.81525,-64.08183,-60.30528,-56.5155,-52.74312,-49.01843,-45.3697,-41.82163,-37.01464,-33.56533,-28.43276,-25.2299,-19.98214,-14.62401,-9.24891,-3.9422,-0.80159,4.44336,7.86809,12.81934,16.37261,20.03655,23.78387,27.58408,31.40268,35.20496,38.9569,42.62597,47.06764,50.69456,54.14435,58.97531,64.05573,67.10952,72.17128,77.26593,82.30826,85.23062,90.26588,93.52905,98.33407,101.7987,105.41628,109.68442,113.27709,116.92561,120.59883,124.26487,127.89184,131.44977,136.16676,139.70374,143.07999,148.23516,151.36695,156.66035,162.07863,167.52434,172.89855,178.11207 -0.06021,-0.05123,-0.05861,-0.06611,-0.07416,-0.07943,-0.07217,-0.04874,-0.02669,-0.01943,-0.01973,-0.03007,-0.01699,-0.01687,-0.05645,-0.06196,-0.0465,-0.03954,-0.04406,-0.02525,-0.01316,-0.0339,-0.03968,-0.048,-0.05141,-0.03803,-0.01804,-0.01024,-0.00391,0.00517,0.00173,-0.01496,-0.02478,-0.01396,0.0048,0.00668,0.03329,0.07336,0.10378,0.10724,0.1093,0.11302,0.13086,0.16366,0.18194,0.21323,0.20825,0.21592,0.20865,0.19699,0.18617,0.17661,0.17635,0.18386,0.19506,0.16374,0.19364,0.2062,0.14601,0.09106,0.09644,0.07168,0.06426,0.04638,0.02218,0.01921,0.00814,2e-05,-0.01538,-0.02439,-0.01505,-0.03549,-0.05155,-0.05689,-0.05905,-0.0675,-0.08177,-0.07337,-0.06312,-0.05409,-0.04865,-0.05009,-0.05192,-0.06156,-0.06747,-0.08206,-0.0766
128.7 -176.91348,-172.22717,-168.79841,-165.2534,-161.61424,-157.56699,-154.03841,-150.50241,-146.98529,-143.51075,-139.37718,-135.87501,-132.49409,-127.89884,-124.66888,-119.85839,-116.89462,-112.04163,-107.11644,-102.18553,-97.31654,-94.45629,-89.6078,-84.9814,-81.80979,-78.49333,-74.18358,-70.81303,-67.36116,-63.84936,-60.30084,-56.74142,-53.19515,-49.68932,-46.24491,-42.88445,-38.39316,-35.10316,-30.29,-27.19485,-22.23484,-17.14254,-11.99367,-6.86621,-1.84294,1.20512,6.12504,9.39857,12.81934,17.38503,20.84172,24.36573,27.93157,31.51171,35.07604,38.59788,42.62597,46.18602,49.61251,54.14435,57.40528,62.16367,65.12874,69.91795,74.77202,79.61637,82.30826,87.21633,91.92178,95.0385,99.50279,102.77519,106.17578,109.68442,113.5063,116.92153,120.35854,123.79056,127.19186,131.44977,134.91328,138.25895,141.47158,146.28192,149.30514,154.28905,159.42281,164.62618,169.81177,174.89664,179.80364 -0.05839,-0.0513,-0.05783,-0.06744,-0.07416,-0.083,-0.0682,-0.03826,-0.0191,-0.01255,-0.01973,-0.0059,0.01006,-0.01687,-0.02114,-0.05031,-0.03992,-0.0288,-0.02888,-0.02436,-0.00297,-0.01316,-0.01579,-0.03568,-0.04803,-0.05141,-0.03212,-0.02414,-0.02193,-0.00977,0.0078,0.0155,0.01562,0.01278,0.01345,0.0194,0.00841,0.01375,0.07183,0.10158,0.11411,0.10797,0.09358,0.10064,0.11095,0.14118,0.15013,0.18543,0.20825,0.16405,0.18213,0.19598,0.20271,0.20672,0.21235,0.2157,0.19506,0.21139,0.2337,0.2062,0.19388,0.14444,0.15206,0.11529,0.10576,0.08176,0.04638,0.03569,0.04303,0.02232,0.03062,0.0105,-0.00171,-0.01505,0.00033,-0.0195,-0.02878,-0.03865,-0.04944,-0.08177,-0.08628,-0.07426,-0.05368,-0.05366,-0.04951,-0.05903,-0.06972,-0.06902,-0.08052,-0.08827,-0.07083
134.55 -178.6707,-175.52218,-172.22717,-167.86193,-164.50201,-161.0627,-157.56699,-154.03841,-150.50241,-146.98529,-143.51075,-140.10366,-136.78154,-133.56442,-129.25002,-126.1511,-121.61509,-118.73716,-114.12807,-109.42696,-104.69184,-99.98248,-95.35586,-92.57058,-88.00063,-84.9814,-80.61342,-77.45522,-74.18358,-70.22154,-66.95782,-63.64363,-60.29799,-56.94207,-53.59675,-50.28463,-47.0234,-42.88445,-39.62452,-36.48258,-31.95966,-28.97268,-24.28004,-19.44242,-14.51997,-9.58164,-4.7006,-1.84294,3.01016,6.12504,10.76352,14.01997,17.38503,21.55321,24.87874,28.23863,31.607,34.96266,38.59788,42.0494,45.4075,48.65288,52.88985,56.00487,60.4718,65.12874,67.8768,72.49679,77.13971,79.61637,84.377,88.98814,91.92178,96.37298,99.50279,103.63529,106.84113,110.13852,113.5063,116.92153,120.35854,123.79056,127.19186,130.53851,133.80662,136.97976,141.47158,144.53915,149.30514,152.14739,157.00892,161.96881,166.95333,171.88828,176.69906 -0.04928,-0.05229,-0.0513,-0.05802,-0.073,-0.08011,-0.083,-0.0682,-0.03826,-0.0191,-0.01255,-0.00573,0.01321,0.02602,0.01233,0.01602,-0.01418,-0.00673,-0.02121,-0.00899,-0.0202,-0.00658,0.0069,0.00566,-0.00811,-0.03568,-0.04264,-0.04142,-0.03212,-0.02617,-0.02146,-0.0034,0.01438,0.02047,0.02159,0.01432,0.00736,0.0194,0.01342,1e-05,0.03982,0.06489,0.10247,0.103,0.08424,0.07694,0.0889,0.11095,0.11465,0.15013,0.13305,0.14609,0.16405,0.11509,0.14044,0.16526,0.18177,0.19934,0.2157,0.21663,0.21696,0.22044,0.23841,0.21972,0.19018,0.15206,0.16621,0.148,0.13139,0.08176,0.0627,0.06762,0.04303,0.05197,0.03062,0.05408,0.03751,0.02455,0.00033,-0.0195,-0.02878,-0.03865,-0.04944,-0.05862,-0.05813,-0.04593,-0.05368,-0.03862,-0.04951,-0.04706,-0.06788,-0.06759,-0.06001,-0.07724,-0.07407
140.4 -178.6707,-174.26966,-171.12331,-167.02013,-163.8298,-160.57214,-157.26527,-153.93148,-150.59098,-147.26682,-143.97926,-140.74853,-137.59143,-133.56442,-130.46249,-127.48807,-123.20523,-120.41346,-116.03347,-111.54806,-107.00748,-102.46324,-97.9677,-93.57073,-90.86393,-86.54926,-83.64736,-79.53918,-76.52633,-73.41609,-70.22154,-66.59942,-63.46112,-60.29563,-57.1218,-53.95701,-50.81907,-47.0234,-43.8347,-40.73122,-36.48258,-33.46575,-28.97268,-26.14387,-21.5476,-16.84572,-12.1004,-7.37411,-2.72803,0.05869,4.63455,7.63227,11.98317,15.08805,18.28231,21.55321,24.87874,28.23863,31.607,34.96266,38.27828,41.53625,44.71191,48.65288,51.76895,56.00487,58.95148,63.34257,67.8768,70.41841,74.86205,79.29593,81.74044,86.23701,90.57578,93.39563,97.56078,100.53731,103.63529,107.43104,110.54021,113.70895,116.91918,120.1474,123.37479,126.57618,129.73409,132.82753,136.97976,140.04003,142.97833,147.4532,150.21278,154.81304,159.53446,164.3144,169.08343,173.77695,178.33638 -0.04928,-0.02864,-0.04142,-0.04209,-0.05452,-0.05988,-0.05935,-0.03853,-0.01249,0.00229,0.00749,0.01633,0.0317,0.02602,0.0263,0.03131,0.02309,0.02577,0.00671,0.01038,0.0016,-0.00766,-0.00138,0.00236,0.01194,0.00506,-0.03012,-0.03077,-0.02842,-0.0255,-0.02617,-0.02982,-0.00656,0.0111,0.00806,0.00195,-0.00905,0.00736,0.01042,0.00805,1e-05,0.00588,0.06489,0.06466,0.09112,0.07974,0.06039,0.06733,0.06687,0.08635,0.08961,0.11818,0.08309,0.08427,0.09659,0.11509,0.14044,0.16526,0.18177,0.19934,0.20951,0.20805,0.19346,0.22044,0.22424,0.21972,0.21471,0.2009,0.16621,0.19238,0.17342,0.1406,0.09724,0.09791,0.11122,0.0764,0.09253,0.07718,0.05408,0.08958,0.07664,0.05169,0.03273,0.02251,0.00649,-0.00747,-0.00866,-0.00049,-0.04593,-0.02522,-0.00533,-0.02578,-0.01071,-0.04499,-0.05408,-0.03848,-0.04039,-0.05936,-0.0422
146.25 -177.28991,-173.13198,-170.12597,-167.02013,-163.21771,-160.12379,-156.98894,-153.83051,-150.66611,-147.51622,-144.39612,-141.32523,-137.59143,-134.52358,-131.55498,-127.48807,-124.64614,-120.41346,-117.77568,-113.49685,-109.14655,-104.76914,-100.41269,-96.1229,-91.9414,-89.31457,-85.23416,-82.44416,-79.53918,-75.69198,-72.7297,-69.69415,-66.59942,-63.46112,-60.29563,-57.1218,-53.95701,-50.81907,-47.72636,-44.69293,-41.73306,-37.72776,-34.83559,-30.58747,-27.84776,-23.47757,-18.98919,-14.43681,-9.87139,-5.35256,-0.93372,1.77934,6.10067,8.98601,11.98317,16.03906,19.0793,22.18308,25.33014,28.50642,31.68656,34.85613,37.98981,41.07287,44.71191,47.79228,50.76036,54.74635,57.57601,61.72691,66.02213,68.51632,72.76603,77.03152,79.29593,83.66417,87.91463,90.57578,94.71471,97.56078,101.4601,104.39959,107.43104,110.54021,113.89196,116.92029,119.96472,123.00938,126.03397,129.02386,132.82753,135.84185,138.76228,142.97833,145.78631,148.46137,152.81734,157.30853,161.87966,164.05872,166.47693,171.03589,175.50294,179.82751 -0.01479,0.00446,-0.01723,-0.04209,-0.00482,-0.00652,-0.00246,0.01384,0.02867,0.03249,0.03273,0.03584,0.0317,0.03608,0.03162,0.03131,0.03183,0.02577,0.03125,0.03191,0.03463,0.01237,0.00062,-0.01487,-0.00297,0.02036,0.03883,-0.00613,-0.03077,-0.01782,-0.02959,-0.0378,-0.02982,-0.00656,0.0111,0.00806,0.00195,-0.00905,-0.01853,-0.01455,-0.01437,-0.00761,-0.00956,0.02442,0.02784,0.05769,0.07862,0.05908,0.04645,0.05054,0.04028,0.05874,0.06613,0.08416,0.08309,0.04626,0.05321,0.06369,0.08139,0.10557,0.12387,0.14752,0.16968,0.17365,0.19346,0.17549,0.17805,0.22226,0.21631,0.22031,0.21375,0.22895,0.20703,0.17778,0.1406,0.11758,0.13509,0.11122,0.11049,0.09253,0.1187,0.10141,0.08958,0.07664,0.10526,0.09598,0.08682,0.06847,0.05406,0.05107,-0.00049,0.00598,0.01686,-0.00533,0.01335,0.03578,-0.00019,-0.01884,-0.0119,0.02704,-0.00338,-0.01784,-0.02603,0.00026
152.1 -178.804,-176.02873,-173.13198,-169.21627,-166.25308,-163.21771,-159.71273,-156.73304,-153.73108,-150.72576,-147.73068,-144.76312,-141.32523,-138.31693,-135.38509,-132.54089,-128.69783,-125.95445,-121.94012,-119.37082,-115.28881,-111.12254,-106.91131,-102.69788,-98.52429,-94.43011,-91.9414,-87.90389,-85.23416,-81.35487,-78.5704,-74.94011,-72.1125,-69.22179,-66.28025,-63.30065,-60.2985,-57.28788,-54.28437,-51.30494,-48.36345,-45.47282,-41.73306,-38.86117,-36.0855,-32.06145,-29.41079,-25.25126,-20.96751,-16.60316,-12.20284,-7.8202,-3.50205,-0.93372,3.33963,6.10067,10.2002,13.07473,16.03906,19.78569,22.73824,25.72687,28.73702,31.75093,34.75098,37.72211,41.07287,44.08538,47.0135,50.76036,53.60778,57.57601,60.25578,64.33201,68.51632,70.83474,74.9328,77.03152,81.26198,85.41017,89.43314,92.0047,95.90157,98.62465,101.4601,105.08495,107.95872,110.9003,113.89196,116.92029,119.96472,123.00938,126.03397,129.02386,131.95903,134.83049,137.62017,141.58088,144.28582,148.46137,151.00158,155.27054,159.641,161.82176,166.08428,168.47405,172.8323,177.08422 0.03706,0.01916,0.00446,0.01735,-0.00056,-0.00482,0.05698,0.05966,0.06386,0.06086,0.05723,0.05702,0.03584,0.04293,0.04098,0.03664,0.0328,0.02941,0.02783,0.02972,0.04501,0.0552,0.04403,0.02207,-0.00726,-0.02313,-0.00297,0.04208,0.03883,0.0334,-0.00149,0.00682,-0.02663,-0.04032,-0.03089,-0.01401,-0.00224,-0.00992,-0.02792,-0.04096,-0.04344,-0.03424,-0.01437,-0.019,-0.01482,0.00765,0.0178,0.0182,0.05357,0.06587,0.04667,0.03677,0.03467,0.04028,0.03638,0.06613,0.0444,0.04315,0.04626,0.02472,0.02802,0.03833,0.05594,0.06919,0.08206,0.10695,0.17365,0.15385,0.1258,0.17805,0.19677,0.21631,0.20947,0.22163,0.22895,0.22806,0.19826,0.17778,0.13759,0.12796,0.14409,0.14013,0.1303,0.125,0.1187,0.12736,0.12728,0.1213,0.10526,0.09598,0.08682,0.06847,0.05406,0.05107,0.05443,0.055,0.06097,0.0329,0.05048,0.03578,0.04814,0.0198,0.02564,0.0597,0.05296,0.02341,0.01373,0.02035
157.95 -178.804,-174.8709,-172.09164,-168.37905,-165.55039,-162.65705,-159.71273,-156.73304,-153.63062,-150.76859,-147.73068,-144.76312,-141.83746,-138.96525,-136.16021,-132.54089,-129.79144,-127.14443,-123.33294,-120.83131,-116.93614,-112.94758,-108.89966,-104.83152,-100.7799,-96.78263,-92.8743,-90.45092,-86.61618,-84.03864,-80.36621,-77.69417,-74.94011,-71.55773,-68.79965,-65.99633,-63.16091,-60.30526,-57.44226,-54.5871,-51.75132,-48.94833,-45.47282,-42.64884,-39.89869,-36.0855,-33.4131,-29.41079,-26.88957,-22.79831,-18.61571,-14.37933,-10.13762,-5.93299,-1.81042,0.70042,4.75161,7.42277,11.29131,14.05135,16.88649,19.78569,22.73824,26.07145,28.93063,31.79527,34.75098,37.72211,40.64642,43.5097,46.29997,49.84469,52.57031,56.32641,58.91221,62.78465,66.77174,70.83474,72.98728,76.93317,79.02218,83.0575,86.99949,89.43314,93.29668,95.90157,99.58396,102.28934,105.08495,108.43646,111.22703,114.061,116.92769,119.80793,122.69124,125.55656,128.39444,131.18745,133.92658,137.62017,140.32415,142.93209,146.87835,149.35052,153.41098,157.57938,159.75274,163.86205,167.97086,170.32142,174.48941,178.54436 0.03706,0.05127,0.03846,0.05567,0.05519,0.05689,0.05698,0.05966,0.08016,0.06697,0.05723,0.05702,0.05305,0.04751,0.03824,0.03664,0.03903,0.03306,0.02109,0.02143,0.04141,0.05863,0.06347,0.04464,0.01716,-0.00925,-0.0116,0.00507,0.05655,0.06676,0.0534,0.03539,0.00682,0.00761,-0.01494,-0.0141,-0.01164,-0.01459,-0.02349,-0.04308,-0.05944,-0.05594,-0.03424,-0.03109,-0.02684,-0.01482,0.00093,0.0178,0.0051,0.0133,0.04661,0.0565,0.03704,0.03256,0.02581,0.02055,0.01607,0.03692,0.0099,0.01871,0.02315,0.02472,0.02802,0.0071,0.02742,0.03705,0.08206,0.10695,0.12131,0.10634,0.07592,0.12098,0.14873,0.19962,0.18365,0.19947,0.22741,0.22806,0.20562,0.17057,0.15956,0.12306,0.11861,0.14409,0.14048,0.1303,0.13586,0.13435,0.12736,0.15143,0.15602,0.15224,0.15039,0.14402,0.13153,0.11822,0.10553,0.10118,0.10277,0.06097,0.07072,0.08153,0.07243,0.08714,0.05632,0.05446,0.08482,0.08458,0.08453,0.05629,0.05436,0.06076
163.8 -177.54334,-173.79908,-171.13286,-168.37905,-164.89665,-162.13265,-159.32727,-156.48724,-153.63062,-150.76859,-147.91585,-145.08692,-142.29152,-139.54494,-136.85437,-133.42948,-130.78322,-127.14443,-124.60369,-120.83131,-118.45195,-114.63347,-110.74598,-106.82189,-102.89579,-99.00264,-95.17455,-91.44166,-89.08445,-85.43801,-82.9492,-80.36621,-76.89964,-74.26098,-71.55773,-68.79965,-65.74511,-63.04133,-60.31906,-57.59184,-54.86971,-52.16474,-48.94833,-46.19098,-43.48996,-40.85428,-37.23384,-34.6616,-30.85361,-28.40629,-24.49726,-20.48721,-18.31477,-14.35637,-12.31381,-8.22682,-4.20027,-0.2647,2.18752,6.03031,8.61634,11.29131,14.92486,17.64002,20.41278,23.22493,26.07145,28.93063,31.79527,34.64472,37.46818,40.25039,42.97853,46.29997,49.0038,51.61647,55.18138,57.67672,61.36445,65.16486,69.05175,71.18027,74.98526,76.93317,80.85071,84.7007,88.45049,90.81281,94.47045,96.97566,100.45461,103.04034,105.7047,108.43646,111.52862,114.22056,116.94179,119.67589,122.41306,125.13778,127.83949,130.50344,133.92658,136.5988,139.19781,142.93209,145.44242,149.35052,151.70785,155.68883,159.75274,161.79712,165.771,169.73131,172.03554,176.02467,179.89597 0.06944,0.0765,0.06614,0.05567,0.10593,0.10849,0.09872,0.09069,0.08016,0.06697,0.067,0.06807,0.0573,0.04466,0.02807,0.03177,0.03417,0.03306,0.02178,0.02143,0.03106,0.04981,0.05979,0.05892,0.03522,0.0134,0.00424,0.00049,0.0183,0.04487,0.06156,0.0534,0.05579,0.04778,0.00761,-0.01494,-0.00122,-0.01284,-0.02322,-0.03209,-0.05241,-0.06758,-0.05594,-0.03603,-0.02565,-0.01957,-0.01465,-0.00708,0.01408,0.00513,-0.01359,0.00904,0.01252,0.0348,0.0448,0.03314,0.03223,0.00502,0.00065,-0.00799,0.00402,0.0099,0.00479,0.00632,0.00054,-0.00248,0.0071,0.02742,0.03705,0.03443,0.05084,0.07222,0.0604,0.07592,0.06244,0.08052,0.15966,0.13926,0.16512,0.20034,0.2235,0.19731,0.17807,0.17057,0.12592,0.10147,0.09778,0.12789,0.12124,0.12901,0.12405,0.1317,0.1412,0.15143,0.17701,0.18194,0.18026,0.17399,0.1694,0.16037,0.14729,0.14126,0.10277,0.11009,0.11589,0.08153,0.09952,0.08714,0.09016,0.07473,0.08482,0.10955,0.10396,0.12414,0.09769,0.0898,0.09132
169.65 -178.84433,-176.37319,-172.80143,-170.24138,-167.60094,-164.89665,-161.64106,-158.96035,-156.24963,-153.52403,-150.79181,-148.06971,-145.36486,-142.69227,-140.05974,-136.85437,-134.23082,-131.68104,-128.22659,-125.76347,-122.1701,-119.84684,-116.19162,-112.45873,-108.67755,-104.87839,-101.09371,-97.35404,-93.68754,-91.44166,-87.82921,-85.43801,-81.95392,-79.46622,-76.17789,-73.6465,-71.05765,-68.42098,-65.74511,-63.04133,-60.34097,-57.59184,-54.86971,-52.16474,-49.49025,-46.85459,-44.26877,-40.85428,-38.29611,-35.81845,-32.18852,-29.81651,-26.07638,-22.23251,-20.09822,-16.27878,-12.43916,-10.3949,-6.46576,-2.60808,1.14609,3.5406,6.03031,9.69195,12.27055,14.92486,18.30704,20.96422,23.65054,26.36763,29.09239,31.82137,34.53366,37.22455,39.87417,42.97853,45.64214,48.23003,51.61647,54.12674,57.67672,60.05014,63.68275,67.40134,71.18027,73.16603,74.98526,78.7805,82.53271,86.20816,88.45049,92.07136,94.47045,97.95298,100.45461,103.72543,106.27053,108.87337,111.52862,114.22056,116.9653,119.56809,122.17524,125.13778,127.83949,130.50344,133.12354,135.68376,139.19781,141.71293,144.14529,147.8497,150.15686,153.95007,157.84531,159.88346,163.72319,167.56269,171.37796,173.6343,177.45238 0.10349,0.09019,0.09285,0.08912,0.09175,0.10593,0.13111,0.1124,0.08773,0.06702,0.06021,0.06368,0.05824,0.04898,0.03889,0.02807,0.01095,0.00702,0.02998,0.01988,0.01843,0.02004,0.03349,0.04046,0.05294,0.04641,0.02714,0.0191,0.01565,0.00049,0.01472,0.04487,0.0304,0.04125,0.03911,0.06152,0.05188,0.0186,-0.00122,-0.01284,-0.02116,-0.03209,-0.05241,-0.06758,-0.06409,-0.04194,-0.01901,-0.01957,-0.00486,-0.00283,0.00195,-0.00023,-0.02344,-0.02273,-0.01998,0.01364,0.0155,0.03085,0.03132,0.01234,-0.02588,-0.02334,-0.00799,-0.01228,-0.00652,0.00479,-0.00954,-0.02195,-0.02802,-0.01761,0.00716,0.01559,0.00942,0.02185,0.03536,0.0604,0.02713,0.00576,0.08052,0.0966,0.13926,0.11463,0.15736,0.20105,0.19731,0.16709,0.17807,0.1338,0.0934,0.07845,0.09778,0.10612,0.12124,0.11155,0.12405,0.12419,0.15059,0.16628,0.17701,0.18194,0.18217,0.16973,0.16378,0.16037,0.14729,0.14126,0.14362,0.14936,0.11589,0.11954,0.12896,0.11705,0.12239,0.09465,0.09796,0.12388,0.12049,0.1254,0.146,0.12243,0.10734
175.5 -178.84433,-175.28147,-172.80143,-169.40458,-166.87325,-164.28303,-161.64106,-158.60517,-156.01473,-153.40806,-150.7978,-148.19255,-145.60413,-143.04237,-140.05974,-137.47684,-134.95332,-131.68104,-129.20974,-126.82286,-123.39796,-121.12915,-117.6296,-114.04736,-110.40596,-108.47058,-104.91007,-103.06142,-99.41478,-95.82318,-92.31093,-90.12051,-86.67421,-84.35797,-81.04335,-78.64616,-76.17789,-73.09064,-70.60814,-68.08367,-65.52434,-62.93992,-60.34097,-57.73676,-55.13725,-52.5548,-49.99704,-47.47435,-44.9971,-41.74289,-39.2829,-35.81845,-33.4298,-31.13435,-27.55332,-23.86486,-21.77172,-18.0869,-14.37367,-10.6567,-8.61785,-4.8424,-1.14893,1.14609,4.7705,7.18747,10.65908,13.14726,15.70315,18.30704,21.44476,24.01904,26.61486,29.21793,31.82294,34.41119,37.22455,39.87417,42.48044,45.02346,48.23003,50.73397,53.15015,56.53478,58.83427,62.30659,65.87012,69.49872,73.16603,76.84009,80.48852,84.08293,87.59486,89.77969,93.22415,95.542,98.8474,101.24983,103.72543,106.79094,109.27731,111.80911,114.37448,116.9653,119.56809,122.17524,124.77066,127.34827,129.89517,132.40422,134.86648,138.18273,140.61111,142.9668,146.48444,148.73601,152.35892,156.08441,158.11142,161.8118,165.53743,169.24964,171.37796,175.1279,178.78684 0.10349,0.09991,0.09285,0.09436,0.1052,0.12717,0.13111,0.11083,0.07704,0.05614,0.05769,0.05837,0.04556,0.03512,0.03889,0.02111,-0.00095,0.00702,0.01257,0.01176,0.01615,0.01104,0.00978,0.01466,0.03018,0.03307,0.03516,0.03608,0.02512,0.02632,0.01836,0.0035,0.00689,0.01982,0.00749,0.01429,0.03911,0.03845,0.05826,0.03788,0.0053,-0.00845,-0.02116,-0.0363,-0.06956,-0.09324,-0.09332,-0.07391,-0.0446,-0.00322,0.00486,-0.00283,0.00399,0.007,-0.02432,-0.04465,-0.05001,-0.00988,-0.00225,-0.00908,0.01787,0.01051,-0.02458,-0.02588,-0.02912,-0.01731,-0.01317,-0.00952,-0.00501,-0.00954,-0.05513,-0.0572,-0.03905,-0.01665,-0.0136,-0.00747,0.02185,0.03536,0.02059,-0.00892,0.00576,0.01222,0.0307,0.08496,0.06799,0.09873,0.15541,0.17748,0.16709,0.14782,0.09954,0.06903,0.05557,0.07747,0.08486,0.09721,0.09069,0.10504,0.12419,0.14097,0.15244,0.16118,0.17681,0.18217,0.16973,0.16378,0.16631,0.16672,0.16351,0.15968,0.1604,0.15101,0.15004,0.14719,0.13974,0.14523,0.11597,0.10585,0.12799,0.14197,0.12678,0.1467,0.146,0.12272,0.10714
181.35 -179.96076,-177.66595,-174.25309,-171.86539,-169.40458,-166.18317,-163.69952,-161.16997,-158.60517,-156.01473,-153.28183,-150.78091,-148.19255,-145.60413,-143.04237,-140.51501,-138.03327,-135.60007,-132.49229,-130.10358,-126.82286,-124.52137,-121.12915,-118.9588,-115.52016,-112.01578,-110.09252,-106.64575,-103.19653,-101.3615,-97.84996,-94.40056,-91.03496,-88.90043,-85.6099,-83.36631,-81.04335,-77.8973,-75.52205,-73.09064,-70.20392,-67.78297,-65.33125,-62.85868,-60.37229,-57.8809,-55.39554,-52.92342,-50.47463,-48.05834,-44.9971,-42.57156,-40.20651,-36.89685,-34.59148,-31.13435,-28.93422,-25.39515,-21.77172,-19.79273,-16.19834,-12.59295,-9.00114,-6.97271,-3.34921,0.18841,2.43329,5.88442,8.23346,10.65908,13.93174,16.39337,18.89918,21.44476,24.01904,26.61486,29.21793,31.82294,34.41119,36.98184,39.51386,42.00742,44.44546,47.50561,49.90948,53.15015,55.47141,58.83427,61.0271,64.44255,67.93176,71.4655,75.01806,78.56302,82.06989,85.51494,87.59486,91.00157,94.28453,96.52496,98.8474,101.98107,104.35549,106.79094,109.65449,112.07512,114.5247,116.99737,119.48181,121.97002,124.45237,126.91737,129.35837,131.76622,134.86648,137.27331,139.62,142.9668,145.245,148.73601,150.89743,154.46558,158.11142,160.04094,163.63872,167.25101,170.83897,172.92369,176.5293 0.09575,0.09887,0.09051,0.09224,0.09436,0.09144,0.11738,0.12813,0.11083,0.07704,0.05035,0.05674,0.05837,0.04556,0.03512,0.02857,0.01985,0.00787,-0.00972,0.00295,0.01176,0.00895,0.01104,-0.0037,-0.00811,0.00455,0.01555,0.03171,0.01768,0.02743,0.02095,0.02766,0.01212,0.00569,0.00797,0.00857,0.00749,0.00276,0.01143,0.03845,0.04749,0.03971,0.01972,0.02083,0.00296,-0.03043,-0.07967,-0.11746,-0.12604,-0.1113,-0.0446,-0.02293,-0.01097,0.00088,0.00527,0.007,-0.01076,-0.05061,-0.05001,-0.03638,-0.01035,-0.03122,-0.02989,-0.00336,-0.02556,-0.04005,-0.03435,-0.02282,-0.01686,-0.01317,-0.02742,-0.02987,-0.0404,-0.05513,-0.0572,-0.03905,-0.01665,-0.0136,-0.00747,0.01309,0.01439,-0.01045,-0.02793,-0.02621,-0.02632,0.0307,0.03547,0.06799,0.05234,0.09076,0.13707,0.14212,0.14083,0.11768,0.07622,0.04959,0.05557,0.06087,0.06899,0.0797,0.09069,0.08773,0.11425,0.14097,0.12053,0.12591,0.14622,0.16196,0.14534,0.13585,0.14815,0.16396,0.1655,0.15099,0.1604,0.15734,0.14457,0.14719,0.14392,0.14523,0.13111,0.11026,0.12799,0.15713,0.14731,0.14051,0.1535,0.14259,0.11672
187.2 -178.77637,-176.55624,-173.28185,-170.98165,-168.61408,-165.52727,-163.14231,-160.71717,-158.25968,-155.77734,-153.28183,-150.78091,-148.28487,-145.8038,-143.3439,-140.91656,-138.52541,-135.60007,-133.22588,-130.91342,-127.78773,-125.55046,-122.3084,-120.18442,-116.88511,-113.51327,-110.09252,-108.2727,-104.92597,-101.58769,-99.77068,-96.39018,-93.07727,-91.03496,-87.77231,-85.6099,-82.45459,-80.20938,-77.21356,-74.9258,-72.58713,-70.20392,-67.78297,-65.1658,-62.79466,-60.41234,-58.02679,-55.64558,-53.27782,-50.47463,-48.05834,-45.68069,-43.35129,-40.20651,-37.90869,-35.6811,-32.36899,-30.23474,-26.83302,-23.34586,-21.40389,-17.93041,-14.43001,-10.93452,-7.46632,-5.45222,-1.97596,1.4088,3.60617,5.88442,9.17675,11.52615,14.63165,17.00332,19.41745,21.86251,24.33284,26.82001,29.31303,31.80502,34.28371,36.73972,39.16599,41.55226,44.44546,46.82665,49.13883,52.23746,54.47968,57.69884,59.82807,63.11176,66.4658,69.87187,73.30771,76.74655,80.16479,83.53659,86.84098,88.87421,92.12889,94.28453,97.43111,99.67047,102.65695,104.93883,107.27406,109.65449,112.07512,114.67443,117.03979,119.41798,121.79877,124.17494,126.53711,129.35837,131.76622,134.13285,136.45308,139.62,141.90298,144.11578,147.44387,149.56177,152.97236,156.47267,158.39048,161.87207,165.37374,168.87203,172.34097,174.37794,177.84901 0.07109,0.0807,0.06733,0.07339,0.07834,0.07159,0.09404,0.10684,0.0936,0.06249,0.05035,0.05674,0.05207,0.03221,0.01884,0.01406,0.01368,0.00787,0.00521,0.01529,0.0085,0.00418,0.00444,-0.00151,-0.01359,-0.01296,0.01555,0.02301,0.01327,-0.00906,0.01006,0.01462,0.00933,0.01212,0.00345,0.00797,0.00601,0.006,-0.00024,-0.00112,0.01952,0.04749,0.03971,0.02825,0.04011,0.02296,-0.01961,-0.06926,-0.11602,-0.12604,-0.1113,-0.08313,-0.05836,-0.01097,-0.01322,-0.01345,0.01951,0.01484,-0.04175,-0.06187,-0.05448,-0.02171,-0.03316,-0.05221,-0.03971,-0.02861,-0.04267,-0.03806,-0.02873,-0.02282,-0.0347,-0.02764,-0.07407,-0.07619,-0.08913,-0.09832,-0.08129,-0.05475,-0.04197,-0.03986,-0.0138,0.01499,0.00895,-0.0159,-0.02793,-0.03338,-0.03701,-0.01529,-0.00869,0.02648,0.01002,0.04043,0.07653,0.10869,0.11261,0.1167,0.09718,0.0592,0.02834,0.03765,0.04822,0.06899,0.06033,0.06909,0.06745,0.09757,0.11635,0.12053,0.12591,0.11445,0.12406,0.11024,0.10582,0.11883,0.13671,0.1655,0.15099,0.1427,0.13997,0.14457,0.1332,0.12581,0.14142,0.12458,0.10672,0.12214,0.14742,0.16762,0.14801,0.1554,0.1505,0.13262,0.10774
193.05 -178.77637,-175.50699,-173.28185,-170.14221,-167.86161,-165.52727,-162.60285,-160.27655,-157.91602,-155.537,-153.1428,-150.74406,-148.34987,-145.96487,-143.59895,-141.26346,-138.52541,-136.18043,-133.88585,-130.91342,-128.66732,-126.48924,-123.39218,-121.31498,-118.14717,-114.90611,-111.60737,-109.79795,-106.55135,-103.30509,-101.58769,-98.28147,-95.02774,-91.8455,-89.85111,-86.7282,-84.62822,-81.61586,-79.44488,-77.21356,-74.38382,-72.13279,-69.84182,-67.51661,-65.1658,-62.79466,-60.41234,-58.02679,-55.64558,-53.27782,-50.93039,-48.61067,-46.32835,-44.08883,-41.0759,-38.85971,-35.6811,-33.53226,-31.46066,-28.19288,-24.83218,-22.93174,-19.5675,-16.17936,-12.77627,-9.38977,-6.0452,-4.04903,-0.71533,1.4088,4.67397,6.8928,10.02876,12.30288,14.63165,17.54488,19.87283,22.22417,24.60093,26.98393,29.3789,31.76247,34.1423,36.49878,38.8253,41.55226,43.89276,46.18,49.13883,51.38142,53.54916,56.63771,59.82807,61.86239,65.09156,68.37658,71.69813,73.41631,75.03426,78.36012,81.65636,84.8998,88.07216,90.0582,93.17275,95.26397,98.2701,100.43216,102.65695,105.48151,107.72485,110.00888,112.32756,114.67443,117.03979,119.41798,121.79877,124.17494,126.53711,128.88079,131.19554,133.47894,135.71693,138.72245,140.93568,144.11578,146.25925,148.33429,151.5994,154.96045,156.86278,160.22186,163.61566,167.02004,170.40744,173.76266,175.75248,179.09606 0.07109,0.0512,0.06733,0.04839,0.05669,0.07159,0.07025,0.0796,0.06733,0.04828,0.04452,0.04565,0.03082,0.0075,0.00206,0.00662,0.01368,0.01703,0.02693,0.01529,0.01768,0.01285,0.00463,0.00507,-0.00535,-0.01273,-0.00614,-0.00018,0.0115,-0.01849,-0.00906,-0.01302,-0.01322,-0.0192,-0.00419,-0.01634,-0.00278,-0.01548,-0.00265,-0.00024,-0.00527,0.00945,0.03418,0.03226,0.02825,0.04011,0.02296,-0.01961,-0.06926,-0.11602,-0.13566,-0.1263,-0.10562,-0.09094,-0.04393,-0.04079,-0.01345,0.00387,0.0099,-0.01702,-0.0571,-0.06111,-0.04242,-0.02641,-0.05139,-0.0558,-0.03632,-0.03694,-0.04711,-0.03806,-0.04389,-0.03861,-0.06567,-0.0661,-0.07407,-0.10453,-0.11272,-0.11175,-0.08652,-0.06739,-0.06353,-0.05319,-0.0141,0.00788,-0.00353,-0.0159,-0.02896,-0.03387,-0.03701,-0.03569,-0.03812,-0.0193,0.01002,0.00385,0.02942,0.05848,0.0885,0.06454,0.08778,0.09962,0.07647,0.03753,0.00496,0.01868,0.03099,0.04934,0.03381,0.0433,0.06745,0.07157,0.07937,0.08211,0.09299,0.11445,0.12406,0.11024,0.10582,0.11883,0.13671,0.14624,0.13971,0.13031,0.12511,0.1206,0.10221,0.12581,0.1211,0.10223,0.09094,0.10175,0.11387,0.15597,0.15286,0.14461,0.15951,0.13837,0.1228,0.0794
198.9 -179.72103,-177.65453,-174.51113,-172.35825,-169.34137,-167.14097,-164.89724,-162.60285,-160.27655,-157.57307,-155.2902,-152.98856,-150.6874,-148.38413,-146.09335,-143.81577,-141.26346,-138.95964,-136.69704,-134.47815,-131.6441,-129.46625,-126.48924,-124.38627,-121.31498,-119.31822,-116.19938,-113.01952,-111.22409,-108.08136,-104.9249,-101.77742,-100.07633,-96.88687,-93.75536,-91.8455,-88.7518,-85.76106,-83.72196,-81.61586,-78.74373,-76.58901,-74.38382,-71.72175,-69.51854,-67.28283,-65.02569,-62.7489,-60.46417,-58.17468,-55.89318,-53.61897,-51.3692,-49.13895,-46.94628,-44.08883,-41.90118,-39.76115,-36.71315,-34.63052,-31.46066,-29.47334,-26.2383,-24.37554,-21.12756,-17.83751,-14.53193,-11.23234,-7.95321,-6.0452,-2.7587,0.44143,2.52326,5.64431,7.80592,10.02876,13.00017,15.25451,17.54488,19.87283,22.53441,24.82043,27.11459,29.41404,31.70621,33.99011,36.49878,38.8253,41.11791,43.36718,45.5687,48.4096,50.57341,53.54916,55.63815,58.70685,60.68836,63.80005,66.97086,70.18256,71.88741,75.03266,76.65241,79.86898,83.04764,86.16946,88.07216,91.15738,93.17275,96.17258,98.2701,101.14023,103.28541,105.48151,108.14888,110.34433,112.57063,114.82172,117.09059,119.37121,121.65422,123.93544,126.20556,128.45811,130.68847,132.88904,135.71693,137.91192,140.06024,143.08877,145.18136,148.33429,150.33622,153.56007,155.44636,158.68827,161.9716,165.27838,168.58517,171.86799,173.76266,177.05732 0.04119,0.03863,0.02476,0.03872,0.02733,0.04184,0.05515,0.07025,0.0796,0.04068,0.03461,0.03475,0.0242,-0.00194,-0.01792,-0.0088,0.00662,0.0129,0.02165,0.03128,0.0337,0.02122,0.01285,0.01642,0.00507,-0.00234,-0.00694,-0.01429,-0.01391,-0.00734,-0.01453,-0.05161,-0.04045,-0.04386,-0.04565,-0.0192,-0.03355,-0.0553,-0.03553,-0.01548,-0.03503,-0.01455,-0.00527,-0.01816,0.0016,0.00383,0.024,0.041,0.02903,-0.01487,-0.06399,-0.09944,-0.11847,-0.1137,-0.10739,-0.09094,-0.07194,-0.06121,-0.0434,-0.02926,0.0099,-0.00809,-0.04293,-0.06245,-0.06603,-0.03829,-0.04152,-0.05996,-0.05104,-0.03632,-0.04217,-0.07562,-0.06357,-0.08698,-0.07124,-0.06567,-0.09227,-0.10317,-0.10453,-0.11272,-0.08931,-0.08318,-0.08606,-0.08266,-0.06042,-0.03052,0.00788,-0.00353,-0.02624,-0.04253,-0.04892,-0.03923,-0.04257,-0.03812,-0.05186,-0.03347,-0.03328,-0.00391,0.01035,0.0455,0.01525,0.03289,0.07251,0.07839,0.04818,0.01289,0.00496,0.00494,0.03099,0.02617,0.03381,0.01874,0.04306,0.07157,0.04971,0.04738,0.06571,0.07993,0.07857,0.07414,0.07757,0.08672,0.09981,0.11204,0.11864,0.11422,0.12511,0.10887,0.08964,0.09544,0.09343,0.10223,0.06331,0.06923,0.06454,0.11273,0.13107,0.12412,0.14382,0.14981,0.13837,0.0946
204.75 -178.59578,-176.58862,-173.56078,-171.47767,-169.34137,-166.45002,-164.28691,-162.07926,-159.84278,-157.57307,-155.2902,-152.98856,-150.60793,-148.38413,-146.09335,-143.81577,-141.56593,-139.34061,-137.15649,-134.47815,-132.30941,-130.19252,-127.34944,-125.29968,-122.3539,-120.39899,-117.40106,-114.33708,-111.22409,-109.51531,-106.45337,-103.38744,-100.33839,-98.65662,-95.58061,-92.56648,-90.69812,-87.73034,-85.76106,-82.88466,-80.84339,-78.09984,-76.01781,-73.89102,-71.72175,-69.22867,-67.07754,-64.90795,-62.71998,-60.52696,-58.32705,-56.13519,-53.95071,-51.78633,-49.13895,-46.94628,-44.78812,-42.67781,-39.76115,-37.68568,-35.66903,-32.62516,-30.68987,-27.57157,-24.37554,-22.60432,-19.42029,-16.20775,-12.98934,-9.78958,-6.6228,-4.7297,-1.57048,1.50217,3.54076,6.52619,8.63211,10.79382,13.62192,15.8053,18.02068,20.2667,22.53441,24.82043,27.11459,29.41404,31.70621,33.99011,36.25136,38.48944,40.69348,42.85974,45.5687,47.71716,49.8069,52.66913,54.69597,57.64923,59.5791,62.5821,65.64417,68.75135,70.43941,73.49743,76.55483,78.17042,81.28105,84.34776,87.35487,89.21837,92.1811,94.14278,97.01867,99.05044,101.14023,103.87273,105.99031,108.14888,110.34433,112.80566,114.97057,117.15093,119.34224,121.53747,123.7313,125.91508,128.08675,130.68847,132.88904,135.05404,137.18194,140.06024,142.15494,144.19469,147.20975,149.1767,152.27077,155.44636,157.25926,160.43659,163.64518,166.86346,170.07732,173.26013,175.11334,178.29697 0.01122,0.01169,0.00452,0.01399,0.02733,0.01915,0.02417,0.03667,0.04489,0.04068,0.03461,0.03475,-0.01158,-0.00194,-0.01792,-0.0088,0.00312,0.01222,0.0181,0.03128,0.02598,0.00674,0.01128,0.0111,0.01379,-0.00313,-0.01692,-0.01644,-0.01391,-0.02583,-0.0292,-0.04361,-0.07279,-0.06505,-0.06489,-0.0754,-0.05479,-0.07677,-0.0553,-0.07736,-0.05744,-0.084,-0.05845,-0.03743,-0.01816,-0.04126,-0.03435,-0.00404,0.0255,0.02991,-0.00646,-0.06047,-0.08822,-0.09949,-0.1137,-0.10739,-0.11595,-0.1041,-0.06121,-0.06349,-0.05497,-0.02158,-0.03725,-0.04123,-0.06245,-0.08861,-0.0652,-0.04321,-0.05552,-0.06146,-0.05325,-0.04195,-0.07002,-0.13484,-0.11726,-0.12191,-0.09597,-0.08579,-0.09139,-0.09325,-0.09109,-0.09305,-0.08931,-0.08318,-0.08606,-0.08266,-0.06042,-0.03052,-0.02076,-0.03587,-0.05832,-0.07302,-0.04892,-0.05199,-0.05758,-0.057,-0.07795,-0.05649,-0.04305,-0.03537,-0.02482,-0.01719,-0.05401,-0.02622,0.00132,0.05326,0.04329,0.01933,-0.00822,-0.01263,-0.01786,0.00811,0.0142,0.01614,0.01874,0.03105,0.05252,0.04971,0.04738,0.03516,0.04854,0.04411,0.04242,0.04668,0.04894,0.0532,0.05997,0.11864,0.11422,0.10793,0.09402,0.08964,0.07434,0.05942,0.07576,0.03245,0.02965,0.06454,0.05307,0.08693,0.08825,0.10267,0.13579,0.12597,0.11059,0.04743
210.6 -178.59578,-175.57202,-173.56078,-170.63686,-168.57027,-166.45002,-163.69697,-161.5723,-159.41737,-157.23597,-155.03577,-152.8244,-150.60793,-148.39201,-146.18633,-143.9921,-141.82255,-139.67569,-137.15649,-135.00624,-132.90739,-130.19252,-128.13494,-126.13441,-123.31571,-120.39899,-118.51551,-115.56509,-112.55956,-110.86327,-107.89138,-104.9101,-101.93479,-100.33839,-97.32282,-94.35643,-91.45508,-89.62871,-86.78059,-84.86448,-82.11046,-80.13169,-78.09984,-75.49606,-73.44298,-71.35109,-69.22867,-67.07754,-64.90795,-62.70649,-60.59591,-58.4829,-56.37476,-53.95071,-51.78633,-49.64501,-47.53449,-45.45715,-43.42287,-40.61617,-38.61034,-35.66903,-33.72262,-31.84384,-28.83477,-25.75035,-24.01598,-20.92461,-17.80545,-14.6747,-11.54491,-8.44654,-5.38717,-3.51309,-0.4765,1.50217,4.46967,6.52619,9.37825,11.48029,13.62192,16.29343,18.43682,20.60702,22.79558,24.99909,27.21004,29.42214,31.62982,33.82518,36.00292,38.15726,40.28088,42.85974,44.98269,47.05624,49.8069,51.83685,53.80204,56.64965,59.5791,61.43111,64.39128,67.39904,69.06708,72.03837,75.01797,77.98907,79.59629,82.60483,85.56518,87.35487,90.28841,93.13746,95.04732,97.8092,99.77918,101.80148,104.42395,106.46857,108.54956,110.66445,112.80566,114.97057,117.21882,119.32944,121.44327,123.55597,125.91508,128.08675,130.23701,132.36226,134.4585,136.51998,139.2659,141.30376,144.19469,146.17981,148.10711,151.07833,154.13522,155.93103,159.00106,162.11147,165.24444,168.37808,171.49944,174.58695,176.39899,179.47773 0.01122,-0.00993,0.00452,-0.00603,0.00939,0.01915,-0.03461,-0.02528,-0.00967,-0.00032,0.0078,0.00803,-0.01158,-0.0336,-0.03386,-0.02166,-0.01262,-0.00877,0.0181,0.01317,0.00033,0.00674,-0.0071,-0.01126,0.00314,-0.00313,-0.02265,-0.03489,-0.02332,-0.03829,-0.0486,-0.04633,-0.06425,-0.07279,-0.07247,-0.07381,-0.11112,-0.10031,-0.11397,-0.0971,-0.11298,-0.10111,-0.084,-0.12032,-0.10003,-0.06795,-0.04126,-0.03435,-0.00404,-0.00281,0.01547,-0.0107,-0.0623,-0.08822,-0.09949,-0.09765,-0.10449,-0.13366,-0.13772,-0.08382,-0.08403,-0.05497,-0.04571,-0.06801,-0.07126,-0.06983,-0.10866,-0.10603,-0.06197,-0.06324,-0.06497,-0.06033,-0.07686,-0.06907,-0.12676,-0.13484,-0.1604,-0.12191,-0.11707,-0.09573,-0.09139,-0.08025,-0.07816,-0.08189,-0.08521,-0.09738,-0.10671,-0.10385,-0.08859,-0.07107,-0.06685,-0.08664,-0.10095,-0.07302,-0.08306,-0.09039,-0.05758,-0.07942,-0.1102,-0.07174,-0.04305,-0.04776,-0.0538,-0.05524,-0.0871,-0.08725,-0.05975,-0.03786,0.01484,0.0085,-0.00659,-0.00822,-0.03107,-0.04872,-0.01279,0.0041,0.00748,0.0073,0.01885,0.03623,0.02924,0.02161,0.03516,0.04854,0.02289,0.00872,-0.00318,-0.00149,0.0532,0.05997,0.06948,0.07197,0.06567,0.05337,0.07759,0.05392,0.05942,0.02974,-0.01962,-0.01173,0.01195,-0.00699,0.02668,0.04218,0.04912,0.08829,0.11504,0.07413,0.05955,0.00726
216.45 -179.39624,-177.52174,-174.60185,-172.65022,-169.82957,-167.83008,-165.784,-163.69697,-161.07687,-158.99662,-156.8971,-154.77753,-152.64862,-150.51372,-148.38027,-146.25338,-144.13853,-142.04053,-139.67569,-137.56326,-135.48466,-133.44731,-130.85174,-128.85172,-126.13441,-124.19779,-121.39959,-119.55162,-116.70836,-113.8061,-110.86327,-109.24634,-106.34751,-103.44855,-101.93479,-98.98249,-96.06928,-93.20904,-91.45508,-88.63144,-86.78059,-84.03293,-82.11046,-79.4755,-77.50901,-75.49606,-73.03578,-71.0174,-68.97222,-66.90001,-64.81123,-62.70649,-60.59591,-58.4829,-56.37476,-54.27537,-52.19362,-50.13087,-48.09718,-46.09341,-43.42287,-41.42979,-39.48859,-36.65898,-34.77186,-31.84384,-30.03823,-27.05478,-25.35485,-22.36201,-19.33362,-16.2824,-13.23336,-10.1966,-7.1933,-5.38717,-2.38848,0.53116,2.47465,5.31826,7.3256,10.05436,12.0976,14.17768,16.29343,18.80327,20.90139,23.01659,25.14367,27.27565,29.40897,31.53619,33.65257,35.75262,37.82964,40.28088,42.37134,44.42001,46.42636,49.07879,51.04534,53.80204,55.70297,58.53182,60.34132,63.20454,66.11734,69.06708,70.65295,73.55444,76.4557,79.34227,80.93716,83.84795,86.7075,88.46419,91.28999,93.13746,95.89342,97.8092,100.46191,102.42101,104.42395,106.91985,108.92964,110.96957,113.03392,115.11947,117.21882,119.32944,121.44327,123.55597,125.66258,127.75693,129.83373,131.88988,133.91896,136.51998,138.54351,140.52711,143.29423,145.23323,148.10711,149.97624,152.91663,154.69425,157.6625,160.67614,163.71805,166.77581,169.82676,172.85756,175.85335,177.62456 -0.0339,-0.01824,-0.04123,-0.01797,-0.04414,-0.02436,-0.02653,-0.03461,-0.11753,-0.09074,-0.06056,-0.04567,-0.05076,-0.07015,-0.0793,-0.07016,-0.05974,-0.05881,-0.00877,-0.0131,-0.02566,-0.03128,-0.01488,-0.02383,-0.01126,-0.01651,-0.00701,-0.0255,-0.04405,-0.0438,-0.03829,-0.05732,-0.05955,-0.0595,-0.06425,-0.07723,-0.06706,-0.09137,-0.11112,-0.12841,-0.11397,-0.12517,-0.11298,-0.13624,-0.13133,-0.12032,-0.15712,-0.1349,-0.1025,-0.08584,-0.05179,-0.00281,0.01547,-0.0107,-0.0623,-0.08285,-0.09153,-0.09569,-0.1102,-0.14505,-0.13772,-0.11929,-0.11085,-0.07781,-0.06887,-0.06801,-0.1091,-0.10433,-0.14028,-0.13831,-0.10184,-0.08119,-0.08241,-0.06225,-0.06942,-0.07686,-0.11354,-0.16828,-0.17916,-0.17985,-0.14895,-0.1394,-0.11055,-0.0906,-0.08025,-0.08095,-0.08503,-0.09752,-0.11189,-0.12201,-0.12298,-0.12196,-0.11765,-0.12071,-0.13732,-0.10095,-0.10803,-0.11733,-0.13225,-0.09898,-0.12439,-0.1102,-0.12168,-0.05497,-0.07471,-0.07791,-0.07508,-0.0871,-0.11833,-0.11821,-0.10024,-0.07558,-0.02395,-0.02358,-0.03599,-0.0273,-0.06241,-0.04872,-0.03174,0.0041,-0.03126,-0.01239,0.01885,-0.00061,0.00142,0.0029,0.01036,0.0234,0.02289,0.00872,-0.00318,-0.00149,0.00462,0.00223,0.00961,0.02047,0.01042,0.05337,0.03627,0.01059,0.01845,-0.03448,-0.01962,-0.06615,-0.04141,-0.06922,-0.04319,-0.02614,-0.01894,0.0267,0.06817,0.05879,-0.01397,-0.00281
222.3 -178.32085,-176.49406,-173.67392,-171.77801,-169.82957,-167.11962,-165.14306,-163.12481,-161.07687,-158.99662,-156.56239,-154.51707,-152.46504,-150.40364,-148.34719,-146.2917,-144.13853,-142.04053,-139.96764,-137.92122,-135.90905,-133.44731,-131.45234,-129.50546,-126.90308,-125.01266,-122.32225,-120.51126,-117.7724,-114.97255,-112.12549,-110.51876,-107.70576,-104.8821,-102.06408,-100.56243,-97.70502,-94.8912,-92.13317,-90.4158,-87.70093,-85.89701,-83.26089,-81.39413,-79.4755,-76.96535,-75.0187,-73.03578,-71.0174,-68.74251,-66.74605,-64.73327,-62.70738,-60.67582,-58.64106,-56.61155,-54.58976,-52.58377,-50.59823,-48.09718,-46.09341,-44.12837,-42.20496,-39.48859,-37.59737,-35.76404,-32.94276,-31.18138,-28.29964,-25.35485,-23.7313,-20.79037,-17.8249,-14.84715,-11.88097,-8.93439,-6.02667,-4.24096,-1.34869,1.46048,3.36455,6.09486,8.05274,10.05436,12.65403,14.6758,16.72572,18.80327,20.90139,23.20314,25.25714,27.31807,29.37691,31.43111,33.4744,35.75262,37.82964,39.88056,41.89833,43.88067,46.42636,48.38455,50.29295,52.95477,54.80551,57.53813,59.30712,62.07938,64.90223,67.76383,69.33412,72.16056,74.9921,77.81613,79.34227,82.20018,85.01733,87.78154,89.50483,92.22986,94.0334,96.68709,98.55023,100.46191,103.00358,104.94284,106.91985,109.29071,111.26173,113.25528,115.26713,117.29328,119.32852,121.36762,123.40702,125.44048,127.46365,129.473,131.46268,133.91896,135.91847,137.88519,140.52711,142.46626,144.3608,147.12053,148.95569,151.78852,154.69425,156.41017,159.32874,162.28472,165.25944,168.24147,171.21213,174.15555,175.85335,178.7955 -0.08466,-0.0624,-0.09454,-0.064,-0.04414,-0.08627,-0.09899,-0.11584,-0.11753,-0.09074,-0.13728,-0.12279,-0.1293,-0.14237,-0.14318,-0.12629,-0.05974,-0.05881,-0.05944,-0.07117,-0.07859,-0.03128,-0.03604,-0.04317,-0.02621,-0.02653,-0.0251,-0.05792,-0.04908,-0.05402,-0.05143,-0.07146,-0.07144,-0.06901,-0.08484,-0.07826,-0.07321,-0.06992,-0.10705,-0.13385,-0.13241,-0.12785,-0.13325,-0.13636,-0.13624,-0.15678,-0.16155,-0.15712,-0.1349,-0.16717,-0.14394,-0.11708,-0.06788,-0.04419,-0.06439,-0.10161,-0.10786,-0.10326,-0.11252,-0.1102,-0.14505,-0.16445,-0.15323,-0.11085,-0.10099,-0.09197,-0.09547,-0.15602,-0.14983,-0.14028,-0.16547,-0.14132,-0.11387,-0.11289,-0.08403,-0.05841,-0.08506,-0.10057,-0.14134,-0.17851,-0.1954,-0.18396,-0.16189,-0.1394,-0.1332,-0.10215,-0.08559,-0.08095,-0.08503,-0.11245,-0.12032,-0.13052,-0.13642,-0.14083,-0.1437,-0.12071,-0.13732,-0.145,-0.14402,-0.14988,-0.13225,-0.15454,-0.1879,-0.1582,-0.19442,-0.12928,-0.17175,-0.13157,-0.10956,-0.10161,-0.14349,-0.15895,-0.16995,-0.14368,-0.07558,-0.05702,-0.06485,-0.08951,-0.06173,-0.0994,-0.08113,-0.07914,-0.04421,-0.03126,-0.06129,-0.01728,-0.00061,-0.05095,-0.03903,-0.02166,-0.00198,0.00708,-0.01069,-0.03906,-0.04589,-0.03861,-0.04722,-0.04792,-0.0312,0.01042,-0.00889,-0.0261,0.01059,-0.03206,-0.09039,-0.09013,-0.13139,-0.10488,-0.06922,-0.11126,-0.08702,-0.09318,-0.06109,0.00721,0.01419,-0.05508,-0.01397,-0.07832
228.15 -178.32085,-175.51244,-173.67392,-170.9447,-169.05667,-167.11962,-164.52419,-162.57246,-160.59514,-158.5872,-156.56239,-154.51707,-152.46504,-150.40364,-148.34719,-146.2917,-144.25225,-142.2249,-140.22148,-138.24123,-135.90905,-133.93257,-131.99639,-129.50546,-127.60757,-125.01266,-123.17887,-120.51126,-118.76389,-116.06207,-113.31012,-110.51876,-108.98598,-106.23951,-103.49062,-102.06408,-99.26618,-96.5015,-93.78372,-92.13317,-89.4435,-87.70093,-85.07422,-83.26089,-80.73052,-78.86988,-76.96535,-74.58173,-72.66506,-70.71638,-68.74251,-66.74605,-64.67125,-62.71829,-60.75992,-58.80063,-56.84445,-54.89704,-52.96269,-50.59823,-48.63635,-46.7039,-44.80487,-42.20496,-40.32539,-38.49317,-35.76404,-33.98792,-31.18138,-29.48278,-26.636,-25.03888,-22.18451,-19.29682,-16.39823,-13.49614,-10.60946,-7.75397,-4.93828,-3.17501,-0.38798,1.46048,4.18288,6.09486,8.71714,10.66823,12.65403,15.12299,17.11146,19.12573,21.15578,23.20314,25.25714,27.31807,29.37691,31.43111,33.4744,35.50161,37.50876,39.49077,41.44353,43.88067,45.8233,47.72257,50.29295,52.14945,53.95167,56.59541,59.30712,61.01136,63.74806,66.52645,68.07898,70.8313,73.59439,76.35633,79.10472,80.62032,83.39151,86.11933,87.78154,90.48323,93.11382,94.87483,97.43358,99.24657,101.10349,103.55235,105.43267,107.34675,109.29071,111.26173,113.46892,115.41365,117.37143,119.33717,121.30822,123.27839,125.24461,127.20214,129.14708,131.46268,133.42985,135.37066,137.28135,139.81478,141.70578,143.55579,146.20883,148.00797,150.73675,153.54215,155.23845,158.06549,160.93242,163.82937,166.7377,169.64468,172.53688,175.39719,177.06259,179.9156 -0.08466,-0.12049,-0.09454,-0.13412,-0.10482,-0.08627,-0.19187,-0.21456,-0.21321,-0.17537,-0.13728,-0.12279,-0.1293,-0.14237,-0.14318,-0.12629,-0.11688,-0.12106,-0.13127,-0.14969,-0.07859,-0.07314,-0.0803,-0.04317,-0.04764,-0.02653,-0.05515,-0.05792,-0.08623,-0.06218,-0.06244,-0.07146,-0.09776,-0.08611,-0.10432,-0.08484,-0.08741,-0.07488,-0.07906,-0.10705,-0.13988,-0.13241,-0.12756,-0.13325,-0.15125,-0.15475,-0.15678,-0.18484,-0.19079,-0.18834,-0.16717,-0.14394,-0.18713,-0.16039,-0.13673,-0.13928,-0.16603,-0.17822,-0.16219,-0.11252,-0.13471,-0.16885,-0.19064,-0.15323,-0.13384,-0.116,-0.09197,-0.13325,-0.15602,-0.20213,-0.18282,-0.2026,-0.17063,-0.14741,-0.14309,-0.13119,-0.07824,-0.07373,-0.09787,-0.11393,-0.14958,-0.17851,-0.20311,-0.18396,-0.14791,-0.15193,-0.1332,-0.11244,-0.10226,-0.10014,-0.10321,-0.11245,-0.12032,-0.13052,-0.13642,-0.14083,-0.1437,-0.15437,-0.16978,-0.17443,-0.17572,-0.14988,-0.16516,-0.19519,-0.1879,-0.22739,-0.27202,-0.23012,-0.17175,-0.24745,-0.18062,-0.14441,-0.19866,-0.20119,-0.21438,-0.21398,-0.17094,-0.10754,-0.10062,-0.13178,-0.08951,-0.09986,-0.13151,-0.1291,-0.15884,-0.12475,-0.10015,-0.10432,-0.05993,-0.04831,-0.05095,-0.03903,-0.09672,-0.05902,-0.02479,-0.02737,-0.05304,-0.06939,-0.07772,-0.09423,-0.10421,-0.0312,-0.036,-0.06425,-0.09648,-0.05495,-0.09426,-0.13785,-0.14204,-0.18602,-0.16613,-0.13923,-0.18093,-0.13569,-0.12116,-0.14271,-0.08128,-0.04714,-0.10512,-0.17118,-0.1264,-0.143
234.0 -179.01599,-177.29433,-174.57529,-172.78689,-170.14758,-168.3146,-166.43626,-164.52419,-162.0404,-160.12559,-158.18574,-156.22852,-154.25415,-152.27311,-150.28402,-148.29815,-146.31446,-144.3429,-142.38339,-140.44418,-138.24123,-136.29193,-134.375,-131.99639,-130.10363,-128.25615,-125.76284,-123.97057,-121.40495,-119.68967,-117.08084,-114.41973,-111.71759,-108.98598,-107.52362,-104.84509,-103.49062,-100.75387,-98.04206,-95.36756,-92.74258,-91.12409,-88.53332,-86.8321,-84.30743,-82.54352,-80.73052,-78.31005,-76.46535,-74.58173,-72.32661,-70.4443,-68.5388,-66.61235,-64.67125,-62.71829,-60.75992,-58.80063,-56.84445,-54.89704,-52.96269,-51.04595,-49.15175,-47.28354,-44.80487,-42.94217,-41.12066,-39.34174,-36.71203,-34.98138,-32.27087,-30.61174,-27.8523,-25.03888,-23.51332,-20.7077,-17.88042,-15.04841,-12.22219,-9.41603,-6.64647,-3.92324,-2.18374,0.50463,2.31929,4.93873,6.80793,9.32657,11.22712,13.15861,15.12299,17.45768,19.41002,21.3779,23.35933,25.34737,27.34069,29.33101,31.31788,33.29219,35.25367,37.19495,39.11413,41.44353,43.36393,45.24716,47.0921,49.57721,51.38339,53.95167,55.69959,58.3257,59.99566,62.65079,65.34818,66.88283,69.56382,72.2595,74.95905,77.65202,80.32657,81.82875,84.51697,87.15979,88.79337,91.405,93.11382,95.66688,97.43358,99.90233,101.70804,103.55235,105.89547,107.75083,109.63394,111.54105,113.46892,115.41365,117.45149,119.3536,121.26044,123.16677,125.07042,127.20214,129.14708,131.0749,132.98333,134.86735,137.28135,139.15927,141.00246,143.55579,145.36248,148.00797,149.7582,152.46531,154.14066,156.87851,159.66224,162.47751,165.31348,168.1556,170.98864,173.80393,176.58453,178.21807 -0.19839,-0.14227,-0.1858,-0.16618,-0.22173,-0.18895,-0.17517,-0.19187,-0.3009,-0.2856,-0.25781,-0.23718,-0.22413,-0.2244,-0.22725,-0.22221,-0.20908,-0.20169,-0.20597,-0.22297,-0.14969,-0.1537,-0.14358,-0.0803,-0.11045,-0.14554,-0.05543,-0.11807,-0.1213,-0.16503,-0.1103,-0.08348,-0.09466,-0.09776,-0.11858,-0.1311,-0.10432,-0.12028,-0.10775,-0.09287,-0.09972,-0.1245,-0.15936,-0.1361,-0.15117,-0.14893,-0.15125,-0.17429,-0.1748,-0.18484,-0.20298,-0.21371,-0.21024,-0.20003,-0.18713,-0.16039,-0.13673,-0.13928,-0.16603,-0.17822,-0.16219,-0.16536,-0.19201,-0.21816,-0.19064,-0.18426,-0.16857,-0.15369,-0.11359,-0.15179,-0.20118,-0.24888,-0.23237,-0.2026,-0.20767,-0.1797,-0.16939,-0.1708,-0.14056,-0.09043,-0.09433,-0.11632,-0.12888,-0.16448,-0.19035,-0.18505,-0.15676,-0.13082,-0.14838,-0.13683,-0.11244,-0.13894,-0.13641,-0.12857,-0.11566,-0.1154,-0.12861,-0.13698,-0.13913,-0.14192,-0.15511,-0.17272,-0.19,-0.17572,-0.1805,-0.19642,-0.23178,-0.24069,-0.28837,-0.27202,-0.31491,-0.28268,-0.34834,-0.2935,-0.21321,-0.25488,-0.25883,-0.25243,-0.25092,-0.22504,-0.20727,-0.15441,-0.1632,-0.19029,-0.14012,-0.12394,-0.13151,-0.18012,-0.15884,-0.1716,-0.14803,-0.10432,-0.09253,-0.08935,-0.10878,-0.11381,-0.09672,-0.05902,-0.09515,-0.06823,-0.08124,-0.09783,-0.1138,-0.09423,-0.10421,-0.08409,-0.07973,-0.11631,-0.09648,-0.12409,-0.16108,-0.13785,-0.17457,-0.18602,-0.21981,-0.18277,-0.2042,-0.20655,-0.14365,-0.16532,-0.17087,-0.13316,-0.15017,-0.19388,-0.22583,-0.19196
239.85 -177.99636,-176.31382,-173.68247,-171.93926,-170.14758,-167.60502,-165.78385,-163.92853,-162.0404,-159.6741,-157.79771,-155.90391,-153.99668,-152.08026,-150.15898,-148.23744,-146.32074,-144.41279,-142.38339,-140.44418,-138.5263,-136.63726,-134.77692,-132.49539,-130.65448,-128.25615,-126.45738,-123.97057,-122.23468,-119.68967,-118.03542,-115.46179,-112.84433,-110.19508,-107.52362,-106.1304,-104.84509,-102.17088,-99.51367,-96.8862,-94.29913,-92.74258,-90.17715,-88.53332,-86.02012,-84.30743,-81.87574,-80.11479,-77.7911,-76.00318,-74.18026,-72.32661,-70.19623,-68.35491,-66.49545,-64.62186,-62.73831,-60.84919,-58.95872,-57.07159,-55.19196,-53.32466,-51.47421,-49.64313,-47.28354,-45.44636,-43.64354,-41.87644,-39.34174,-37.60971,-35.92513,-33.30542,-31.6828,-29.01366,-26.28527,-24.78284,-22.0534,-19.30215,-16.53593,-13.77076,-11.02021,-8.29353,-5.6081,-3.92324,-1.25869,1.33668,3.1156,5.63921,7.46459,9.32657,11.73908,13.61864,15.52655,17.45768,19.66503,21.57351,23.49292,25.41926,27.34825,29.2759,31.19819,33.1105,35.00983,36.89099,39.11413,41.00629,42.86854,44.69757,47.0921,48.89501,50.65494,53.14109,54.84849,57.39256,59.03028,61.60677,64.2276,65.74314,68.35424,70.98372,73.62213,76.25847,78.8833,81.48638,82.97317,85.58181,88.14363,89.7483,92.275,93.947,96.41376,98.13705,100.52095,102.27808,104.07017,105.89547,108.13358,109.95982,111.80755,113.67493,115.55703,117.45149,119.3536,121.26044,123.16677,125.07042,126.96596,128.85093,130.72095,132.57299,134.86735,136.72545,138.55362,140.34983,142.80779,144.5745,147.12476,148.84203,151.45867,153.10877,155.76192,158.46198,161.20052,163.96292,166.7381,169.51392,172.27627,175.01501,176.58453,179.32084 -0.25938,-0.20312,-0.26302,-0.24729,-0.22173,-0.29393,-0.27734,-0.28501,-0.3009,-0.38067,-0.35832,-0.34809,-0.33827,-0.33736,-0.33003,-0.32087,-0.32511,-0.32653,-0.20597,-0.22297,-0.2413,-0.25973,-0.27475,-0.16533,-0.21885,-0.14554,-0.17113,-0.11807,-0.20317,-0.16503,-0.20905,-0.14728,-0.13619,-0.13766,-0.11858,-0.16022,-0.1311,-0.15783,-0.15792,-0.15536,-0.13631,-0.09972,-0.1771,-0.15936,-0.17064,-0.15117,-0.19192,-0.18203,-0.2078,-0.19787,-0.19464,-0.20298,-0.22337,-0.23602,-0.24512,-0.24285,-0.21872,-0.18976,-0.18541,-0.20286,-0.21931,-0.21721,-0.22673,-0.25547,-0.21816,-0.23136,-0.22486,-0.21257,-0.15369,-0.15358,-0.17224,-0.20836,-0.25473,-0.28047,-0.24568,-0.25024,-0.2206,-0.2035,-0.19887,-0.19647,-0.15039,-0.11356,-0.11484,-0.11632,-0.1519,-0.15881,-0.17935,-0.13543,-0.12241,-0.13082,-0.15232,-0.1432,-0.1346,-0.13894,-0.16705,-0.14237,-0.11317,-0.10984,-0.1231,-0.13094,-0.13761,-0.14037,-0.15117,-0.1756,-0.19,-0.20581,-0.21552,-0.22713,-0.23178,-0.27783,-0.32469,-0.33855,-0.37727,-0.35957,-0.40304,-0.38914,-0.30029,-0.31547,-0.30565,-0.30427,-0.28229,-0.26069,-0.24107,-0.25095,-0.22105,-0.239,-0.23932,-0.17735,-0.15257,-0.1606,-0.20375,-0.196,-0.18297,-0.16696,-0.13187,-0.09253,-0.11541,-0.14465,-0.16876,-0.17219,-0.14522,-0.09515,-0.06823,-0.08124,-0.09783,-0.1138,-0.13905,-0.1626,-0.1559,-0.14847,-0.11631,-0.16901,-0.19291,-0.21938,-0.19261,-0.2091,-0.21889,-0.25556,-0.21653,-0.21069,-0.24189,-0.20191,-0.1795,-0.20147,-0.19038,-0.19142,-0.20198,-0.24195,-0.22583,-0.24284
245.7 -179.62691,-177.99636,-175.37942,-173.68247,-171.1312,-169.38787,-167.60502,-165.16041,-163.35878,-161.52921,-159.6741,-157.79771,-155.59052,-153.74456,-151.88966,-150.03151,-148.17264,-146.32074,-144.41279,-142.51777,-140.64031,-138.78354,-136.95188,-134.77692,-132.95208,-131.16269,-128.85643,-127.10256,-124.70802,-123.01028,-120.55377,-118.9304,-116.4411,-113.90619,-111.33529,-108.73983,-106.1304,-103.51964,-100.91916,-98.34051,-95.79479,-94.29913,-91.76336,-89.28791,-87.68056,-85.26025,-83.59156,-81.25294,-79.54207,-77.7911,-75.57514,-73.80979,-72.01596,-70.19623,-68.35491,-66.39135,-64.58138,-62.76231,-60.93816,-59.11317,-57.29071,-55.47546,-53.67061,-51.47421,-49.64313,-47.83651,-46.05667,-44.30754,-41.87644,-40.14889,-38.46236,-35.92513,-34.28859,-31.6828,-30.11581,-27.4727,-25.99099,-23.33989,-20.65966,-17.96193,-15.25898,-12.56133,-9.88396,-7.23658,-4.62998,-2.97093,-0.39326,1.33668,3.85659,5.63921,8.07342,9.88925,11.73908,14.04167,15.8955,17.77109,19.66503,21.74865,23.61002,25.47771,27.34738,29.21588,31.07854,32.93253,34.77372,36.89099,38.75191,40.58767,42.39636,44.17455,46.49145,48.24703,50.65494,52.37016,54.03963,56.50556,58.1121,60.61399,63.15987,64.6564,67.19969,69.76471,72.34212,74.9227,77.49668,80.05499,82.58843,84.05832,86.59063,89.07533,90.65105,93.09742,94.73361,97.11924,98.80091,100.52095,102.81637,104.55944,106.33287,108.13358,110.26896,112.06182,113.87214,115.69632,117.53172,119.37451,121.22146,123.06888,124.91332,126.75113,128.57918,130.39394,132.57299,134.40356,136.21018,137.9896,140.34983,142.11151,143.83716,146.29978,147.98294,150.51263,153.10877,154.7079,157.32992,159.99067,162.68145,164.10639,165.39035,168.10439,170.81509,173.50724,176.17177,177.71772 -0.30314,-0.25938,-0.26881,-0.26302,-0.35905,-0.33045,-0.29393,-0.36897,-0.3936,-0.40325,-0.38067,-0.35832,-0.42758,-0.42698,-0.43543,-0.42695,-0.41657,-0.32511,-0.32653,-0.33381,-0.35518,-0.37803,-0.40959,-0.27475,-0.30728,-0.33452,-0.25685,-0.24772,-0.21299,-0.25848,-0.25249,-0.29128,-0.23584,-0.20712,-0.20248,-0.16273,-0.16022,-0.19049,-0.18525,-0.2053,-0.20773,-0.13631,-0.1763,-0.23426,-0.20709,-0.22383,-0.20136,-0.24679,-0.22702,-0.2078,-0.22565,-0.20585,-0.20526,-0.22337,-0.23602,-0.28766,-0.28712,-0.25636,-0.21708,-0.20882,-0.2176,-0.22911,-0.24063,-0.22673,-0.25547,-0.27364,-0.27863,-0.27202,-0.21257,-0.20088,-0.19355,-0.17224,-0.20423,-0.25473,-0.28551,-0.28913,-0.283,-0.26246,-0.24886,-0.23749,-0.227,-0.21506,-0.16553,-0.13628,-0.14328,-0.142,-0.15601,-0.15881,-0.12867,-0.13543,-0.1215,-0.14051,-0.15232,-0.18477,-0.178,-0.17743,-0.16705,-0.15317,-0.1274,-0.12321,-0.13118,-0.13769,-0.15265,-0.15995,-0.16359,-0.1756,-0.20829,-0.24854,-0.25813,-0.25155,-0.25435,-0.28825,-0.32469,-0.36471,-0.3873,-0.4022,-0.42691,-0.43553,-0.38954,-0.37578,-0.34143,-0.33533,-0.32796,-0.30088,-0.28086,-0.28288,-0.28915,-0.27943,-0.28148,-0.28777,-0.23371,-0.19807,-0.18399,-0.22471,-0.20705,-0.18297,-0.18713,-0.1569,-0.11611,-0.11541,-0.16509,-0.19519,-0.20818,-0.20515,-0.18226,-0.14772,-0.14106,-0.14201,-0.14223,-0.16572,-0.20171,-0.21454,-0.14847,-0.19746,-0.24727,-0.2491,-0.21938,-0.25696,-0.26131,-0.23643,-0.27186,-0.25231,-0.21069,-0.24914,-0.26086,-0.22338,-0.21964,-0.23286,-0.21301,-0.21838,-0.22236,-0.24096,-0.2829,-0.26653
251.55 -178.62481,-177.0263,-174.49041,-172.83247,-170.36539,-168.66601,-166.92996,-165.16041,-162.81871,-161.04285,-159.24346,-157.42527,-155.59052,-153.74456,-151.88966,-150.03151,-148.17264,-146.31848,-144.47185,-142.63775,-140.81897,-139.01988,-136.95188,-135.14814,-133.37563,-131.16269,-129.41353,-127.10256,-125.39581,-123.01028,-121.3649,-118.9304,-117.36355,-114.90748,-112.41335,-109.89079,-107.35089,-104.80349,-102.26051,-99.73274,-97.2305,-94.76411,-93.2921,-90.84186,-89.28791,-86.88068,-85.26025,-82.92218,-81.25294,-79.00774,-77.30852,-75.57514,-73.46567,-71.72885,-69.96866,-68.18831,-66.39135,-64.58138,-62.76231,-60.93816,-59.11317,-57.29071,-55.47546,-53.67061,-51.88064,-50.10848,-48.35827,-46.6326,-44.30754,-42.59129,-40.91084,-38.46236,-36.81873,-35.21905,-32.70097,-31.16261,-28.60191,-25.99099,-24.5649,-21.95711,-19.32637,-16.68489,-14.04422,-11.41472,-8.80904,-6.23636,-3.70737,-2.07566,0.41991,2.11551,4.55066,6.29296,8.64215,10.41219,12.21285,14.43457,16.23626,18.05829,19.89665,21.74865,23.61002,25.47771,27.3416,29.15427,31.07854,32.93253,34.77372,36.599,38.40502,40.1887,41.94734,44.17455,45.92058,47.63165,49.96355,51.63848,54.03963,55.66282,58.1121,59.66861,62.14333,64.6564,66.09784,68.59949,71.1173,73.64184,76.16495,78.67748,81.17074,82.58843,85.08854,87.54765,89.07533,91.50571,93.09742,95.47731,97.11924,99.42807,101.10519,102.81637,105.02169,106.74628,108.49613,110.26896,112.30265,114.05986,115.83008,117.61029,119.39755,121.18843,122.9801,124.76892,126.55243,128.32682,130.39394,132.19232,133.97182,135.72905,137.46176,139.73974,141.45862,143.83716,145.52456,147.98294,149.62222,152.13654,153.71199,156.25709,158.84431,161.46443,162.88285,165.47586,168.07496,169.41528,172.05949,174.68331,177.27457,178.79778 -0.34292,-0.30455,-0.35936,-0.36509,-0.41858,-0.39512,-0.37193,-0.36897,-0.48199,-0.48538,-0.46174,-0.43915,-0.42758,-0.42698,-0.43543,-0.42695,-0.41657,-0.41829,-0.42045,-0.44029,-0.46531,-0.48414,-0.40959,-0.4299,-0.43005,-0.33452,-0.33288,-0.24772,-0.25602,-0.25848,-0.29209,-0.29128,-0.29162,-0.26319,-0.28649,-0.23617,-0.19378,-0.22138,-0.21315,-0.20732,-0.24155,-0.22836,-0.19695,-0.23312,-0.23426,-0.23871,-0.22383,-0.25526,-0.24679,-0.29033,-0.25466,-0.22565,-0.23278,-0.22459,-0.24293,-0.26595,-0.28766,-0.28712,-0.25636,-0.21708,-0.20882,-0.2176,-0.22911,-0.24063,-0.25835,-0.28978,-0.30633,-0.30508,-0.27202,-0.25651,-0.23275,-0.19355,-0.19227,-0.20165,-0.23945,-0.26779,-0.28921,-0.283,-0.28629,-0.28818,-0.28772,-0.25941,-0.2525,-0.22892,-0.18918,-0.16784,-0.17823,-0.16226,-0.13853,-0.12223,-0.09579,-0.11025,-0.1453,-0.16507,-0.18662,-0.23377,-0.21374,-0.19857,-0.17991,-0.15317,-0.1274,-0.12321,-0.1785,-0.17995,-0.15265,-0.15995,-0.16359,-0.18868,-0.23021,-0.26914,-0.27129,-0.25155,-0.25374,-0.26247,-0.31782,-0.33413,-0.3873,-0.40371,-0.42691,-0.45528,-0.44928,-0.37578,-0.36444,-0.35789,-0.34866,-0.34023,-0.3224,-0.33529,-0.32592,-0.28915,-0.30449,-0.30598,-0.28777,-0.29877,-0.19807,-0.22377,-0.22471,-0.25378,-0.21235,-0.18713,-0.19245,-0.14222,-0.13206,-0.16509,-0.23021,-0.24286,-0.24796,-0.26282,-0.25409,-0.22534,-0.19393,-0.17638,-0.19511,-0.24204,-0.21454,-0.22172,-0.26643,-0.30667,-0.31212,-0.26073,-0.29904,-0.26131,-0.25705,-0.27186,-0.28169,-0.23768,-0.26115,-0.28547,-0.27105,-0.25627,-0.26627,-0.26027,-0.2923,-0.25565,-0.26105,-0.28897,-0.34205,-0.32617
257.4 -177.67352,-176.1044,-173.64892,-172.02696,-170.36539,-167.9824,-166.29125,-164.56934,-162.81871,-160.58205,-158.83586,-157.07123,-155.29318,-153.50393,-151.70766,-149.90791,-148.108,-146.31214,-144.524,-142.74687,-140.81897,-139.01988,-137.24351,-135.49338,-133.37563,-131.6372,-129.93521,-127.70553,-126.04106,-123.737,-122.12763,-119.77284,-117.36355,-115.85381,-113.43336,-110.98234,-108.50977,-106.02578,-103.5408,-101.06483,-98.60816,-96.18039,-94.76411,-92.34252,-89.97389,-88.452,-86.12922,-84.54796,-82.29449,-80.67033,-79.00774,-76.85751,-75.17607,-73.46567,-71.72885,-69.75691,-68.03419,-66.29632,-64.54644,-62.78824,-61.02499,-59.26081,-57.49874,-55.74315,-53.99701,-52.2639,-50.54706,-48.8494,-46.6326,-44.93439,-43.26588,-41.62926,-39.26773,-37.66316,-35.21905,-33.66427,-31.16261,-29.67337,-27.14091,-25.73094,-23.19394,-20.63,-18.05098,-15.46637,-12.8876,-10.32526,-7.78858,-5.28851,-3.70737,-1.22993,1.18823,2.84857,5.20471,6.90571,8.64215,10.90285,12.65566,14.43457,16.55635,18.32638,20.1119,21.90959,23.71591,25.52799,27.3416,29.15427,30.96145,32.76096,34.54838,36.32154,38.07668,39.81123,41.94734,43.6785,45.37979,47.63165,49.30713,50.9445,53.27189,54.8625,57.2396,58.7698,61.17523,63.62059,65.04626,67.48621,69.9448,72.41418,74.88621,77.35218,79.80421,82.23434,83.63675,86.06766,88.45658,89.95874,92.31577,93.87591,96.18112,97.78626,100.02108,101.65733,103.32472,105.45836,107.13681,108.83861,110.56126,112.30265,114.05986,115.95655,117.68497,119.42001,121.15856,122.89793,124.63457,126.55243,128.32682,130.08948,131.83687,133.56716,135.27643,137.46176,139.16698,140.84354,143.14373,144.79351,147.17252,148.77989,151.2172,152.76688,155.23947,157.75494,160.30619,161.71454,164.24758,166.79018,169.3339,170.66947,173.24924,175.80395,178.32505,179.82583 -0.37983,-0.3622,-0.43623,-0.4283,-0.41858,-0.4265,-0.41944,-0.44822,-0.48199,-0.53889,-0.51709,-0.4986,-0.48918,-0.49352,-0.51215,-0.51012,-0.49711,-0.48634,-0.48571,-0.50743,-0.46531,-0.48414,-0.5119,-0.52251,-0.43005,-0.41124,-0.38143,-0.29153,-0.26124,-0.28642,-0.34094,-0.32457,-0.29162,-0.3345,-0.33557,-0.33293,-0.24875,-0.24713,-0.25935,-0.22988,-0.25064,-0.23414,-0.22836,-0.22369,-0.22934,-0.24056,-0.25623,-0.26,-0.32385,-0.31781,-0.29033,-0.29218,-0.25512,-0.23278,-0.22459,-0.27775,-0.29462,-0.31326,-0.31724,-0.28691,-0.24395,-0.22523,-0.22844,-0.24057,-0.26682,-0.28721,-0.30469,-0.32087,-0.30508,-0.30535,-0.29842,-0.26731,-0.21471,-0.20639,-0.20165,-0.22076,-0.26779,-0.27465,-0.27959,-0.28458,-0.30013,-0.31871,-0.30631,-0.2745,-0.27654,-0.25596,-0.23434,-0.21306,-0.17823,-0.18265,-0.14299,-0.10319,-0.1169,-0.13161,-0.1453,-0.21377,-0.23865,-0.23377,-0.2146,-0.20395,-0.19256,-0.17061,-0.15958,-0.16871,-0.1785,-0.17995,-0.17827,-0.17022,-0.17265,-0.19813,-0.22372,-0.23613,-0.27129,-0.26122,-0.24564,-0.26247,-0.27746,-0.28196,-0.34045,-0.35744,-0.41898,-0.44513,-0.47592,-0.43176,-0.40056,-0.36542,-0.36654,-0.35294,-0.34773,-0.36732,-0.38109,-0.346,-0.31642,-0.32944,-0.35454,-0.33695,-0.34626,-0.25984,-0.29261,-0.28644,-0.32758,-0.26978,-0.22348,-0.24301,-0.18663,-0.17168,-0.2031,-0.23021,-0.24286,-0.31608,-0.33281,-0.34118,-0.31625,-0.27529,-0.24769,-0.19511,-0.24204,-0.26088,-0.27379,-0.32506,-0.35457,-0.31212,-0.30713,-0.34139,-0.30724,-0.30941,-0.29071,-0.32058,-0.27815,-0.29326,-0.29675,-0.30529,-0.29273,-0.31582,-0.29669,-0.32743,-0.3497,-0.30216,-0.30681,-0.35188,-0.39492,-0.37323
263.25 -179.1984,-177.67352,-175.23099,-173.64892,-171.26496,-169.64128,-167.9824,-165.68977,-164.0116,-162.30892,-160.58205,-158.45379,-156.73989,-155.01414,-153.27832,-151.53691,-149.79169,-148.04823,-146.30705,-144.524,-142.74687,-140.98506,-139.24057,-137.51827,-135.49338,-133.77245,-132.08301,-129.93521,-128.27199,-126.64962,-124.42178,-122.84854,-120.56859,-118.23448,-116.7502,-114.40078,-112.01827,-109.61173,-107.19024,-104.76287,-102.33953,-99.92958,-97.54234,-95.18645,-93.79038,-91.44639,-89.97389,-87.66514,-86.12922,-83.87875,-82.29449,-80.12361,-78.50728,-76.85751,-74.80204,-73.14385,-71.46095,-69.75691,-68.03419,-66.20701,-64.51336,-62.81227,-61.10632,-59.39895,-57.69382,-55.99369,-54.3022,-52.62232,-50.54706,-48.8494,-47.17383,-45.52311,-43.89891,-41.62926,-40.0261,-38.4585,-36.09834,-34.57388,-32.1541,-30.68801,-28.23219,-25.73094,-24.37039,-21.87395,-19.35689,-16.82933,-14.30226,-11.78441,-9.28672,-6.81839,-4.38612,-2.8326,-0.42806,1.18823,3.54163,5.20471,7.48553,9.17877,11.3672,13.07394,14.80419,16.55635,18.57988,20.31501,22.0611,23.81576,25.57494,27.33647,29.09601,30.8512,32.59895,34.33571,36.05979,37.7669,39.81123,41.52312,43.20967,44.86895,47.0496,48.68598,50.28766,52.54386,54.10361,56.4106,57.91519,60.25387,62.63325,64.04324,66.4226,68.82305,71.23769,73.6586,76.07769,78.48753,80.88028,83.24875,84.63488,86.99912,89.32067,90.79728,93.08432,94.61359,96.84785,98.41755,100.02108,102.17915,103.80515,105.45836,107.50529,109.16167,110.83738,112.53017,114.23732,115.95655,117.68497,119.42001,121.15856,122.89793,124.63457,126.36643,128.08974,129.80228,131.50121,133.18405,135.27643,136.96347,138.62522,140.84354,142.48791,144.09995,146.40576,147.98044,150.34509,151.86749,154.27045,156.71783,159.20217,160.59742,163.07086,165.55727,168.04998,170.53763,171.86826,174.38408,176.87127,178.32505 -0.40458,-0.37983,-0.43897,-0.43623,-0.46415,-0.44923,-0.4265,-0.51119,-0.53654,-0.54348,-0.53889,-0.55443,-0.55922,-0.55408,-0.55457,-0.57311,-0.58464,-0.57582,-0.55316,-0.48571,-0.50743,-0.51555,-0.52367,-0.54747,-0.52251,-0.50979,-0.46794,-0.38143,-0.32526,-0.27822,-0.30517,-0.41616,-0.41198,-0.37518,-0.44551,-0.39892,-0.37787,-0.30992,-0.27673,-0.30814,-0.28886,-0.28548,-0.27361,-0.20502,-0.21547,-0.22137,-0.22934,-0.24853,-0.25623,-0.31764,-0.32385,-0.40764,-0.35748,-0.29218,-0.27568,-0.26887,-0.26436,-0.27775,-0.29462,-0.32729,-0.33975,-0.3239,-0.28552,-0.26258,-0.25795,-0.27562,-0.31326,-0.3203,-0.30469,-0.32087,-0.31831,-0.32063,-0.32212,-0.26731,-0.23963,-0.23073,-0.20171,-0.20905,-0.246,-0.26536,-0.27065,-0.28458,-0.29448,-0.32563,-0.34412,-0.30059,-0.30095,-0.30293,-0.30657,-0.28549,-0.28666,-0.23841,-0.24721,-0.14299,-0.14228,-0.1169,-0.18629,-0.18615,-0.23299,-0.25593,-0.23933,-0.2146,-0.21746,-0.22201,-0.21365,-0.21472,-0.23764,-0.24454,-0.21594,-0.17132,-0.15229,-0.1566,-0.18565,-0.20279,-0.23613,-0.23686,-0.24045,-0.22856,-0.23068,-0.23872,-0.25217,-0.28677,-0.31512,-0.37773,-0.4094,-0.4724,-0.46877,-0.44227,-0.3817,-0.3727,-0.36403,-0.34826,-0.3721,-0.40717,-0.39703,-0.37076,-0.34781,-0.38451,-0.41175,-0.39095,-0.38151,-0.31237,-0.36541,-0.36538,-0.32758,-0.32461,-0.27898,-0.24301,-0.23804,-0.22744,-0.2624,-0.28815,-0.30769,-0.31608,-0.33281,-0.34118,-0.31625,-0.27529,-0.24769,-0.26954,-0.33396,-0.36715,-0.38386,-0.43771,-0.35457,-0.36631,-0.36839,-0.34139,-0.39094,-0.43929,-0.35178,-0.38848,-0.32945,-0.3432,-0.31114,-0.32354,-0.33565,-0.37729,-0.36376,-0.36943,-0.38608,-0.39925,-0.35068,-0.37104,-0.4131,-0.39492
269.1 -178.2731,-176.77254,-174.40577,-172.85424,-170.54828,-168.96,-167.33908,-165.68977,-163.48977,-161.83169,-160.1512,-158.45379,-156.73989,-155.01414,-153.27832,-151.53691,-149.79169,-148.04823,-146.30705,-144.57496,-142.85147,-141.14358,-139.45111,-137.51827,-135.81939,-134.14826,-132.50624,-130.42794,-128.80896,-126.64962,-125.06944,-122.84854,-121.32263,-119.06004,-116.7502,-115.31955,-113.00348,-110.6611,-108.30021,-105.93027,-103.5594,-101.19714,-98.85176,-96.53177,-95.18645,-92.86986,-90.59981,-89.15535,-86.92323,-85.42192,-83.24853,-81.70438,-80.12361,-78.03656,-76.43407,-74.80204,-72.84037,-71.2087,-69.55766,-67.88914,-66.20701,-64.51336,-62.81227,-61.10632,-59.52575,-57.69382,-55.99369,-54.3022,-52.62232,-50.95671,-49.30889,-47.68033,-46.07321,-43.89891,-42.30415,-40.73896,-38.4585,-36.9264,-35.43168,-33.08947,-31.6468,-29.26564,-26.83834,-25.48936,-23.05817,-20.60283,-18.1339,-15.65816,-13.18768,-10.73026,-8.295,-5.89136,-3.52491,-1.99987,0.3358,1.91812,4.20165,5.82633,8.03721,9.68811,11.3672,13.47224,15.15569,16.85928,18.57988,20.31501,22.20815,23.91261,25.62221,27.33348,29.04352,30.74992,32.44877,34.13899,35.81618,37.7669,39.45628,41.12398,42.76891,44.86895,46.49951,48.09892,50.28766,51.85442,53.38436,55.62385,57.91519,59.37779,61.69278,63.08675,65.40659,67.75009,70.11051,72.48045,74.85251,77.21938,79.57378,81.90854,84.21715,85.58611,87.88598,90.14276,91.59395,93.81402,95.31309,96.84785,99.01505,100.58201,102.67225,104.25873,105.8702,107.50529,109.46548,111.09672,112.74348,114.40385,116.07527,117.7549,119.44061,121.12963,122.81893,124.50641,126.1892,127.86428,129.52957,131.18187,133.18405,134.84781,136.49091,138.11003,140.25999,141.86507,144.09995,145.67694,147.21798,149.51433,151.86749,153.3452,155.72747,158.14702,159.52743,161.94193,164.37392,166.81456,169.25469,171.68792,173.01217,175.46455,177.88494,179.32162 -0.47618,-0.44504,-0.50926,-0.4854,-0.54618,-0.52631,-0.50237,-0.51119,-0.61912,-0.61347,-0.58263,-0.55443,-0.55922,-0.55408,-0.55457,-0.57311,-0.58464,-0.57582,-0.55316,-0.54323,-0.55023,-0.53727,-0.52957,-0.54747,-0.55835,-0.5447,-0.4999,-0.41693,-0.39107,-0.27822,-0.38351,-0.41616,-0.48352,-0.46794,-0.44551,-0.4679,-0.41318,-0.36658,-0.31621,-0.3511,-0.35301,-0.34951,-0.3994,-0.39281,-0.20502,-0.27798,-0.27715,-0.23262,-0.33507,-0.32345,-0.39278,-0.41006,-0.40764,-0.42535,-0.31367,-0.27568,-0.29421,-0.30372,-0.31994,-0.31869,-0.32729,-0.33975,-0.3239,-0.28552,-0.3273,-0.25795,-0.27562,-0.31326,-0.3203,-0.31861,-0.33351,-0.33685,-0.33797,-0.32212,-0.2991,-0.27312,-0.23073,-0.21748,-0.21416,-0.22976,-0.24983,-0.26948,-0.27465,-0.28685,-0.30957,-0.35468,-0.33678,-0.30341,-0.31802,-0.34521,-0.34886,-0.3386,-0.36186,-0.33778,-0.32681,-0.21348,-0.22803,-0.19385,-0.23023,-0.21242,-0.23299,-0.23861,-0.21609,-0.20445,-0.21746,-0.22201,-0.25337,-0.2582,-0.27552,-0.26473,-0.20893,-0.1521,-0.13277,-0.13188,-0.16553,-0.20279,-0.19813,-0.19752,-0.20775,-0.22856,-0.21947,-0.22773,-0.25217,-0.2702,-0.31256,-0.34569,-0.4094,-0.45412,-0.47663,-0.4598,-0.41697,-0.3752,-0.36538,-0.34868,-0.35415,-0.40283,-0.4237,-0.41165,-0.3956,-0.39305,-0.43139,-0.44321,-0.42863,-0.40341,-0.36088,-0.36541,-0.40144,-0.37244,-0.36879,-0.33705,-0.29796,-0.23804,-0.28368,-0.32029,-0.34641,-0.36363,-0.38243,-0.39798,-0.40427,-0.38155,-0.34754,-0.33147,-0.35371,-0.41281,-0.447,-0.49539,-0.43771,-0.42874,-0.40795,-0.40617,-0.41693,-0.53265,-0.43929,-0.46673,-0.46516,-0.38343,-0.3432,-0.36019,-0.34626,-0.37382,-0.40963,-0.43609,-0.44111,-0.42899,-0.43245,-0.45916,-0.41174,-0.4444,-0.46421,-0.4313
274.95 -179.73378,-177.39888,-175.92197,-173.62895,-172.10627,-170.54828,-168.32122,-166.73665,-165.12636,-163.48977,-161.38694,-159.75164,-158.09923,-156.43354,-154.7567,-153.07117,-151.38131,-149.68767,-147.99608,-146.30748,-144.62672,-142.95613,-141.29852,-139.45111,-137.77977,-136.13016,-134.50692,-132.50624,-130.89617,-129.32004,-127.22787,-125.68658,-123.53261,-122.0403,-119.84429,-117.60254,-116.19558,-113.94219,-111.66145,-109.36009,-107.04584,-104.72784,-102.41301,-100.11053,-97.8281,-96.53177,-94.24519,-91.99878,-90.59981,-88.38229,-86.92323,-84.75471,-83.24853,-81.14777,-79.60862,-78.03656,-76.03423,-74.44938,-72.84037,-71.2087,-69.36776,-67.75054,-66.12023,-64.47983,-62.83184,-61.17947,-59.52575,-57.87337,-56.2259,-54.58551,-52.95464,-51.3376,-49.73484,-47.68033,-46.07321,-44.4911,-42.93399,-40.73896,-39.20474,-37.70402,-35.43168,-33.97274,-31.6468,-30.2434,-27.88675,-26.54857,-24.18417,-21.79119,-19.37869,-16.95736,-14.53349,-12.11848,-9.72071,-7.34521,-5.00342,-3.52491,-1.20361,1.06675,2.61537,4.83285,6.41899,8.03721,10.17585,11.81133,13.47224,15.49498,17.1518,18.82481,20.51092,22.20815,23.91261,25.67374,27.33707,29.00044,30.65948,32.44877,34.13899,35.81618,37.47875,39.12437,40.75023,42.35592,44.38881,45.98164,47.54671,49.66751,51.2026,53.38436,54.87814,57.10414,58.54498,60.79735,62.17531,64.43705,66.72439,69.03139,71.35052,73.67527,75.99889,78.31372,80.61363,82.89181,85.14199,86.49321,88.731,90.14276,92.35131,93.81402,95.97676,97.47966,99.58099,101.11267,102.67225,104.68694,106.25874,107.85236,109.46548,111.33984,112.94309,114.55893,116.18442,117.81801,119.45734,121.09927,122.74197,124.3826,126.01838,127.6476,129.26698,131.18187,132.81891,134.43894,136.03859,138.11003,139.70374,141.27056,143.43981,144.98107,147.21798,148.7209,151.00844,152.4605,154.77971,157.13708,158.50001,160.85819,163.23564,165.62515,168.01843,170.40698,171.68792,174.10164,176.49111,178.84634 -0.50441,-0.58526,-0.53495,-0.59244,-0.56025,-0.54618,-0.61721,-0.59687,-0.6049,-0.61912,-0.70697,-0.6798,-0.62647,-0.62711,-0.61806,-0.62248,-0.65807,-0.68752,-0.6931,-0.63446,-0.59083,-0.58006,-0.55341,-0.52957,-0.55411,-0.56866,-0.54947,-0.4999,-0.46271,-0.47506,-0.41603,-0.49152,-0.49547,-0.50625,-0.48162,-0.48997,-0.47076,-0.44486,-0.40657,-0.38992,-0.40036,-0.40923,-0.38235,-6.02125,-5.99369,-0.39281,-0.39069,-0.36204,-0.27715,-0.34113,-0.33507,-0.38522,-0.39278,-0.46038,-0.48829,-0.42535,-0.34207,-0.28921,-0.29421,-0.30372,-0.35882,-0.35632,-0.35308,-0.36386,-0.35944,-0.3436,-0.3273,-0.31181,-0.3207,-0.35266,-0.34453,-0.32197,-0.33713,-0.33685,-0.33797,-0.33847,-0.32024,-0.27312,-0.26548,-0.25571,-0.21416,-0.23438,-0.24983,-0.2592,-0.27238,-0.28445,-0.29539,-0.33613,-0.35523,-0.31384,-0.30764,-0.34272,-0.37383,-0.37413,-0.37452,-0.36186,-0.39184,-0.35956,-0.28349,-0.30574,-0.26726,-0.23023,-0.23634,-0.23899,-0.23861,-0.21406,-0.22565,-0.24901,-0.2569,-0.25337,-0.2582,-0.27441,-0.26205,-0.21685,-0.171,-0.13277,-0.13188,-0.16553,-0.19551,-0.19356,-0.1808,-0.18216,-0.21868,-0.23234,-0.24216,-0.23215,-0.2373,-0.31256,-0.34991,-0.38542,-0.4443,-0.47375,-0.46808,-0.44065,-0.40081,-0.35557,-0.3535,-0.34634,-0.37762,-0.40928,-0.44409,-0.42263,-0.40492,-0.42432,-0.45093,-0.44321,-0.43924,-0.40341,-0.40908,-0.40805,-0.42232,-0.39676,-0.36879,-0.38949,-0.35574,-0.30227,-0.28368,-0.38081,-0.39291,-0.40242,-0.41547,-0.43278,-0.4424,-0.42959,-0.40051,-0.38151,-0.38865,-0.42571,-0.51585,-0.49539,-0.55883,-0.55141,-0.48963,-0.40617,-0.47149,-0.56265,-0.59972,-0.58688,-0.46516,-0.40111,-0.37618,-0.39895,-0.40003,-0.40956,-0.4391,-0.44691,-0.50039,-0.49036,-0.46793,-0.48589,-0.45916,-0.48596,-0.50596,-0.52788
280.8 -178.84088,-177.39888,-175.12006,-173.62895,-171.40393,-169.87707,-168.32122,-166.17493,-164.60076,-163.00429,-161.38694,-159.38276,-157.77311,-156.15252,-154.52126,-152.88374,-151.2411,-149.59819,-147.95485,-146.31731,-144.68491,-142.95613,-141.29852,-139.65684,-138.03412,-136.4319,-134.50692,-132.91037,-131.34481,-129.32004,-127.7788,-125.68658,-124.1852,-122.0403,-120.59225,-118.41373,-116.19558,-114.83872,-112.6168,-110.37284,-108.11407,-105.84668,-103.58016,-101.32084,-99.07688,-96.85539,-95.57317,-93.35298,-91.17348,-89.79897,-87.65089,-86.22234,-84.12385,-82.65333,-81.14777,-79.12181,-77.59193,-76.03423,-74.11456,-72.55231,-70.96885,-69.36776,-67.61549,-66.03447,-64.44351,-62.84591,-61.24376,-59.63939,-58.03704,-56.43745,-54.84528,-53.26137,-51.68919,-49.73484,-48.15073,-46.5859,-45.04289,-42.93399,-41.40487,-39.90443,-37.70402,-36.23602,-34.80159,-32.55035,-31.16513,-28.88014,-26.54857,-25.2528,-22.92022,-20.56776,-18.19791,-17.05855,-14.73152,-12.41204,-11.09125,-8.75014,-6.43355,-4.15014,-2.69952,-0.43968,1.06675,3.28362,4.83285,6.98902,8.56731,10.64604,12.2394,13.85668,15.49498,17.43572,19.06323,20.70362,22.35392,24.01146,25.67374,27.33707,29.00044,30.65948,32.31311,33.95773,35.59115,37.21165,38.8157,40.40327,42.35592,43.93772,45.49572,47.54671,49.08249,50.58749,52.70442,54.17207,56.33454,57.75371,59.94554,62.17531,63.51202,65.7444,67.99829,70.26702,72.54477,74.82423,77.09926,79.36314,81.6094,83.83232,85.14199,87.35877,89.53659,90.92539,93.07174,94.50725,96.60671,98.07877,99.58099,101.61456,103.13827,104.68694,106.62451,108.17855,109.75103,111.33984,112.94309,114.70179,116.28458,117.8745,119.46909,121.06653,122.66441,124.26001,125.852,127.6476,129.26698,130.87464,132.46861,134.04587,136.03859,137.6167,139.17125,140.6997,142.80748,144.31404,146.48833,147.96073,150.18601,151.61088,153.87036,156.16817,157.51203,159.81411,162.13943,164.47793,166.82384,169.16992,171.50566,172.78322,175.13865,177.46481,178.84634 -0.61169,-0.58526,-0.62213,-0.59244,-0.63136,-0.63451,-0.61721,-0.66662,-0.67212,-0.70702,-0.70697,-0.77621,-0.72671,-0.70291,-0.69493,-0.73104,-0.78041,-0.80319,-0.78539,-0.69401,-0.63059,-0.58006,-0.55341,-0.53638,-0.56287,-0.57991,-0.54947,-0.51288,-0.49883,-0.47506,-0.51438,-0.49152,-0.51653,-0.50625,-0.50108,-0.46934,-0.47076,-0.44292,-0.4274,-0.43222,-0.44646,-0.46341,-0.42266,-0.4754,-0.54632,-0.55092,-0.57438,-0.44038,-0.39923,-0.37578,-0.39909,-0.39151,-0.39649,-0.43985,-0.46038,-0.56582,-0.4857,-0.34207,-0.25866,-0.30658,-0.33455,-0.35882,-0.42014,-0.39767,-0.39299,-0.38237,-0.37922,-0.3794,-0.35993,-0.35203,-0.37062,-0.36138,-0.32926,-0.33713,-0.35127,-0.36093,-0.36552,-0.32024,-0.29896,-0.29825,-0.25571,-0.24781,-0.26886,-0.25086,-0.25339,-0.27261,-0.28445,-0.29182,-0.30684,-0.34411,-0.32458,-0.29248,-0.29873,-0.3229,-0.3631,-0.38477,-0.38828,-0.38456,-0.393,-0.39523,-0.35956,-0.32619,-0.30574,-0.30923,-0.26083,-0.27465,-0.25148,-0.2267,-0.21406,-0.25326,-0.26077,-0.26138,-0.25634,-0.2585,-0.27441,-0.26205,-0.21685,-0.171,-0.14435,-0.14161,-0.18331,-0.21412,-0.21606,-0.17702,-0.18216,-0.20518,-0.24387,-0.24216,-0.23217,-0.21129,-0.28512,-0.33173,-0.37458,-0.44933,-0.48517,-0.46808,-0.45723,-0.4307,-0.36231,-0.3503,-0.35764,-0.35847,-0.37583,-0.4187,-0.47105,-0.42759,-0.40492,-0.44087,-0.47991,-0.46172,-0.45269,-0.42887,-0.44724,-0.4386,-0.42232,-0.43181,-0.41194,-0.38949,-0.42989,-0.41138,-0.37384,-0.38081,-0.39291,-0.43792,-0.44134,-0.44716,-0.45362,-0.44546,-0.43773,-0.44124,-0.45558,-0.42571,-0.51585,-0.60741,-0.66123,-0.73088,-0.48963,-0.47926,-0.52914,-0.50507,-0.65111,-0.70904,-0.5642,-0.47193,-0.33301,-6.51339,-0.45329,-0.46505,-0.48056,-0.43898,-0.50363,-0.5309,-0.51249,-0.50046,-0.53263,-0.52663,-0.54988,-0.56561,-0.52788
286.65 -177.99779,-176.5751,-174.36609,-172.90021,-170.74632,-169.24927,-167.7247,-165.65296,-164.11271,-162.55519,-160.97603,-159.38276,-157.77311,-155.89807,-154.3092,-152.7184,-151.11954,-149.52356,-147.92583,-146.31731,-144.68491,-143.06339,-141.45369,-139.85904,-138.28244,-136.4319,-134.85448,-133.30114,-131.34481,-129.80922,-128.30848,-126.27464,-124.8087,-122.7261,-121.30768,-119.18986,-117.03093,-115.69543,-113.5313,-111.34247,-109.13655,-106.92052,-104.70055,-102.48506,-100.28001,-98.09289,-96.85539,-94.66301,-92.50634,-91.17348,-89.04023,-87.65089,-85.55884,-84.12385,-82.08982,-80.62114,-78.65999,-77.17024,-75.65503,-74.11456,-72.27698,-70.73917,-69.18473,-67.61549,-66.03447,-64.44351,-62.85234,-61.29743,-59.7402,-58.18404,-56.63096,-54.84528,-53.26137,-51.68919,-50.13074,-48.58775,-47.06125,-45.04289,-43.52345,-42.02808,-40.55753,-38.43336,-36.99294,-34.80159,-33.40195,-31.16513,-29.8165,-27.55398,-26.26564,-23.99512,-21.69805,-19.38392,-18.23918,-15.95847,-13.67733,-11.40662,-10.10287,-7.81603,-5.55608,-3.32858,-1.90661,0.29552,1.76948,3.92783,5.44143,7.53849,9.07821,10.64604,12.65426,14.2285,15.82338,17.43572,19.29921,20.89448,22.50023,24.11258,25.72942,27.34865,28.96711,30.58247,32.1927,33.79429,35.38664,36.96584,38.53157,40.40327,41.97062,43.51687,45.04065,47.02735,48.53174,50.58749,52.06211,53.50391,55.60475,57.00346,59.13602,61.3077,62.63004,64.80814,67.00963,69.22873,71.45918,72.60929,74.80283,75.92922,78.15628,80.36963,82.56343,84.7324,86.02591,88.18506,90.30489,91.67084,93.75726,95.1661,97.2048,98.64671,100.11681,102.08924,103.57826,105.09052,106.62451,108.48495,110.01818,111.56644,113.12871,114.70179,116.28458,117.8745,119.46909,121.06653,122.66441,124.26001,125.852,127.43707,129.01308,130.57853,132.13004,133.66638,135.60433,137.1432,138.65847,140.6997,142.20037,143.67326,145.78855,147.22931,149.39587,150.79388,152.99549,155.23657,156.5603,158.81008,161.08245,163.37113,165.671,167.97163,170.26899,172.5533,173.82653,176.12309,178.38776,179.7566 -0.69116,-0.65805,-0.70663,-0.66791,-0.73426,-0.72536,-0.69908,-0.71852,-0.75638,-0.79624,-0.79893,-0.77621,-0.72671,-0.73748,-0.77483,-0.84355,-0.8655,-0.85297,-6.4762,-0.69401,-0.63059,-0.61962,-0.58517,-0.55749,-0.58543,-0.57991,-0.55412,-0.52206,-0.49883,-0.52169,-0.54584,-0.53795,-0.54418,-0.52584,-0.54215,-0.51486,-0.46085,-0.44422,-0.44972,-6.14611,-0.46257,-0.50333,-0.49621,-0.46968,-0.5547,-0.53148,-0.55092,-5.95472,-0.46086,-0.39923,-0.41031,-0.39909,-0.38974,-0.39649,-0.46729,-0.52179,-0.53299,-5.74986,-0.34519,-0.25866,-5.69497,-0.39671,-0.42831,-0.42014,-0.39767,-0.39299,-0.42578,-0.41259,-0.4127,-0.38843,-0.36286,-0.37062,-0.36138,-0.32926,-0.32609,-0.34168,-0.3676,-0.36552,-0.35229,-0.32748,-0.32378,-0.30555,-0.30699,-0.26886,-0.28277,-0.25339,-0.26976,-0.29172,-0.30436,-0.29824,-0.31841,-0.3264,-0.30363,-0.29049,-0.31221,-0.35292,-0.37532,-0.39006,-0.38513,-0.38013,-0.39081,-0.3697,-0.34938,-0.36255,-0.35197,-0.32622,-0.29184,-0.27465,-0.26958,-0.24886,-0.24857,-0.25326,-0.26287,-0.25336,-0.25043,-0.25614,-0.27297,-0.27595,-0.25322,-0.22237,-0.20811,-0.22379,-0.24171,-0.24865,-0.24364,-0.17702,-0.16877,-0.20382,-0.29103,-0.28373,-0.27056,-0.21129,-0.25048,-0.315,-0.37559,-0.46113,-0.52017,-0.49692,-0.51851,-0.4516,-0.39613,-0.33806,-0.36934,-0.37002,-0.40251,-0.37321,-0.38481,-0.4608,-0.50834,-0.47548,-0.42843,-0.48712,-0.5317,-0.49245,-0.49496,-0.46735,-0.49213,-0.46545,-0.45335,-0.4813,-0.45498,-0.44252,-0.42989,-0.49898,-0.47602,-0.44258,-0.43485,-0.43792,-0.44134,-0.44716,-0.45362,-0.44546,-0.43773,-0.44124,-0.45558,-0.52786,-0.6156,-4.84971,-0.73231,-0.79149,-0.72723,-0.75539,-0.80877,-0.50507,-0.52938,-1.17825,-0.70425,-0.69279,-0.22066,-0.29406,-0.46935,-0.50347,-0.5192,-0.47713,-0.46575,-0.54642,-0.53991,-0.51762,-0.51213,-0.57638,-0.58529,-0.60768,-0.62886,-0.61395
292.5 -179.38464,-177.20281,-175.80007,-173.65772,-172.217,-170.74632,-168.6634,-167.16841,-165.65296,-163.66169,-162.13942,-160.59798,-159.04417,-157.47499,-155.89807,-154.3092,-152.7184,-151.11954,-149.52356,-147.92583,-146.33485,-144.74875,-143.17312,-141.60861,-140.05978,-138.28244,-136.72466,-135.18958,-133.30114,-131.77736,-130.28079,-128.30848,-126.84004,-124.8087,-123.38136,-121.30768,-119.93224,-117.83127,-115.69543,-114.40656,-112.27175,-110.11766,-107.95047,-105.7778,-103.60481,-101.43946,-99.28765,-97.15565,-95.93034,-93.79806,-91.70192,-90.39046,-88.32022,-86.95768,-84.92946,-83.52596,-81.55485,-80.12154,-78.65999,-76.769,-75.29388,-73.79571,-72.27698,-70.51789,-69.00756,-67.48354,-65.94784,-64.40378,-62.85234,-61.29743,-59.7402,-58.18404,-56.63096,-55.08336,-53.54239,-52.01315,-50.4941,-48.99125,-47.06125,-45.55599,-44.06996,-42.60814,-40.55753,-39.1156,-37.69998,-35.58228,-34.20178,-32.0354,-30.70278,-28.5026,-27.22575,-25.01344,-22.77567,-20.51311,-19.36629,-17.13053,-14.89467,-12.65903,-11.40662,-9.14972,-6.9153,-4.71033,-3.32858,-1.14128,1.00501,2.44802,4.54938,6.02847,8.07076,9.57377,11.10118,13.05884,14.59188,16.14597,17.71444,19.29921,21.08614,22.65,24.21903,25.79353,27.3692,28.94508,30.51839,32.08642,33.64832,35.20053,36.96584,38.53157,40.08086,41.61201,43.12432,45.04065,46.53969,48.01467,50.00833,51.45549,53.50391,54.91445,57.00346,58.36678,60.48116,61.78965,63.91482,66.06472,68.23428,69.41897,71.56647,73.71869,75.8698,78.01452,79.17143,81.33534,83.47778,85.59394,86.87086,88.97417,90.30489,92.38113,93.75726,95.79239,97.2048,99.18536,100.62446,102.08924,103.99396,105.47123,106.9688,108.48495,110.26819,111.77805,113.30041,114.83302,116.37478,117.9224,119.47533,121.03038,122.58555,124.13904,125.68828,127.23105,128.76598,130.29001,131.80173,133.66638,135.18578,136.68536,138.65847,140.15024,141.61646,143.67326,145.11432,147.22931,148.63507,150.79388,152.15364,154.34004,156.5603,157.84038,160.06281,162.30305,164.55571,166.81406,169.07004,171.31786,173.55086,174.8178,177.05757,179.2609 -0.68482,-0.79306,-0.7457,-0.8754,-0.82178,-0.73426,-0.79148,-0.7456,-0.71852,-0.77919,-0.8033,-0.82066,-0.80446,-0.75499,-0.73748,-0.77483,-0.84355,-0.8655,-0.85297,-6.4762,-6.46502,-0.67164,-6.44072,-0.63883,-0.60598,-0.58543,-0.59642,-0.55833,-0.52206,-0.52613,-0.53704,-0.54584,-0.56056,-0.54418,-0.5747,-0.54215,-0.55773,-0.5175,-0.44422,-6.17488,-6.15269,-6.12967,-6.10588,-0.53576,-0.54558,-0.55747,-0.54497,-0.51792,-0.5252,-0.4923,-0.45616,-0.39824,-5.88035,-5.86426,-0.42035,-0.42921,-0.50714,-0.54202,-0.53299,-5.74805,-5.73048,-2.81643,-5.69497,-5.67863,-5.66128,-5.64389,-0.47466,-0.45244,-0.42578,-0.41259,-0.4127,-0.38843,-0.36286,-0.37857,-0.40379,-0.38173,-0.35665,-0.35646,-0.3676,-0.40023,-0.40851,-0.38053,-0.32378,-0.33854,-0.35797,-0.32635,-0.33623,-0.27081,-0.27024,-0.3073,-0.32542,-0.31351,-0.30988,-0.3263,-0.3372,-0.3034,-0.30108,-0.33382,-0.35292,-0.37949,-0.38249,-0.37491,-0.38013,-0.37554,-0.36182,-0.35306,-0.38695,-0.37385,-0.34287,-0.32123,-0.30101,-0.3044,-0.29255,-0.29536,-0.27971,-0.26287,-0.27498,-0.27062,-0.26589,-0.28086,-0.29328,-0.28822,-0.2662,-0.26524,-0.28327,-0.27489,-0.24865,-0.24364,-0.19789,-0.18707,-0.21949,-0.29103,-0.36156,-0.29701,-0.22338,-0.23563,-0.315,-0.37983,-0.46113,-0.55379,-0.56741,-0.60672,-0.53938,-0.4305,-0.35643,-0.36046,-0.3676,-0.42376,-0.45791,-0.42901,-0.41319,-0.52852,-0.5757,-0.56731,-0.50996,-0.55088,-0.5317,-0.5358,-0.49496,-0.53229,-0.49213,-0.51588,-0.49855,-0.4813,-0.51775,-0.50762,-0.50017,-0.49898,-0.50728,-0.48323,-0.47224,-0.47485,-0.48349,-0.48077,-0.46366,-0.43926,-0.44614,-0.49323,-0.50885,-4.23106,-4.29717,-6.34221,-6.35449,-0.79149,-0.80727,-6.39784,-0.80877,-0.82191,-0.83069,-1.17825,-1.13913,-0.69279,1.35092,-0.29406,-0.47231,-0.53673,-0.5192,-6.53262,-0.45584,-0.53858,-0.55749,-0.53816,-0.51259,-0.53338,-0.64532,-0.64483,-0.65939,-0.6705
298.35 -178.57356,-177.20281,-175.07111,-173.65772,-171.57673,-170.1315,-168.6634,-166.65213,-165.16833,-163.66169,-162.13942,-160.25232,-158.73562,-157.2056,-155.66819,-154.12118,-152.57092,-151.01632,-149.46286,-147.91022,-146.36292,-144.82065,-143.28948,-141.7669,-140.05978,-138.52576,-137.01231,-135.51721,-133.67837,-132.19341,-130.73614,-128.81669,-127.38323,-125.40888,-124.0117,-121.99357,-120.64437,-118.59799,-116.51812,-115.24737,-113.16332,-111.05938,-108.94048,-106.8127,-104.68327,-102.557,-100.44088,-98.34069,-97.15565,-95.04977,-92.97503,-91.70192,-89.64645,-88.32022,-86.29943,-84.92946,-82.95812,-81.55485,-79.64623,-78.22063,-76.769,-74.94886,-73.49032,-72.01302,-70.51789,-69.00756,-67.35307,-65.86061,-64.35995,-62.85287,-61.34181,-59.82785,-58.31567,-56.80431,-55.29966,-53.8002,-52.31096,-50.83145,-48.99125,-47.50271,-46.03284,-44.58125,-42.60814,-41.16882,-39.75468,-37.69998,-36.31368,-34.95584,-32.85409,-31.53686,-29.4022,-27.22575,-25.9821,-23.7981,-21.59107,-19.36629,-18.25441,-16.05838,-13.86374,-11.67409,-10.43586,-8.22991,-6.04556,-3.89194,-2.53588,-0.40161,1.69071,3.10355,4.54938,6.5976,8.07076,10.05481,11.54432,13.05884,14.94802,16.46154,17.98998,19.53306,21.08614,22.65,24.33014,25.86359,27.39858,28.93457,30.46739,31.9969,33.64832,35.20053,36.74176,38.2701,39.78299,41.28017,43.12432,44.61472,46.08383,48.01467,49.46259,50.88375,52.87308,54.26059,56.29161,57.63612,59.69531,61.78965,63.06201,65.16121,67.28227,69.41897,70.56488,72.67588,74.78855,76.89759,78.01452,80.1469,82.26188,84.35413,85.59394,87.67886,89.72803,91.0379,93.05811,94.40986,96.38792,97.77288,99.69626,101.10529,102.53806,104.38638,105.82968,107.29255,108.77221,110.26819,111.97408,113.4587,114.95305,116.45511,117.96334,119.4758,120.98999,122.50474,124.01742,125.52621,127.02949,128.52432,130.29001,131.80173,133.29952,134.78015,136.24296,138.16404,139.62069,141.05201,143.05487,144.46477,146.52484,147.90289,150.0068,151.34099,153.47475,155.64286,156.90464,159.07704,161.26992,163.47746,165.6913,167.90829,170.1189,172.31797,174.49972,175.76007,177.94173,179.2609 -0.74467,-0.79306,-0.89789,-0.8754,-0.91104,-0.84938,-0.79148,-6.55369,-0.74693,-0.77919,-0.8033,-6.52969,3.49698,-6.51827,-0.77407,-0.85839,-0.90658,-0.90057,-6.47717,-6.46698,-6.45621,-5.14382,-6.43293,-6.4205,-0.60598,-0.62304,-0.61344,-0.5717,-0.54398,-0.56129,-0.55468,-0.55143,-0.57848,-0.57896,-0.63079,-0.58432,-0.58083,2.20641,-6.19606,-0.30554,3.00487,-6.13672,-6.11401,-6.0907,-0.55312,-0.56036,-0.57596,-0.52568,-0.51792,-0.52829,-0.50449,-0.45616,-4.33011,-5.88035,-5.85734,-0.42035,-0.49506,-0.50714,-5.78214,-5.76531,-5.74805,-5.72964,-5.71278,-5.6958,-5.67863,-5.66128,-0.58287,-0.53535,-0.49791,-0.50975,-0.50302,-0.4724,-0.4265,-0.38589,-0.40762,-0.47713,-0.4678,-0.41796,-0.35646,-0.41009,-0.47456,-0.49479,-0.38053,-0.35878,-0.37106,-0.35797,-0.38483,-0.40463,-0.31046,-0.29214,-0.30796,-0.32542,-0.33716,-0.33205,-0.33043,-0.3372,-0.35192,-0.31268,-0.31705,-0.34131,-0.36114,-0.37192,-0.37434,-0.36622,-0.37108,-0.37575,-0.3901,-0.38189,-0.38695,-0.38641,-0.34287,-0.35078,-0.33559,-0.3044,-0.32719,-0.34028,-0.31669,-0.28748,-0.27498,-0.27062,-0.28702,-0.29985,-0.3139,-0.30955,-0.29418,-0.29504,-0.28327,-0.27489,-0.24912,-0.24012,-0.22699,-0.22272,-0.21949,-0.3026,-0.33678,-0.29701,-0.22494,-0.22253,-0.27699,-0.30834,-0.46511,-0.55927,-0.62384,-0.60672,-0.62172,-0.52558,-0.40272,-0.36046,-0.37219,-0.42019,-0.58231,-0.50041,-0.42901,-0.458,-0.60453,-0.59626,-0.56731,-0.57201,-0.58815,-0.57235,-0.5766,-0.55933,-0.59227,-0.55757,-0.57848,-0.55658,-0.54644,-0.5712,-0.54693,-0.52105,-0.51195,-0.50728,-6.15439,-0.4998,-0.50247,-0.52803,-0.48631,-0.46082,-0.43214,-0.44378,-0.49906,-0.52817,-4.19903,-6.32089,-6.34221,-6.35449,-0.87033,-0.90659,-6.3876,-0.80765,-0.81007,-0.81893,-1.11055,-1.14842,-0.84813,-0.82079,1.25964,-0.75131,-0.6195,-0.58382,-0.71222,-3.70699,-0.53637,-0.58869,-0.56255,-0.53241,-0.53878,-0.61316,-0.80001,-0.79974,-0.6736,-0.6705
304.2 -179.91256,-177.80794,-176.45356,-174.38542,-172.99301,-170.97711,-169.55792,-168.11758,-166.17257,-164.71838,-163.24588,-161.75699,-160.25232,-158.45249,-156.96107,-155.46067,-153.95488,-152.44354,-150.93069,-149.41764,-147.90628,-146.40018,-144.89905,-143.28948,-141.7669,-140.26054,-138.76669,-137.29274,-135.51721,-134.04654,-132.59798,-130.73614,-129.30676,-127.38323,-125.98355,-124.0117,-122.65244,-120.64437,-119.335,-117.30577,-115.24737,-114.02035,-111.96392,-109.89185,-107.80945,-105.72122,-103.63472,-101.55435,-99.48638,-97.43642,-96.26202,-94.21064,-92.19091,-90.93656,-88.93842,-87.63581,-85.67331,-84.33127,-82.41772,-81.04597,-79.64623,-77.80167,-76.38621,-74.94886,-73.19776,-71.75888,-70.30417,-68.83469,-67.35307,-65.86061,-64.31276,-62.846,-61.37673,-59.90413,-58.43281,-56.96251,-55.49703,-53.8002,-52.31096,-50.83145,-49.36514,-47.91153,-46.47594,-44.58125,-43.15019,-41.73918,-40.35279,-38.36555,-37.0022,-34.95584,-33.62702,-31.53686,-30.25089,-28.13425,-26.89934,-24.77223,-22.61597,-20.44227,-19.32637,-17.1764,-15.01931,-12.86623,-10.72178,-9.49749,-7.34092,-5.20535,-3.1006,-1.77007,0.31356,1.69071,3.73837,5.15159,7.14885,8.58786,10.05481,11.97681,13.45276,14.94802,16.77232,18.26262,19.76507,21.27906,22.80128,24.33014,25.86359,27.39858,28.93457,30.46739,31.9969,33.51929,35.0335,36.53784,38.0295,39.50857,41.28017,42.75848,44.2178,45.65631,47.52879,48.94936,50.88375,52.27697,53.64135,55.61675,56.94274,58.94775,60.98918,62.24804,64.29782,66.37062,68.46148,69.60361,71.67309,73.74692,75.82037,77.88756,78.99808,81.08413,83.15117,85.19427,86.41887,88.45168,90.44838,91.73746,93.70356,95.03126,96.95448,98.31249,99.69626,101.56089,102.96273,104.38638,106.16791,107.59673,109.04151,110.50145,111.97408,113.4587,115.06184,116.52633,117.99652,119.47026,120.9463,122.42205,123.89593,125.36636,126.83074,128.52432,130.00937,131.48319,132.94258,134.38707,136.24296,137.68663,139.10787,141.05201,142.45823,143.83819,145.8458,147.19504,149.24705,150.55711,152.63971,154.75632,156.00031,158.12516,160.27169,162.43331,164.60597,166.78159,168.95515,171.12147,173.27106,174.49972,176.65466,178.77998 -0.70043,2.36107,-0.94298,-4.65844,-6.56492,-0.89548,-0.87692,-0.82932,-6.54372,1.1773,-0.77041,-0.80304,-6.52969,-4.77036,-0.97097,-0.91272,-0.90198,-0.92945,-6.47772,-6.46845,-6.45865,-6.44832,-6.43746,-6.43293,-6.4205,-6.40765,-0.67007,-0.647,-0.5717,-0.5881,-0.61256,-0.55468,-0.56425,-0.57848,-0.60915,-0.63079,-0.63428,-0.58083,-0.59828,2.22449,-0.30554,-6.1644,1.59931,0.06527,-6.09927,-6.07648,-0.55115,-0.56374,-0.57215,-0.54954,-0.54331,-0.5277,-0.50103,-0.48308,-0.59424,-0.58305,-0.54226,-0.49576,-0.5208,-0.53645,-5.78214,-5.76286,1.97861,-5.72964,-2.70584,-0.62185,-5.68005,-5.66358,-0.58287,-0.53535,-0.5494,-0.55028,-0.56127,-0.55311,-0.51123,-0.45868,-0.47665,-0.47713,-0.4678,-0.41796,-5.47181,-5.46035,-0.5727,-0.49479,-0.46396,-0.42102,-0.43751,-0.40084,-0.42314,-0.40463,-0.38249,-0.29214,-0.31993,-0.33705,-0.35054,-0.36077,-0.35015,-0.35883,-0.38936,-0.36109,-0.32436,-0.32799,-0.33227,-0.34926,-0.37212,-0.37899,-0.36689,-0.37584,-0.40351,-0.3901,-0.41217,-0.4087,-0.40588,-0.36544,-0.35078,-0.34681,-0.32691,-0.32719,-0.38311,-0.36423,-0.32871,-0.31279,-0.29865,-0.28702,-0.29985,-0.3139,-0.30955,-0.29418,-0.29504,-0.30751,-0.28921,-0.25843,-0.25692,-0.26051,-0.22272,-0.24892,-0.29351,-0.32377,-0.30327,-5.4689,-0.22253,-0.25249,-0.26535,-0.35606,4.68756,-0.64445,-0.63663,-0.62793,-0.60402,-0.49476,-0.3969,-0.41596,-0.42843,-0.69761,-0.6015,-0.52878,-0.46649,-0.61723,-0.58724,-0.57274,-0.59335,-0.60464,-0.61108,-0.60777,-0.59667,-0.59776,-0.62119,-0.60879,-0.57848,-0.60207,-0.60564,-0.5712,-0.56333,-0.51714,-0.50599,-0.53417,-6.15439,-0.4998,-0.50964,-6.19989,-0.45738,-0.44459,-0.39006,-6.25958,-6.2736,-6.28722,-6.30042,-6.32089,-6.33345,-6.34546,-6.35689,-0.88544,-6.3876,-6.39726,-0.75646,-0.81893,-1.10692,-1.1076,-1.24092,-0.77607,-0.82189,-0.79817,-0.78142,-0.73174,-0.70513,-6.52212,0.62465,-0.60273,-0.60436,-0.58456,-0.61914,-0.61632,-0.74107,-0.80001,-6.56948,-6.56738
310.05 -179.13089,-177.08454,-175.74737,-173.73989,-172.37029,-170.97711,-169.02185,-167.60761,-166.17257,-164.30107,-162.86049,-161.40432,-159.93449,-158.45249,-156.96107,-155.46067,-153.80607,-152.33261,-150.85816,-149.38327,-147.90628,-146.40018,-144.89905,-143.40764,-141.92613,-140.45809,-139.00473,-137.29274,-135.83606,-134.40176,-132.59798,-131.17612,-129.78007,-127.9076,-126.53855,-124.61688,-123.28488,-121.32874,-120.04225,-118.0637,-116.05423,-114.84325,-112.8341,-110.80763,-108.7682,-106.72211,-104.67386,-102.62973,-100.59444,-98.57342,-97.43642,-95.40918,-93.41004,-92.19091,-90.20738,-88.26368,-86.98423,-85.0768,-83.76174,-82.41772,-80.56087,-79.19337,-77.80167,-76.02034,-74.61874,-73.19776,-71.51437,-70.09731,-68.66679,-67.2248,-65.77225,-64.31276,-62.846,-61.37673,-59.90413,-58.43281,-56.96251,-55.49703,-54.03602,-52.58478,-51.14091,-49.71095,-48.29193,-46.47594,-45.05522,-43.65581,-42.27403,-40.35279,-38.98774,-37.64895,-35.66426,-34.35512,-32.327,-31.0557,-28.99643,-26.89934,-25.69656,-23.59417,-21.46908,-20.35395,-18.24503,-16.12978,-14.01274,-11.90017,-9.79961,-8.58982,-6.47958,-4.39269,-3.1006,-1.02931,1.00547,2.35453,4.35269,5.73569,7.68409,9.09095,10.52247,12.39825,13.83853,15.29737,16.77232,18.53115,19.99644,21.47238,22.95597,24.44645,25.94006,27.43719,28.93358,30.42876,31.91999,33.40532,34.8837,36.35205,37.81012,39.50857,40.97164,42.41826,43.84674,45.65631,47.07252,48.46645,50.34467,51.71328,53.64135,54.97726,56.94274,58.23657,60.22619,61.47195,63.47303,65.49872,67.54356,68.68064,70.70892,72.74412,74.78102,76.81505,78.84093,79.94409,81.9847,84.00463,85.99974,87.20887,89.19105,90.44838,92.4053,93.70356,95.62322,96.95448,98.82539,100.18126,101.56089,103.36463,104.75689,106.16791,107.88277,109.29422,110.71924,112.15665,113.60486,115.06184,116.52633,117.99652,119.47026,120.9463,122.42205,123.89593,125.36636,126.83074,128.28772,129.736,131.17248,132.59653,134.38707,135.815,137.22365,138.6126,140.50707,141.88245,143.83819,145.18927,147.19504,148.51353,150.55711,151.83363,153.90168,155.12643,157.20438,159.30542,161.42375,163.55335,165.68994,167.82662,169.9577,172.07804,174.18008,175.40148,177.50426,179.57457 2.37152,2.46187,-4.65212,-6.55495,-6.55585,-0.89548,-0.87669,-6.54557,-6.54372,-6.53174,-0.8866,-6.52442,-6.51977,-4.77036,-0.97097,-0.91272,-0.91511,-0.96349,2.84677,-6.46082,-6.45865,-6.44832,-6.43746,-6.42608,-6.41428,-6.40214,-6.38971,-0.647,-0.61462,-0.66961,-0.61256,-0.58581,-0.58203,-0.60562,-0.65026,-0.64348,-0.67563,2.58844,-6.22244,-6.20402,-6.18463,-6.16998,1.56953,-0.64437,-6.10744,-6.08552,-1.36647,-0.56564,-0.57906,-0.5756,-0.54954,-5.9607,-5.9382,-0.50103,-5.90218,-0.63759,-0.59996,-5.84471,-0.5246,-0.5208,-5.79454,-5.77895,-5.76286,-4.14491,-5.72863,-2.70584,-0.67285,-5.68097,-5.66534,-0.61941,-5.63412,-0.5494,-0.55028,-0.56127,-0.55311,-0.51123,-0.45868,-0.47665,-0.53107,-5.5051,-5.49278,-5.48099,-5.46969,-0.5727,-0.56508,-0.54618,-0.54655,-0.43751,-0.45931,-0.48308,-0.45212,-0.45421,-0.34977,-0.37548,-0.34869,-0.35054,-0.37878,-0.37594,-0.36763,-0.40205,-0.40402,-0.36358,-0.33553,-0.3236,-0.328,-0.34791,-0.40415,-0.38839,-0.36689,-0.39907,-0.43258,-0.42148,-0.44706,-0.44132,-0.4257,-0.38075,-0.36042,-0.35348,-0.34291,-0.36302,-0.38311,-0.40834,-0.3653,-0.33172,-0.30261,-0.29353,-0.30895,-0.32282,-0.323,-0.31189,-0.30915,-0.31274,-0.29462,-0.26966,-0.28249,-0.26051,-0.28185,-0.31372,-0.35308,-0.32377,-0.33744,-0.36476,-0.26599,-0.26424,-0.26535,-5.52805,4.68756,-0.70676,-0.64105,-0.61692,-0.60759,-0.55585,-0.47157,-0.46436,-0.47694,-0.81853,-0.68721,-0.56145,-5.77941,-5.79081,-0.61066,-0.52383,-0.58073,-0.60391,-0.60663,-0.61108,-0.60039,-0.59667,-0.60903,-0.62119,-0.63584,-0.62105,-0.60207,-0.61665,-0.60106,-0.56333,-0.50612,-0.5419,-0.58783,-6.15289,-0.51221,-0.50964,-6.19989,-0.45738,-0.44459,-0.39006,-6.25958,-6.2736,-6.28722,-6.30042,-6.31313,-6.32533,-6.33702,-6.34818,-0.88544,-3.53853,-3.54862,-3.53861,-0.80494,-1.09956,-1.1076,nan,-0.77607,-0.77908,-0.79817,-0.78581,-0.79981,-0.78734,-0.72491,-6.52214,-0.61238,-0.6142,1.31871,-6.55086,-0.75247,-0.69418,2.00274,-0.99236,-6.56272,-6.56024
315.9 -178.39094,-176.40041,-175.08269,-173.73989,-171.78481,-170.41484,-168.51981,-167.13168,-165.72587,-164.30107,-162.50313,-161.07814,-159.64304,-158.1946,-156.73939,-155.27466,-153.80607,-152.33261,-150.85816,-149.38327,-147.91192,-146.44386,-144.98338,-143.52955,-142.08717,-140.6556,-139.00473,-137.56738,-136.14798,-134.74828,-132.98877,-131.60066,-129.78007,-128.41198,-127.07226,-125.20069,-123.89463,-121.98664,-120.04225,-118.79174,-116.83113,-114.84325,-113.67143,-111.68879,-109.69216,-107.68624,-105.67704,-103.66819,-101.66588,-99.67472,-97.69939,-96.57198,-94.59441,-92.64535,-91.4429,-89.51173,-88.26368,-86.36298,-85.0768,-83.21865,-81.90265,-80.09789,-78.76098,-77.40163,-76.02034,-74.30227,-72.91662,-71.51437,-70.09731,-68.50284,-67.09835,-65.68378,-64.26261,-62.83492,-61.40405,-59.96994,-58.53707,-57.10417,-55.67671,-54.25295,-52.83745,-51.42958,-50.0322,-48.29193,-46.88884,-45.50024,-44.12904,-42.27403,-40.91452,-39.57525,-37.64895,-36.33342,-34.35512,-33.0718,-31.0557,-29.81279,-27.77222,-26.57811,-24.52471,-22.44859,-21.33455,-19.27065,-17.19458,-15.1155,-13.03767,-10.96502,-8.90569,-7.71207,-5.6465,-3.60652,-2.3353,-0.31268,1.67487,2.99796,4.9481,6.30259,7.68409,9.57907,10.97783,12.39825,14.21442,15.6384,17.07765,18.53115,19.99644,21.66483,23.11185,24.56518,26.02253,27.48238,28.94215,30.40104,31.85569,33.30611,34.74881,36.35205,37.81012,39.2551,40.68588,42.10128,43.84674,45.25549,46.64425,48.46645,49.83569,51.18103,53.05574,54.37034,56.28337,57.56001,59.49973,61.47195,62.68476,64.66367,66.66397,67.79497,69.78239,71.77874,73.77944,75.77929,77.77417,79.75902,80.85411,82.84992,84.82387,85.99974,87.96561,89.89859,91.13689,93.04309,94.3192,96.18735,97.49367,99.31302,100.64162,101.99264,103.74523,105.10711,106.48663,107.88277,109.29422,110.92283,112.32622,113.73926,115.1611,116.5895,118.0231,119.46015,120.89892,122.33738,123.77467,125.20778,126.63587,128.05712,129.46904,130.87089,132.59653,134.00653,135.39983,136.77633,138.6126,139.98067,141.32541,143.23206,144.55582,146.51232,147.80595,149.80053,151.05444,153.07457,155.12643,156.31448,158.37095,160.4452,162.53446,164.63079,166.73056,168.82821,170.91608,172.99133,175.04645,176.25961,178.31151,179.57457 2.45066,-4.6364,-4.67094,-6.55495,-0.86558,-0.89079,-0.83739,-6.5367,nan,-6.53174,2.14651,-6.51563,-6.51088,-2.51814,-0.90731,-0.90836,-0.91511,-0.96349,2.84677,-6.46082,-6.4514,-4.6115,-1.15647,-6.42034,-6.4091,-6.39765,-6.38971,-6.37709,-0.69723,-0.74215,-0.67992,-0.63225,-0.58203,-0.65305,-0.71927,-0.6933,-0.72885,-0.7069,-6.22244,-6.20814,-6.18946,-6.16998,-6.15605,-6.13591,-6.11532,-6.09417,-6.07274,-0.60432,-0.60135,-0.6373,-0.5363,-0.54579,-5.95124,-5.92951,-5.91608,-0.63588,-0.63759,0.10346,-5.84471,2.08148,-5.80961,-1.65092,-5.7758,-4.11212,-4.14491,-5.72724,-5.71205,-0.67285,-5.68097,-5.66645,-5.65154,-0.64532,-0.57331,-0.5466,-0.54121,-0.55146,-0.55025,-0.52826,-0.53824,-0.54611,-0.50696,-5.5001,-0.88822,-5.46969,-0.59645,-0.57604,-5.43876,-0.54655,-0.56795,-0.53302,-0.48308,-5.37912,-0.45421,-0.432,-0.37548,-0.38855,-0.35603,-0.37935,-0.39826,-0.38005,-0.39813,-0.42515,-0.40643,-0.36808,-0.32722,-0.32091,-0.34765,-0.38416,-0.44354,-0.37282,-0.37454,-0.42393,-0.45345,-0.44659,-0.48213,-0.47081,-0.4257,-0.40386,-0.37474,-0.35348,-0.3968,-0.41597,-0.42826,-0.40834,-0.3653,-0.31227,-0.26217,-0.26076,-0.27493,-0.29514,-0.30689,-0.31055,-0.30879,-0.30341,-0.28439,-0.26966,-0.28249,-0.31983,-0.36121,-0.36069,-0.35308,-0.39042,-0.41696,-0.36476,-0.37905,-0.33127,-0.25225,-0.25267,-0.72376,-0.72669,-0.6402,-0.61692,-5.60738,-5.62692,-2.34176,3.14791,-0.46822,-0.87691,-0.79957,-0.59299,-0.55318,-5.79072,-0.63997,-0.51698,-0.54475,-0.58073,-0.61903,-0.57641,-0.5707,-0.53638,-0.57602,-5.97537,-0.63876,-0.6453,-0.64052,-0.61775,1.11471,-0.59193,-0.53518,-0.50612,-0.5419,3.9381,-0.55326,-0.51118,-0.49564,-0.49751,-6.21143,-6.22597,-6.24024,-6.25418,-6.26771,-6.28081,-6.29358,-6.30599,1.65435,-6.32928,-6.34818,-0.45202,-4.87303,-2.65843,-3.53861,-0.34716,-0.39069,-6.42928,-6.43576,-4.82792,-4.82909,-0.76567,-0.76287,-0.80088,-0.78734,-0.78062,-6.51231,-6.52172,-6.52996,-6.53695,-6.54268,2.95995,-0.79457,-6.55205,-3.02586,-2.99583,-6.55627,-6.56024
321.75 -179.67128,-177.69065,-176.40041,-174.45443,-173.13164,-171.23318,-169.88634,-168.51981,-166.68582,-165.30805,-163.91232,-162.50313,-161.07814,-159.37294,-157.95794,-156.53618,-155.10666,-153.67378,-152.23599,-150.79916,-149.3604,-147.92655,-146.4945,-145.07049,-143.65281,-142.08717,-140.6556,-139.23833,-137.83609,-136.45052,-134.74828,-133.36881,-132.01217,-130.2364,-128.89879,-127.07226,-125.76138,-123.89463,-122.61993,-120.72281,-119.49239,-117.57722,-115.63599,-114.47765,-112.53749,-110.58219,-108.61667,-106.64446,-104.67165,-102.70219,-100.74099,-98.79286,-97.69939,-95.74492,-93.81513,-92.64535,-90.72848,-88.84727,-87.61979,-85.76991,-84.5077,-83.21865,-81.41103,-80.09789,-78.3479,-77.0191,-75.67027,-74.30227,-72.64673,-71.27873,-69.89736,-68.50284,-67.09835,-65.59555,-64.21036,-62.81873,-61.42453,-60.02728,-58.63053,-57.23444,-55.84149,-54.45303,-53.07121,-51.42958,-50.0322,-48.64615,-47.27394,-45.91528,-44.12904,-42.77529,-41.44176,-39.57525,-38.25888,-36.96461,-35.04399,-33.77923,-31.81723,-30.58955,-28.60041,-27.4162,-25.41365,-23.38484,-21.33455,-20.25216,-18.21783,-16.17616,-14.13166,-12.09245,-10.05957,-8.04093,-6.86246,-4.84081,-2.84619,-1.59519,0.38152,1.67487,3.62095,4.9481,6.85127,8.20302,10.05292,11.42003,12.80831,14.21442,15.97243,17.37707,18.79593,20.22516,21.66483,23.11185,24.68708,26.10894,27.53331,28.95809,30.38143,31.80219,33.30611,34.74881,36.18357,37.60787,39.0204,40.42008,42.10128,43.49925,44.87983,46.24064,48.01097,49.35549,51.18103,52.50046,53.79408,55.65716,56.9158,58.80682,60.73095,61.93096,63.8648,65.82077,66.94464,68.89172,70.84967,72.81356,74.77957,76.74269,78.69855,79.75902,81.72944,83.68135,85.61035,86.7721,88.69056,90.57585,91.79518,93.65241,94.90664,96.72522,98.00717,99.31302,101.07926,102.40233,103.74523,105.43859,106.78776,108.15239,109.53121,110.92283,112.48421,113.86376,115.25142,116.645,118.04389,119.44554,120.84898,122.25237,123.65376,125.05181,126.44513,127.8313,129.46904,130.87089,132.26095,133.63708,134.99867,136.77633,138.13406,139.47161,141.32541,142.64735,143.9446,145.85308,147.12203,149.06915,150.30231,152.27649,154.28154,155.45447,157.46714,159.49978,161.54707,163.60479,165.66794,167.73024,169.78796,171.83382,173.86384,175.04645,177.0769,179.07878 -6.55366,-2.26865,-4.6364,-6.54639,-0.85569,-0.95854,-2.42144,-0.83739,2.04655,1.9253,-6.52333,2.14651,-6.51563,-2.5458,-2.52641,-0.73022,-6.48573,-6.47871,-6.47115,-4.24541,-6.4546,-6.44553,-6.43606,-6.42628,-6.41596,-6.4091,-6.39765,-6.38603,-0.97721,-0.90388,-0.74215,-0.74252,-0.72162,-0.66212,-0.73398,-0.71927,-0.75297,-0.72885,-0.73633,-0.70585,-0.71291,-6.19443,1.13356,1.14452,-6.14289,-6.12305,-6.10261,-6.08187,-4.2251,-0.62224,-0.61062,0.91235,-0.5363,-5.96386,-5.94253,-5.92951,-0.65938,-0.63137,-0.6565,-5.85257,-5.8386,2.08148,-1.6851,-1.65092,-0.56124,-3.99442,-4.02195,-5.72724,-5.71108,-5.69622,-5.68128,-5.66645,-5.65154,-5.63827,-0.58082,-0.5334,-0.51139,-0.51613,-0.52982,-0.55083,-0.57736,-0.56083,-5.51785,-5.5001,-0.88822,-5.47746,-0.63354,-0.55133,-5.43876,-5.42938,-5.42053,-0.53302,-0.51034,-5.38868,-5.37266,-5.36654,-0.46078,-0.47581,-0.38157,-0.37347,-0.40938,-0.40207,-0.39813,-0.42573,-0.43862,-0.41488,-0.3495,-0.31351,-0.32756,-0.40155,-0.45073,-0.44137,-0.34775,-0.38844,-0.44657,-0.45345,-0.46918,-0.48213,-0.49122,-0.44758,-0.4476,-0.42863,-0.40422,-0.3968,-0.4787,-0.46306,-0.4257,-0.36857,-0.31227,-0.26217,-0.19259,-0.21125,-0.22188,-0.25963,-0.29714,-0.30714,-0.30341,-0.28439,-0.27428,-0.29579,-0.34008,-0.3646,-0.36069,-0.38439,-0.42777,-0.45065,-0.43094,-0.40192,-0.33127,-0.27391,-0.21763,-0.55154,-0.60727,-0.63054,-0.59593,-5.60243,-5.6213,-5.64085,-0.66645,-0.8458,-0.91465,-0.84626,-0.66574,-0.5068,-0.57655,-5.79072,-0.61508,-0.6295,-5.85614,-0.66075,-0.64401,-0.74329,-0.62887,-0.4924,-0.53651,-2.15415,-0.17732,-0.6453,-0.64875,-0.62426,1.11471,-6.07612,-0.56538,-0.56218,-0.59508,3.9381,-0.45734,-0.48489,-0.52913,-0.55541,-6.20806,-6.22204,-1.87733,0.85701,-6.26261,-6.27516,-6.28749,-6.29976,1.65435,-6.32928,-6.34016,-6.35053,-0.96062,-2.65843,-2.66927,-4.34317,-0.39069,-0.42694,-6.42646,-6.44173,-6.44735,-6.46148,-6.46569,-0.79303,-6.49056,-0.78779,-0.81799,-6.51248,-6.52104,-6.5284,-6.53462,-5.13335,2.96436,-0.80281,-6.54753,-3.02586,-6.55214,-6.55061
327.6 -178.95478,-177.02561,-175.75243,-173.85937,-172.55707,-171.23318,-169.38877,-168.04749,-166.68582,-164.91707,-163.55009,-162.17053,-160.77658,-159.37294,-157.74033,-156.35084,-154.95483,-153.55542,-152.15226,-150.74912,-149.34592,-147.9459,-146.54984,-145.07049,-143.65281,-142.24579,-140.84922,-139.46636,-138.09717,-136.45052,-135.08333,-133.73532,-132.01217,-130.67757,-129.36777,-127.58653,-126.30234,-124.4801,-123.2289,-121.37758,-119.49239,-118.29611,-116.39798,-114.47765,-113.3553,-111.44041,-109.51342,-107.57902,-105.64103,-103.70452,-101.7736,-99.85281,-97.94667,-96.86195,-94.95283,-93.06905,-91.91415,-90.04538,-88.84727,-87.00461,-85.76991,-83.96414,-82.70007,-80.94129,-79.65558,-78.3479,-76.6532,-75.33503,-73.99907,-72.64673,-71.05201,-69.70414,-68.34417,-66.97455,-65.59555,-64.21036,-62.81873,-61.42453,-60.07756,-58.71477,-57.23444,-55.84149,-54.45303,-53.07121,-51.69666,-50.33218,-48.97778,-47.63597,-45.91528,-44.57346,-43.24752,-41.93998,-40.12709,-38.83475,-36.96461,-35.69528,-34.44875,-32.54062,-31.32733,-29.38983,-27.4162,-26.26134,-24.27869,-22.27488,-21.19469,-19.19965,-17.19597,-15.18775,-13.17886,-11.17602,-9.18286,-8.04093,-6.04063,-4.06162,-2.1101,-0.87955,1.05259,2.32239,4.22322,5.52406,7.38254,8.70591,10.05292,11.8495,13.20712,14.58109,15.97243,17.66993,19.05545,20.45104,21.85654,23.26868,24.68708,26.10894,27.53331,28.95809,30.38143,31.80219,33.21806,34.6276,36.02943,37.42141,38.80301,40.42008,41.80471,43.17411,44.52611,46.24064,47.58142,48.90093,50.67668,51.97363,53.79408,55.06122,56.9158,58.1457,60.02332,61.21013,63.09963,65.01264,66.94464,68.03546,69.9551,71.8829,73.81445,75.74571,77.67212,79.58955,80.64294,82.57142,84.48023,86.36538,87.51284,89.38523,90.57585,92.42483,93.65241,95.46753,96.72522,98.49655,99.77708,101.07926,102.79141,104.10619,105.43859,107.07252,108.40656,109.75425,111.11379,112.48421,113.86376,115.334,116.69472,118.05983,119.4278,120.79747,122.16659,123.53435,124.899,126.44513,127.8313,129.20967,130.57833,131.93549,133.28028,134.99867,136.34403,137.67155,138.98079,140.78835,142.08311,143.9446,145.21665,146.46291,148.36366,150.30231,151.50538,153.46594,154.62283,156.59293,158.58362,160.59135,162.61024,164.63671,166.66547,168.69052,170.70815,172.7125,174.69865,175.87346,177.85583,179.80885 -6.54811,-6.54477,-6.54563,0.16178,0.16557,-0.95854,-2.76103,1.37712,2.04655,2.02572,2.05216,-6.51257,-6.50821,-2.5458,-1.2053,-1.27729,-6.48021,-6.47327,-6.46595,-3.8005,-3.82594,-4.34079,-4.37973,-6.42628,-6.41596,-6.4052,-1.02834,-1.00534,-0.97921,-0.90388,-0.80178,-0.79517,-0.72162,-0.78248,-0.83652,-0.79279,-0.78738,-0.77092,-6.24725,-0.7257,-0.71291,1.116,1.13048,1.14452,-6.14998,-6.13066,-6.11107,-6.09061,-6.07069,-0.73468,-0.61717,-6.0079,1.3948,-5.97617,-5.95527,-5.9344,-0.66964,-0.67391,-0.63137,-0.66635,-5.85257,-5.83241,-2.95386,2.08823,2.11278,-0.56124,-5.75445,-5.73952,-5.72539,-5.71108,2.76818,-5.68096,-0.31753,-5.65263,-5.63827,-0.58082,-0.5334,-0.51139,-0.54997,-0.5232,-0.55083,-0.57736,-0.56083,-5.51785,-5.50565,0.17967,-5.48356,-5.47293,-0.55133,-0.56348,-5.43703,-5.42771,-0.65892,-0.6495,-5.38868,-5.38155,-5.37471,-0.46516,1.67025,-0.43474,-0.37347,-0.37444,-0.42741,-0.40199,-0.42171,-0.4326,-0.45758,-0.40695,-0.31998,-5.27116,-0.33688,-0.40155,-0.48664,-0.38742,-0.3701,-0.42063,-0.46388,-0.46335,-0.49422,-0.50621,-0.50437,-0.47691,-0.4476,-0.53041,-0.53535,-0.50423,-0.4787,-0.44595,-2.84813,-0.34934,-5.30439,-0.16571,-0.19259,-0.21125,-0.22188,-0.25963,-0.29714,-0.30714,-0.29572,-0.26893,-0.26762,-0.28897,-0.32212,-0.3646,-0.35471,-0.37457,-0.4283,-0.45065,-0.42772,-0.36008,-0.3261,-0.23904,-0.21763,-0.38809,-0.60727,-0.3848,-0.59039,-0.99119,2.15,-5.63473,-0.66645,-0.77551,-4.27235,4.357,-5.72702,-0.76793,-5.76989,-5.79028,0.93495,0.92196,-5.84343,-5.86456,-0.8035,-1.03347,-0.74329,-0.85246,-0.4924,-0.54733,-2.15415,-6.00019,-0.65994,-0.64875,-0.64158,-6.06144,-6.07612,-0.62331,-3.36189,-0.65369,-0.5573,-0.45734,-0.48489,3.79398,3.67209,-6.20547,-6.21894,-6.23223,-6.2457,-6.2587,-6.27065,-6.28749,-6.29976,-0.88067,1.93062,-0.33007,-6.34337,-0.96062,-0.98515,-2.66059,-4.32912,2.02747,-4.88583,-6.42646,-6.43295,-6.43911,-0.68489,-6.46569,-6.46959,-6.48147,-6.48443,-0.74745,-0.82509,-0.75856,-6.52033,-6.5269,-6.53247,-5.13194,2.9386,-6.54239,0.16223,-2.98394,-6.5475,-6.5461
333.45 -178.27292,-176.39279,-175.13757,-173.85937,-172.01328,-170.71212,-168.9194,-167.60254,-166.26752,-164.91707,-163.21027,-161.85902,-160.49612,-159.12273,-157.74033,-156.35084,-154.95483,-153.55542,-152.15226,-150.74912,-149.34592,-147.9459,-146.54984,-145.15983,-143.77681,-142.40356,-141.03997,-139.68949,-138.09717,-136.74447,-135.40782,-133.73532,-132.40806,-131.1026,-129.36777,-128.08192,-126.30234,-125.04453,-123.2289,-122.00718,-120.16648,-118.98726,-117.13236,-115.25371,-114.14309,-112.26768,-110.37908,-108.48084,-106.57799,-104.67397,-102.77344,-100.88065,-98.99939,-97.94667,-96.05889,-94.19357,-93.06905,-91.21425,-89.39154,-88.21188,-86.41624,-85.20304,-83.44439,-82.20447,-80.94129,-79.2326,-77.95276,-76.6532,-75.01396,-73.70819,-72.38744,-71.05201,-69.51766,-68.19008,-66.85355,-65.50843,-64.15714,-62.80035,-61.44,-60.07756,-58.71477,-57.35282,-55.9939,-54.63878,-53.28967,-51.94737,-50.61326,-49.28936,-47.63597,-46.30695,-44.99209,-43.69321,-41.93998,-40.65046,-39.38025,-37.56296,-36.31393,-34.44875,-33.22803,-31.32733,-30.14149,-28.21717,-27.07216,-25.13498,-23.174,-22.09818,-20.14389,-18.17771,-16.20388,-14.22898,-12.25512,-10.28894,-8.33454,-7.20428,-5.24556,-3.30858,-2.1101,-0.18796,1.70081,2.94821,4.80511,6.08122,7.38254,9.19286,10.51163,11.8495,13.59343,14.93766,16.29707,17.66993,19.30865,20.67268,22.04492,23.42431,24.80911,26.19751,27.58844,28.97946,30.36986,31.75722,33.14032,34.51765,35.88742,37.24878,38.80301,40.17177,41.52734,42.86787,44.52611,45.86011,47.17503,48.90093,50.19827,51.47312,53.24632,54.49342,56.30138,57.51463,59.34724,61.21013,62.36657,64.23722,66.12814,67.21221,69.09413,70.98567,72.8832,74.78217,76.67873,78.56881,80.4482,81.49401,83.38134,85.24801,86.36538,88.22341,90.05111,91.22435,93.02735,94.23481,96.00334,97.23844,98.49655,100.21917,101.49549,103.16155,104.44887,105.75274,107.07252,108.64707,109.96449,111.29299,112.63181,113.97919,115.334,116.69472,118.05983,119.4278,120.79747,122.16659,123.53435,124.899,126.25865,127.61226,128.95818,130.2948,131.62115,133.28028,134.61105,135.92647,137.2258,138.98079,140.27017,141.53895,143.35471,144.60316,146.46291,147.68303,149.57662,150.76117,152.67748,154.62283,155.748,157.69837,159.66582,161.64697,162.66834,164.62867,166.59011,167.62513,169.613,171.59095,173.55442,175.49755,176.66288,178.59938,179.80885 -6.54381,-6.54068,-6.5406,0.16178,-2.81282,-2.77746,-2.71628,2.07946,2.00319,2.02572,2.05498,-6.50708,-6.50258,-6.49779,-1.2053,-1.27729,-6.48021,-6.47327,-6.46595,-3.8005,-3.82594,-4.34079,-4.37973,3.17701,3.19388,-6.40266,-1.01451,-0.98161,-0.97921,-0.93427,-0.90615,-0.79517,-0.84774,-0.86048,-0.83652,-0.81723,-0.78738,-0.79921,-6.24725,-6.23448,-0.76151,1.09563,1.12177,-0.88007,-0.84754,-6.13825,-6.11943,-6.09944,-1.57429,-6.06015,-6.0378,-6.01764,-3.30243,1.3948,-5.96777,-5.94722,-5.9344,-0.6907,-5.89279,0.14135,-0.67818,-5.84592,-5.82612,-5.81303,2.08823,-0.81476,-5.76959,-5.75445,-5.73626,-5.72317,2.75387,2.76818,-5.68009,-1.96958,-5.65298,-5.63904,-0.67623,-0.94962,-0.93349,-0.54997,-0.5232,-0.57152,4.61759,4.62726,-5.52206,1.79947,0.15693,1.87828,-5.47293,-0.56343,-0.57039,-5.44315,-5.42771,-0.66471,-0.64363,-5.39694,-0.40854,-5.37471,-5.36795,1.67025,-5.34972,-5.33873,3.16807,-5.32381,-0.42028,-0.47865,-0.41488,-0.44275,-0.46565,-0.39538,-0.33095,-5.27295,-2.05414,-0.46393,-0.45648,-5.26191,-0.3701,-0.47011,-0.46687,-0.47325,-0.51683,-0.51764,-0.50437,-0.51788,-0.50817,-0.53041,-0.63129,-5.28379,-0.54498,-0.44595,-0.40529,-5.30505,-5.30996,-2.57835,0.19532,-0.23645,-0.21478,-0.22402,-0.28881,-0.30311,-0.28904,-0.25671,-0.24972,-0.27717,-0.32212,-0.3278,-0.31496,-0.35488,-0.4283,-0.43742,-0.38284,-0.36008,-0.25184,-0.19269,-0.18983,-5.53435,-5.5505,-5.56342,-0.38861,-0.99119,3.43077,0.62843,-2.8434,-5.6598,-5.67863,-5.69851,-5.71832,-5.7377,-0.43729,-5.78032,-5.79924,-2.24563,3.07364,1.2545,-5.86456,-0.64464,0.74643,0.67374,-0.94716,-0.97019,-0.66389,-5.98668,-6.00019,-6.01783,-0.64294,-1.02812,-0.61235,-0.59495,-0.62331,-0.63291,-0.62064,-0.53591,-0.29882,-0.54785,3.79398,3.67209,-6.20547,-6.21894,-6.23223,-6.2457,-6.2587,-6.27065,-0.7825,-1.08908,-1.10377,-0.32337,-0.34009,-6.34337,-0.9684,-0.97795,-0.95833,-4.32912,2.0984,-1.91069,-6.41838,-6.42552,-6.43911,-0.76073,-0.64218,-0.67149,-6.47347,-6.48443,-0.70725,-0.73609,-0.78117,-0.71123,-0.6892,-0.8967,-6.52531,-4.94676,-0.99289,-6.53733,-0.85969,0.16164,-0.88645,-2.12323,-6.5461
100.0 -178.21606,-173.96587,-169.46751,-163.77934,-159.25722,-154.65488,-150.03353,-145.44605,-140.95045,-136.59263,-130.93067,-126.72347,-120.623,-116.8177,-110.63246,-104.36042,-98.1398,-94.49825,-88.2952,-84.20301,-78.37769,-74.07045,-69.59065,-64.98176,-60.30585,-55.59225,-50.92931,-46.36233,-41.94299,-37.70748,-31.65853,-27.6935,-21.37778,-14.87337,-8.33372,-4.61948,1.98756,8.20446,12.44589,16.89685,21.51053,26.23528,31.00533,35.75439,40.41443,44.9283,50.61286,54.96752,61.1479,65.04402,71.29537,77.61748,83.84962,87.57043,93.71166,97.8779,103.5225,107.85313,112.33727,116.92168,121.54704,126.14794,130.66453,135.04061,139.23295,145.34639,149.2737,155.6976,162.33434,169.01381,175.54712 -0.06541,-0.07085,-0.06795,-0.06405,-0.05546,-0.04979,-0.05369,-0.05637,-0.05224,-0.05624,-0.05534,-0.07656,-0.05693,-0.07386,-0.05401,-0.04564,-0.01594,0.05412,0.0748,0.10666,0.0807,0.10536,0.09729,0.06847,0.01929,-0.00139,-0.01982,-0.038,-0.04426,-0.03965,-0.02602,0.00717,0.05194,0.07385,0.08404,0.04689,0.04941,0.07717,0.0529,0.04428,0.04293,0.04915,0.04973,0.04845,0.05056,0.05116,0.03358,0.03256,0.01541,0.02322,0.01397,0.01072,-0.00128,-0.02005,-0.01706,-0.03712,-0.04342,-0.06127,-0.0739,-0.08061,-0.0786,-0.06382,-0.05054,-0.04396,-0.04103,-0.06237,-0.04587,-0.0554,-0.07236,-0.07378,-0.07483
