22.5 -175.65209,-171.02928,-165.97881,-161.06091,-155.3208,-150.55699,-144.37222,-137.91624,-131.36693,-124.92585,-121.66646,-115.34387,-111.61963,-105.87199,-101.9675,-97.89794,-93.70873,-89.4546,-85.19562,-80.99223,-76.90027,-72.96686,-67.17356,-63.40637,-59.92955,-53.7046,-47.17763,-40.53659,-33.98842,-27.72079,-21.8703,-17.09874,-12.13345,-7.16123,-2.38764,2.35961,7.01775,13.0011,17.58742,21.91294,28.2909,32.1624,38.47907,44.78358,50.95168,54.46069,60.48873,64.32255,69.93326,73.91071,78.02541,82.24969,86.55071,90.89178,95.23423,99.53928,103.77004,107.89335,111.88112,117.51652,121.36339,127.4197,130.94041,137.13789,143.47367,147.09355,153.70219,160.08615,164.41368,168.99713,174.97638,179.62337 -0.0034,0.076,0.16265,0.25277,0.38294,0.46406,0.58629,0.69175,0.76685,0.80116,0.85208,0.83077,0.86437,0.79172,0.79285,0.77609,0.73838,0.67913,0.60171,0.51286,0.42171,0.3362,0.23362,0.16706,0.11766,0.04768,-0.00276,-0.03111,-0.04011,-0.03757,-0.03193,-0.03172,-0.0277,-0.02204,-0.01552,-0.00735,0.00141,0.02423,0.03409,0.04046,0.06905,0.06583,0.09094,0.1133,0.12681,0.17116,0.16195,0.19452,0.14185,0.14233,0.12461,0.0862,0.02784,-0.04643,-0.12813,-0.2046,-0.26448,-0.30563,-0.3313,-0.36186,-0.36932,-0.38068,-0.37369,-0.36413,-0.3399,-0.32279,-0.27906,-0.23111,-0.19927,-0.16267,-0.10927,-0.06153
28.125 -178.42088,-174.51585,-170.60891,-166.73754,-162.55909,-158.64457,-153.99943,-150.22545,-145.31426,-140.21336,-135.00926,-129.7993,-124.68717,-122.1186,-117.07602,-114.19477,-109.4559,-106.39853,-103.20097,-99.88102,-96.46216,-92.6911,-89.4427,-86.19156,-82.96499,-78.98235,-75.6419,-72.41983,-69.33499,-64.55233,-61.63647,-56.5356,-53.93071,-48.75134,-43.46986,-38.1924,-33.0216,-28.04724,-23.33747,-19.53164,-15.57785,-11.36301,-7.46478,-3.53601,0.38656,4.2674,8.07342,11.77473,16.7319,20.30273,23.69141,28.80139,34.03943,36.95412,42.03413,47.05674,49.76928,54.7828,59.58556,62.61338,67.17195,70.3176,73.56758,76.91007,80.92527,84.21363,87.53752,90.8799,94.22317,97.5497,100.84238,104.08509,108.21979,111.47882,114.63441,119.21329,122.25209,127.07749,132.1166,134.84133,139.89004,144.99249,147.92049,153.17167,158.29297,161.6899,165.26658,170.22672,173.92144,177.71523 -0.03959,0.00314,0.05158,0.10465,0.17963,0.24111,0.33298,0.38532,0.47256,0.55119,0.61256,0.64753,0.65176,0.67834,0.64959,0.66755,0.62363,0.63428,0.64073,0.64054,0.6312,0.562,0.53699,0.50211,0.45894,0.41864,0.3585,0.30197,0.25182,0.1841,0.14896,0.09302,0.0769,0.04166,0.01861,0.00686,0.00251,0.00088,-0.00074,-0.00952,-0.01589,-0.0156,-0.01864,-0.01978,-0.01958,-0.01873,-0.01784,-0.01768,-0.00879,-0.01167,-0.01795,-0.01401,-0.01019,-0.02582,-0.02483,-0.02509,-0.00431,-0.01059,-0.02324,-0.01055,-0.03667,-0.03498,-0.03865,-0.04941,-0.1,-0.1228,-0.14931,-0.17696,-0.20312,-0.22554,-0.24311,-0.25592,-0.27996,-0.28754,-0.29157,-0.31199,-0.31001,-0.32234,-0.3281,-0.31673,-0.31157,-0.29779,-0.29189,-0.26113,-0.22544,-0.20296,-0.17786,-0.13867,-0.10952,-0.07683
33.75 -177.00533,-173.68258,-170.36377,-167.06955,-163.82164,-160.22334,-156.98312,-153.08806,-149.96315,-145.89341,-141.68443,-137.38412,-133.04797,-128.73353,-124.49993,-122.38231,-118.19448,-115.85383,-111.84655,-109.35726,-106.75681,-104.05256,-100.46907,-97.7735,-95.02586,-92.24169,-89.4379,-86.63209,-83.84195,-81.08458,-78.37589,-75.73008,-72.04816,-69.42442,-66.91041,-62.8633,-60.4942,-56.25695,-54.11017,-49.82124,-45.44832,-41.05146,-36.69259,-32.42806,-28.30646,-24.36628,-21.20591,-17.93393,-14.30217,-11.0291,-7.711,-4.36946,-1.03073,1.74302,5.55908,8.7703,11.90281,14.94239,17.87785,22.06239,24.84328,29.10631,33.45278,35.89953,40.1492,44.37644,48.54249,50.83146,54.97182,58.96547,61.46772,65.30247,67.89822,70.57344,74.14036,76.83399,79.57802,82.36388,85.1821,88.02254,90.87455,93.72724,96.56969,99.39121,102.18157,104.93122,107.63143,111.21137,113.89526,116.49996,120.35176,122.86409,126.87787,131.03986,133.33952,137.52678,141.77325,146.03916,148.49621,152.85955,157.13701,159.92579,162.8451,167.05112,170.08833,173.21852,176.425,179.69023 -0.03267,-0.00046,0.03436,0.07112,0.10881,0.16607,0.20595,0.27295,0.30742,0.37299,0.43471,0.48715,0.52404,0.54091,0.53838,0.55658,0.53364,0.54373,0.51303,0.5198,0.52628,0.53187,0.49468,0.49468,0.49078,0.48187,0.46689,0.44549,0.41826,0.38651,0.35225,0.31748,0.27815,0.24352,0.21365,0.17085,0.15032,0.11449,0.10424,0.07982,0.06225,0.05107,0.04445,0.0397,0.03476,0.02897,0.01825,0.00816,0.00317,-0.00485,-0.01155,-0.01703,-0.02149,-0.02526,-0.02865,-0.03198,-0.0357,-0.04024,-0.04592,-0.04957,-0.05834,-0.06444,-0.07009,-0.07983,-0.08341,-0.08531,-0.08641,-0.07984,-0.08255,-0.08736,-0.08476,-0.0946,-0.09592,-0.09876,-0.11643,-0.12448,-0.13524,-0.14849,-0.16362,-0.17948,-0.19449,-0.20736,-0.21721,-0.22381,-0.2279,-0.23016,-0.23135,-0.24372,-0.24439,-0.24426,-0.2573,-0.25464,-0.26442,-0.2715,-0.26398,-0.26621,-0.26452,-0.25743,-0.25743,-0.23825,-0.21384,-0.20049,-0.18419,-0.15399,-0.1344,-0.11269,-0.08865,-0.06207
39.375 -178.39554,-175.63017,-172.85809,-170.15457,-167.28793,-164.45608,-161.6712,-158.52253,-155.76282,-152.4124,-149.74644,-146.2726,-142.69344,-139.03769,-135.3385,-131.63256,-127.95602,-126.2454,-122.54532,-118.96743,-117.00064,-114.9319,-111.4507,-109.27415,-106.02664,-103.79995,-101.51098,-99.16713,-96.77714,-94.35096,-91.89953,-89.43451,-86.96795,-84.51193,-82.07823,-79.678,-77.32145,-75.01766,-72.77436,-69.50159,-67.30387,-65.19315,-61.69571,-59.70488,-56.0841,-54.25947,-50.60205,-46.87605,-43.11912,-39.36968,-35.66458,-32.03824,-28.52065,-25.82458,-22.43621,-19.64869,-16.4696,-13.66007,-10.80559,-7.98203,-5.19969,-2.41367,0.36297,3.1177,5.8386,8.51325,11.97591,14.61981,17.18558,19.66761,23.28261,25.64019,29.29785,33.01408,35.12248,38.77315,42.41596,46.02686,49.58297,51.56229,55.08945,58.50868,60.64133,63.94943,66.15675,68.42588,71.55729,73.8546,76.19645,78.57793,81.3895,83.73698,86.10362,88.48335,90.86993,93.25701,95.6382,98.00724,100.35803,103.17659,105.56336,107.91124,110.21521,113.35858,115.63559,117.85128,121.17477,123.31672,126.75327,130.29887,132.28713,135.86082,139.48845,143.14805,146.8159,148.93406,152.66526,156.33448,158.6974,162.31732,164.8034,167.37174,170.01642,173.4769,176.14631,178.85852 -0.04586,-0.02573,-0.00424,0.02155,0.04772,0.07434,0.10104,0.14331,0.17171,0.22117,0.24783,0.29822,0.34682,0.38974,0.42299,0.44381,0.45207,0.47264,0.46476,0.44977,0.45865,0.46607,0.44296,0.44762,0.42413,0.42664,0.42831,0.4288,0.42786,0.4249,0.41927,0.41023,0.3972,0.38015,0.35954,0.33629,0.31174,0.28711,0.26355,0.23535,0.21385,0.19518,0.1668,0.15329,0.12858,0.12034,0.10188,0.08761,0.07764,0.07106,0.06628,0.06171,0.05625,0.04693,0.03984,0.02955,0.02251,0.01297,0.00415,-0.0009,-0.00814,-0.0147,-0.02067,-0.02622,-0.03162,-0.0371,-0.0435,-0.04955,-0.05624,-0.06345,-0.07111,-0.07883,-0.0865,-0.09332,-0.09902,-0.10332,-0.10599,-0.10734,-0.10791,-0.10529,-0.10604,-0.10819,-0.10766,-0.11393,-0.11627,-0.11961,-0.13192,-0.138,-0.14516,-0.15348,-0.16926,-0.17778,-0.1857,-0.19226,-0.19707,-0.20002,-0.20139,-0.20171,-0.20153,-0.20785,-0.20777,-0.20783,-0.20802,-0.21444,-0.21406,-0.21317,-0.21824,-0.21551,-0.21967,-0.22385,-0.21796,-0.22072,-0.22239,-0.2219,-0.21799,-0.22045,-0.20801,-0.19114,-0.18317,-0.16115,-0.14929,-0.13611,-0.12168,-0.09777,-0.08181,-0.06454
45.0 -179.75357,-177.30456,-174.84371,-172.37858,-169.9191,-167.47522,-164.92541,-162.44921,-160.01759,-157.2244,-154.82323,-151.88502,-149.56158,-146.53206,-143.42018,-140.24461,-137.02686,-133.79032,-130.56002,-127.3598,-125.86208,-122.64918,-121.00175,-117.83413,-116.06192,-112.9992,-111.13511,-109.20225,-106.31348,-104.33986,-102.31525,-100.24463,-97.69358,-95.65475,-93.59344,-91.51649,-89.43111,-87.34462,-85.26442,-83.19775,-81.15158,-79.13243,-76.50769,-74.46943,-72.48079,-70.54609,-67.61791,-65.73471,-63.92126,-60.84719,-59.13268,-55.97351,-52.71962,-51.20111,-47.95818,-44.68406,-41.40343,-38.1418,-34.92376,-31.77179,-28.70474,-26.35474,-23.38329,-20.9571,-18.13565,-15.68209,-13.05413,-10.6161,-8.15563,-5.68153,-3.20287,-0.73116,1.72669,4.16216,6.56719,8.93456,11.2576,13.53054,16.634,18.84834,20.99486,24.17158,26.2158,29.42066,32.66827,34.52063,37.7203,40.9191,44.10046,47.24851,48.9463,52.09141,55.16491,57.00376,60.01377,61.92864,64.84125,66.80956,69.59453,71.59281,73.62933,76.23136,78.26564,80.32531,82.40668,84.50582,86.61859,88.74066,90.86762,92.99497,95.11823,97.23294,99.33478,101.41955,103.48327,105.52223,108.1324,110.17491,112.17957,114.97571,116.9516,118.87854,121.80059,124.82548,126.67284,129.76175,132.92269,134.62788,137.79168,140.98926,144.20376,147.41822,149.27907,152.53761,155.75192,157.80251,160.98732,163.13812,165.35569,168.45999,170.73216,173.05358,175.41772,177.81783 -0.05329,-0.03882,-0.02368,-0.00794,0.00832,0.02503,0.04958,0.06906,0.08903,0.12287,0.14498,0.18414,0.20552,0.24505,0.28283,0.31623,0.34318,0.36266,0.3747,0.37996,0.39665,0.39262,0.40456,0.39281,0.40038,0.38481,0.3897,0.39384,0.37574,0.37747,0.37821,0.37815,0.35552,0.35409,0.35243,0.35015,0.34666,0.34123,0.33341,0.32304,0.31032,0.29589,0.28359,0.2656,0.24836,0.23216,0.21187,0.19744,0.18452,0.16432,0.15401,0.13553,0.11858,0.11317,0.10087,0.09169,0.08541,0.08123,0.07792,0.07433,0.06968,0.06259,0.05582,0.04694,0.03944,0.03028,0.02337,0.015,0.0071,-0.0003,-0.00727,-0.01385,-0.02018,-0.02642,-0.03274,-0.03926,-0.04603,-0.05299,-0.06132,-0.06831,-0.07497,-0.08259,-0.08807,-0.09455,-0.10036,-0.10365,-0.10806,-0.11164,-0.11439,-0.11631,-0.11568,-0.11662,-0.11791,-0.1171,-0.12072,-0.1216,-0.12898,-0.13215,-0.14238,-0.14735,-0.15292,-0.16441,-0.17039,-0.17626,-0.18165,-0.18598,-0.18881,-0.1899,-0.18939,-0.18783,-0.18586,-0.18399,-0.18261,-0.18195,-0.18205,-0.18292,-0.19044,-0.19206,-0.19375,-0.19956,-0.20002,-0.1999,-0.20104,-0.20047,-0.19714,-0.19497,-0.19334,-0.18796,-0.18673,-0.18629,-0.18571,-0.18378,-0.18777,-0.18077,-0.17045,-0.16636,-0.15121,-0.14298,-0.13325,-0.1157,-0.10454,-0.0927,-0.08022,-0.0671
50.625 -178.29336,-176.15301,-174.19687,-171.97844,-169.76611,-167.56552,-165.38352,-163.05468,-160.85968,-158.70419,-156.19714,-154.0741,-151.45864,-148.75478,-146.71449,-143.96291,-141.15805,-138.31453,-135.44843,-132.57667,-129.71674,-128.44771,-125.55404,-122.71587,-121.26767,-118.46293,-116.91481,-114.18489,-112.5589,-110.87652,-108.26432,-106.53819,-104.76677,-102.34869,-100.57228,-98.76529,-96.93185,-95.07652,-93.2042,-91.32008,-89.42957,-87.53815,-85.65136,-83.77464,-81.91324,-80.07217,-78.2561,-76.46931,-74.03615,-72.25108,-70.51042,-68.81663,-66.17622,-64.53296,-61.77374,-60.20717,-57.369,-55.90207,-53.02765,-51.67808,-48.80935,-45.91082,-42.99987,-40.0945,-37.21273,-34.37092,-31.58436,-28.86604,-26.78344,-24.13811,-21.99249,-19.45991,-17.28424,-14.89598,-12.72206,-10.5238,-8.30875,-6.20215,-4.04405,-1.88748,0.26153,2.39718,4.51391,6.60557,9.25689,11.34234,13.38693,15.38722,18.17879,20.12396,22.01301,24.84568,26.64994,29.49986,32.38383,34.03632,36.88538,39.73569,42.57678,45.39722,48.18616,49.70923,52.4902,55.21341,56.8449,59.51868,61.21073,63.81068,65.54778,68.05255,69.81844,71.61698,73.98842,75.79312,77.62173,79.47184,81.34081,83.46458,85.30402,87.15259,89.0074,90.86549,92.7239,94.57962,96.42971,98.27125,100.10142,102.2714,104.12542,105.95844,107.76795,110.14737,111.95184,113.72397,116.23912,117.98323,120.59513,122.29465,124.98136,126.62033,129.35729,132.15201,133.68268,136.4862,139.32119,142.17655,145.04057,147.90062,149.56026,152.45568,155.31573,157.12581,159.96561,161.85864,163.80686,166.60127,168.60268,170.64733,172.73155,174.85106,177.4671,179.57814 -0.04752,-0.03747,-0.02624,-0.01467,-0.00279,0.00948,0.02231,0.04315,0.05868,0.07504,0.1036,0.12177,0.15398,0.18742,0.20229,0.23199,0.2584,0.2804,0.2976,0.31025,0.31866,0.33432,0.33695,0.33576,0.34645,0.33955,0.34705,0.33637,0.34178,0.34658,0.33345,0.33629,0.33803,0.32128,0.32049,0.3191,0.31756,0.31631,0.31546,0.31472,0.31352,0.31124,0.30726,0.30123,0.29316,0.28331,0.27217,0.26033,0.24939,0.23623,0.2237,0.21183,0.19667,0.18581,0.16978,0.16046,0.14498,0.13763,0.12397,0.11874,0.10793,0.09923,0.09284,0.08848,0.08543,0.0827,0.07938,0.07492,0.07025,0.06367,0.05708,0.04933,0.04179,0.03409,0.02655,0.01907,0.01175,0.00553,-0.00123,-0.00786,-0.01439,-0.0209,-0.02747,-0.03414,-0.04205,-0.04891,-0.05567,-0.0621,-0.06989,-0.07525,-0.07981,-0.08601,-0.08912,-0.0943,-0.09918,-0.10111,-0.10568,-0.11008,-0.11423,-0.11783,-0.12081,-0.12162,-0.12366,-0.12588,-0.12639,-0.13007,-0.13174,-0.13788,-0.14114,-0.14915,-0.15345,-0.15799,-0.16616,-0.17053,-0.17472,-0.17849,-0.18158,-0.1822,-0.18189,-0.18013,-0.17717,-0.17345,-0.16951,-0.16587,-0.16285,-0.16069,-0.15946,-0.16429,-0.16502,-0.16656,-0.16876,-0.17711,-0.17979,-0.18226,-0.1892,-0.19029,-0.19383,-0.193,-0.19266,-0.19013,-0.18639,-0.18095,-0.17625,-0.16942,-0.16322,-0.15834,-0.15473,-0.15171,-0.15602,-0.15182,-0.14567,-0.14611,-0.13607,-0.13275,-0.12766,-0.11402,-0.10679,-0.0986,-0.08962,-0.08004,-0.06693,-0.05734
56.25 -179.35382,-177.40774,-175.45256,-173.49387,-171.53621,-169.584,-167.62611,-165.6407,-163.67458,-161.53664,-159.56811,-157.63444,-155.36207,-153.45982,-151.10406,-148.67775,-146.84489,-144.37944,-141.86901,-139.32396,-136.75569,-134.17635,-131.59843,-129.03452,-127.88589,-125.29909,-122.75805,-121.46656,-118.95113,-117.57796,-115.11802,-113.6786,-112.19241,-109.81499,-108.28622,-106.71785,-104.48024,-102.89697,-101.28408,-99.64427,-97.98055,-96.29624,-94.38322,-92.73833,-91.08536,-89.42797,-87.76989,-86.11487,-84.46661,-82.54887,-80.85815,-79.18677,-77.53814,-75.91538,-74.32131,-72.06759,-70.48601,-68.94344,-67.44132,-65.04221,-63.58711,-61.10001,-59.71036,-57.16459,-55.85648,-53.28311,-52.06889,-49.49801,-46.89966,-44.28655,-41.67187,-39.06877,-36.48994,-33.94705,-31.4505,-29.00963,-27.13993,-24.75724,-22.8344,-20.53853,-18.58645,-16.40147,-14.44305,-12.46221,-10.44617,-8.49097,-6.52682,-4.55828,-2.58989,-0.62747,1.32536,3.26458,5.1861,7.08613,8.96112,10.80781,13.25961,15.08128,16.86418,19.39486,21.12768,22.81421,25.37084,26.98541,29.55186,32.14538,33.63657,36.2032,38.77398,41.34001,43.89246,46.42382,48.92642,50.30698,52.79965,55.24479,56.71109,59.11633,60.63218,62.97999,64.53419,66.80854,68.38925,69.99792,72.17193,73.79079,75.43147,77.47724,79.11178,80.76144,82.42432,84.09843,85.78166,87.47188,89.16687,90.86439,92.56216,94.25793,95.94942,97.63444,99.31079,100.97639,102.6292,104.26733,106.31877,107.964,109.58774,111.7695,113.38386,114.97048,117.25448,118.81507,121.17366,122.69626,125.11319,126.58626,129.04379,131.54941,132.93689,135.45258,137.99708,140.56252,143.14013,145.72297,148.30113,149.79882,152.4026,153.99226,156.59745,159.16124,160.85171,162.58799,165.12241,166.90689,168.72929,171.18175,173.02702,174.89955,176.79605,178.71286 -0.04932,-0.04224,-0.035,-0.02759,-0.01992,-0.01189,-0.00135,0.00864,0.01945,0.03649,0.04997,0.06413,0.08763,0.10264,0.12842,0.15494,0.16627,0.18996,0.21161,0.23045,0.24606,0.25849,0.26792,0.27457,0.2871,0.29,0.29016,0.29959,0.29537,0.30244,0.29465,0.29995,0.30497,0.29496,0.29884,0.302,0.28946,0.29028,0.29001,0.28886,0.28725,0.28567,0.27052,0.2703,0.27074,0.27146,0.27192,0.27154,0.26981,0.27556,0.26917,0.26136,0.25252,0.24307,0.23347,0.22502,0.21494,0.20521,0.19596,0.18444,0.17568,0.16327,0.15567,0.14367,0.13759,0.12669,0.12221,0.11279,0.10448,0.09759,0.09222,0.0881,0.08464,0.08117,0.07714,0.0723,0.06931,0.06305,0.0586,0.05141,0.04585,0.03843,0.0323,0.02589,0.0188,0.01242,0.006,-0.00038,-0.00674,-0.01306,-0.01937,-0.02568,-0.03197,-0.0382,-0.04426,-0.04998,-0.05695,-0.06192,-0.06617,-0.07231,-0.07533,-0.07772,-0.08274,-0.08433,-0.08892,-0.09346,-0.09469,-0.09939,-0.1042,-0.10897,-0.11341,-0.11719,-0.12011,-0.12227,-0.12417,-0.12585,-0.1279,-0.13049,-0.13345,-0.13788,-0.14209,-0.14808,-0.15296,-0.15774,-0.16341,-0.16741,-0.17083,-0.17257,-0.17405,-0.17469,-0.17443,-0.17318,-0.17093,-0.16774,-0.16389,-0.15976,-0.15576,-0.15228,-0.14951,-0.1476,-0.14656,-0.14636,-0.14691,-0.14814,-0.15388,-0.15606,-0.15839,-0.1657,-0.16789,-0.16965,-0.17641,-0.17694,-0.1818,-0.18084,-0.18299,-0.18068,-0.1799,-0.17665,-0.17233,-0.16588,-0.15768,-0.14886,-0.14049,-0.13318,-0.12704,-0.12811,-0.12322,-0.12532,-0.11948,-0.11242,-0.11218,-0.11087,-0.10038,-0.09695,-0.09255,-0.08055,-0.07512,-0.06918,-0.06287,-0.05622
61.875 -178.44502,-176.6527,-174.85489,-173.05503,-171.25564,-169.46148,-167.676,-165.84395,-164.03806,-162.25218,-160.27938,-158.49644,-156.7446,-154.6678,-152.52355,-150.80223,-148.60225,-146.3504,-144.70598,-142.43482,-140.1329,-137.80858,-135.47076,-133.12877,-130.79204,-129.7884,-127.4213,-125.08319,-123.95081,-121.61839,-120.40953,-118.10589,-116.83072,-114.57911,-113.25011,-111.07261,-109.70382,-108.30056,-106.22628,-104.80343,-103.35304,-101.87685,-100.37689,-98.50392,-97.01873,-95.51891,-94.00707,-92.48594,-90.95836,-89.42724,-87.89554,-86.36622,-84.8422,-83.32636,-81.82148,-80.33021,-78.85506,-76.94028,-75.45474,-73.99422,-72.56058,-70.46978,-69.05392,-67.67214,-65.47332,-64.13009,-62.82604,-60.56373,-59.31589,-57.00866,-55.82862,-53.49969,-51.13124,-50.06814,-47.71487,-45.34625,-42.97217,-40.60254,-38.24724,-35.91506,-33.61458,-31.35359,-29.13907,-27.44338,-25.27594,-23.53473,-21.43603,-19.66663,-17.65551,-15.87707,-14.07606,-12.19689,-10.41058,-8.61293,-6.80807,-4.99971,-3.37169,-1.61291,0.14009,1.88413,3.61621,5.73873,7.47844,9.19629,10.88984,12.5569,14.19564,16.45708,18.06332,20.37627,21.93726,23.45919,25.78758,27.24903,29.58457,31.94115,33.29988,35.63526,37.97541,40.31382,42.64407,44.95995,47.25507,49.52427,50.78652,53.04521,55.26413,56.59589,58.78199,60.15497,62.29507,63.70095,65.78294,67.21297,69.22613,70.67145,72.13749,73.62318,75.52801,77.01325,78.5132,80.02651,81.55171,83.28561,84.79108,86.30318,87.82032,89.34093,90.86337,92.38602,93.90725,95.42544,96.93898,98.4463,100.18323,101.71116,103.22756,104.73095,106.21996,108.13054,109.62077,111.0916,112.54194,114.56293,115.9985,118.08941,119.50123,121.6512,123.03037,125.22717,126.56537,128.79562,131.06601,132.33461,134.61565,136.92269,139.24983,141.59181,143.94162,146.29269,147.62075,150.00294,152.36859,153.80923,156.17871,158.51382,160.03966,161.60407,163.92083,165.52981,167.17205,169.43222,171.09896,172.79126,174.507,176.24419,178.00021,179.77152 -0.03911,-0.03409,-0.02893,-0.02356,-0.01793,-0.01193,-0.00547,0.00254,0.011,0.0202,0.03404,0.04547,0.05718,0.07599,0.09646,0.10778,0.1283,0.14874,0.15581,0.17374,0.19024,0.20474,0.21694,0.22672,0.23412,0.24495,0.2494,0.25173,0.26112,0.26034,0.26832,0.26423,0.27036,0.26377,0.26846,0.2606,0.26441,0.26799,0.25839,0.26065,0.26215,0.26272,0.26236,0.24862,0.24724,0.24593,0.24508,0.24498,0.24566,0.24688,0.24824,0.24918,0.24922,0.24797,0.24523,0.24101,0.23542,0.23434,0.22643,0.21838,0.21045,0.2048,0.19677,0.18898,0.1807,0.1731,0.16593,0.15659,0.15032,0.14135,0.13636,0.12807,0.11985,0.11653,0.10904,0.10204,0.09573,0.09015,0.08514,0.08042,0.07572,0.07086,0.0658,0.06358,0.05805,0.05504,0.04904,0.04508,0.03882,0.03405,0.02882,0.02243,0.01679,0.01096,0.00502,-0.00099,-0.00674,-0.01255,-0.01827,-0.02387,-0.0293,-0.03569,-0.04084,-0.04558,-0.04982,-0.05348,-0.05654,-0.06166,-0.06379,-0.06851,-0.07,-0.07125,-0.0756,-0.07652,-0.08075,-0.08509,-0.08587,-0.09049,-0.09528,-0.10004,-0.10441,-0.108,-0.1106,-0.11219,-0.11501,-0.11586,-0.11662,-0.11964,-0.12125,-0.12505,-0.12811,-0.13298,-0.13724,-0.14285,-0.147,-0.15229,-0.15703,-0.16102,-0.16125,-0.16316,-0.16414,-0.16428,-0.16365,-0.1579,-0.15587,-0.15333,-0.15034,-0.14708,-0.14376,-0.14064,-0.13793,-0.13578,-0.13428,-0.13347,-0.13628,-0.13684,-0.1379,-0.13935,-0.14098,-0.14626,-0.14783,-0.14906,-0.1498,-0.15473,-0.15465,-0.15964,-0.15872,-0.16338,-0.16153,-0.16502,-0.16217,-0.16388,-0.16393,-0.15937,-0.15672,-0.15184,-0.14496,-0.13671,-0.12799,-0.11949,-0.11727,-0.11012,-0.10367,-0.10334,-0.09751,-0.09149,-0.09117,-0.09059,-0.08302,-0.08118,-0.07871,-0.06964,-0.0661,-0.06216,-0.05791,-0.05345,-0.04879,-0.04401
67.5 -179.0404,-177.42524,-175.80433,-174.18017,-172.55536,-171.00826,-169.34922,-167.69685,-166.05485,-164.33754,-162.68368,-161.0489,-159.21969,-157.5919,-155.68674,-154.0799,-152.11295,-150.54112,-148.52886,-146.47336,-144.96613,-142.89334,-140.79303,-138.67172,-136.53612,-134.39328,-132.25046,-131.36368,-129.18738,-127.02944,-124.89693,-123.86327,-121.7361,-120.63863,-118.5343,-117.38064,-115.31687,-114.11626,-112.1101,-110.87302,-109.60589,-107.6776,-106.38903,-105.07532,-103.73762,-101.93729,-100.59927,-99.24371,-97.87237,-96.48713,-95.09003,-93.68317,-92.2688,-90.84919,-89.42671,-88.00373,-86.58262,-85.16575,-83.75544,-82.35395,-80.96344,-79.58597,-78.22349,-76.8778,-75.06638,-73.71918,-72.3954,-71.09629,-69.15145,-67.87238,-66.6231,-64.59653,-63.38281,-62.20242,-60.12866,-58.99687,-56.88789,-54.73417,-53.68671,-51.52654,-50.54908,-48.3995,-46.23481,-44.06262,-41.89071,-39.72642,-37.57687,-35.44899,-33.34923,-31.28374,-29.74235,-27.70612,-25.71867,-24.12756,-22.19555,-20.57914,-18.71782,-17.08954,-15.44049,-13.68404,-12.04211,-10.38879,-8.72613,-7.13319,-5.50091,-3.86753,-2.2356,-0.60815,1.01206,2.62318,4.22285,5.80881,7.37902,8.93146,10.95268,12.49392,14.01084,15.5021,17.59213,19.05304,20.48354,22.60216,23.98853,26.12586,27.46027,29.60228,31.76275,33.011,35.15349,37.30096,39.44846,41.59098,43.72363,45.84169,47.94068,50.01613,51.17867,53.24365,55.27488,56.49489,58.49865,59.7535,61.7197,63.00303,64.92223,66.22738,68.0911,69.4113,70.74985,72.54073,73.88498,75.24406,76.61703,78.30218,79.66875,81.04531,82.43075,83.82391,85.22361,86.62863,88.03769,89.44953,90.86285,92.27635,93.68873,95.0987,96.50497,97.90629,99.3014,100.68911,102.06825,103.43771,105.12712,106.50367,107.86658,109.21489,111.01186,112.35504,113.68002,115.55116,116.86153,118.78904,120.07793,122.05333,123.31402,125.32762,126.55356,128.59512,130.67077,131.83916,133.92539,136.0351,138.16409,140.30757,142.4607,144.61847,146.7756,147.99862,150.18141,152.35021,153.66727,155.83875,157.98201,159.37246,160.79592,162.92989,164.39297,165.88518,167.977,169.49446,171.03609,172.59986,174.60733,176.17472,177.75714,179.35268 -0.03394,-0.03043,-0.02685,-0.02321,-0.01949,-0.01562,-0.01122,-0.00655,-0.00154,0.00578,0.01242,0.01963,0.03167,0.04064,0.05578,0.06532,0.08183,0.09032,0.10659,0.12284,0.12872,0.14382,0.15832,0.17175,0.18363,0.19354,0.20123,0.21036,0.21521,0.21812,0.21932,0.22713,0.22639,0.23357,0.23097,0.23703,0.23284,0.23754,0.232,0.23533,0.23832,0.23043,0.23253,0.23449,0.23618,0.22575,0.22622,0.22606,0.22536,0.22433,0.2233,0.22262,0.22256,0.22326,0.22462,0.22632,0.22798,0.22906,0.22914,0.22791,0.22524,0.22119,0.21591,0.20978,0.20901,0.20196,0.19514,0.18863,0.18583,0.17934,0.17301,0.16766,0.16127,0.15511,0.14863,0.1431,0.13684,0.1305,0.12647,0.12042,0.11688,0.11078,0.10445,0.09807,0.09177,0.08563,0.07965,0.07386,0.06832,0.06309,0.06138,0.05657,0.05202,0.05005,0.04553,0.04286,0.03826,0.03479,0.0308,0.02599,0.0214,0.01646,0.01125,0.0068,0.00153,-0.00378,-0.00909,-0.01431,-0.01941,-0.02431,-0.02896,-0.03329,-0.03725,-0.04077,-0.04639,-0.04899,-0.05111,-0.05283,-0.05698,-0.05817,-0.0592,-0.06297,-0.06368,-0.06734,-0.06777,-0.07146,-0.07541,-0.07594,-0.08042,-0.08511,-0.08971,-0.09376,-0.09684,-0.0988,-0.09976,-0.10008,-0.10275,-0.10299,-0.10359,-0.10678,-0.10819,-0.11191,-0.11403,-0.11836,-0.12077,-0.12576,-0.12794,-0.13323,-0.13848,-0.13929,-0.14348,-0.14687,-0.14932,-0.1465,-0.14725,-0.14732,-0.1468,-0.14578,-0.14433,-0.1425,-0.14034,-0.13793,-0.1354,-0.13291,-0.13061,-0.12863,-0.12703,-0.1259,-0.12524,-0.12501,-0.12517,-0.12559,-0.13001,-0.13091,-0.13163,-0.13201,-0.13666,-0.13625,-0.13528,-0.13869,-0.13683,-0.13986,-0.13743,-0.14057,-0.13767,-0.14066,-0.13707,-0.13918,-0.14045,-0.13532,-0.13491,-0.13322,-0.13009,-0.12555,-0.11978,-0.11323,-0.10634,-0.10481,-0.0978,-0.09124,-0.08961,-0.08364,-0.078,-0.07684,-0.0758,-0.07029,-0.06895,-0.06733,-0.06146,-0.05912,-0.05639,-0.05332,-0.04751,-0.04424,-0.04086,-0.03742
73.125 -179.78118,-178.28014,-176.77286,-175.26057,-173.7461,-172.23166,-170.71925,-169.21108,-167.70725,-166.1789,-164.66102,-163.04761,-161.5238,-160.01773,-158.31388,-156.81717,-155.05131,-153.5743,-151.75797,-150.31188,-148.45797,-146.56742,-144.64404,-143.27033,-141.33992,-139.38993,-137.4257,-135.45268,-133.47649,-131.50286,-130.67493,-128.67581,-126.69354,-125.76966,-123.78321,-121.8284,-120.82376,-118.88748,-117.83466,-115.93072,-114.83676,-113.71412,-111.85141,-110.69799,-109.51864,-107.72449,-106.52657,-105.30668,-103.60637,-102.38103,-101.13852,-99.88011,-98.60718,-97.32122,-95.8138,-94.54749,-93.27389,-91.99466,-90.71151,-89.42619,-88.14046,-86.85609,-85.57482,-84.29839,-83.02848,-81.76673,-80.22471,-78.94569,-77.68053,-76.43064,-75.19734,-73.48525,-72.25593,-71.04816,-69.8628,-68.04814,-66.88344,-65.74486,-63.86715,-62.76106,-60.8355,-59.77007,-57.81062,-56.79323,-54.81389,-53.85068,-51.86547,-49.85679,-48.98342,-46.99124,-44.99056,-42.9876,-40.98789,-38.99727,-37.02135,-35.06558,-33.13493,-31.23387,-29.8129,-27.9368,-26.10177,-24.63746,-22.84835,-21.36064,-19.62931,-18.12893,-16.60915,-14.96256,-13.44607,-11.9171,-10.3761,-8.86397,-7.34619,-5.82492,-4.30309,-2.782,-1.26377,0.24951,1.75584,3.25327,4.73908,6.2123,7.6713,9.1145,10.54047,11.94793,13.84563,15.23563,16.60257,18.54374,19.88207,21.19385,23.15589,24.4291,26.40447,28.40193,29.6105,31.60427,32.75848,34.73809,36.7227,38.70786,40.69016,42.66571,44.63073,46.58152,48.51465,50.42689,51.50435,53.40638,55.27945,56.40515,58.2549,59.41043,61.22892,62.40934,64.1891,65.38919,67.12342,68.33789,69.56869,71.24413,72.48197,73.73343,74.99782,76.58849,77.85032,79.12204,80.40281,81.69175,83.15758,84.43242,85.71224,86.99611,88.28308,89.57216,90.86239,92.15277,93.44231,94.73004,96.01497,97.29615,98.57262,100.04088,101.33209,102.61541,103.88992,105.15479,106.74985,108.01785,109.27312,110.51494,112.19633,113.43156,114.6506,116.39187,117.59698,119.38461,120.57027,122.39727,123.55823,125.41704,126.54823,128.43078,130.34259,131.4255,133.34768,135.29086,137.25175,139.22679,141.21222,143.2041,145.19906,147.19267,148.32622,150.33987,152.34134,153.5543,155.55891,157.54094,158.8176,160.12271,162.0985,163.43904,165.38351,166.75222,168.14355,169.55649,171.44804,172.87284,174.31488,175.77223,177.24316,178.72596 -0.03576,-0.03286,-0.02992,-0.02693,-0.02391,-0.02087,-0.01782,-0.01476,-0.01014,-0.00662,-0.00289,0.00403,0.00901,0.01443,0.02527,0.03211,0.04543,0.05276,0.06705,0.07379,0.0878,0.1017,0.11547,0.12027,0.13325,0.14566,0.15699,0.16674,0.17451,0.18006,0.1873,0.19019,0.19147,0.19807,0.19795,0.19717,0.20347,0.20207,0.20799,0.20606,0.21116,0.21574,0.21189,0.21474,0.21694,0.20965,0.21059,0.2116,0.20255,0.20337,0.2041,0.20452,0.20452,0.20412,0.19359,0.1931,0.19282,0.19297,0.19369,0.195,0.19677,0.1987,0.20039,0.2014,0.20137,0.20003,0.20547,0.20118,0.19589,0.18997,0.18381,0.18407,0.17808,0.17252,0.16731,0.1669,0.16154,0.15618,0.15321,0.14747,0.14314,0.13762,0.13311,0.12822,0.1241,0.11973,0.11562,0.11098,0.10687,0.1017,0.09598,0.08986,0.08347,0.07696,0.07057,0.06454,0.05909,0.05435,0.05326,0.04943,0.0461,0.04503,0.04191,0.04035,0.03714,0.03495,0.03232,0.02878,0.02557,0.02196,0.01844,0.0145,0.01029,0.00586,0.00129,-0.00335,-0.00802,-0.01266,-0.0172,-0.02156,-0.02568,-0.02949,-0.03292,-0.03592,-0.03846,-0.04056,-0.04483,-0.04619,-0.04728,-0.05088,-0.05161,-0.05216,-0.05538,-0.05558,-0.05861,-0.06178,-0.06194,-0.06565,-0.06622,-0.07062,-0.07524,-0.07964,-0.08334,-0.08596,-0.08738,-0.08781,-0.08766,-0.08742,-0.08993,-0.09031,-0.09126,-0.09441,-0.09598,-0.09927,-0.10069,-0.10389,-0.10459,-0.10791,-0.10812,-0.11202,-0.11638,-0.11684,-0.1215,-0.12604,-0.13016,-0.12939,-0.13213,-0.13408,-0.1353,-0.1359,-0.13253,-0.1324,-0.13188,-0.13098,-0.12969,-0.12804,-0.12609,-0.12397,-0.12179,-0.11969,-0.11773,-0.11603,-0.11458,-0.11643,-0.11569,-0.11514,-0.11469,-0.11426,-0.1181,-0.11767,-0.11697,-0.11595,-0.1199,-0.11825,-0.1163,-0.11924,-0.11671,-0.11894,-0.11609,-0.11793,-0.11482,-0.11632,-0.11267,-0.11342,-0.11372,-0.10858,-0.10773,-0.10643,-0.10469,-0.10252,-0.09994,-0.09696,-0.09362,-0.08997,-0.09075,-0.08604,-0.08112,-0.07994,-0.07463,-0.06948,-0.06798,-0.06659,-0.06215,-0.06106,-0.05736,-0.05632,-0.05508,-0.05357,-0.05036,-0.04843,-0.04625,-0.04383,-0.04126,-0.03856
78.75 -178.78261,-177.40259,-176.01825,-174.77921,-173.36143,-171.94337,-170.52739,-169.11533,-167.70878,-166.27981,-164.85967,-163.45014,-161.93061,-160.51891,-159.12365,-157.53001,-156.14507,-154.50013,-153.13387,-151.44691,-149.72276,-148.3896,-146.63962,-144.86122,-143.58433,-141.79874,-139.99519,-138.17779,-136.35091,-134.519,-132.6866,-131.94144,-130.08242,-128.23438,-126.40172,-125.54468,-123.70939,-122.80227,-120.97525,-120.02212,-118.21469,-117.22064,-115.44412,-114.41512,-112.68047,-111.62317,-110.54296,-108.86198,-107.76293,-106.64389,-105.03732,-103.90979,-102.76589,-101.60655,-100.43277,-98.95572,-97.79033,-96.61495,-95.43082,-94.23923,-93.04155,-91.83915,-90.63348,-89.42599,-88.21813,-87.01137,-85.80718,-84.607,-83.41223,-82.22424,-81.04437,-79.87387,-78.71396,-77.2093,-76.04285,-74.89136,-73.75578,-72.13706,-71.0088,-69.90022,-68.8119,-67.11326,-66.04532,-65.00039,-63.25229,-62.23691,-60.45014,-59.47064,-57.65628,-56.71844,-54.88761,-53.99623,-52.16006,-50.30309,-48.42996,-47.64353,-45.79024,-43.93293,-42.07613,-40.22453,-38.38272,-36.55529,-34.74633,-32.95985,-31.19922,-29.88092,-28.1417,-26.43762,-25.08171,-23.41599,-22.03855,-20.42083,-19.03019,-17.62234,-16.07435,-14.66595,-13.24544,-11.78452,-10.37505,-8.95919,-7.53872,-6.20467,-4.8092,-3.41384,-2.02023,-0.62997,0.75472,2.1328,3.50292,4.86365,6.21364,7.92047,9.26885,10.60197,11.91877,13.21828,14.99672,16.27884,17.54022,19.35173,20.58605,21.79702,23.6229,24.7995,26.63618,28.49138,29.61159,31.46278,32.53622,34.37561,36.21987,38.0658,39.91017,41.74963,43.58144,45.40261,47.21028,49.00175,50.77445,51.77844,53.54165,55.27963,56.32458,58.04245,59.11333,60.80481,61.89758,63.55665,64.66719,66.28832,67.4124,68.55105,70.124,71.27034,72.42915,73.94333,75.10391,76.27465,77.45493,78.88766,80.06212,81.24366,82.43158,83.62513,84.82359,86.02619,87.23215,88.44067,89.65095,90.86218,92.07354,93.28423,94.49342,95.70032,96.90411,98.10403,99.29929,100.48914,101.67286,102.84972,104.2858,105.469,106.64285,107.80672,109.32562,110.48818,111.63841,113.2171,114.36008,115.48862,117.11648,118.23172,119.89816,120.99585,122.69527,123.7712,125.49748,126.54762,128.29435,130.06667,131.07577,132.85765,134.65839,136.4754,138.30587,140.14696,141.99589,143.84924,145.70378,147.55627,148.6124,150.48136,152.34032,153.46488,155.32647,157.16871,158.34857,159.55315,161.39322,162.63024,164.44512,165.70791,166.991,168.77029,170.07031,171.38717,172.71988,174.06732,175.42829,177.11842,178.47643,179.84324 -0.03685,-0.03425,-0.03157,-0.02849,-0.02577,-0.02312,-0.02057,-0.01815,-0.01585,-0.01211,-0.00961,-0.00701,-0.00122,0.00239,0.00635,0.01569,0.02096,0.03273,0.03873,0.0517,0.06492,0.07066,0.0835,0.09613,0.10086,0.11274,0.1241,0.13462,0.14384,0.1514,0.15703,0.1637,0.16679,0.16821,0.16845,0.17379,0.1732,0.17863,0.17782,0.18343,0.18269,0.18833,0.18768,0.19285,0.19147,0.19513,0.19781,0.19227,0.19259,0.19248,0.18368,0.18341,0.18346,0.1838,0.1842,0.17503,0.17506,0.17493,0.17472,0.17457,0.17463,0.17505,0.17594,0.1773,0.17903,0.18094,0.18269,0.18389,0.18417,0.1833,0.18116,0.17779,0.17344,0.17564,0.16998,0.16428,0.15885,0.16028,0.15551,0.15113,0.14691,0.14782,0.14307,0.13808,0.13657,0.131,0.12834,0.12282,0.12005,0.11491,0.11236,0.10751,0.10485,0.10165,0.09777,0.09284,0.08819,0.08289,0.07708,0.07097,0.06485,0.05908,0.05395,0.04967,0.04625,0.04581,0.04327,0.04111,0.04058,0.03838,0.03743,0.03492,0.03349,0.03181,0.02881,0.02671,0.02433,0.02109,0.01837,0.01537,0.01211,0.00876,0.00526,0.00155,-0.00231,-0.00627,-0.01025,-0.01418,-0.01796,-0.0215,-0.02469,-0.02925,-0.03167,-0.03361,-0.03511,-0.03623,-0.03949,-0.04016,-0.04067,-0.04377,-0.04403,-0.04413,-0.04696,-0.04685,-0.04965,-0.05266,-0.05286,-0.05653,-0.05716,-0.06143,-0.06575,-0.06973,-0.07291,-0.07497,-0.07588,-0.07584,-0.07527,-0.07464,-0.0744,-0.07721,-0.07801,-0.0795,-0.08293,-0.08484,-0.08805,-0.08931,-0.09184,-0.09186,-0.09383,-0.09317,-0.09529,-0.09789,-0.09789,-0.10137,-0.10532,-0.10602,-0.11006,-0.1139,-0.11728,-0.11589,-0.11797,-0.1195,-0.12056,-0.12121,-0.12148,-0.12137,-0.12081,-0.11977,-0.11826,-0.11635,-0.11417,-0.11187,-0.10959,-0.10746,-0.10555,-0.10391,-0.10255,-0.10145,-0.10051,-0.09967,-0.1027,-0.10166,-0.10043,-0.09899,-0.10152,-0.09983,-0.09805,-0.10093,-0.09909,-0.0973,-0.10004,-0.09817,-0.10034,-0.09827,-0.09969,-0.09725,-0.09771,-0.0946,-0.09386,-0.09249,-0.08787,-0.0855,-0.08296,-0.08047,-0.07824,-0.07643,-0.07509,-0.07418,-0.07353,-0.07289,-0.07523,-0.07333,-0.07061,-0.0705,-0.06623,-0.06153,-0.06036,-0.05921,-0.05501,-0.05438,-0.0514,-0.05135,-0.05128,-0.04972,-0.04958,-0.04909,-0.04821,-0.04696,-0.04537,-0.04361,-0.04157,-0.03929
84.375 -179.42537,-178.12876,-176.82756,-175.52309,-174.21665,-172.90957,-171.60313,-170.35333,-169.02575,-167.70324,-166.38709,-165.02805,-163.70279,-162.3884,-160.95372,-159.63943,-158.3405,-156.84432,-155.55597,-154.01672,-152.74605,-151.17139,-149.56482,-148.32372,-146.69494,-145.04135,-143.36568,-142.18792,-140.51086,-138.82052,-137.12052,-135.41442,-134.76827,-133.03026,-131.29512,-129.56677,-127.84892,-127.07152,-125.34612,-123.64088,-122.79857,-121.10051,-120.21829,-118.5365,-117.61842,-115.96203,-115.01279,-113.39067,-112.41552,-111.42005,-109.84056,-108.82663,-107.79456,-106.27482,-105.23252,-104.17486,-103.10249,-102.01617,-100.59941,-99.5165,-98.42317,-97.32036,-96.20909,-95.09041,-93.96543,-92.83529,-91.63788,-90.53257,-89.42583,-88.31879,-87.21257,-86.10832,-84.8812,-83.75338,-82.63126,-81.51598,-80.4086,-79.31017,-78.22167,-77.14402,-75.70375,-74.62413,-73.55882,-72.50852,-70.97648,-69.93546,-68.91234,-67.90753,-66.31247,-65.32728,-63.68784,-62.72804,-61.79006,-60.12389,-59.21776,-57.52875,-56.65906,-54.95621,-53.22891,-52.41907,-50.69281,-48.9518,-48.21227,-46.48679,-44.75628,-43.02444,-41.29512,-39.57213,-37.85925,-36.16007,-34.47779,-32.81544,-31.59539,-29.94653,-28.32586,-27.06553,-25.47302,-23.91506,-22.63266,-21.11506,-19.82011,-18.50908,-17.04949,-15.73587,-14.33326,-13.02344,-11.70537,-10.3802,-9.07783,-7.76857,-6.45641,-5.14263,-3.82901,-2.51687,-1.20724,0.09854,1.39919,2.69344,3.9799,5.2571,6.52442,7.78081,9.02527,10.25689,11.88848,13.11049,14.31637,15.50559,17.17693,18.34682,20.04472,21.19007,22.31452,24.02181,25.11542,26.83109,28.56264,29.60677,31.33508,32.33835,34.05615,35.77861,37.50311,39.2271,40.94801,42.66329,44.37024,46.06684,47.75075,49.41979,51.07194,52.01179,53.65507,55.27628,56.2516,57.85535,58.85315,60.43423,61.45144,63.00508,64.03841,65.55999,66.60599,67.66504,69.14659,70.21357,71.29194,72.7246,73.80607,74.89709,76.27303,77.36238,78.45935,79.56339,80.67395,81.79046,83.06056,84.16649,85.27629,86.38938,87.50513,88.62291,89.74209,90.86203,91.98208,93.10161,94.21997,95.33652,96.45064,97.5617,98.66909,99.94119,101.05965,102.17236,103.27874,104.37824,105.4703,106.84998,107.94414,109.02889,110.46623,111.54831,112.61912,114.10629,115.16946,116.21966,117.74764,118.78542,120.346,121.36787,122.95641,123.95899,125.57058,126.55081,128.18018,129.83184,130.77646,132.43713,134.11479,135.80736,137.51287,139.22879,140.95267,142.682,144.41417,146.14659,147.87708,148.86582,150.61011,152.34501,153.393,155.13025,156.85184,157.94883,159.06759,160.78834,161.93597,163.63639,164.80821,165.99841,167.67241,168.87909,170.1014,171.33851,172.96297,174.20645,175.46137,176.72675,178.0015,179.28449 -0.03916,-0.03678,-0.03425,-0.03165,-0.02908,-0.0266,-0.02431,-0.02205,-0.0201,-0.01839,-0.0169,-0.01444,-0.01291,-0.01134,-0.00715,-0.00472,-0.00193,0.00559,0.00972,0.01986,0.02505,0.03692,0.04934,0.05491,0.06717,0.07911,0.09062,0.09443,0.10461,0.11393,0.12218,0.12912,0.13626,0.14144,0.14499,0.14704,0.1479,0.15297,0.1526,0.15183,0.15652,0.15572,0.16066,0.16025,0.16561,0.16576,0.17129,0.17142,0.17615,0.18005,0.17662,0.17772,0.17776,0.16939,0.16821,0.16714,0.16638,0.16597,0.15747,0.15733,0.15722,0.15711,0.15699,0.15693,0.15703,0.15739,0.14994,0.15117,0.15276,0.15462,0.15654,0.1583,0.16741,0.16786,0.16723,0.16546,0.16256,0.15866,0.1541,0.14914,0.15072,0.14565,0.14092,0.13663,0.13889,0.13508,0.13135,0.12747,0.12856,0.12381,0.12327,0.11777,0.11213,0.11052,0.10495,0.10336,0.09812,0.0966,0.09484,0.0898,0.08754,0.08472,0.07942,0.0759,0.07179,0.06719,0.06225,0.05723,0.05244,0.04817,0.0446,0.04181,0.04179,0.0399,0.0384,0.0384,0.03686,0.03517,0.03445,0.03227,0.03108,0.02971,0.027,0.02534,0.02249,0.02057,0.0185,0.01626,0.01313,0.01059,0.00785,0.00492,0.00181,-0.00147,-0.00485,-0.00827,-0.01165,-0.0149,-0.01791,-0.0206,-0.02289,-0.02475,-0.02618,-0.0272,-0.02985,-0.03036,-0.03068,-0.03087,-0.03329,-0.03333,-0.03586,-0.03573,-0.03549,-0.03804,-0.03776,-0.04056,-0.04365,-0.04384,-0.04753,-0.04801,-0.05201,-0.05585,-0.05919,-0.06167,-0.06309,-0.06346,-0.063,-0.06208,-0.06114,-0.06058,-0.06076,-0.06391,-0.06536,-0.06754,-0.07137,-0.07387,-0.07738,-0.07913,-0.08176,-0.08221,-0.08392,-0.08351,-0.08485,-0.08628,-0.08594,-0.08783,-0.09012,-0.09026,-0.09304,-0.09606,-0.09544,-0.09806,-0.10046,-0.10253,-0.10425,-0.10563,-0.10165,-0.10243,-0.10289,-0.10293,-0.10246,-0.10139,-0.09969,-0.09743,-0.09478,-0.09196,-0.08917,-0.08659,-0.08436,-0.08255,-0.0812,-0.08641,-0.0858,-0.08541,-0.08508,-0.08466,-0.08401,-0.0873,-0.08582,-0.08411,-0.08592,-0.08408,-0.08238,-0.08464,-0.08336,-0.08227,-0.08498,-0.08396,-0.08621,-0.08479,-0.08605,-0.08389,-0.08387,-0.08076,-0.07938,-0.07724,-0.07275,-0.06978,-0.06665,-0.06367,-0.06109,-0.05918,-0.05807,-0.0578,-0.05825,-0.05919,-0.0601,-0.06249,-0.06213,-0.0605,-0.06074,-0.05689,-0.05218,-0.05113,-0.05015,-0.04558,-0.04532,-0.04218,-0.04296,-0.04399,-0.04293,-0.04438,-0.0456,-0.04647,-0.04567,-0.0458,-0.04539,-0.04447,-0.04307,-0.04128
90.0 -179.98982,-178.76804,-177.54155,-176.31144,-175.07826,-173.84368,-172.60888,-171.37495,-170.14308,-168.91418,-167.69359,-166.45122,-165.21574,-163.92164,-162.68028,-161.44955,-160.09171,-158.86298,-157.64837,-156.23889,-155.03482,-153.58876,-152.11161,-150.92506,-149.42113,-148.26025,-146.73705,-145.192,-143.62733,-142.04545,-140.9543,-139.37498,-137.78602,-136.19041,-135.60028,-133.97449,-132.34929,-130.72789,-129.11348,-128.40437,-126.77939,-125.16917,-124.39965,-122.79089,-121.20497,-120.38398,-118.81177,-117.95911,-116.40806,-115.5275,-114.62766,-113.10066,-112.1783,-110.68997,-109.74989,-108.79334,-107.82064,-106.38589,-105.40391,-104.40812,-103.39905,-102.04183,-101.03273,-100.01318,-98.98389,-97.94568,-96.70489,-95.67807,-94.6454,-93.60775,-92.56603,-91.52117,-90.47411,-89.42581,-88.37724,-87.32937,-86.28315,-85.23953,-84.19946,-83.16386,-82.13361,-80.88804,-79.84523,-78.8109,-77.78585,-76.77085,-75.76661,-74.38904,-73.38596,-72.39639,-71.42084,-69.96878,-69.00358,-68.05466,-66.55174,-65.61997,-64.70623,-63.16707,-62.27657,-60.70772,-59.84489,-58.25371,-57.42246,-55.81662,-55.02037,-53.4075,-52.64906,-51.03656,-49.41058,-47.77432,-47.09929,-45.48,-43.8582,-42.23706,-40.61975,-39.00946,-37.40921,-35.82168,-34.24955,-32.69534,-31.55188,-30.00998,-28.49268,-27.31395,-25.82083,-24.62003,-23.15834,-21.72971,-20.51829,-19.29216,-17.91216,-16.68184,-15.35039,-14.12192,-12.88491,-11.64039,-10.39349,-9.16066,-7.92389,-6.68497,-5.44448,-4.20355,-3.10252,-1.88651,-0.67326,0.53613,1.74015,2.93834,4.12974,5.60103,6.79571,7.98023,9.1536,10.31542,11.46498,13.00955,14.14877,15.27326,16.38249,17.95766,19.04808,20.12135,21.71245,22.76179,24.36554,25.38721,26.99686,28.62017,29.59781,31.21814,32.16005,33.77176,35.38765,37.00569,38.62389,40.24013,41.85231,43.45838,45.05631,46.64402,48.21983,49.78207,50.65568,52.21248,53.75119,55.27041,56.18475,57.68866,58.62291,60.10728,61.05883,62.51955,63.48562,64.91898,65.89685,66.88647,68.28618,69.28374,70.64766,71.65029,72.6622,73.68304,74.99375,76.01456,77.04271,78.07779,79.32404,80.35405,81.38931,82.42937,83.47374,84.52192,85.5734,86.62767,87.6842,88.74246,89.82044,90.862,91.90365,92.98195,94.04073,95.09798,96.15317,97.20578,98.25528,99.30115,100.34291,101.38005,102.4121,103.66107,104.6986,105.72936,106.75293,108.06744,109.09144,110.10663,111.11266,112.48141,113.48266,114.47329,115.88135,116.86326,118.30272,119.27304,120.74035,121.69622,123.18764,124.12645,125.63773,126.55658,128.08342,129.62994,130.51785,132.07276,133.64311,135.22735,136.8234,138.42948,140.04361,141.66374,143.28783,144.91398,146.53972,148.16288,149.09224,150.72705,152.35374,153.33511,154.96447,156.57967,157.60438,159.21207,160.2641,161.33439,162.93459,164.02697,165.13595,166.71463,167.83971,168.9796,170.52478,171.67419,172.83548,174.00788,175.19066,176.38329,177.58484,178.79413 -0.03748,-0.03583,-0.03394,-0.03189,-0.0298,-0.02774,-0.0258,-0.02405,-0.02254,-0.0213,-0.01981,-0.0189,-0.0182,-0.01665,-0.01596,-0.01522,-0.01241,-0.01092,-0.00906,-0.00331,-0.0001,0.00833,0.01833,0.0234,0.0349,0.04017,0.05181,0.06309,0.07373,0.0836,0.08571,0.09362,0.10054,0.10648,0.11356,0.11845,0.12232,0.12518,0.12709,0.13268,0.13317,0.13297,0.13749,0.1366,0.13565,0.14013,0.13954,0.1445,0.14457,0.15004,0.1556,0.15591,0.16089,0.15911,0.16182,0.16325,0.1635,0.15527,0.15406,0.15276,0.15157,0.1432,0.14246,0.14187,0.1414,0.14098,0.13296,0.1326,0.13247,0.13265,0.1332,0.13419,0.13559,0.13736,0.13936,0.1414,0.14324,0.14461,0.14523,0.14493,0.14359,0.14809,0.14464,0.1405,0.13594,0.13126,0.1267,0.12844,0.12441,0.12074,0.1173,0.11971,0.11615,0.11228,0.11344,0.10863,0.10343,0.10297,0.09734,0.09641,0.09091,0.09003,0.08491,0.08408,0.07919,0.07802,0.07308,0.07134,0.06913,0.0665,0.06126,0.05835,0.05519,0.05185,0.04841,0.04504,0.04189,0.03914,0.03688,0.03512,0.03564,0.03449,0.03356,0.03412,0.03309,0.03312,0.03165,0.03002,0.02913,0.02796,0.02586,0.02433,0.02219,0.02041,0.01851,0.0165,0.01419,0.01196,0.00962,0.00717,0.00459,0.00191,-0.0003,-0.00294,-0.00558,-0.00813,-0.01055,-0.01277,-0.01474,-0.01819,-0.01966,-0.02079,-0.02163,-0.02223,-0.02261,-0.02468,-0.02474,-0.02466,-0.02444,-0.02614,-0.02568,-0.02507,-0.02692,-0.02625,-0.0285,-0.02799,-0.0308,-0.034,-0.03405,-0.03775,-0.03793,-0.04163,-0.045,-0.04771,-0.04956,-0.05041,-0.05035,-0.04963,-0.04859,-0.04764,-0.0471,-0.04724,-0.05013,-0.05143,-0.05352,-0.05615,-0.06006,-0.06285,-0.0666,-0.06867,-0.07174,-0.07259,-0.07482,-0.0747,-0.07638,-0.07786,-0.07721,-0.07857,-0.0777,-0.07907,-0.08055,-0.08218,-0.08085,-0.08247,-0.08411,-0.08568,-0.08277,-0.08375,-0.08458,-0.08531,-0.08597,-0.08652,-0.08688,-0.08691,-0.08643,-0.0853,-0.07805,-0.0755,-0.07234,-0.07446,-0.07102,-0.06778,-0.06494,-0.06264,-0.06096,-0.05992,-0.05947,-0.05951,-0.05991,-0.06719,-0.06746,-0.0675,-0.0672,-0.07157,-0.07033,-0.06895,-0.06754,-0.07007,-0.06885,-0.06785,-0.07062,-0.06978,-0.07249,-0.07135,-0.07339,-0.07146,-0.07243,-0.06949,-0.06922,-0.06529,-0.06385,-0.06184,-0.05703,-0.0546,-0.05219,-0.05002,-0.04825,-0.04703,-0.04645,-0.04652,-0.04719,-0.04831,-0.04957,-0.05057,-0.0528,-0.05248,-0.05076,-0.0511,-0.04716,-0.04224,-0.04108,-0.03572,-0.03481,-0.03428,-0.03051,-0.03118,-0.03237,-0.03084,-0.03292,-0.03513,-0.03425,-0.03628,-0.03795,-0.03916,-0.03987,-0.04002,-0.03964,-0.03878
95.625 -179.13037,-177.98965,-176.84541,-175.69852,-174.54978,-173.39982,-172.3358,-171.16672,-169.99964,-168.83547,-167.67526,-166.50418,-165.33395,-164.17062,-162.93668,-161.76998,-160.6134,-159.32524,-158.17209,-156.84491,-155.69995,-154.33845,-153.2067,-151.81628,-150.70303,-149.28949,-147.8531,-146.76871,-145.31892,-143.85157,-142.36867,-140.87235,-139.36489,-137.84865,-136.32604,-134.79977,-133.27251,-131.74696,-130.22577,-129.57564,-128.04202,-126.51932,-125.01014,-124.28786,-122.78026,-122.02495,-120.52513,-119.73923,-118.25353,-117.43994,-115.9747,-115.13672,-113.69811,-112.83938,-111.96451,-110.5576,-109.66711,-108.76186,-107.39878,-106.48353,-105.55538,-104.61474,-103.31512,-102.37207,-101.41878,-100.45582,-99.4838,-98.28036,-97.31557,-96.34429,-95.3672,-94.38506,-93.39863,-92.40868,-91.41603,-90.42147,-89.42584,-88.42996,-87.43467,-86.44079,-85.44913,-84.46051,-83.47572,-82.49553,-81.5207,-80.55195,-79.58998,-78.36593,-77.3976,-76.43858,-75.48946,-74.5508,-73.23328,-72.2979,-71.37518,-70.46548,-69.08699,-68.18814,-67.30408,-65.88372,-65.01606,-64.16455,-62.71461,-61.88442,-60.4095,-59.60421,-58.11043,-57.33324,-55.82693,-55.08063,-53.56811,-52.03901,-51.34241,-49.81745,-48.28273,-46.74077,-46.12135,-44.59707,-43.07214,-41.54924,-40.03111,-38.52019,-37.01883,-35.52937,-34.05402,-32.98708,-31.51913,-30.07124,-28.64499,-27.53777,-26.13247,-25.00558,-23.62741,-22.4859,-21.14033,-19.98894,-18.68085,-17.52464,-16.25839,-15.10217,-13.9375,-12.72916,-11.57078,-10.40702,-9.23921,-8.06785,-6.9597,-5.80459,-4.64889,-3.49348,-2.33975,-1.18828,-0.03988,1.10458,2.24424,3.37827,4.50566,5.62553,6.73745,7.84073,9.26385,10.36381,11.4527,12.52961,13.59438,15.06103,16.11347,17.15193,18.64155,19.66257,20.66787,22.16896,23.15237,24.6637,25.6222,27.1387,28.6668,29.58595,31.11105,31.99858,33.51628,35.03814,36.56238,38.08698,39.61038,40.39511,41.89605,43.3916,44.15625,45.65777,47.14973,48.6306,50.09879,50.92363,52.38654,53.83328,54.68795,56.12327,57.53915,58.41743,59.81625,60.71006,62.08842,62.99551,64.35022,65.26823,66.59631,67.52291,68.45928,69.75457,70.69631,71.64666,72.90326,73.8557,74.81548,75.7823,76.98679,77.95146,78.9218,79.89744,80.878,81.86308,82.98394,83.96078,84.94073,85.92337,86.90829,87.89505,88.88322,89.87236,90.86203,91.85179,92.84121,93.82983,94.81722,95.80294,96.78657,97.76768,98.74584,99.86839,100.85517,101.83758,102.81524,103.78775,104.75473,105.9623,106.93178,107.89437,108.84973,110.11035,111.06391,112.00896,113.30896,114.24891,115.17916,116.51261,117.43447,118.79497,119.70608,121.09073,121.98875,123.39418,124.27668,125.69946,126.5643,128.00083,129.45488,130.29256,131.75464,133.2306,134.71911,136.21873,137.7279,138.49637,139.99953,141.50814,142.29676,143.8277,145.35961,146.89068,148.41921,149.29599,150.83475,152.36608,153.28873,154.82223,156.34356,157.30507,158.82095,159.80699,160.80935,162.31929,163.34196,164.83392,165.87376,166.92734,167.99426,169.46042,170.53737,171.62588,172.72528,173.8348,175.24935,176.35955,177.47731,178.60217,179.73329 -0.02641,-0.02622,-0.02592,-0.02556,-0.02519,-0.02486,-0.02472,-0.02404,-0.02347,-0.02302,-0.02268,-0.0213,-0.02102,-0.02081,-0.01945,-0.01919,-0.01882,-0.01679,-0.01581,-0.01231,-0.01027,-0.00449,-0.00117,0.00709,0.01148,0.02161,0.03241,0.03693,0.04729,0.05699,0.06576,0.07348,0.08014,0.08583,0.09072,0.09497,0.09871,0.10202,0.10485,0.11107,0.11285,0.11381,0.11397,0.11844,0.11762,0.1218,0.12076,0.12508,0.12444,0.1292,0.12914,0.13441,0.13457,0.13986,0.14486,0.14281,0.14586,0.14779,0.14092,0.14076,0.14006,0.13907,0.13093,0.13007,0.12927,0.1285,0.12776,0.12037,0.11952,0.11874,0.11811,0.11775,0.11778,0.11827,0.11927,0.12075,0.12262,0.12476,0.12695,0.12895,0.1305,0.13134,0.13128,0.13024,0.12822,0.12531,0.12172,0.12357,0.11919,0.11489,0.11081,0.10705,0.10918,0.10593,0.10275,0.0995,0.10129,0.09728,0.09281,0.09304,0.08771,0.08217,0.08169,0.0762,0.07599,0.07099,0.07108,0.06656,0.06649,0.06211,0.06134,0.05998,0.05516,0.05317,0.05098,0.04873,0.044,0.04205,0.0402,0.03841,0.03661,0.03478,0.03299,0.03131,0.02979,0.0305,0.02936,0.02849,0.02783,0.02889,0.02833,0.02909,0.02832,0.02848,0.02743,0.02695,0.0257,0.0247,0.02339,0.02199,0.02038,0.01892,0.01703,0.01501,0.01288,0.01067,0.00907,0.00682,0.00456,0.00231,0.0001,-0.00204,-0.00409,-0.00601,-0.00777,-0.00936,-0.01077,-0.012,-0.01307,-0.01399,-0.01658,-0.01715,-0.01754,-0.01775,-0.01772,-0.01904,-0.01849,-0.01768,-0.01853,-0.01741,-0.01617,-0.01735,-0.01626,-0.01818,-0.01747,-0.02024,-0.02347,-0.02343,-0.02708,-0.02711,-0.03054,-0.03348,-0.03568,-0.03697,-0.03732,-0.03444,-0.0336,-0.03254,-0.03493,-0.03421,-0.03405,-0.03459,-0.03578,-0.03885,-0.04075,-0.043,-0.04653,-0.04903,-0.05136,-0.05503,-0.05679,-0.06008,-0.06089,-0.06356,-0.06348,-0.06564,-0.06497,-0.06679,-0.06847,-0.06731,-0.06872,-0.07001,-0.06843,-0.06954,-0.0706,-0.07159,-0.0694,-0.07,-0.07041,-0.07061,-0.07064,-0.0706,-0.06596,-0.06575,-0.06565,-0.06561,-0.06548,-0.06506,-0.06416,-0.0626,-0.06029,-0.05725,-0.05364,-0.04972,-0.04579,-0.04213,-0.03896,-0.03642,-0.03457,-0.03921,-0.03894,-0.03919,-0.03981,-0.04063,-0.04147,-0.04868,-0.04895,-0.04894,-0.04864,-0.05357,-0.05277,-0.05193,-0.05575,-0.05487,-0.05393,-0.05718,-0.05589,-0.05838,-0.0564,-0.05795,-0.05511,-0.05561,-0.05202,-0.05149,-0.0473,-0.04586,-0.04405,-0.03945,-0.03757,-0.03599,-0.03494,-0.03448,-0.03457,-0.03233,-0.0332,-0.03417,-0.03678,-0.0377,-0.03852,-0.0391,-0.03921,-0.04162,-0.04063,-0.03856,-0.03951,-0.03562,-0.03089,-0.03022,-0.02486,-0.02399,-0.02325,-0.01887,-0.019,-0.01598,-0.01715,-0.01872,-0.02063,-0.01906,-0.02119,-0.02328,-0.02521,-0.0269,-0.02408,-0.02513,-0.02588,-0.0263,-0.02647
101.25 -179.63693,-178.5543,-177.46772,-176.37831,-175.28683,-174.19405,-173.10074,-172.00755,-170.91516,-169.86691,-168.76088,-167.6584,-166.5603,-165.43619,-164.33104,-163.23255,-162.05426,-160.95429,-159.86388,-158.6391,-157.55308,-156.29458,-155.21668,-153.92857,-152.86314,-151.54993,-150.50142,-149.16815,-147.8146,-146.79205,-145.42651,-144.04519,-142.64975,-141.24197,-139.82372,-138.39699,-136.96379,-135.52621,-134.0866,-132.64718,-131.21021,-129.77791,-129.16084,-127.71844,-126.2861,-125.61986,-124.18572,-122.76744,-122.05775,-120.64627,-119.90938,-118.51,-117.74829,-116.36631,-115.5825,-114.78333,-113.42016,-112.60269,-111.26935,-110.43695,-109.59112,-108.29417,-107.438,-106.56985,-105.69002,-104.4454,-103.56154,-102.66781,-101.76465,-100.5884,-99.68778,-98.77978,-97.86495,-96.94385,-96.01708,-95.08528,-94.14908,-93.12094,-92.19984,-91.27654,-90.35169,-89.42596,-88.50001,-87.57453,-86.65016,-85.72758,-84.6972,-83.75859,-82.82396,-81.89397,-80.96926,-80.05043,-79.13808,-78.23277,-77.33503,-76.14106,-75.24147,-74.35147,-73.4715,-72.21091,-71.33565,-70.47218,-69.62079,-68.30989,-67.46946,-66.64251,-65.29683,-64.4854,-63.11109,-62.31845,-61.54113,-60.14979,-59.39498,-57.98753,-57.25786,-55.83961,-54.403,-53.71361,-52.27493,-50.82364,-50.18104,-48.73627,-47.28439,-46.69379,-45.25645,-43.81755,-42.37937,-40.94426,-39.51423,-38.09135,-36.67763,-35.27502,-33.8854,-32.87759,-31.495,-30.13024,-29.09006,-27.74088,-26.41382,-25.3523,-24.0488,-22.97356,-21.69822,-20.61326,-19.37047,-18.28038,-17.07375,-15.98223,-14.88247,-13.72571,-12.63014,-11.52927,-10.42352,-9.3378,-8.24317,-7.14621,-6.04783,-4.94912,-3.85049,-2.75275,-1.6567,-0.72745,0.34581,1.41524,2.69416,3.76994,4.83962,5.90257,6.95817,8.00565,9.04435,10.074,11.43733,12.46076,13.47326,14.47448,15.86821,16.85692,17.83282,19.24462,20.20412,21.1496,22.57075,23.49596,24.92493,25.82758,27.26068,28.70417,29.57157,31.01239,31.85152,33.28561,34.72363,36.16408,37.60545,38.37031,39.79459,41.21589,42.63296,44.04453,44.77333,46.18923,47.59607,48.99261,50.37765,51.15907,52.53877,53.90393,54.71148,56.06642,57.40407,58.23276,59.55539,60.3981,61.70284,62.55767,63.84181,64.70681,65.96783,66.84103,67.72314,68.95599,69.84357,70.73913,71.93875,72.83702,73.74223,74.90402,75.80919,76.7202,77.63675,78.55853,79.66144,80.57883,81.50029,82.42549,83.35408,84.28572,85.22006,86.15673,87.15383,88.07952,89.00637,89.93403,90.86214,91.79032,92.71822,93.64547,94.57172,95.56953,96.50709,97.44248,98.37533,99.30527,100.23198,101.15509,102.07428,103.17946,104.10337,105.02218,105.93556,106.84324,108.00835,108.91634,109.8175,111.02109,111.91979,112.8106,114.04804,114.93358,115.81025,117.07644,117.94516,119.23491,120.0936,121.40428,122.25091,123.57978,124.41245,125.7566,126.57347,127.92993,129.30219,130.09513,131.47456,132.8667,134.27041,135.68445,136.42823,137.8403,139.25917,140.68351,142.11194,143.54302,144.3115,145.75962,147.20677,148.65124,149.48107,150.93411,152.38042,153.25106,154.69989,156.13793,157.04344,158.47671,159.40444,160.34679,161.77657,162.73801,164.1524,165.12974,166.11968,167.51473,168.51656,169.52944,170.55297,171.5867,172.94507,173.98297,175.02933,176.08333,177.14436,178.21177,179.2849 -0.01718,-0.01828,-0.0194,-0.02057,-0.0218,-0.02304,-0.0243,-0.02552,-0.02665,-0.02623,-0.02671,-0.02705,-0.02723,-0.02534,-0.02517,-0.02488,-0.02298,-0.02253,-0.02194,-0.02003,-0.01908,-0.01648,-0.01484,-0.01065,-0.00806,-0.00173,0.00175,0.00997,0.01912,0.0228,0.03187,0.04044,0.04818,0.05486,0.06047,0.06513,0.06908,0.07262,0.07599,0.07933,0.08265,0.0858,0.09173,0.09402,0.09549,0.10024,0.10027,0.09966,0.10354,0.10251,0.10645,0.10568,0.10992,0.10954,0.11416,0.119,0.11864,0.12345,0.12175,0.12557,0.12873,0.12332,0.12466,0.12532,0.12544,0.11796,0.11778,0.11746,0.117,0.1104,0.10977,0.10895,0.10797,0.10689,0.10583,0.10491,0.1043,0.09771,0.09794,0.09876,0.10014,0.102,0.10418,0.1065,0.1087,0.11054,0.11817,0.11845,0.11777,0.11613,0.11361,0.11038,0.10665,0.10268,0.09869,0.09995,0.09632,0.09301,0.08996,0.09211,0.08909,0.08587,0.08231,0.08288,0.07821,0.0732,0.07237,0.06685,0.06614,0.06091,0.056,0.05643,0.0523,0.05327,0.04963,0.05024,0.0501,0.04608,0.04474,0.04285,0.0382,0.03604,0.03409,0.02976,0.02849,0.02765,0.02711,0.02668,0.02619,0.02554,0.02472,0.02377,0.02276,0.02372,0.02279,0.02207,0.02326,0.02289,0.0227,0.02403,0.02391,0.02493,0.02465,0.02515,0.02463,0.02456,0.02375,0.02316,0.02224,0.02101,0.01968,0.01811,0.01635,0.01471,0.01279,0.0108,0.00879,0.00679,0.00485,0.00298,0.00121,0.00037,-0.00107,-0.00241,-0.00474,-0.00596,-0.0071,-0.00818,-0.00919,-0.01011,-0.01093,-0.01159,-0.01329,-0.01342,-0.01324,-0.01272,-0.0131,-0.01193,-0.01053,-0.01044,-0.00884,-0.00727,-0.00776,-0.00656,-0.00805,-0.00743,-0.00998,-0.0131,-0.01324,-0.01672,-0.01685,-0.01992,-0.02237,-0.02397,-0.02463,-0.02214,-0.0213,-0.02,-0.01866,-0.01775,-0.02035,-0.02053,-0.02153,-0.02316,-0.02514,-0.02849,-0.03051,-0.03236,-0.03568,-0.0374,-0.03898,-0.04249,-0.04393,-0.04728,-0.04826,-0.05111,-0.05138,-0.05365,-0.05328,-0.05512,-0.05689,-0.05589,-0.05744,-0.05894,-0.05754,-0.05886,-0.06007,-0.05835,-0.05931,-0.06004,-0.06049,-0.06061,-0.05719,-0.05649,-0.05554,-0.05449,-0.05349,-0.05265,-0.05204,-0.05163,-0.04719,-0.04677,-0.04614,-0.04511,-0.04352,-0.04129,-0.03845,-0.03516,-0.03164,-0.03089,-0.02754,-0.02467,-0.02236,-0.02066,-0.01955,-0.01897,-0.01884,-0.02336,-0.02398,-0.02462,-0.02523,-0.0257,-0.0313,-0.03134,-0.0312,-0.03628,-0.0358,-0.03521,-0.0396,-0.03863,-0.03742,-0.0408,-0.039,-0.04141,-0.03898,-0.04043,-0.0376,-0.03821,-0.0352,-0.03498,-0.0319,-0.03076,-0.02912,-0.02588,-0.02398,-0.02239,-0.02147,-0.02139,-0.01967,-0.02065,-0.02194,-0.02313,-0.02393,-0.02424,-0.02654,-0.02633,-0.0257,-0.02464,-0.02698,-0.02529,-0.02292,-0.02446,-0.02089,-0.01673,-0.01695,-0.01212,-0.01188,-0.01154,-0.00704,-0.00703,-0.00351,-0.00417,-0.00513,-0.00286,-0.00434,-0.006,-0.00776,-0.00956,-0.00765,-0.00933,-0.01091,-0.01238,-0.01372,-0.01495,-0.01608
106.875 -179.89547,-178.88052,-177.86217,-176.8408,-175.95163,-174.91049,-173.86842,-172.8261,-171.78416,-170.74335,-169.70406,-168.66715,-167.63993,-166.59373,-165.55213,-164.47232,-163.42583,-162.38599,-161.25918,-160.21913,-159.18809,-158.02112,-156.99497,-155.79867,-154.78065,-153.55853,-152.55223,-151.30819,-150.04389,-149.05571,-147.77606,-146.47948,-145.51823,-144.21349,-142.89589,-141.56691,-140.22813,-138.88122,-137.52788,-136.16979,-134.80892,-133.4472,-132.0865,-130.72874,-130.15762,-128.78872,-127.4274,-126.81053,-125.44497,-124.09188,-123.43377,-122.0838,-121.3997,-120.05739,-119.34915,-118.0191,-117.28886,-115.97565,-115.22582,-113.93385,-113.1671,-112.38718,-111.11967,-110.32644,-109.09045,-108.28686,-107.47215,-106.64656,-105.45404,-104.62334,-103.78322,-102.93402,-101.799,-100.95026,-100.09414,-99.23107,-98.36151,-97.48596,-96.44643,-95.57953,-94.70849,-93.83385,-92.95616,-92.07596,-91.19383,-90.31034,-89.42607,-88.54161,-87.65754,-86.77444,-85.89289,-85.01346,-84.13671,-83.26321,-82.39348,-81.52807,-80.47077,-79.59722,-78.72984,-77.8691,-77.01546,-76.16934,-75.01842,-74.17239,-73.33556,-72.50825,-71.30129,-70.47963,-69.66893,-68.42147,-67.62063,-66.83196,-65.55255,-64.77767,-64.01592,-62.71349,-61.96911,-60.64642,-59.92199,-58.58353,-57.8814,-56.53177,-55.85401,-54.4978,-53.84622,-52.48798,-51.11821,-50.50811,-49.14355,-47.7721,-46.39567,-45.84858,-44.48699,-43.12515,-41.76511,-40.40854,-39.05723,-37.71295,-36.3774,-35.05228,-34.10556,-32.78424,-31.4776,-30.18698,-29.20314,-27.92648,-26.66938,-25.66618,-24.4297,-23.41352,-22.20164,-21.17635,-19.99288,-18.9619,-17.81001,-16.77669,-15.73541,-14.6268,-13.58839,-12.54421,-11.49506,-10.44801,-9.40736,-8.36406,-7.31882,-6.27209,-5.31149,-4.28005,-3.24916,-2.21945,-1.192,-0.16706,0.85476,1.87285,2.88663,3.89551,4.89878,5.8958,6.88632,8.15113,9.1402,10.12102,11.09314,12.05586,13.36048,14.31513,15.25923,16.19249,17.51869,18.43906,19.78052,20.68535,21.57743,22.92606,23.79969,25.15523,26.00821,27.36661,28.73422,29.55535,30.92061,31.71649,33.07605,34.43903,35.80439,37.17091,37.90057,39.25234,40.60207,41.94854,43.29049,44.6267,45.95624,46.66198,47.99282,49.31408,50.62475,51.36697,52.67264,53.96514,54.73059,56.01371,57.28136,58.06574,59.32009,60.11722,61.35582,62.16406,63.38458,64.20228,65.40253,66.22801,67.06168,68.23756,69.07671,69.92324,71.07035,71.92001,72.77619,73.89048,74.74743,75.60998,76.47788,77.54888,78.41454,79.28458,80.15874,81.03673,81.91828,82.92154,83.79649,84.67399,85.55373,86.43542,87.31875,88.20341,89.08909,89.97547,90.86225,91.74909,92.6357,93.52174,94.40691,95.29089,96.17338,97.05406,97.93263,98.80879,99.68225,100.69658,101.57622,102.45216,103.3241,104.19177,105.26535,106.13555,107.0005,107.85995,108.97758,109.83651,110.689,111.53484,112.6896,113.53186,114.71222,115.54923,116.37812,117.58337,118.40462,119.63046,120.44234,121.68658,122.48744,123.74772,124.53592,125.80983,126.58395,127.86891,129.16792,129.92048,131.22623,132.54359,133.8716,135.2094,135.91897,137.25544,138.59861,139.94733,141.30041,142.6568,144.01523,144.74834,146.1213,147.49292,148.86189,149.64955,151.02632,152.39703,153.22125,154.59386,155.9569,156.81259,158.17227,159.04831,159.93764,161.29458,162.20133,163.54543,164.46732,165.40081,166.72959,167.67447,168.62966,169.59483,170.89773,171.86952,172.84974,173.83797,174.83372,175.8365,176.8458,178.08717,179.09356 -0.0091,-0.01143,-0.01385,-0.01637,-0.01883,-0.02127,-0.02377,-0.02626,-0.02864,-0.03083,-0.03275,-0.03431,-0.03323,-0.03379,-0.03393,-0.03132,-0.03077,-0.02997,-0.02707,-0.0261,-0.02508,-0.02267,-0.02171,-0.01935,-0.01826,-0.01512,-0.01356,-0.00893,-0.00305,-0.00048,0.00679,0.01462,0.01687,0.02431,0.03119,0.03719,0.04222,0.04635,0.04983,0.05294,0.05601,0.05923,0.06266,0.06621,0.07172,0.07495,0.07761,0.08243,0.08372,0.0841,0.08776,0.08714,0.09056,0.08971,0.09328,0.09271,0.09655,0.0962,0.10021,0.0995,0.10343,0.10742,0.10498,0.10823,0.10373,0.1059,0.10767,0.10901,0.10253,0.10343,0.10411,0.10458,0.09879,0.09901,0.0989,0.09844,0.09764,0.09657,0.08992,0.08858,0.08737,0.08645,0.08597,0.08604,0.08671,0.08795,0.08966,0.09171,0.09392,0.0961,0.098,0.09943,0.10019,0.10014,0.09922,0.09743,0.09988,0.09653,0.09284,0.08904,0.08535,0.08188,0.08323,0.08033,0.07767,0.0751,0.07667,0.07358,0.07009,0.06984,0.0652,0.06018,0.05847,0.0531,0.04784,0.04682,0.04225,0.04265,0.03903,0.04047,0.03749,0.03891,0.03595,0.03619,0.03273,0.03141,0.02934,0.0251,0.02271,0.02062,0.01911,0.01545,0.0149,0.01491,0.0153,0.01582,0.0163,0.01658,0.01659,0.01635,0.01774,0.01708,0.01641,0.01583,0.01702,0.01676,0.01669,0.01828,0.01842,0.01999,0.02005,0.02132,0.02107,0.02186,0.02118,0.02145,0.02139,0.02011,0.01955,0.01869,0.01755,0.01567,0.01421,0.01261,0.0109,0.00916,0.00721,0.0056,0.00406,0.00263,0.00131,0.0001,-0.001,-0.00203,-0.003,-0.00394,-0.00485,-0.00574,-0.00659,-0.00799,-0.00867,-0.00916,-0.00941,-0.00937,-0.00976,-0.00903,-0.008,-0.0067,-0.00585,-0.00419,-0.00331,-0.00168,-0.00021,-0.00011,0.00082,-0.00018,6e-05,-0.00206,-0.00477,-0.00522,-0.00823,-0.00849,-0.01093,-0.0127,-0.01361,-0.01359,-0.01112,-0.00974,-0.00797,-0.00625,-0.00502,-0.00465,-0.00527,-0.00825,-0.01002,-0.01214,-0.01424,-0.01761,-0.01924,-0.02045,-0.02359,-0.02463,-0.02583,-0.02935,-0.03101,-0.03461,-0.03634,-0.03952,-0.04069,-0.04312,-0.04338,-0.04507,-0.04656,-0.04562,-0.04677,-0.04795,-0.04626,-0.04742,-0.04864,-0.04659,-0.04784,-0.04904,-0.05008,-0.04745,-0.04794,-0.04802,-0.04767,-0.04692,-0.04588,-0.04189,-0.04072,-0.03959,-0.03857,-0.03769,-0.0369,-0.03617,-0.03536,-0.03435,-0.03304,-0.03133,-0.02922,-0.02677,-0.0241,-0.02135,-0.0187,-0.01625,-0.0141,-0.01231,-0.01087,-0.01141,-0.01075,-0.01039,-0.01025,-0.01025,-0.01309,-0.01328,-0.0134,-0.01339,-0.01696,-0.01677,-0.01648,-0.01609,-0.0198,-0.01913,-0.02275,-0.02166,-0.0204,-0.02329,-0.02163,-0.02401,-0.02214,-0.02407,-0.02234,-0.02394,-0.02252,-0.0236,-0.02245,-0.02257,-0.02177,-0.02042,-0.01875,-0.01691,-0.01536,-0.01449,-0.01369,-0.01371,-0.01416,-0.01466,-0.01481,-0.01435,-0.01322,-0.01466,-0.01307,-0.01118,-0.0091,-0.01094,-0.00869,-0.00617,-0.00779,-0.00465,-0.00116,-0.00196,0.00201,0.00163,0.00141,0.00531,0.00507,0.00827,0.00771,0.007,0.00915,0.00807,0.00682,0.00543,0.00675,0.00513,0.00341,0.00159,-0.00031,-0.00225,-0.00421,-0.00454,-0.00681
112.5 -179.33935,-178.36722,-177.39227,-176.41502,-175.43603,-174.45561,-173.47445,-172.49328,-171.57792,-170.58368,-169.59114,-168.60093,-167.61328,-166.62124,-165.62644,-164.63641,-163.59825,-162.60492,-161.61825,-160.53908,-159.55306,-158.57558,-157.46149,-156.48917,-155.34936,-154.3851,-153.22263,-152.26935,-151.08761,-149.8878,-148.95121,-147.73777,-146.50917,-145.26642,-144.3607,-143.11279,-141.85439,-140.58682,-139.31149,-138.02985,-136.74334,-135.45353,-134.16211,-132.8707,-131.58091,-131.0502,-129.74871,-128.45288,-127.1642,-126.5779,-125.28588,-124.67378,-123.38213,-122.10442,-121.45798,-120.18702,-119.51884,-118.25853,-117.57041,-116.32462,-115.61859,-114.3911,-113.66935,-112.93569,-111.72871,-110.98232,-110.22479,-109.04596,-108.27906,-107.50203,-106.35861,-105.57578,-104.78401,-103.98359,-102.88878,-102.08729,-101.27853,-100.46287,-99.64066,-98.61575,-97.79841,-96.97608,-96.1492,-95.31822,-94.48359,-93.64578,-92.80527,-91.96256,-91.11814,-90.27252,-89.42621,-88.57972,-87.73357,-86.88826,-86.04431,-85.20221,-84.36247,-83.52557,-82.69199,-81.86219,-81.03664,-80.21577,-79.18586,-78.3594,-77.5392,-76.72565,-75.91912,-75.11995,-74.01074,-73.21308,-72.42417,-71.64426,-70.48763,-69.71395,-68.95046,-67.7594,-67.00567,-66.26312,-65.04506,-64.31556,-63.59799,-62.36058,-61.65907,-60.40415,-59.72085,-58.45225,-57.78915,-56.51079,-55.86963,-54.5854,-53.28803,-52.6815,-51.3847,-50.07874,-49.51142,-48.21218,-46.90792,-45.60032,-45.09146,-43.79873,-42.5068,-41.21711,-39.93123,-38.6507,-37.377,-36.11166,-34.85608,-33.95604,-32.70416,-31.4656,-30.24149,-29.30836,-28.09682,-26.90276,-25.95173,-24.7758,-23.81273,-22.65853,-21.68671,-20.5574,-19.57972,-18.47813,-17.4974,-16.50939,-15.44558,-14.4588,-13.46639,-12.44591,-11.45866,-10.46782,-9.47391,-8.47736,-7.52964,-6.54446,-5.55844,-4.57233,-3.58681,-2.6022,-1.61907,-0.638,0.34048,1.31567,2.28694,3.25403,4.21644,5.17369,6.1253,7.07087,8.00988,8.94173,10.16081,11.08892,12.00873,12.9199,13.82214,15.07046,15.96332,16.84613,18.11078,18.98132,19.84088,21.11548,21.9598,23.24287,24.07019,25.35902,26.16758,27.45908,28.75852,29.53811,30.83528,31.59211,32.88426,34.17987,35.47784,36.77686,37.47435,38.7605,40.04523,41.32745,42.60613,43.88027,45.14886,46.41083,47.08514,48.34765,49.60131,50.8452,51.55195,52.79107,54.01823,54.74583,55.96454,57.16928,57.91391,59.10673,59.86294,61.04178,61.80821,62.97106,63.74631,64.89129,65.67392,66.46407,67.58781,68.38337,69.48492,70.28443,71.09024,72.16441,72.97217,73.78546,74.6041,75.64224,76.46023,77.28277,78.10961,78.94055,79.92983,80.75696,81.58733,82.42069,83.2568,84.0954,84.93624,85.77906,86.68279,87.517,88.35233,89.18852,90.02531,90.86243,91.69962,92.5366,93.37312,94.20891,95.04371,95.87725,96.79179,97.63362,98.47333,99.31068,100.1454,100.97724,101.80597,102.7972,103.63,104.4588,105.28339,106.10355,107.14448,107.96552,108.78129,109.59161,110.66925,111.47785,112.28023,113.38578,114.1844,114.97608,116.10588,116.89177,118.04153,118.82016,119.98812,120.75805,121.94228,122.7021,123.90065,124.64902,125.8597,126.59516,127.81569,129.04899,129.76515,131.00472,132.25504,133.51529,134.78446,135.46238,136.73091,138.00591,139.2864,140.57165,141.86033,143.15137,144.44376,145.14453,146.44958,147.75346,149.05476,149.80442,151.11225,152.41454,153.19705,154.50137,155.79731,156.60844,157.90119,158.73084,160.01736,160.86383,161.72182,163.00248,163.87451,164.75722,166.02485,166.91874,167.82234,169.07094,169.98227,170.90201,171.82981,172.76531,173.97973,174.91764,175.86177,176.81168,177.76693,178.72704,179.69188 -0.00711,-0.01034,-0.0136,-0.01689,-0.02023,-0.0236,-0.02696,-0.03027,-0.03242,-0.03524,-0.03775,-0.03984,-0.04146,-0.04059,-0.041,-0.04088,-0.03792,-0.03694,-0.03573,-0.03207,-0.03083,-0.02974,-0.02675,-0.02618,-0.02372,-0.02354,-0.02096,-0.02077,-0.01722,-0.01278,-0.01179,-0.006,0.00044,0.00721,0.00824,0.01459,0.02037,0.0254,0.02962,0.03319,0.03632,0.03933,0.04244,0.0458,0.04938,0.05426,0.0579,0.06128,0.06416,0.06841,0.07004,0.07363,0.07391,0.07365,0.07644,0.07586,0.07875,0.07836,0.08151,0.08125,0.08449,0.08368,0.08664,0.0896,0.08699,0.08942,0.09183,0.08714,0.08901,0.09081,0.08524,0.08685,0.08837,0.0898,0.0849,0.0862,0.08722,0.08786,0.08805,0.08272,0.0821,0.08109,0.07982,0.07847,0.07723,0.07628,0.07576,0.07578,0.07635,0.07743,0.07893,0.08074,0.08268,0.08463,0.0864,0.08782,0.08873,0.089,0.08853,0.08731,0.08535,0.0828,0.08392,0.08047,0.07702,0.07373,0.07075,0.06809,0.06937,0.06711,0.0649,0.06259,0.06307,0.05978,0.05603,0.05425,0.04942,0.04434,0.04154,0.03647,0.03164,0.03029,0.0264,0.02694,0.02407,0.02594,0.02366,0.02559,0.02321,0.02389,0.02334,0.01988,0.01789,0.01542,0.01158,0.00922,0.00736,0.00621,0.00313,0.00299,0.00349,0.00447,0.00571,0.007,0.00813,0.00897,0.00942,0.01109,0.01084,0.0104,0.00987,0.011,0.01062,0.01038,0.01193,0.01195,0.0137,0.01374,0.01538,0.01521,0.01652,0.01602,0.0169,0.01751,0.01652,0.01664,0.01647,0.01502,0.01435,0.01342,0.01226,0.01091,0.0088,0.00728,0.00576,0.00428,0.00289,0.00161,0.00047,-0.00054,-0.00143,-0.00224,-0.00297,-0.00365,-0.0043,-0.00493,-0.00552,-0.00605,-0.00649,-0.0068,-0.00751,-0.00747,-0.00718,-0.00662,-0.00579,-0.00518,-0.00385,-0.00237,-0.00111,0.00049,0.00202,0.00306,0.0042,0.0045,0.00501,0.00432,0.00419,0.00257,0.0005,-6e-05,-0.00224,-0.00245,-0.00403,-0.00504,-0.00532,-0.00482,-0.00274,-0.00115,0.00075,0.00263,0.00412,0.0049,0.00479,0.00386,0.00144,-0.00032,-0.00212,-0.00363,-0.00647,-0.00742,-0.00805,-0.01085,-0.01163,-0.01284,-0.01634,-0.01837,-0.02225,-0.02464,-0.02837,-0.03032,-0.03333,-0.03415,-0.03614,-0.0377,-0.03657,-0.03734,-0.035,-0.03537,-0.0358,-0.03262,-0.03324,-0.0341,-0.03519,-0.03224,-0.03362,-0.03501,-0.03627,-0.03729,-0.03466,-0.0353,-0.03556,-0.03544,-0.03498,-0.03423,-0.03324,-0.03205,-0.02889,-0.02725,-0.0255,-0.0237,-0.0219,-0.02011,-0.01835,-0.01659,-0.01483,-0.01309,-0.01137,-0.00972,-0.01051,-0.00891,-0.0075,-0.0063,-0.00531,-0.00453,-0.00392,-0.005,-0.00468,-0.00443,-0.00419,-0.00395,-0.00556,-0.00528,-0.00496,-0.00463,-0.00656,-0.00624,-0.00591,-0.00797,-0.00744,-0.00683,-0.00861,-0.00773,-0.00943,-0.00841,-0.01026,-0.0094,-0.01159,-0.01118,-0.01382,-0.01394,-0.01662,-0.01703,-0.01896,-0.0198,-0.01963,-0.01895,-0.01748,-0.01563,-0.01384,-0.01295,-0.01154,-0.01045,-0.00948,-0.00835,-0.0068,-0.00469,-0.00207,-0.00277,6e-05,0.00293,0.00571,0.0044,0.00696,0.00955,0.00814,0.01094,0.01388,0.01284,0.01594,0.0151,0.01797,0.0172,0.01648,0.01861,0.0178,0.01699,0.01829,0.01739,0.01644,0.01724,0.01619,0.01501,0.01365,0.0121,0.01216,0.01009,0.00775,0.00512,0.00225,-0.00078,-0.00391
118.125 -179.7564,-178.82695,-177.89439,-176.95936,-176.02245,-175.08415,-174.14492,-173.20529,-172.26547,-171.32621,-170.38809,-169.48531,-168.53747,-167.59232,-166.65023,-165.69181,-164.7441,-163.80125,-162.80221,-161.85727,-160.9189,-159.88389,-158.94682,-158.01787,-156.95229,-156.02861,-154.94033,-154.02455,-152.91626,-151.79025,-150.88543,-149.74388,-148.58684,-147.70009,-146.53267,-145.35245,-144.16041,-143.30512,-142.11026,-140.90683,-139.69603,-138.47911,-137.25731,-136.03187,-134.8043,-133.57598,-132.34831,-131.85333,-130.61372,-129.37822,-128.14815,-127.60126,-126.36633,-125.14049,-124.5587,-123.3334,-122.72945,-121.508,-120.30128,-119.66892,-118.47152,-117.82101,-116.63622,-115.96931,-115.291,-114.11891,-113.42651,-112.27502,-111.57054,-110.85582,-109.72826,-109.0043,-108.27092,-107.17363,-106.43403,-105.686,-104.92974,-103.87378,-103.11534,-102.34985,-101.57758,-100.79883,-99.80254,-99.02674,-98.2458,-97.46006,-96.6699,-95.87571,-95.07787,-94.27679,-93.3916,-92.60142,-91.8094,-91.01595,-90.22149,-89.42645,-88.63125,-87.83632,-87.04209,-86.24897,-85.45738,-84.66775,-83.76692,-82.96668,-82.16979,-81.37665,-80.58766,-79.80318,-79.0236,-78.24925,-77.23869,-76.46174,-75.69135,-74.92781,-74.17139,-73.10225,-72.34837,-71.60277,-70.86566,-69.75617,-69.02561,-68.30451,-67.16556,-66.45403,-65.75275,-64.59081,-63.90186,-62.72001,-62.04547,-60.84688,-60.18868,-58.97672,-58.33661,-57.11471,-56.4943,-55.26595,-54.66659,-53.43524,-52.8581,-51.62701,-50.38739,-49.14062,-48.61131,-47.37227,-46.12969,-44.8852,-44.40997,-43.18007,-41.95146,-40.72553,-39.50361,-38.28701,-37.0771,-35.87514,-35.02489,-33.82442,-32.63507,-31.45787,-30.57431,-29.40657,-28.25377,-27.35103,-26.21274,-25.09175,-24.17675,-23.07501,-22.15155,-21.07181,-20.14231,-19.08707,-18.15435,-17.21445,-16.19239,-15.25283,-14.3076,-13.32367,-12.3824,-11.43728,-10.48869,-9.55764,-8.61721,-7.67489,-6.73147,-5.78732,-4.84283,-3.9972,-3.06663,-2.13717,-1.20928,-0.28378,0.63918,1.55918,2.47576,3.38851,4.29701,5.20078,6.33272,7.2369,8.13504,9.0268,9.91185,10.7899,11.96353,12.83599,13.70029,14.55619,15.75124,16.59811,17.43559,18.6439,19.46957,20.28513,21.50152,22.30302,23.52692,24.31257,25.54094,26.30943,27.53998,28.28993,29.52005,30.75588,31.47733,32.70839,33.94277,35.17947,35.8587,37.0856,38.31239,39.53797,40.76157,41.98244,43.19961,44.41222,45.61941,46.82038,47.46605,48.66692,49.85949,51.04305,51.71751,52.89657,54.06472,54.75799,55.91844,57.06626,57.77505,58.91219,59.63155,60.75614,61.48489,62.59526,63.33221,64.4267,65.17062,66.24768,66.99734,67.75349,68.80968,69.56987,70.33595,71.36809,72.13645,72.91007,73.91523,74.6894,75.46815,76.25128,77.03863,78.00278,78.78793,79.57657,80.36849,81.16349,82.0794,82.86953,83.66199,84.45657,85.25305,86.0512,86.85081,87.65165,88.45347,89.25606,90.05918,90.86259,91.66606,92.46936,93.27225,94.0745,94.87587,95.67613,96.47506,97.27243,98.06801,98.86158,99.65293,100.57029,101.36675,102.16024,102.95055,103.73747,104.5208,105.49317,106.2784,107.05931,107.83574,108.84387,109.61996,110.39088,111.42647,112.19529,112.95827,114.01838,114.77751,115.53017,116.61155,117.35862,118.45773,119.19793,120.3132,121.04537,122.1752,122.89802,124.04059,124.75284,125.90622,126.60676,127.76911,128.94308,129.6263,130.80626,131.99603,133.19481,133.85088,135.05092,136.25798,137.47138,138.6903,139.91367,141.14065,142.37038,143.60194,144.83464,146.06731,146.74961,147.99184,149.23156,149.94671,151.19232,152.43308,153.17802,154.4204,155.65514,156.42608,157.65846,158.44647,159.67366,160.47711,161.2911,162.51339,163.34056,164.55131,165.38994,166.23776,167.09456,168.29023,169.15486,170.02767,170.90818,172.07931,172.96375,173.85467,174.7517,175.65473,176.56329,177.47687,178.39507,179.31746 -0.00068,-0.00453,-0.00847,-0.01244,-0.0164,-0.02031,-0.02417,-0.02793,-0.03156,-0.03499,-0.03819,-0.04071,-0.04313,-0.0451,-0.04657,-0.04635,-0.0466,-0.04633,-0.04379,-0.0427,-0.04149,-0.03799,-0.03693,-0.03618,-0.03334,-0.03341,-0.03123,-0.03199,-0.02995,-0.0275,-0.02818,-0.02469,-0.02031,-0.02004,-0.01452,-0.0085,-0.00228,-0.00165,0.00424,0.00963,0.01436,0.01842,0.02191,0.02505,0.02812,0.03126,0.03459,0.03906,0.04267,0.04629,0.04971,0.05407,0.05676,0.05874,0.06206,0.06282,0.06548,0.06532,0.06498,0.06726,0.06692,0.06941,0.06914,0.07175,0.07438,0.0732,0.07535,0.07267,0.07419,0.07566,0.07113,0.07233,0.07364,0.06866,0.07017,0.07183,0.07359,0.06951,0.07145,0.07331,0.07499,0.07636,0.07236,0.07297,0.07307,0.07265,0.07182,0.07071,0.06952,0.06844,0.06393,0.06368,0.06386,0.06447,0.06541,0.0666,0.06792,0.06929,0.07062,0.07184,0.07288,0.07365,0.07873,0.0786,0.07788,0.07655,0.07467,0.07234,0.06973,0.06699,0.06704,0.06434,0.0619,0.05978,0.05792,0.05869,0.0568,0.05473,0.05234,0.05145,0.04789,0.04387,0.04078,0.03592,0.03094,0.02734,0.02261,0.02033,0.0165,0.01628,0.01352,0.01511,0.01308,0.01533,0.01336,0.01488,0.01244,0.0124,0.00941,0.00793,0.00576,0.00333,4e-05,-0.00213,-0.00379,-0.00474,-0.00725,-0.00715,-0.00628,-0.00481,-0.00297,-0.00105,0.0007,0.00207,0.0044,0.00483,0.00482,0.00446,0.00556,0.00496,0.00443,0.00566,0.00544,0.00543,0.00705,0.00728,0.00894,0.00922,0.01069,0.0109,0.01205,0.01301,0.01291,0.01342,0.01369,0.0131,0.01281,0.01222,0.01137,0.00984,0.00854,0.00711,0.00563,0.00416,0.00276,0.00126,0.0002,-0.00068,-0.00139,-0.00194,-0.00238,-0.00273,-0.00302,-0.00329,-0.00355,-0.00379,-0.00465,-0.00487,-0.005,-0.00501,-0.00486,-0.00452,-0.00472,-0.00396,-0.00298,-0.00182,-0.00109,0.00036,0.00185,0.00292,0.00432,0.00558,0.00626,0.00706,0.00709,0.00731,0.00657,0.00629,0.00495,0.00447,0.00299,0.0016,0.00154,0.00072,0.00034,0.00046,0.0017,0.00269,0.00412,0.00581,0.00755,0.00906,0.01013,0.01059,0.01042,0.00977,0.00817,0.00708,0.00612,0.00542,0.00344,0.00304,0.00268,0.00048,-0.00027,-0.00141,-0.00444,-0.00627,-0.0099,-0.0121,-0.01601,-0.01802,-0.02165,-0.02276,-0.02549,-0.02511,-0.0266,-0.02757,-0.02486,-0.0249,-0.02477,-0.02074,-0.02052,-0.02051,-0.01669,-0.01727,-0.01824,-0.01955,-0.02117,-0.01934,-0.02145,-0.02359,-0.02559,-0.02733,-0.02671,-0.02782,-0.02832,-0.02814,-0.02731,-0.02587,-0.02392,-0.0216,-0.01905,-0.01642,-0.01384,-0.01142,-0.00922,-0.00726,-0.00552,-0.00396,-0.00255,-0.00127,-0.00011,0.00093,0.00183,0.00259,0.00319,0.00128,0.0017,0.00205,0.00231,0.00254,0.00277,0.00118,0.00149,0.0018,0.00209,0.00067,0.00083,0.00088,-0.00059,-0.0006,-0.00061,-0.00178,-0.00156,-0.00125,-0.00186,-0.00132,-0.00188,-0.00133,-0.00231,-0.00205,-0.00387,-0.00409,-0.0069,-0.00757,-0.01097,-0.01175,-0.01482,-0.01704,-0.01688,-0.01746,-0.01689,-0.01547,-0.01374,-0.01161,-0.00931,-0.00696,-0.00457,-0.00206,0.00069,0.00375,0.00711,0.01064,0.01415,0.01343,0.01659,0.01944,0.01842,0.02095,0.02339,0.02232,0.0248,0.02723,0.02626,0.02844,0.02736,0.02891,0.0277,0.02647,0.02702,0.02572,0.02552,0.02433,0.02327,0.02232,0.02209,0.0214,0.02075,0.02005,0.0201,0.01926,0.01812,0.01663,0.01473,0.01239,0.00963,0.00649,0.00302
123.75 -179.96392,-179.08471,-178.20283,-177.31862,-176.43225,-175.54442,-174.65556,-173.85722,-172.95547,-172.05391,-171.15297,-170.25285,-169.35431,-168.47719,-167.57077,-166.66728,-165.7672,-164.84079,-163.93634,-163.03676,-162.07441,-161.1737,-160.27931,-159.28524,-158.39283,-157.37519,-156.48705,-155.44792,-154.56642,-153.50819,-152.63571,-151.56089,-150.69949,-149.61079,-148.50813,-147.66331,-146.55127,-145.4276,-144.29309,-143.47669,-142.33933,-141.19397,-140.04162,-138.88335,-137.72027,-136.5534,-135.384,-134.21332,-133.04253,-132.57928,-131.39655,-130.21672,-129.04098,-128.52925,-127.34761,-126.17315,-125.62851,-124.4528,-123.28743,-122.71308,-121.55122,-120.9579,-119.80248,-119.19141,-118.04538,-117.41797,-116.28422,-115.64203,-114.52347,-113.8681,-113.20278,-112.10077,-111.42454,-110.34449,-109.65925,-108.96524,-108.26259,-107.21078,-106.50239,-105.78622,-104.76752,-104.04838,-103.32243,-102.5899,-101.85104,-100.88347,-100.14607,-99.40348,-98.65598,-97.90388,-97.1475,-96.2538,-95.50419,-94.7515,-93.9961,-93.23832,-92.47853,-91.71709,-90.95438,-90.19077,-89.42663,-88.66234,-87.89829,-87.13485,-86.3724,-85.61131,-84.85195,-84.09468,-83.33986,-82.58785,-81.83898,-80.93136,-80.17598,-79.42496,-78.67861,-77.93723,-77.20112,-76.22047,-75.48319,-74.75228,-74.02801,-73.3106,-72.27972,-71.56556,-70.85923,-69.7958,-69.09549,-68.40384,-67.31321,-66.63022,-65.95664,-64.84449,-64.18204,-63.52953,-62.40164,-61.76253,-60.61998,-59.9959,-58.84161,-58.23408,-57.07101,-56.48138,-55.31254,-54.74199,-53.57035,-52.38887,-51.84827,-50.66869,-49.48235,-48.97489,-47.79505,-46.61157,-45.42585,-44.23898,-43.79373,-42.62109,-41.45021,-40.28228,-39.11846,-37.96,-36.80794,-36.00302,-34.85079,-33.70783,-32.57512,-31.45357,-30.61126,-29.49824,-28.39875,-27.53873,-26.45227,-25.58054,-24.50997,-23.45624,-22.57659,-21.54236,-20.65677,-19.76346,-18.7553,-17.85939,-16.87622,-15.97978,-15.07793,-14.12855,-13.2295,-12.32639,-11.4146,-10.51704,-9.61681,-8.71466,-7.8108,-6.96096,-6.0671,-5.17283,-4.27857,-3.3849,-2.4923,-1.601,-0.71142,0.17602,1.06094,1.94284,2.82118,3.69582,4.56641,5.43259,6.29402,7.15039,8.00138,9.10304,9.95157,10.79361,11.62891,12.45722,13.58673,14.40847,15.22232,16.36785,17.17287,17.96922,19.12622,19.91141,20.68717,21.85027,22.61293,23.78248,24.53061,25.70424,26.43655,27.61157,28.32684,29.50146,30.68132,31.3707,32.54654,33.72528,34.90614,35.55718,36.72947,37.9019,39.07367,40.24397,41.41193,42.57677,43.73783,44.89444,46.04581,47.19123,47.81038,48.95546,50.09278,51.22163,51.86663,52.99118,54.10575,54.76775,55.87529,56.97136,57.64755,58.73397,59.41989,60.49508,61.1897,62.25214,62.95438,64.00261,64.71143,65.7441,66.45844,67.17881,68.19305,68.91746,69.64738,70.64038,71.37282,72.11024,73.07937,73.81779,74.5606,75.30765,76.24581,76.99193,77.74165,78.49483,79.39797,80.1483,80.90144,81.65723,82.41547,83.17597,83.93856,84.70303,85.53758,86.29558,87.05482,87.81512,88.57626,89.33806,90.10031,90.86282,91.62538,92.38779,93.14986,93.91138,94.67216,95.432,96.1907,97.02601,97.79141,98.55503,99.31667,100.07613,100.83324,101.58781,102.33965,103.24462,103.99953,104.75107,105.49908,106.24339,107.18881,107.93381,108.6745,109.64661,110.38648,111.12145,111.85137,112.85047,113.57759,114.59565,115.31889,116.03613,117.07299,117.78485,118.83758,119.543,120.61019,121.30804,122.3882,123.07738,124.16893,124.84841,125.94978,126.61857,127.7282,128.84846,129.50156,130.62724,131.76192,132.90503,133.53366,134.67828,135.8297,136.98708,138.1496,139.31662,140.48738,141.66111,142.83728,144.01474,145.1927,146.37039,147.02434,148.21053,149.39461,150.57533,151.26745,152.45189,153.16268,154.3487,155.52815,156.26282,157.44005,158.19032,159.363,160.12757,160.90192,162.07126,162.858,164.01693,164.81442,165.62045,166.76748,167.58213,168.40452,169.23443,170.36268,171.19776,172.03962,172.88781,173.742,174.60189,175.69388,176.55376,177.41839,178.28726,179.15995 0.00828,0.0046,0.00059,-0.00367,-0.00809,-0.01258,-0.01708,-0.02243,-0.02658,-0.03054,-0.03426,-0.03769,-0.04078,-0.04373,-0.04596,-0.04772,-0.04901,-0.04944,-0.0496,-0.04934,-0.04771,-0.04678,-0.04581,-0.04331,-0.04263,-0.04039,-0.0405,-0.0389,-0.03985,-0.03864,-0.04001,-0.03849,-0.03962,-0.03705,-0.03358,-0.03351,-0.02871,-0.02326,-0.0174,-0.01631,-0.01039,-0.00473,0.00042,0.00493,0.00877,0.01201,0.01491,0.01769,0.02054,0.02479,0.02807,0.03154,0.0351,0.03968,0.04301,0.04595,0.04988,0.05186,0.05314,0.05586,0.05612,0.05826,0.05792,0.05992,0.05943,0.06159,0.06103,0.06321,0.06201,0.06377,0.06533,0.06228,0.06311,0.05882,0.05925,0.05979,0.0605,0.05604,0.05717,0.05857,0.05521,0.05703,0.059,0.06102,0.063,0.06026,0.06185,0.06308,0.06386,0.06415,0.06398,0.05954,0.05891,0.05827,0.05778,0.05756,0.05767,0.05813,0.05887,0.05981,0.06085,0.06187,0.06284,0.06372,0.06446,0.0651,0.0656,0.06593,0.06603,0.06584,0.0653,0.06755,0.06597,0.06409,0.06204,0.05996,0.05794,0.05757,0.05573,0.05406,0.05253,0.051,0.05079,0.04878,0.04641,0.04485,0.04138,0.0375,0.03394,0.02926,0.02447,0.02024,0.0156,0.01124,0.00857,0.00515,0.00456,0.00217,0.00343,0.00171,0.0038,0.00218,0.00385,0.00193,0.00242,0.00194,-0.00061,-0.00219,-0.00429,-0.00699,-0.00928,-0.01132,-0.01282,-0.01356,-0.01543,-0.01501,-0.01382,-0.01204,-0.00996,-0.00787,-0.00603,-0.00323,-0.00217,-0.00162,-0.00154,-0.00175,-0.0005,-0.00093,-0.00124,-7e-05,0.0,0.00138,0.0019,0.00273,0.00429,0.00532,0.0068,0.0082,0.00913,0.01026,0.01106,0.01183,0.01235,0.01259,0.01254,0.01219,0.01158,0.01062,0.00944,0.00809,0.00666,0.00545,0.00412,0.00292,0.00189,0.00106,0.00042,-4e-05,-0.00035,-0.00057,-0.00074,-0.00088,-0.00104,-0.00122,-0.00142,-0.00163,-0.0018,-0.0019,-0.00188,-0.0025,-0.00214,-0.00158,-0.00084,9e-05,0.00039,0.0016,0.0029,0.00357,0.00494,0.00627,0.00697,0.00812,0.00914,0.00935,0.00996,0.00957,0.00972,0.0087,0.00848,0.00711,0.00681,0.00553,0.00449,0.00467,0.00422,0.00416,0.00449,0.00566,0.00656,0.00775,0.00911,0.01052,0.01182,0.01288,0.01359,0.01394,0.01398,0.01382,0.01287,0.0125,0.01217,0.0119,0.01068,0.01041,0.01002,0.00857,0.00791,0.00711,0.00509,0.004,0.0014,3e-05,-0.00315,-0.00472,-0.00821,-0.00951,-0.01265,-0.01288,-0.01498,-0.01652,-0.01431,-0.01461,-0.01451,-0.01063,-0.01008,-0.00956,-0.00588,-0.00579,-0.00602,-0.00663,-0.00508,-0.00661,-0.00854,-0.01084,-0.01158,-0.01433,-0.01705,-0.01951,-0.02153,-0.02293,-0.02359,-0.02348,-0.02077,-0.01914,-0.01694,-0.01431,-0.01143,-0.00848,-0.00563,-0.00298,-0.00061,0.00146,0.00328,0.00492,0.00642,0.00785,0.00921,0.00848,0.00949,0.01032,0.01096,0.01141,0.01169,0.01182,0.01184,0.0093,0.00934,0.00941,0.00953,0.00969,0.00769,0.00782,0.00785,0.00579,0.00557,0.00526,0.00491,0.00302,0.00288,0.00165,0.00186,0.00224,0.00182,0.00246,0.00222,0.0029,0.00241,0.00295,0.00175,0.00203,-0.00019,-0.00015,-0.00326,-0.00323,-0.0065,-0.00932,-0.00847,-0.00994,-0.01031,-0.00964,-0.00689,-0.00501,-0.00256,0.00031,0.00353,0.00696,0.01061,0.01438,0.01814,0.02173,0.02503,0.02785,0.02683,0.02917,0.03115,0.03289,0.03215,0.03398,0.0334,0.03532,0.03701,0.03639,0.03751,0.03653,0.0366,0.03522,0.0337,0.03248,0.03078,0.02885,0.02727,0.02584,0.02397,0.02303,0.02234,0.02188,0.02113,0.02113,0.02114,0.02107,0.02079,0.02021,0.01965,0.0184,0.01664,0.01435,0.01155
129.375 -179.47028,-178.62332,-177.77407,-176.92288,-176.07011,-175.21607,-174.36097,-173.50543,-172.64982,-171.79451,-170.99121,-170.12648,-169.26308,-168.40144,-167.54209,-166.68126,-165.81634,-164.95496,-164.05895,-163.19444,-162.33464,-161.40671,-160.54656,-159.69247,-158.73642,-157.8848,-156.90773,-156.06047,-155.06425,-154.22344,-153.21018,-152.37798,-151.3499,-150.30789,-149.48752,-148.43433,-147.36908,-146.56605,-145.49374,-144.4115,-143.32012,-142.54562,-141.45304,-140.35386,-139.24899,-138.13939,-137.02598,-135.90977,-134.79187,-134.36954,-133.23835,-132.10801,-130.97961,-129.85424,-129.374,-128.24203,-127.11569,-125.99618,-125.47556,-124.35512,-123.8155,-122.69663,-121.58891,-121.02408,-119.92211,-119.34109,-118.24738,-117.65141,-116.56854,-115.95884,-115.33966,-114.26741,-113.63629,-112.58103,-111.93955,-111.28941,-110.25337,-109.59501,-108.92859,-107.91668,-107.24433,-106.56464,-105.58151,-104.89827,-104.20852,-103.51243,-102.8102,-101.87103,-101.16912,-100.46203,-99.75001,-99.03332,-98.31222,-97.43713,-96.72104,-96.00159,-95.27909,-94.55384,-93.82615,-93.09633,-92.36471,-91.63162,-90.89738,-90.16233,-89.42681,-88.69115,-87.95569,-87.22078,-86.48674,-85.75391,-85.02263,-84.29321,-83.56598,-82.84125,-82.11933,-81.40052,-80.68512,-79.79724,-79.07705,-78.36132,-77.65031,-76.94427,-76.24346,-75.29223,-74.59133,-73.89661,-73.20827,-72.52648,-71.53202,-70.854,-70.18335,-69.16057,-68.49608,-67.83966,-66.79331,-66.14532,-65.50601,-64.4411,-63.81233,-62.73089,-62.11425,-61.50708,-60.41571,-59.82242,-58.72067,-58.14255,-57.03299,-56.47122,-55.35646,-54.23103,-53.69468,-52.56824,-51.43371,-50.926,-49.79464,-48.65794,-48.18144,-47.05188,-45.91986,-44.78633,-43.65238,-42.51912,-42.11367,-40.99558,-39.88062,-38.76991,-37.66436,-36.90084,-35.79381,-34.69453,-33.60388,-32.52272,-31.7219,-30.64703,-29.58382,-28.53292,-27.71193,-26.67279,-25.84095,-24.816,-23.97506,-22.96657,-21.97426,-21.1289,-20.27617,-19.30697,-18.45124,-17.50435,-16.64758,-15.78568,-14.86882,-14.00861,-13.14434,-12.261,-11.40099,-10.5384,-9.6734,-8.83565,-7.97816,-7.11946,-6.25989,-5.40009,-4.54029,-3.68079,-2.82197,-2.07967,-1.23403,-0.39011,0.45152,1.29067,2.12708,2.96042,3.97758,4.81347,5.64499,6.47205,7.29435,8.11161,8.92358,9.73,10.79582,11.59851,12.39475,13.18434,14.27043,15.05358,15.82931,16.59746,17.69612,18.45504,19.56431,20.31271,21.05248,22.167,22.89437,24.01411,24.72805,25.85127,26.55064,27.67532,28.35909,29.48301,30.61168,31.2717,32.3968,33.52479,34.65496,35.2801,36.40239,37.52493,38.64718,39.76835,40.88775,42.00468,43.11846,44.2283,45.3337,46.43405,47.52877,48.61725,49.21753,50.3044,51.3835,52.00157,53.07651,54.14226,54.7757,55.83497,56.88377,57.5302,58.57025,59.22567,60.2556,60.91909,61.93755,62.6082,63.6139,64.29077,65.28251,65.96464,66.65238,67.62775,68.31948,69.27811,69.97289,70.67247,71.61072,72.31204,73.01767,73.7275,74.6394,75.34926,76.06279,76.77985,77.66165,78.37705,79.09543,79.81665,80.54055,81.26698,82.10314,82.82547,83.54975,84.27582,85.00352,85.73268,86.46312,87.19467,87.92717,88.66042,89.39427,90.12852,90.863,91.59752,92.33193,93.06602,93.79963,94.53257,95.26468,95.99576,96.72566,97.4542,98.18121,98.90651,99.62995,100.35135,101.19515,101.92045,102.64317,103.36313,104.0802,104.96404,105.68296,106.39842,107.11028,108.02475,108.73677,109.44465,110.14828,111.08961,111.79166,112.48895,113.45103,114.14541,114.83457,115.81504,116.50001,117.49585,118.17565,119.18569,119.85936,120.88238,121.54893,122.58359,123.24212,124.2871,124.93674,125.99071,126.63059,127.69202,128.76318,129.3886,130.4648,131.54935,132.64177,133.24526,134.33942,135.43983,136.54588,137.65698,138.7725,139.89192,141.01453,142.13946,143.26607,144.39366,145.52156,146.64929,147.27722,148.41233,149.54511,150.67481,151.33744,152.47081,153.15055,154.28528,155.41377,156.11538,157.24212,157.95823,159.08134,159.81069,160.54897,161.66917,162.41905,163.53051,164.29075,165.05895,166.16025,166.93667,167.72037,168.51114,169.59709,170.39352,171.19622,172.00497,172.81955,173.87866,174.69514,175.51646,176.34232,177.17245,178.00653,178.84424,179.68541 0.01072,0.00743,0.00372,-0.00036,-0.00472,-0.00928,-0.01394,-0.01862,-0.02321,-0.02763,-0.03242,-0.03617,-0.03956,-0.04255,-0.04512,-0.04737,-0.04894,-0.05004,-0.05056,-0.05069,-0.05047,-0.04947,-0.04875,-0.04802,-0.0466,-0.04622,-0.0452,-0.04556,-0.04519,-0.04627,-0.04623,-0.04754,-0.04711,-0.04598,-0.04649,-0.04398,-0.0405,-0.03957,-0.03482,-0.02949,-0.02384,-0.02219,-0.01668,-0.01153,-0.00697,-0.00311,4e-05,0.00263,0.00491,0.00856,0.01101,0.01369,0.01674,0.0201,0.02471,0.02828,0.03175,0.03497,0.03916,0.04162,0.04514,0.04652,0.04718,0.0495,0.04918,0.05107,0.05025,0.05211,0.05116,0.05308,0.05499,0.05347,0.05494,0.05233,0.05306,0.05354,0.04952,0.04958,0.04969,0.04578,0.04621,0.04693,0.04432,0.04558,0.04705,0.04873,0.05054,0.04887,0.0506,0.05224,0.05369,0.05487,0.05569,0.0524,0.05251,0.05239,0.05216,0.052,0.05202,0.05231,0.05288,0.05369,0.05463,0.05563,0.05657,0.05737,0.05798,0.05843,0.05873,0.05894,0.05912,0.05926,0.05935,0.05933,0.05915,0.05876,0.05816,0.05947,0.05817,0.05679,0.05538,0.05398,0.05263,0.05193,0.0505,0.04902,0.04739,0.0455,0.04416,0.04158,0.03861,0.03597,0.03213,0.028,0.02388,0.0193,0.01472,0.0103,0.00604,0.00261,-0.0008,-0.00379,-0.00481,-0.00681,-0.00609,-0.0074,-0.00574,-0.00678,-0.00515,-0.00401,-0.00537,-0.0053,-0.00608,-0.00797,-0.00972,-0.01192,-0.01406,-0.01633,-0.01823,-0.01948,-0.01991,-0.01951,-0.02041,-0.01915,-0.01752,-0.01577,-0.01412,-0.01141,-0.01011,-0.00918,-0.00858,-0.0082,-0.00646,-0.00638,-0.00621,-0.00584,-0.00447,-0.00376,-0.00231,-0.00122,0.00034,0.00168,0.00309,0.00464,0.00613,0.00741,0.00874,0.00983,0.01092,0.01179,0.01238,0.01275,0.0128,0.01261,0.01206,0.01122,0.01017,0.00943,0.00826,0.00709,0.006,0.00504,0.00424,0.00362,0.00316,0.00384,0.00361,0.00342,0.00323,0.003,0.00273,0.0024,0.00126,0.00093,0.00063,0.00043,0.00036,0.00046,0.00077,0.00128,0.00135,0.00223,0.00325,0.00437,0.00493,0.00615,0.00737,0.00858,0.00923,0.01038,0.01092,0.01191,0.0128,0.01283,0.01336,0.01277,0.01288,0.01171,0.01154,0.01013,0.01001,0.00885,0.00799,0.00855,0.00837,0.00858,0.0091,0.01071,0.01161,0.01261,0.01363,0.0146,0.01545,0.01613,0.01664,0.017,0.01723,0.01737,0.0174,0.01731,0.01648,0.01615,0.01565,0.01479,0.01414,0.01341,0.01264,0.012,0.01149,0.0107,0.0103,0.00914,0.00857,0.00678,0.00577,0.00332,0.00203,-0.00063,-0.00137,-0.0035,-0.00529,-0.00394,-0.00461,-0.00193,-0.00182,-0.00154,0.00145,0.00166,0.00175,0.00166,0.00278,0.00198,0.0009,-0.00049,-0.00167,-0.0037,-0.00597,-0.00841,-0.01089,-0.01326,-0.01413,-0.01549,-0.01627,-0.01641,-0.0159,-0.01477,-0.0131,-0.01102,-0.00863,-0.00611,-0.00358,-0.00119,0.00099,0.00291,0.00462,0.00617,0.00767,0.00921,0.01085,0.01259,0.01437,0.01613,0.01776,0.01916,0.02027,0.02105,0.01933,0.01942,0.01936,0.01924,0.01912,0.0167,0.01676,0.01688,0.01703,0.01468,0.01466,0.01454,0.0143,0.01136,0.01099,0.01069,0.00817,0.00823,0.00853,0.00705,0.0078,0.007,0.00804,0.00757,0.00879,0.00843,0.00976,0.00917,0.01051,0.0092,0.01038,0.00812,0.00914,0.0063,0.00352,0.00503,0.00323,0.00237,0.00251,0.00596,0.00747,0.00974,0.01254,0.01578,0.01936,0.02309,0.02679,0.03027,0.03333,0.03582,0.03764,0.03883,0.03767,0.03844,0.03898,0.03945,0.03896,0.0398,0.03968,0.04073,0.04155,0.04146,0.04156,0.04095,0.03986,0.03858,0.03706,0.03447,0.03259,0.0294,0.02756,0.02584,0.02295,0.02171,0.02074,0.02006,0.01863,0.01858,0.01878,0.01917,0.0196,0.01939,0.01973,0.01981,0.01952,0.01879,0.01756,0.01582,0.01353
135.0 -179.67018,-178.86515,-178.05791,-177.24879,-176.43813,-175.73319,-174.91038,-174.0869,-173.26299,-172.43896,-171.61532,-170.79239,-169.97049,-169.17727,-168.34821,-167.521,-166.6963,-165.86059,-165.03148,-164.20596,-163.33876,-162.51113,-161.68801,-160.79233,-159.96952,-159.15249,-158.23178,-157.41758,-156.47804,-155.66824,-154.71156,-153.90799,-152.93604,-152.14065,-151.15544,-150.15754,-149.3733,-148.36531,-147.34632,-146.57802,-145.55255,-144.51798,-143.47495,-142.42416,-141.36642,-140.63751,-139.58143,-138.52074,-137.45628,-136.38884,-135.31943,-134.92151,-133.83927,-132.75726,-131.67645,-130.59779,-130.14587,-129.06015,-127.97888,-126.90308,-126.41294,-125.33502,-124.26498,-123.74901,-122.68049,-122.14796,-121.08319,-120.53495,-119.47621,-118.91326,-117.86278,-117.28624,-116.24633,-115.65733,-114.63027,-114.0301,-113.42153,-112.40806,-111.79005,-110.79465,-110.16866,-109.53516,-108.56075,-107.92124,-107.27482,-106.62159,-105.67519,-105.01861,-104.35595,-103.68739,-102.77606,-102.10692,-101.43269,-100.75358,-100.06979,-99.20683,-98.52593,-97.84127,-97.15308,-96.46161,-95.76712,-95.06989,-94.37019,-93.66828,-92.902,-92.20897,-91.51468,-90.81942,-90.12345,-89.42708,-88.73059,-88.03426,-87.33839,-86.64325,-85.94914,-85.25633,-84.47769,-83.77614,-83.07683,-82.38004,-81.68604,-80.9951,-80.30748,-79.62342,-78.94317,-78.06852,-77.38556,-76.70729,-76.03395,-75.36572,-74.44317,-73.77571,-73.11419,-72.45877,-71.50158,-70.8497,-70.20464,-69.56651,-68.58186,-67.94992,-67.32551,-66.32034,-65.70407,-64.68121,-64.07456,-63.47628,-62.44038,-61.85344,-60.80509,-60.23075,-59.17221,-58.61166,-57.54524,-56.99954,-55.92762,-55.39768,-54.32252,-53.80924,-52.73303,-51.64928,-51.16202,-50.08088,-48.99461,-47.90427,-47.45548,-46.3727,-45.28814,-44.20277,-43.11755,-42.03342,-40.95147,-40.58127,-39.51496,-38.79746,-37.72718,-36.66252,-35.60431,-34.55339,-33.51055,-32.47643,-31.70966,-30.68131,-29.66362,-28.88015,-27.87198,-26.87619,-26.08078,-25.09772,-24.29368,-23.32545,-22.51484,-21.56334,-20.74783,-19.81477,-18.99599,-18.08295,-17.26288,-16.43765,-15.55142,-14.72717,-13.89881,-13.04257,-12.2177,-11.38991,-10.55951,-9.74407,-8.91988,-8.09414,-7.26747,-6.43996,-5.67931,-4.86128,-4.04341,-3.22603,-2.40956,-1.59441,-0.78071,0.03121,0.84105,1.64851,2.45328,3.25481,4.05309,4.84784,5.6388,6.4257,7.42664,8.21278,8.99399,9.77003,10.5407,11.30579,12.33589,13.09651,13.85064,14.59831,15.64383,16.38457,17.11821,18.17447,18.89934,19.6165,20.67932,21.38616,22.4556,23.15098,24.22521,24.90801,25.98487,26.65416,27.73229,28.38722,29.46482,30.54683,31.17996,32.2584,33.33966,34.42305,35.02428,36.10081,37.1778,38.2545,39.33034,40.40481,41.47734,42.54727,43.61401,44.67698,45.73557,46.78923,47.83749,48.87985,49.45681,50.49753,51.53101,52.5568,53.15381,54.17493,54.78221,55.7973,56.80279,57.42197,58.41949,59.04696,60.0353,60.67028,61.64825,62.28995,63.25641,63.90401,64.85788,65.51053,66.45081,67.10768,67.76949,68.69368,69.35856,70.02798,70.93395,71.6053,72.28077,73.16655,73.84279,74.52268,75.20613,76.066,76.74873,77.43453,78.12329,78.81487,79.64068,80.32972,81.02109,81.71464,82.41025,83.10777,83.80705,84.58172,85.27601,85.97156,86.66824,87.36588,88.06433,88.76345,89.46307,90.16305,90.86323,91.56346,92.26358,92.96343,93.66287,94.36173,95.05987,95.75713,96.45336,97.14841,97.92392,98.62415,99.32271,100.01944,100.71421,101.40686,102.09727,102.92471,103.61784,104.30822,104.99573,105.68023,106.54231,107.2277,107.90961,108.58791,109.4764,110.15407,110.82769,111.73672,112.40855,113.07588,114.00348,114.66788,115.32738,116.27139,116.92677,117.88462,118.53505,119.50569,120.15027,120.78902,121.77055,122.76346,123.39401,124.39632,125.01862,126.02906,126.64232,127.65955,128.68574,129.28576,130.31674,131.35554,132.40165,132.98172,134.02948,135.08317,136.14226,137.20626,138.27473,139.34695,140.42223,141.50005,142.57981,143.66099,144.74302,145.82501,146.90639,147.51027,148.59834,149.68437,150.76756,151.40321,152.48935,153.14066,154.22811,155.31016,155.98168,157.06218,157.74702,158.82416,159.52132,160.59353,161.30203,162.01844,163.08587,163.81197,164.54551,165.60434,166.34598,167.09446,168.14094,168.89552,169.65626,170.42298,171.45138,172.22182,172.99746,173.77808,174.56347,175.35337,176.14758,176.94603,177.93142,178.72793,179.52749 0.01316,0.01087,0.00811,0.0049,0.00126,-0.0029,-0.00728,-0.01188,-0.01659,-0.02133,-0.026,-0.03049,-0.03473,-0.03874,-0.04212,-0.04505,-0.04752,-0.04919,-0.05059,-0.05156,-0.05158,-0.05166,-0.05143,-0.0504,-0.04981,-0.04924,-0.04821,-0.04799,-0.0476,-0.048,-0.04835,-0.04924,-0.04998,-0.05091,-0.05134,-0.05115,-0.05121,-0.04972,-0.04726,-0.04599,-0.04223,-0.03777,-0.03284,-0.0277,-0.0226,-0.02121,-0.0169,-0.01323,-0.01027,-0.00795,-0.00606,-0.00308,-0.00127,0.00078,0.00323,0.00615,0.01025,0.01373,0.01739,0.02102,0.02529,0.02856,0.03139,0.03504,0.03687,0.03985,0.04041,0.04267,0.04214,0.04395,0.04287,0.04459,0.0434,0.04515,0.04378,0.0453,0.04664,0.04429,0.04496,0.04191,0.04202,0.042,0.03892,0.03899,0.03923,0.03968,0.03806,0.03898,0.0401,0.04137,0.04061,0.04191,0.04323,0.04454,0.04578,0.044,0.04476,0.04531,0.04565,0.04584,0.04594,0.04607,0.04636,0.04689,0.04542,0.04663,0.04794,0.04923,0.05038,0.05128,0.05185,0.05209,0.05205,0.05181,0.05149,0.05118,0.05361,0.0536,0.05363,0.05363,0.05357,0.05342,0.05317,0.05283,0.05239,0.05317,0.05228,0.05131,0.05021,0.04893,0.04795,0.04621,0.04419,0.04184,0.03993,0.03696,0.03365,0.03005,0.02699,0.0229,0.01869,0.01469,0.01033,0.00604,0.00199,-0.00176,-0.00504,-0.00793,-0.00967,-0.01154,-0.01163,-0.01264,-0.01152,-0.012,-0.01044,-0.01074,-0.00951,-0.00994,-0.00962,-0.0101,-0.01125,-0.01284,-0.01498,-0.01732,-0.01889,-0.02098,-0.02255,-0.02344,-0.02362,-0.02317,-0.02226,-0.02274,-0.02173,-0.01987,-0.01869,-0.01763,-0.01666,-0.01575,-0.01485,-0.01394,-0.01212,-0.01129,-0.01038,-0.00881,-0.00782,-0.0067,-0.00508,-0.00382,-0.00212,-0.00081,0.0009,0.00213,0.00378,0.00485,0.00641,0.00733,0.00876,0.01005,0.01067,0.01162,0.01228,0.01237,0.01253,0.01237,0.01193,0.01156,0.01087,0.01008,0.00924,0.0084,0.00834,0.00766,0.00706,0.00656,0.00613,0.00576,0.00543,0.00512,0.00478,0.00442,0.00404,0.00365,0.00328,0.00297,0.00277,0.00272,0.00227,0.00257,0.00307,0.00377,0.00462,0.0056,0.00609,0.00721,0.00835,0.00949,0.01011,0.01123,0.01233,0.01294,0.01398,0.01494,0.01532,0.01601,0.01597,0.01628,0.0157,0.01565,0.01463,0.01447,0.01342,0.01353,0.01289,0.01257,0.0136,0.01397,0.01464,0.01549,0.01746,0.0184,0.01925,0.01994,0.02046,0.0208,0.02102,0.02116,0.02127,0.02137,0.02147,0.02148,0.02129,0.02077,0.01968,0.01867,0.01727,0.01561,0.01475,0.01329,0.01286,0.01199,0.01154,0.01171,0.01175,0.01183,0.01184,0.01143,0.01095,0.00984,0.00889,0.00733,0.00658,0.00516,0.00539,0.00458,0.00398,0.00575,0.00567,0.00567,0.00751,0.00737,0.00711,0.00755,0.00675,0.00579,0.00465,0.00326,0.00174,0.00012,-0.00162,-0.00345,-0.00527,-0.00696,-0.00851,-0.00983,-0.01079,-0.01133,-0.01138,-0.0092,-0.00816,-0.00678,-0.00513,-0.00333,-0.00148,0.00033,0.002,0.00346,0.00471,0.00578,0.00673,0.00772,0.00886,0.01028,0.01203,0.0141,0.01641,0.01885,0.02057,0.02263,0.02435,0.02566,0.02652,0.02696,0.02707,0.02544,0.02528,0.02516,0.02517,0.02534,0.02381,0.02414,0.02448,0.02476,0.02239,0.02233,0.02218,0.01907,0.0189,0.01885,0.01611,0.01653,0.01721,0.01546,0.01659,0.0154,0.01682,0.01605,0.01769,0.01942,0.0191,0.01887,0.02071,0.02019,0.02184,0.02059,0.02193,0.02007,0.01797,0.01954,0.01814,0.01742,0.01758,0.02094,0.02241,0.02448,0.02706,0.02993,0.03298,0.036,0.03885,0.04132,0.04326,0.04459,0.0453,0.04545,0.04517,0.04404,0.04351,0.04291,0.04237,0.04178,0.04169,0.04157,0.04183,0.04199,0.04204,0.04164,0.04123,0.03976,0.03862,0.03601,0.03424,0.03232,0.0289,0.02689,0.02497,0.022,0.02049,0.01922,0.01746,0.01677,0.01634,0.01618,0.01589,0.01616,0.01658,0.0171,0.01761,0.01803,0.01825,0.01816,0.01718,0.0163,0.01497
140.625 -179.22469,-178.44703,-177.66748,-176.88613,-176.10341,-175.31966,-174.53517,-173.75021,-172.96509,-172.24248,-171.44831,-170.65481,-169.86238,-169.07125,-168.29777,-167.50068,-166.70578,-165.91339,-165.10173,-164.30594,-163.51371,-162.67378,-161.88023,-161.0911,-160.22566,-159.4373,-158.65447,-157.76667,-156.98689,-156.08217,-155.30681,-154.38667,-153.61733,-152.68344,-151.73713,-150.97602,-150.01865,-149.2676,-148.30106,-147.32445,-146.33828,-145.60553,-144.61456,-143.61578,-142.60978,-141.59723,-140.5789,-139.55549,-138.8695,-137.84997,-137.49653,-136.46256,-135.42659,-134.38951,-133.35219,-132.31547,-131.28021,-130.85377,-129.81117,-128.77208,-127.73734,-127.27478,-126.237,-125.20578,-124.71855,-123.68749,-123.18446,-122.15554,-121.13653,-120.61262,-119.59899,-119.06158,-118.05535,-117.50532,-116.50857,-115.94696,-115.37732,-114.38955,-113.80972,-112.83618,-112.24738,-111.65118,-110.69337,-110.08985,-109.47938,-108.54119,-107.92517,-107.30274,-106.38785,-105.76174,-105.12981,-104.49221,-103.60795,-102.96911,-102.3253,-101.67669,-101.02346,-100.18152,-99.53011,-98.87486,-98.21599,-97.5537,-96.88823,-96.2198,-95.44491,-94.78249,-94.11794,-93.45151,-92.78344,-92.11397,-91.44337,-90.77188,-90.09975,-89.42726,-88.75465,-88.08219,-87.41013,-86.73874,-86.06826,-85.39895,-84.73107,-84.06486,-83.40056,-82.73842,-81.95224,-81.2842,-80.61914,-79.95731,-79.29891,-78.64416,-77.99327,-77.14047,-76.48791,-75.83999,-75.19688,-74.55876,-73.66402,-73.02731,-72.39628,-71.77107,-70.84606,-70.22469,-69.60975,-68.66172,-68.05248,-67.45021,-66.48297,-65.88814,-65.30071,-64.31819,-63.73989,-63.16931,-62.17544,-61.61548,-60.6105,-60.06225,-59.04818,-58.51265,-57.4915,-56.96963,-55.94352,-55.43608,-54.40698,-53.3695,-52.8846,-51.84737,-50.80391,-50.34383,-49.30382,-48.25983,-47.21263,-46.78889,-45.74944,-44.70887,-43.66803,-42.62776,-41.58901,-40.55254,-39.51912,-38.48955,-37.4646,-36.44502,-35.43159,-34.42501,-33.42588,-32.69441,-31.69944,-30.71371,-29.73779,-28.98718,-28.01991,-27.06392,-26.30198,-25.35749,-24.58751,-23.65639,-22.88006,-21.96401,-21.18272,-20.28327,-19.49868,-18.61731,-17.83099,-17.03973,-16.18232,-15.39136,-14.5965,-13.76605,-12.97372,-12.17836,-11.37737,-10.58644,-9.79342,-8.9989,-8.2029,-7.44977,-6.66126,-5.87222,-5.08295,-4.29392,-3.50532,-2.71737,-1.93037,-1.14462,-0.36038,0.42186,1.20196,1.97971,2.75485,3.52712,4.29628,5.06207,5.82403,6.58217,7.33627,8.08611,8.83149,9.80666,10.54963,11.28734,12.01969,12.74654,13.74156,14.46329,15.17889,16.1863,16.89497,17.59698,18.61343,19.30711,19.99368,21.01592,21.69261,22.72034,23.38633,24.41824,25.07257,26.10706,26.74888,27.78409,28.41255,29.44727,30.48607,31.0945,32.13035,33.16872,34.20892,34.78804,35.82216,36.8569,37.89165,38.92587,39.95895,40.9903,42.0195,43.04605,44.06944,45.08914,46.10464,47.11546,48.12109,49.12111,49.67647,50.67475,51.66629,52.6507,53.22437,54.20443,54.78758,55.76211,56.72781,57.32194,58.2803,58.88211,59.83211,60.44091,61.38149,61.99659,62.92675,63.54742,64.46618,65.09169,65.99814,66.62777,67.26203,68.15406,68.79141,69.43306,70.30874,70.95245,71.60008,72.45762,73.10628,73.75846,74.59622,75.24843,75.90375,76.56207,77.2233,78.0316,78.69122,79.35332,80.01776,80.68444,81.45903,82.12252,82.7878,83.45475,84.12324,84.79313,85.4643,86.13662,86.80994,87.48414,88.15907,88.85727,89.52573,90.19451,90.86347,91.53246,92.20137,92.87004,93.56843,94.24374,94.91841,95.59228,96.26522,96.93711,97.6078,98.27716,98.94505,99.61137,100.27596,101.05183,101.71978,102.38558,103.0491,103.71021,104.36881,105.18322,105.84327,106.50038,107.15443,107.99454,108.64872,109.29942,109.94656,110.80946,111.45541,112.0974,112.97813,113.61789,114.51326,115.15005,115.78222,116.69233,117.3205,118.2431,118.86649,119.48469,120.41857,121.03109,121.97512,122.92957,123.53432,124.4973,125.09438,126.06474,126.65344,127.63008,128.61506,129.19172,130.18118,131.17785,132.18129,132.73957,133.74474,134.75552,135.77159,136.79235,137.81729,138.84584,139.36411,140.38917,140.91191,141.94856,142.9868,144.02596,145.06554,146.10499,147.14393,147.72565,148.77064,149.8134,150.85341,151.46422,152.50709,153.13238,154.17659,155.21555,155.85944,156.89708,157.55335,158.58843,159.25624,160.28672,160.96506,161.65075,162.67732,163.3723,164.39057,165.09363,165.80325,166.5193,167.52785,168.25009,168.97819,169.71201,170.70516,171.44277,172.1854,172.93294,173.68527,174.65381,175.40696,176.16398,176.92463,177.6888,178.45628,179.2267,179.9998 0.01142,0.00921,0.0066,0.00361,0.00025,-0.00346,-0.00746,-0.01173,-0.01619,-0.02071,-0.02539,-0.02999,-0.03443,-0.0386,-0.04233,-0.04565,-0.04852,-0.05087,-0.05215,-0.05341,-0.05421,-0.05375,-0.05373,-0.05345,-0.05205,-0.05151,-0.05097,-0.04974,-0.04947,-0.04892,-0.04908,-0.04933,-0.04976,-0.05051,-0.05133,-0.0516,-0.05198,-0.0517,-0.05114,-0.0498,-0.0476,-0.04608,-0.04288,-0.03908,-0.03492,-0.03058,-0.02634,-0.02243,-0.02193,-0.01901,-0.01629,-0.01411,-0.01236,-0.01079,-0.00913,-0.00714,-0.00467,-0.00161,0.00156,0.00509,0.0088,0.01252,0.01617,0.01954,0.02311,0.02578,0.02904,0.03063,0.0314,0.03366,0.03327,0.03503,0.034,0.03558,0.03447,0.03605,0.03766,0.03653,0.03794,0.03649,0.03743,0.03813,0.03599,0.03623,0.03634,0.03434,0.03448,0.0347,0.03376,0.03434,0.03506,0.0359,0.03581,0.03667,0.03753,0.03838,0.03921,0.03813,0.03859,0.03899,0.03931,0.03953,0.03969,0.03983,0.03726,0.03769,0.0384,0.03942,0.04073,0.04223,0.04378,0.04526,0.04652,0.04746,0.04799,0.04811,0.04785,0.04736,0.04676,0.04619,0.04575,0.04549,0.04538,0.04539,0.04827,0.04836,0.04842,0.04845,0.04841,0.04829,0.04802,0.04921,0.04836,0.04724,0.04577,0.04391,0.04272,0.04011,0.03714,0.03382,0.03154,0.02782,0.0239,0.02119,0.01709,0.01298,0.00971,0.00564,0.00173,-0.00175,-0.0052,-0.00827,-0.01087,-0.01305,-0.01448,-0.01567,-0.01576,-0.01612,-0.01514,-0.01497,-0.01352,-0.01319,-0.01197,-0.01126,-0.01148,-0.01187,-0.01303,-0.01401,-0.01599,-0.01821,-0.02038,-0.02122,-0.02286,-0.02404,-0.02471,-0.02495,-0.02485,-0.02453,-0.02407,-0.02349,-0.02279,-0.02193,-0.02089,-0.01965,-0.01828,-0.01679,-0.01546,-0.01417,-0.01299,-0.01166,-0.01064,-0.00971,-0.00819,-0.00723,-0.00553,-0.00453,-0.00273,-0.00178,-0.0,0.00084,0.00254,0.00328,0.00491,0.00649,0.00707,0.00847,0.00972,0.01,0.0109,0.01154,0.01152,0.01179,0.01181,0.0116,0.0112,0.01082,0.01023,0.00956,0.00886,0.00816,0.0075,0.00691,0.0064,0.00596,0.00559,0.00528,0.00502,0.00479,0.0046,0.00445,0.00437,0.00438,0.0045,0.00476,0.00517,0.00573,0.00644,0.00655,0.00751,0.00856,0.00964,0.01075,0.01123,0.01233,0.01341,0.01389,0.01492,0.0159,0.01631,0.01714,0.01784,0.01794,0.01832,0.01807,0.01813,0.01755,0.01746,0.01676,0.01682,0.01637,0.01689,0.017,0.01742,0.01884,0.01981,0.02091,0.02203,0.02377,0.02461,0.02521,0.02557,0.02573,0.02577,0.02578,0.02581,0.02591,0.02606,0.0262,0.02621,0.02591,0.02511,0.02369,0.02216,0.01997,0.01735,0.01461,0.01338,0.01122,0.0107,0.00963,0.00928,0.00982,0.01027,0.01097,0.01155,0.01193,0.01203,0.01184,0.01139,0.01075,0.01024,0.0096,0.0096,0.00931,0.00913,0.00999,0.01009,0.01016,0.01079,0.01064,0.01031,0.00977,0.00896,0.00797,0.00644,0.00517,0.00382,0.0024,0.00094,-0.00059,-0.00199,-0.00336,-0.00465,-0.00579,-0.00596,-0.00637,-0.00642,-0.00607,-0.00533,-0.00426,-0.00291,-0.00139,0.00023,0.00184,0.00335,0.0061,0.00706,0.00779,0.00836,0.00883,0.00936,0.01007,0.01031,0.01171,0.01352,0.01571,0.01819,0.0208,0.02336,0.02572,0.02769,0.02918,0.03012,0.02993,0.03,0.02979,0.02946,0.02918,0.02909,0.02878,0.0292,0.02984,0.03062,0.03031,0.03093,0.03142,0.03176,0.0299,0.02993,0.02997,0.02758,0.0279,0.02575,0.02661,0.02772,0.0262,0.02764,0.02629,0.02783,0.02934,0.02818,0.02968,0.02891,0.02849,0.03,0.02972,0.03104,0.03045,0.03149,0.03049,0.02933,0.03037,0.02959,0.02933,0.02975,0.03202,0.03356,0.03565,0.0381,0.04072,0.04334,0.04572,0.04814,0.04969,0.04914,0.04998,0.05022,0.04997,0.04938,0.04863,0.04781,0.04702,0.04616,0.04533,0.04462,0.04378,0.04341,0.04283,0.04283,0.04296,0.04251,0.04236,0.04157,0.04065,0.03924,0.03741,0.03539,0.03325,0.03066,0.02835,0.02603,0.02392,0.02202,0.02037,0.0193,0.01818,0.01732,0.0167,0.01705,0.01679,0.01666,0.01667,0.01676,0.0174,0.01734,0.01722,0.01696,0.01647,0.01572,0.01466,0.01323
146.25 -179.55923,-178.80888,-178.05666,-177.30282,-176.5476,-175.79127,-175.03385,-174.27583,-173.51749,-172.75907,-172.00084,-171.24302,-170.52665,-169.76161,-168.99789,-168.23572,-167.47537,-166.71428,-165.94959,-165.18742,-164.39872,-163.63397,-162.87275,-162.05858,-161.29664,-160.53909,-159.702,-158.94556,-158.0912,-157.33724,-156.58926,-155.71686,-154.97333,-154.08702,-153.18862,-152.45054,-151.54046,-150.81061,-149.89053,-148.96026,-148.2417,-147.30403,-146.35757,-145.40281,-144.70315,-143.74498,-142.7801,-141.80906,-140.83254,-139.85118,-138.86565,-137.87662,-136.8848,-135.89088,-134.89554,-133.8996,-132.90382,-131.90894,-130.9157,-130.5031,-129.50349,-128.50728,-128.06972,-127.06982,-126.07534,-125.61429,-124.61894,-123.63089,-123.14832,-122.16229,-121.66585,-120.6836,-120.17399,-119.19729,-118.67533,-117.706,-117.17252,-116.21243,-115.66834,-114.71924,-114.16558,-113.22916,-112.66699,-112.09794,-111.17529,-110.59916,-110.01653,-109.11111,-108.52294,-107.92873,-107.04384,-106.44572,-105.84208,-105.23301,-104.37495,-103.76412,-103.14847,-102.52814,-101.9033,-101.08236,-100.45845,-99.83071,-99.1993,-98.56441,-97.92623,-97.15708,-96.52308,-95.88652,-95.2476,-94.60655,-93.96356,-93.31887,-92.67269,-92.02525,-91.37677,-90.72748,-90.07763,-89.42743,-88.77713,-88.12695,-87.47714,-86.82792,-86.17953,-85.53219,-84.88614,-84.2416,-83.59878,-82.95791,-82.31921,-81.68287,-81.04911,-80.26953,-79.63168,-78.99714,-78.36609,-77.73873,-77.11521,-76.49571,-75.6598,-75.04,-74.42488,-73.81457,-72.94668,-72.33829,-71.73531,-71.13787,-70.24343,-69.65003,-69.06268,-68.14793,-67.56624,-66.99106,-66.05943,-65.49143,-64.93031,-63.98527,-63.43279,-62.47528,-61.9325,-60.96428,-60.4322,-59.90769,-58.93462,-58.42189,-57.44243,-56.45305,-55.95832,-54.96546,-54.48471,-53.49018,-52.4886,-52.02953,-51.0292,-50.02378,-49.58829,-48.58699,-47.58247,-47.17211,-46.17434,-45.1752,-44.17547,-43.17588,-42.17729,-41.18036,-40.18579,-39.19431,-38.2066,-37.22335,-36.24529,-35.27302,-34.30711,-33.34812,-32.6454,-31.69032,-30.74381,-30.02561,-29.08602,-28.15638,-27.42611,-26.50605,-25.5972,-24.85866,-23.96191,-23.21718,-22.33401,-21.58437,-20.71624,-19.9633,-19.11148,-18.35653,-17.59671,-16.76644,-16.00653,-15.24279,-14.43679,-13.67481,-12.90976,-12.13037,-11.36884,-10.60532,-9.83986,-9.09619,-8.33651,-7.57574,-6.81414,-6.05221,-5.29,-4.52777,-3.84873,-3.0958,-2.34362,-1.59246,-0.84274,-0.0945,0.65201,1.39655,2.13889,2.87881,3.6159,4.35006,5.08114,5.99602,6.72762,7.45543,8.17909,8.89852,9.61359,10.32416,11.26983,11.97724,12.67953,13.37646,14.33726,15.029,15.71494,16.395,17.36603,18.03911,19.01841,19.68342,20.3418,21.32603,21.97521,22.96453,23.60357,24.59624,25.22439,26.21935,26.83588,27.83168,28.4359,29.43106,30.42983,31.01546,32.01166,33.01031,34.01092,34.56962,35.5646,36.56013,37.55585,38.55131,39.07226,40.05885,41.04391,42.02697,43.00745,43.98504,44.48977,45.46945,46.44513,47.41635,48.38268,49.34373,49.879,50.83822,51.79114,52.73742,53.28942,54.2316,54.79235,55.72944,56.65836,57.22935,58.15159,58.72974,59.6443,60.22895,61.13491,61.72549,62.62196,63.21782,64.10393,64.70441,65.57934,66.1838,66.79262,67.65456,68.26645,69.11531,69.72963,70.34775,71.18083,71.80047,72.42357,73.05005,73.86305,74.48986,75.1197,75.75247,76.54272,77.17465,77.80912,78.44605,79.21116,79.84609,80.4831,81.12207,81.76289,82.40545,83.04964,83.77212,84.41238,85.05388,85.69651,86.34014,86.98465,87.62993,88.27586,88.92232,89.56918,90.21632,90.86363,91.51097,92.15824,92.80529,93.45202,94.0983,94.74401,95.38902,96.03323,96.67651,97.31874,97.9598,98.68317,99.32832,99.97192,100.61385,101.25399,101.89224,102.52848,103.29515,103.93354,104.56955,105.20306,105.83397,106.62979,107.26141,107.89006,108.51565,109.33389,109.95902,110.58073,111.41659,112.03691,112.65347,113.5054,114.11966,114.72982,115.59616,116.20309,117.08157,117.6846,118.57445,119.17297,119.76665,120.6667,121.25496,122.16423,122.74643,123.664,124.5906,125.16436,126.09778,126.66387,127.60315,128.5501,129.105,130.05611,131.01389,131.97801,132.51605,133.48208,134.45341,135.42965,136.41034,136.92316,137.90238,138.88499,139.87059,140.85861,141.8485,142.83984,143.36326,144.36339,145.36397,146.36432,147.3638,147.92492,148.92977,149.93259,150.93306,151.52101,152.52382,153.12508,154.12901,155.12825,155.74687,156.74513,157.3752,158.37089,159.01168,160.00347,160.65425,161.31185,162.30054,162.96684,163.94795,164.62198,165.30226,166.27526,166.96191,167.65423,168.35211,169.31282,170.01526,170.72271,171.435,172.15198,173.09314,173.81196,174.53487,175.26176,175.9923,176.72629,177.46352,178.20378,178.94685,179.69254 0.01163,0.00948,0.00706,0.00438,0.00142,-0.00181,-0.00531,-0.00903,-0.01299,-0.01712,-0.02137,-0.02569,-0.03002,-0.03436,-0.03851,-0.0424,-0.04595,-0.04913,-0.05173,-0.05384,-0.05514,-0.05618,-0.05677,-0.05633,-0.05617,-0.05577,-0.05437,-0.05374,-0.05222,-0.05166,-0.05112,-0.0501,-0.04973,-0.04929,-0.0493,-0.04909,-0.04953,-0.04917,-0.04969,-0.05003,-0.04928,-0.04902,-0.04815,-0.04658,-0.04533,-0.04305,-0.04026,-0.0371,-0.03375,-0.0304,-0.02724,-0.02442,-0.02198,-0.01987,-0.01796,-0.01605,-0.01398,-0.01162,-0.00892,-0.00673,-0.00356,-0.00016,0.00265,0.00625,0.00971,0.01277,0.01579,0.01825,0.02101,0.0225,0.0249,0.02527,0.02722,0.02668,0.02828,0.02739,0.02889,0.02812,0.02964,0.02908,0.0305,0.02994,0.03107,0.03203,0.03105,0.03162,0.03205,0.03104,0.03135,0.03164,0.03121,0.03168,0.03223,0.03286,0.03307,0.03375,0.0344,0.03498,0.03548,0.03483,0.03493,0.03492,0.03486,0.03475,0.03463,0.0322,0.03199,0.0319,0.03202,0.03243,0.03317,0.03426,0.03565,0.03725,0.03892,0.04053,0.0419,0.04291,0.04347,0.04356,0.04322,0.04257,0.04179,0.04101,0.04036,0.0399,0.03964,0.03954,0.03955,0.03965,0.0398,0.04301,0.04315,0.04322,0.04316,0.0429,0.04236,0.04148,0.04251,0.04068,0.03837,0.03555,0.03423,0.03064,0.02674,0.02262,0.02047,0.01628,0.01211,0.01003,0.00607,0.00229,0.00012,-0.0033,-0.0064,-0.00864,-0.01114,-0.01315,-0.01485,-0.01614,-0.01701,-0.01749,-0.01741,-0.01727,-0.01637,-0.0151,-0.01456,-0.01327,-0.01291,-0.01221,-0.01215,-0.01251,-0.01344,-0.01492,-0.01567,-0.01747,-0.01929,-0.01967,-0.02115,-0.0224,-0.0234,-0.02417,-0.02474,-0.0251,-0.02523,-0.02508,-0.0246,-0.02375,-0.02257,-0.02113,-0.01954,-0.01797,-0.0172,-0.01589,-0.01489,-0.01418,-0.01354,-0.01312,-0.01215,-0.01169,-0.01118,-0.00968,-0.00891,-0.00717,-0.00626,-0.00449,-0.0036,-0.00191,-0.00114,0.00044,0.00201,0.0026,0.0041,0.00557,0.00599,0.00732,0.00852,0.00873,0.00964,0.01034,0.01079,0.0105,0.01055,0.01037,0.00999,0.00947,0.00885,0.00821,0.00761,0.00715,0.0068,0.00658,0.00649,0.00652,0.00664,0.00683,0.00706,0.00731,0.00758,0.00786,0.00816,0.00743,0.00786,0.00838,0.00899,0.00971,0.01051,0.01139,0.01168,0.0127,0.01373,0.01475,0.01522,0.01622,0.01717,0.01807,0.01841,0.01918,0.01935,0.01992,0.02037,0.02013,0.02033,0.01982,0.01988,0.01928,0.01941,0.019,0.01943,0.01949,0.02038,0.02102,0.02194,0.02345,0.02464,0.02582,0.02682,0.02793,0.02839,0.02854,0.02847,0.02828,0.02828,0.02817,0.02829,0.02866,0.02925,0.02991,0.02975,0.03008,0.02996,0.02921,0.02769,0.02538,0.0235,0.02039,0.01705,0.01387,0.01216,0.00988,0.00895,0.00803,0.00799,0.00832,0.00924,0.00992,0.01106,0.01158,0.01229,0.01234,0.01239,0.01201,0.01168,0.0112,0.01091,0.01064,0.01052,0.01049,0.01057,0.01034,0.01038,0.01036,0.0095,0.00921,0.00877,0.00818,0.00684,0.00611,0.00527,0.00433,0.00347,0.00248,0.0014,0.00023,-0.00031,-0.0014,-0.00234,-0.00303,-0.00339,-0.00336,-0.00292,-0.00074,0.00055,0.00208,0.00374,0.00543,0.00702,0.00842,0.00957,0.01044,0.01104,0.01144,0.01173,0.01205,0.01252,0.01326,0.01437,0.01588,0.01778,0.01999,0.0224,0.02484,0.02716,0.02917,0.02996,0.03114,0.03175,0.03182,0.03146,0.03082,0.03006,0.02951,0.02917,0.02915,0.02949,0.03018,0.03144,0.03252,0.03363,0.03465,0.0352,0.03577,0.03617,0.03544,0.03567,0.036,0.03506,0.03587,0.03697,0.03649,0.03803,0.03735,0.03889,0.03768,0.03888,0.03984,0.03806,0.03865,0.0371,0.03758,0.03663,0.03609,0.03671,0.03631,0.03675,0.03615,0.0354,0.03559,0.03494,0.03471,0.0351,0.0359,0.03735,0.03939,0.04182,0.04442,0.04593,0.04829,0.05023,0.05155,0.05216,0.05204,0.05132,0.05109,0.04999,0.0489,0.04802,0.04742,0.04746,0.04709,0.04689,0.04686,0.0465,0.04666,0.04614,0.04663,0.04738,0.04673,0.04741,0.04633,0.0465,0.04477,0.0442,0.04181,0.03925,0.0379,0.03509,0.03381,0.03111,0.02861,0.02805,0.02604,0.02435,0.02294,0.02381,0.02292,0.02222,0.02164,0.02113,0.02262,0.022,0.02134,0.02062,0.01981,0.01889,0.01783,0.0166,0.01517,0.01352
151.875 -179.73271,-179.01553,-178.29648,-177.57588,-176.85396,-176.13092,-175.40698,-174.68229,-174.03409,-173.30063,-172.5672,-171.83405,-171.10136,-170.36942,-169.63833,-168.92993,-168.19329,-167.4584,-166.72545,-165.98361,-165.24716,-164.51337,-163.74652,-163.01076,-162.2785,-161.48865,-160.75616,-160.02799,-159.21748,-158.49071,-157.66456,-156.9404,-156.09973,-155.37957,-154.52559,-153.8106,-152.94461,-152.23594,-151.35935,-150.47266,-149.77279,-148.87778,-147.97379,-147.28574,-146.37585,-145.45828,-144.78548,-143.8647,-142.93769,-142.00487,-141.06688,-140.12427,-139.17764,-138.22759,-137.27473,-136.31969,-135.36303,-134.4055,-133.44777,-132.4905,-132.10774,-131.14296,-130.18028,-129.2203,-128.26377,-127.84119,-126.8815,-125.92695,-125.48287,-124.52766,-124.06977,-123.11543,-122.16891,-121.69234,-120.74925,-120.26056,-119.32252,-118.82236,-117.89103,-117.38014,-116.45712,-115.93634,-115.02316,-114.49339,-113.95696,-113.05372,-112.50948,-111.95885,-111.06871,-110.51157,-109.63703,-109.07443,-108.50613,-107.93218,-107.07741,-106.49981,-105.91705,-105.08428,-104.49935,-103.90978,-103.31569,-102.7172,-101.91707,-101.31881,-100.71675,-100.11104,-99.50182,-98.74148,-98.13493,-97.52552,-96.91342,-96.29882,-95.68189,-95.06282,-94.44181,-93.81904,-93.19471,-92.51967,-91.90266,-91.28476,-90.66616,-90.04705,-89.42765,-88.80816,-88.18877,-87.56968,-86.95111,-86.33324,-85.71629,-85.10044,-84.40706,-83.78439,-83.16349,-82.54455,-81.92775,-81.31329,-80.70135,-80.0921,-79.48572,-78.71568,-78.10671,-77.50124,-76.89944,-76.30144,-75.70738,-74.89365,-74.29992,-73.71071,-73.12614,-72.2841,-71.7018,-71.12467,-70.55279,-69.68738,-69.11965,-68.55762,-67.67422,-67.11776,-66.56739,-65.66908,-65.12561,-64.21396,-63.67843,-63.14953,-62.22822,-61.70843,-60.77749,-60.26768,-59.32871,-58.8297,-57.88435,-57.39686,-56.44679,-55.97152,-55.01823,-54.05728,-53.60093,-52.63942,-52.19694,-51.23642,-50.27103,-49.85015,-48.88831,-47.92326,-46.95569,-46.56622,-45.60551,-44.64394,-43.68217,-42.72097,-41.76092,-40.80266,-39.84684,-38.89409,-37.94502,-37.00032,-36.0605,-35.1261,-34.19765,-33.52542,-32.59969,-31.68142,-30.77109,-30.08083,-29.17679,-28.28189,-27.5803,-26.69417,-25.81828,-25.10888,-24.24397,-23.52852,-22.67591,-21.95575,-21.11678,-20.39321,-19.56904,-18.8432,-18.11266,-17.30793,-16.57702,-15.84226,-15.05943,-14.32585,-13.58915,-12.83039,-12.09668,-11.36065,-10.62257,-9.89617,-9.16294,-8.42842,-7.69302,-6.9568,-6.2733,-5.54426,-4.81513,-4.08612,-3.35763,-2.62982,-1.90283,-1.1769,-0.45226,0.27087,0.99216,1.71141,2.42851,3.14326,3.85546,4.5649,5.27142,5.97469,6.67459,7.37102,8.06382,8.96142,9.65275,10.33984,11.02242,11.7005,12.61706,13.2914,13.96071,14.62491,15.5536,16.21221,16.86526,17.80249,18.44882,19.08923,20.03246,20.66487,21.61362,22.23737,23.19066,23.80496,24.76148,25.36561,26.3238,26.91702,27.876,28.4578,29.41628,30.37828,30.9429,31.90226,32.86393,33.40979,34.36728,35.32595,36.28535,37.24496,38.20431,38.70924,39.66061,40.61076,41.55931,42.50578,43.44977,44.39081,45.32855,45.82199,46.76077,47.69528,48.62518,49.55012,50.06663,50.9898,51.90704,52.81805,53.34992,54.25709,54.79707,55.69949,56.59436,57.14384,58.03255,58.58873,59.47043,60.03275,60.90658,61.47448,62.33962,62.91249,63.76818,64.34549,65.19099,65.77213,66.60674,67.19114,67.77944,68.60126,69.19202,69.78639,70.59394,71.18995,71.78928,72.58116,73.18131,73.78447,74.39055,75.16255,75.76841,76.37686,76.98783,77.73768,78.34738,78.95925,79.5732,80.18914,80.80696,81.52394,82.13899,82.75558,83.3736,83.99296,84.61356,85.23528,85.85802,86.48168,87.14498,87.76371,88.38302,89.00279,89.62292,90.2433,90.86382,91.48438,92.10487,92.72518,93.3452,93.96483,94.58395,95.24766,95.87186,96.49522,97.11762,97.73896,98.35914,98.97805,99.59559,100.21166,100.82615,101.5488,102.16597,102.78121,103.39444,104.00555,104.75711,105.36963,105.97968,106.5872,107.36129,107.96917,108.57417,109.1762,109.97056,110.57189,111.16995,111.98027,112.5768,113.16975,113.99461,114.5852,115.17191,116.00979,116.59335,117.44233,118.02213,118.59759,119.45694,120.02785,120.89642,121.4622,122.33919,122.89922,123.7838,124.67678,125.229,126.12827,126.67329,127.57793,128.48969,129.02428,129.93989,130.86177,131.78968,132.3089,133.23861,134.17333,135.11264,136.05623,136.55224,137.4949,138.44083,139.38962,140.34077,141.29395,142.24874,143.20491,143.71226,144.67636,145.64043,146.60411,147.56699,148.10907,149.07703,150.04289,151.00623,151.57305,152.53862,153.11782,154.08473,155.04709,155.64231,156.60369,157.20961,158.16899,158.785,159.74084,160.36614,161.31712,161.95092,162.5909,163.53759,164.18499,164.83817,165.77749,166.43684,167.10155,168.03113,168.70081,169.37539,170.05475,170.73877,171.65262,172.33942,173.03032,173.72515,174.42376,175.12599,175.83166,176.71575,177.42089,178.12881,178.83932,179.55221 0.01345,0.01076,0.00796,0.00508,0.00211,-0.00095,-0.00412,-0.00739,-0.01047,-0.01409,-0.01782,-0.02166,-0.02555,-0.02946,-0.03333,-0.03766,-0.04137,-0.0448,-0.04789,-0.05118,-0.05338,-0.05508,-0.0566,-0.05731,-0.0576,-0.05754,-0.0572,-0.05669,-0.05576,-0.05507,-0.05384,-0.0531,-0.05175,-0.05095,-0.04967,-0.04873,-0.04777,-0.04671,-0.04627,-0.04629,-0.04534,-0.04578,-0.04627,-0.0454,-0.04571,-0.04563,-0.04479,-0.0442,-0.0431,-0.04152,-0.03952,-0.03721,-0.03472,-0.03213,-0.02954,-0.02696,-0.02438,-0.02172,-0.01896,-0.01609,-0.01439,-0.01156,-0.00868,-0.00577,-0.0029,-0.00081,0.00218,0.00498,0.00748,0.00992,0.01244,0.01418,0.01524,0.01736,0.01757,0.01939,0.01896,0.02054,0.01992,0.02146,0.02109,0.02269,0.0227,0.02427,0.02576,0.02583,0.02704,0.02808,0.02787,0.02859,0.02839,0.02891,0.02936,0.02979,0.0297,0.03019,0.03072,0.03086,0.03151,0.03216,0.03276,0.03325,0.03289,0.03294,0.03279,0.03248,0.03204,0.02992,0.02922,0.02855,0.02797,0.02751,0.02722,0.02717,0.0274,0.02798,0.02893,0.02743,0.02887,0.03048,0.03208,0.03354,0.03468,0.03538,0.03558,0.03531,0.03464,0.03374,0.03279,0.03192,0.03413,0.03372,0.03349,0.03341,0.03343,0.03352,0.03364,0.03374,0.03378,0.03699,0.03677,0.0363,0.03549,0.03428,0.0326,0.03342,0.03065,0.02738,0.02367,0.02222,0.01793,0.01352,0.00911,0.00739,0.0033,-0.00053,-0.0017,-0.00492,-0.00775,-0.00865,-0.01088,-0.01196,-0.01362,-0.01487,-0.01586,-0.01654,-0.01725,-0.01743,-0.0176,-0.0174,-0.0169,-0.01647,-0.01548,-0.01502,-0.01395,-0.01307,-0.01304,-0.01284,-0.01317,-0.01369,-0.01466,-0.01522,-0.01641,-0.01766,-0.01891,-0.01909,-0.02017,-0.02122,-0.02224,-0.02318,-0.02393,-0.02438,-0.02441,-0.02399,-0.0231,-0.02183,-0.02032,-0.01875,-0.01733,-0.01685,-0.01589,-0.01538,-0.01533,-0.01511,-0.01538,-0.01574,-0.01515,-0.01517,-0.01488,-0.01359,-0.01278,-0.01117,-0.01006,-0.00838,-0.00724,-0.00566,-0.00467,-0.00326,-0.00188,-0.00113,0.00017,0.00149,0.00214,0.00342,0.0047,0.00523,0.00633,0.00733,0.00817,0.00809,0.00854,0.00879,0.00885,0.00875,0.00812,0.008,0.00789,0.00783,0.00785,0.00799,0.00823,0.00857,0.009,0.00947,0.00996,0.01042,0.01084,0.0112,0.0115,0.01174,0.01195,0.01215,0.01237,0.01263,0.01294,0.0127,0.01328,0.01392,0.0146,0.01532,0.01591,0.01674,0.01755,0.01835,0.01907,0.01985,0.02059,0.0211,0.02173,0.02229,0.02235,0.0227,0.02239,0.02256,0.02202,0.02215,0.02165,0.02194,0.02178,0.0224,0.02277,0.02376,0.02463,0.02568,0.02694,0.02799,0.02885,0.02953,0.02977,0.02964,0.0292,0.02859,0.02799,0.02736,0.0271,0.02725,0.02784,0.02879,0.02992,0.03101,0.03177,0.03187,0.03165,0.03066,0.02889,0.02649,0.02454,0.02149,0.01848,0.01579,0.0137,0.01188,0.01041,0.00985,0.0101,0.00985,0.01107,0.0113,0.01286,0.01313,0.01434,0.01424,0.01475,0.01416,0.014,0.01313,0.01261,0.01175,0.0111,0.01042,0.00991,0.00918,0.00879,0.00852,0.00766,0.0074,0.00716,0.00647,0.00631,0.00615,0.00599,0.00615,0.00599,0.00569,0.00518,0.00541,0.00449,0.00341,0.00227,0.00122,0.00037,0.0009,0.00081,0.00118,0.00202,0.00326,0.00482,0.00659,0.00843,0.01021,0.01326,0.0146,0.01564,0.01636,0.01681,0.01709,0.01732,0.01763,0.01814,0.01894,0.02008,0.02157,0.02335,0.02404,0.02621,0.02833,0.03024,0.03181,0.0329,0.03345,0.03346,0.03297,0.03211,0.03097,0.0299,0.02891,0.02817,0.02774,0.02813,0.02857,0.02933,0.03034,0.03227,0.03344,0.03452,0.03543,0.03663,0.03712,0.03752,0.03799,0.0385,0.03924,0.04005,0.04141,0.04301,0.04415,0.04588,0.04631,0.04754,0.04837,0.04706,0.04699,0.04477,0.04416,0.042,0.04143,0.04007,0.03925,0.03929,0.03888,0.0389,0.03828,0.0374,0.03694,0.03588,0.03512,0.03498,0.03493,0.03599,0.03786,0.04028,0.04296,0.04413,0.04663,0.04867,0.05006,0.05067,0.05051,0.04961,0.0482,0.04799,0.04644,0.04513,0.0443,0.04404,0.04493,0.04534,0.04607,0.04704,0.04775,0.04883,0.04923,0.05052,0.05204,0.05218,0.05375,0.05344,0.05464,0.0536,0.05406,0.05216,0.05182,0.04925,0.04644,0.04549,0.04258,0.03973,0.0391,0.03667,0.03448,0.03478,0.03323,0.03193,0.03088,0.02999,0.03143,0.03067,0.02985,0.02893,0.02787,0.02667,0.02528,0.0249,0.02295,0.02081,0.0185,0.01604
157.5 -179.33379,-178.63835,-177.94135,-177.2429,-176.5432,-175.84256,-175.14119,-174.43929,-173.73705,-173.03458,-172.33216,-171.67915,-170.97001,-170.26162,-169.55417,-168.84789,-168.15485,-167.44378,-166.73461,-166.02751,-165.3041,-164.59418,-163.88703,-163.14093,-162.43232,-161.7272,-160.96027,-160.25528,-159.55454,-158.76895,-158.06984,-157.27006,-156.57367,-155.76069,-155.06829,-154.24324,-153.55591,-152.71996,-152.03868,-151.19308,-150.33822,-149.6653,-148.80285,-147.93216,-147.27034,-146.3942,-145.51096,-144.62104,-143.97699,-143.08491,-142.18741,-141.285,-140.37821,-139.46755,-138.55355,-137.63677,-136.71775,-135.79702,-134.8752,-133.9529,-133.03071,-132.66664,-131.737,-130.80892,-129.88299,-128.95978,-128.55808,-127.63125,-126.70875,-126.28656,-125.36265,-124.44456,-124.00337,-123.08617,-122.63272,-121.71779,-121.2526,-120.34136,-119.43921,-118.95893,-118.06287,-117.57263,-117.07589,-116.18457,-115.67874,-114.79692,-114.28282,-113.41185,-112.89032,-112.36284,-111.50343,-110.96967,-110.43023,-109.58516,-109.04068,-108.49087,-107.66283,-107.10925,-106.55076,-105.98745,-105.18138,-104.61598,-104.04622,-103.4722,-102.69254,-102.11819,-101.5401,-100.95841,-100.37323,-99.62892,-99.0456,-98.45937,-97.87037,-97.27876,-96.68471,-96.08836,-95.3983,-94.80679,-94.21358,-93.61885,-93.02276,-92.4255,-91.82723,-91.22814,-90.62842,-90.02823,-89.42778,-88.82723,-88.22677,-87.62659,-87.02688,-86.4278,-85.82955,-85.2323,-84.63623,-84.04152,-83.44834,-82.85685,-82.15757,-81.56129,-80.96729,-80.37576,-79.78683,-79.20067,-78.61742,-77.86401,-77.27896,-76.69739,-76.11943,-75.54521,-74.97484,-74.18277,-73.61321,-73.048,-72.48724,-71.67004,-71.11183,-70.55852,-69.72179,-69.17236,-68.62823,-67.77462,-67.23563,-66.70231,-65.8346,-65.30765,-64.78663,-63.90758,-63.3941,-62.50429,-61.99918,-61.50042,-60.60412,-60.11468,-59.21112,-58.73172,-57.82236,-57.35364,-56.43996,-55.51819,-55.06588,-54.14207,-53.70208,-52.77766,-51.84761,-51.42677,-50.49846,-49.56612,-49.16582,-48.23738,-47.30638,-46.37343,-46.00283,-45.07677,-44.15024,-43.22394,-42.29834,-41.37406,-40.45168,-39.53176,-38.61486,-37.70163,-36.7925,-35.88799,-34.98858,-34.34492,-33.44722,-32.55604,-31.67179,-30.79481,-30.13057,-29.25938,-28.39661,-27.7218,-26.86708,-26.18482,-25.33942,-24.50405,-23.81588,-22.99173,-22.29902,-21.48725,-20.79107,-19.99273,-19.29407,-18.59102,-17.81025,-17.10639,-16.39876,-15.63784,-14.93086,-14.22092,-13.48187,-12.77412,-12.06402,-11.34856,-10.64203,-9.93383,-9.22431,-8.51352,-7.83604,-7.13102,-6.42543,-5.71945,-5.01352,-4.30764,-3.60203,-2.9819,-2.28475,-1.58846,-0.89323,-0.19945,0.49289,1.1836,1.87248,2.55935,3.24405,3.92629,4.76694,5.45029,6.13068,6.80795,7.48195,8.15246,8.8193,9.48243,10.35529,11.01623,11.67296,12.32537,13.21291,13.86135,14.50502,15.14383,16.04196,16.67541,17.30362,18.20906,18.83071,19.44679,20.35744,20.96604,21.88189,22.48221,23.40179,23.99322,24.91575,25.49766,26.42192,26.99372,27.91843,28.47951,29.40366,30.33118,30.87632,31.80164,32.72919,33.25693,34.18041,35.10508,36.03061,36.95654,37.45314,38.37242,39.29105,40.2086,41.12478,42.03923,42.95159,43.86151,44.76859,45.67249,46.15013,47.0547,47.95519,48.85129,49.74269,50.2415,51.13118,52.01533,52.89368,53.40679,54.28149,55.14964,55.67237,56.53563,57.0651,57.92268,58.45841,59.30953,59.85103,60.69493,61.5304,62.07767,62.62921,63.45651,64.01228,64.83024,65.38971,66.19771,66.76037,67.32672,68.12311,68.69193,69.26419,70.04762,70.62162,71.19879,71.96798,72.54615,73.12722,73.88096,74.4623,75.04625,75.63274,76.36695,76.95277,77.54083,78.13104,78.72333,79.4324,80.02287,80.61511,81.20902,81.80452,82.40152,82.99993,83.67205,84.2671,84.86323,85.46037,86.05842,86.65728,87.25686,87.85706,88.45778,89.05893,89.6604,90.26211,90.86395,91.46582,92.06762,92.66927,93.27065,93.87167,94.47224,95.07225,95.67161,96.27022,96.86798,97.46481,98.06061,98.65528,99.33289,99.93085,100.52737,101.12236,101.71573,102.30739,103.0179,103.61151,104.2031,104.79259,105.3799,106.11597,106.70407,107.28969,107.87273,108.62869,109.21159,109.79162,110.36873,111.14244,111.71845,112.29125,113.07901,113.64995,114.44933,115.01792,115.58284,116.39408,116.95589,117.77726,118.33544,118.88953,119.72031,120.27005,121.10926,121.6541,122.50106,123.04056,123.89453,124.75625,125.28835,126.15586,126.68124,127.5537,128.43276,128.94846,129.83126,130.71992,131.22465,132.11562,133.01161,133.9123,134.81741,135.30192,136.20693,137.11547,138.02717,138.94162,139.85852,140.77759,141.69846,142.62064,143.54368,144.46723,144.96612,145.8963,146.82616,147.7551,148.27943,149.21267,150.14395,151.07308,151.62039,152.55154,153.11026,154.04231,154.97021,155.54394,156.47128,157.05499,157.98024,158.57334,159.49542,160.0973,161.01535,161.62528,162.24096,163.155,163.77772,164.40587,165.31378,165.948,166.5873,167.48634,168.13045,168.77921,169.43261,170.31963,170.9763,171.63707,172.30179,172.97035,173.83852,174.50835,175.18147,175.85772,176.53695,177.219,177.9037,178.59106,179.28072,179.9725 0.01287,0.00982,0.00676,0.00372,0.00068,-0.00234,-0.00536,-0.00838,-0.01143,-0.01452,-0.01763,-0.02108,-0.02446,-0.02785,-0.03125,-0.03458,-0.03891,-0.04209,-0.04501,-0.04762,-0.05101,-0.05278,-0.0541,-0.05584,-0.05625,-0.05633,-0.0567,-0.05632,-0.05588,-0.05558,-0.05505,-0.05435,-0.05369,-0.05248,-0.05154,-0.04981,-0.04846,-0.04651,-0.04489,-0.04322,-0.04215,-0.04076,-0.04057,-0.04095,-0.04012,-0.04098,-0.04186,-0.04258,-0.04213,-0.04259,-0.04268,-0.04234,-0.04155,-0.04031,-0.03863,-0.03651,-0.03396,-0.03102,-0.0277,-0.02408,-0.02036,-0.01834,-0.01498,-0.01192,-0.00927,-0.007,-0.00554,-0.00342,-0.00141,0.00059,0.00256,0.00417,0.00638,0.00749,0.00959,0.01003,0.01194,0.01179,0.0114,0.01303,0.01261,0.01428,0.01596,0.01599,0.0178,0.01828,0.0201,0.0208,0.02242,0.02385,0.02435,0.02545,0.02637,0.0266,0.02726,0.02782,0.02778,0.02822,0.02867,0.02915,0.02904,0.02967,0.03034,0.03098,0.03078,0.03113,0.03123,0.03105,0.03062,0.02865,0.02772,0.02673,0.02576,0.02485,0.02405,0.02339,0.0208,0.02042,0.02029,0.02047,0.021,0.02188,0.02308,0.02452,0.02605,0.02749,0.02869,0.02951,0.02984,0.02968,0.02909,0.02822,0.02723,0.02629,0.0255,0.02493,0.02457,0.02442,0.02733,0.02739,0.02748,0.02754,0.02752,0.02737,0.02702,0.02963,0.02877,0.02754,0.02588,0.02377,0.02117,0.02136,0.0178,0.01389,0.00975,0.0082,0.00384,-0.00036,-0.00182,-0.00548,-0.00869,-0.00925,-0.01162,-0.01346,-0.0134,-0.01455,-0.01526,-0.01526,-0.01561,-0.01596,-0.01607,-0.01605,-0.01656,-0.01648,-0.01681,-0.01669,-0.0166,-0.01643,-0.01589,-0.01511,-0.01501,-0.01432,-0.01451,-0.01422,-0.01429,-0.01492,-0.0154,-0.0161,-0.01681,-0.01751,-0.01825,-0.01902,-0.01953,-0.02033,-0.02122,-0.02214,-0.02296,-0.02352,-0.02368,-0.02337,-0.02262,-0.02153,-0.02027,-0.01902,-0.01801,-0.01713,-0.01662,-0.01662,-0.01711,-0.0179,-0.01761,-0.01843,-0.01904,-0.01841,-0.01839,-0.01737,-0.01667,-0.01561,-0.0141,-0.01275,-0.01114,-0.00975,-0.00822,-0.00691,-0.00555,-0.00426,-0.00311,-0.00196,-0.00085,0.00024,0.00127,0.00229,0.00321,0.00406,0.00486,0.00521,0.0057,0.0061,0.00641,0.00664,0.00609,0.00629,0.00653,0.00685,0.00727,0.0078,0.00842,0.00923,0.01016,0.0111,0.01202,0.01286,0.0136,0.01421,0.01467,0.01498,0.01515,0.0152,0.01467,0.01463,0.01455,0.01449,0.01444,0.01445,0.0145,0.01462,0.01494,0.0153,0.0157,0.01615,0.01709,0.0177,0.01835,0.01902,0.02019,0.02092,0.02166,0.0226,0.02324,0.02381,0.02418,0.02452,0.0244,0.02457,0.02417,0.02432,0.02399,0.0243,0.02434,0.02495,0.02544,0.02628,0.0271,0.028,0.02872,0.02937,0.02974,0.02963,0.02932,0.02867,0.02779,0.02681,0.02576,0.02504,0.02469,0.02481,0.02542,0.02646,0.02775,0.02911,0.03029,0.0311,0.03158,0.03146,0.0307,0.02939,0.02767,0.02622,0.02405,0.02198,0.02017,0.01827,0.01704,0.01635,0.01506,0.01532,0.01462,0.01574,0.01554,0.01711,0.01709,0.01848,0.01952,0.019,0.01828,0.01827,0.01711,0.01651,0.01514,0.01429,0.01292,0.01166,0.01085,0.00976,0.00883,0.00824,0.00755,0.00702,0.00698,0.00679,0.00678,0.00768,0.00799,0.00833,0.00863,0.00997,0.0099,0.00953,0.00885,0.0079,0.008,0.00682,0.00574,0.0049,0.0044,0.00435,0.00477,0.00681,0.00806,0.00963,0.0114,0.01325,0.01505,0.01668,0.01807,0.01918,0.01999,0.02058,0.02097,0.0213,0.02166,0.02218,0.02293,0.02395,0.02525,0.02678,0.02846,0.03017,0.03178,0.03315,0.03416,0.03472,0.03478,0.03425,0.03348,0.03242,0.03118,0.02993,0.0288,0.02785,0.02724,0.02696,0.027,0.02735,0.02835,0.02923,0.03019,0.03115,0.03291,0.03371,0.03435,0.03485,0.03616,0.03664,0.03726,0.03897,0.04015,0.04242,0.04413,0.04593,0.04825,0.04974,0.0509,0.05145,0.05148,0.05032,0.04934,0.0471,0.04578,0.04363,0.04271,0.04141,0.04064,0.04061,0.04019,0.04017,0.03941,0.03828,0.03766,0.03614,0.03481,0.03432,0.03395,0.03455,0.03611,0.03845,0.03995,0.04284,0.04556,0.04779,0.04933,0.05005,0.04994,0.04902,0.04745,0.04545,0.04332,0.04261,0.04107,0.04023,0.04023,0.04116,0.04228,0.04392,0.0459,0.04724,0.04931,0.05042,0.0525,0.05467,0.05553,0.05763,0.05822,0.05991,0.05996,0.06081,0.06006,0.05983,0.05825,0.05629,0.05494,0.05257,0.05008,0.04856,0.04623,0.044,0.04302,0.04127,0.03974,0.03844,0.03827,0.03736,0.03655,0.03577,0.03496,0.03441,0.03328,0.03195,0.03036,0.02852,0.02643,0.02409,0.02153,0.01877,0.01587
163.125 -179.50885,-178.8419,-178.17349,-177.50379,-176.83298,-176.25329,-175.57385,-174.89373,-174.21319,-173.53244,-172.85164,-172.17101,-171.49057,-170.8107,-170.16261,-169.47732,-168.79313,-168.11032,-167.42896,-166.74531,-166.06045,-165.37776,-164.67195,-163.98701,-163.30492,-162.57846,-161.89538,-161.21575,-160.4704,-159.79121,-159.11614,-158.35389,-157.6807,-156.90553,-156.23515,-155.44798,-154.78152,-153.98337,-153.32187,-152.51381,-151.69667,-151.04128,-150.21591,-149.56818,-148.73588,-147.89598,-147.04878,-146.4138,-145.56231,-144.70461,-143.84109,-143.22406,-142.35924,-141.48977,-140.61614,-139.73881,-138.85825,-137.97495,-137.0894,-136.20207,-135.3135,-134.42424,-133.53483,-133.1876,-132.29084,-131.39521,-130.50128,-129.60947,-129.22672,-128.33094,-127.43882,-127.03657,-126.14246,-125.25333,-124.83287,-123.9438,-123.061,-122.62385,-121.74317,-121.29519,-120.41791,-119.95957,-119.08706,-118.61889,-117.75245,-117.27509,-116.41598,-115.93011,-115.07959,-114.58592,-114.0865,-113.24447,-112.73821,-111.90771,-111.39542,-110.87781,-110.06005,-109.53748,-109.0099,-108.20733,-107.67591,-107.13984,-106.59917,-105.81607,-105.27305,-104.72586,-104.17456,-103.41496,-102.86287,-102.30715,-101.74789,-101.18521,-100.45705,-99.89555,-99.33111,-98.76388,-98.19399,-97.62157,-96.93592,-96.367,-95.79608,-95.22331,-94.64884,-94.07281,-93.49539,-92.91673,-92.33699,-91.75634,-91.17493,-90.59294,-90.01053,-89.42787,-88.84512,-88.26245,-87.68004,-87.09804,-86.51662,-85.93595,-85.3562,-84.77752,-84.20007,-83.62402,-83.04951,-82.47671,-81.90576,-81.3368,-80.64252,-80.07008,-79.50017,-78.93292,-78.36846,-77.80693,-77.24845,-76.50753,-75.94827,-75.39256,-74.84048,-74.29214,-73.52115,-72.97401,-72.43104,-71.89233,-71.09896,-70.56299,-70.03168,-69.22084,-68.69343,-68.17102,-67.34513,-66.82775,-66.31568,-65.47724,-64.97128,-64.47085,-63.62235,-63.12906,-62.2708,-61.78541,-60.91871,-60.4419,-59.56806,-59.1005,-58.2209,-57.76315,-56.87905,-56.43176,-55.54437,-55.10803,-54.2187,-53.3232,-52.90374,-52.00843,-51.6011,-50.70724,-49.80949,-48.90829,-48.52668,-47.6297,-46.7307,-45.83022,-45.47666,-44.58305,-43.68935,-42.79601,-41.90357,-41.01257,-40.12352,-39.23696,-38.35342,-37.47332,-36.59713,-35.72531,-34.8583,-34.23755,-33.37229,-32.51306,-31.66022,-31.02249,-30.17426,-29.3335,-28.68487,-27.85082,-27.02518,-26.36829,-25.55116,-24.88807,-24.08066,-23.28296,-22.61596,-21.82955,-21.15896,-20.48359,-19.71168,-19.03428,-18.27605,-17.5976,-16.91541,-16.17517,-15.49332,-14.7687,-14.0881,-13.40489,-12.71924,-12.0204,-11.33769,-10.65331,-9.9673,-9.29708,-8.61563,-7.93318,-7.24996,-6.56628,-5.88219,-5.25627,-4.57893,-3.90175,-3.22492,-2.54873,-1.87334,-1.19885,-0.52544,0.14671,0.81742,1.48645,2.15358,2.81877,3.48185,4.14266,4.80105,5.45687,6.10991,6.76,7.58768,8.23728,8.88351,9.52626,10.16541,10.80072,11.64892,12.28148,12.9099,13.53408,14.39449,15.01437,15.62966,16.49871,17.10878,17.7139,18.58965,19.18856,19.78215,20.66214,21.24863,22.13334,22.71207,23.6004,24.17077,25.06138,25.62275,26.51502,27.06695,27.95976,28.50177,29.39409,30.28932,30.8164,31.70967,32.60515,33.11612,34.0081,34.90122,35.79504,36.68935,37.17141,38.05973,38.94767,39.83483,40.72086,41.60531,42.48797,43.3685,44.24658,45.12192,45.99419,46.86308,47.32971,48.19856,49.06323,49.92346,50.40565,51.26417,52.1175,52.96539,53.46085,54.30539,55.14381,55.64828,56.48212,56.99289,57.82147,58.33813,59.16075,59.97591,60.49882,61.30699,61.83457,62.36618,63.16689,63.70256,64.49471,65.03398,65.81699,66.35936,66.90523,67.67767,68.226,68.98793,69.53825,70.09166,70.84102,71.39576,71.95336,72.51376,73.24731,73.80817,74.37158,75.09001,75.65324,76.21874,76.78645,77.35628,78.05249,78.6211,79.19158,79.76383,80.33778,81.00904,81.58075,82.15388,82.72835,83.30408,83.88098,84.45897,85.03797,85.61788,86.2436,86.81952,87.39609,87.9732,88.55079,89.12875,89.70701,90.28548,90.86406,91.44268,92.02123,92.59965,93.17783,93.75569,94.33315,94.91011,95.48649,96.11273,96.69324,97.27289,97.85159,98.42926,99.00581,99.58117,100.15524,100.72795,101.4004,101.97547,102.5489,103.1206,103.69049,104.25851,104.95952,105.52868,106.09567,106.66044,107.38086,107.94592,108.50849,109.06849,109.80648,110.36592,110.92254,111.67446,112.22984,112.78215,113.54688,114.0973,114.64442,115.42075,115.96531,116.7515,117.29302,117.83085,118.62652,119.16065,119.96469,120.49466,121.30649,121.83185,122.65081,123.17108,123.99649,124.82908,125.34237,126.18029,126.68724,127.52982,128.37858,128.87658,129.72879,130.5865,131.07425,131.93411,132.79873,133.66789,134.54129,135.01036,135.88372,136.76043,137.64018,138.52269,139.40778,140.29498,141.18395,142.07425,142.96562,143.85778,144.75042,145.23475,146.1333,147.03121,147.92819,148.82402,149.33718,150.23646,151.13336,151.66253,152.56125,153.10105,154.00087,154.89681,155.4506,156.34571,156.90885,157.80224,158.37427,159.26498,159.84519,160.73196,161.31977,161.91296,162.79655,163.39654,164.27363,164.87963,165.4905,166.10616,166.97647,167.59696,168.22189,169.08219,169.71075,170.34335,170.97991,171.6204,172.46552,173.1078,173.75345,174.40232,175.05429,175.70937,176.36729,177.02789,177.69101,178.50088,179.16231,179.82583 0.0122,0.00919,0.0062,0.00328,0.00044,-0.0015,-0.00425,-0.00694,-0.00958,-0.01217,-0.01477,-0.01736,-0.01998,-0.02261,-0.02587,-0.02872,-0.03155,-0.03434,-0.03705,-0.041,-0.04344,-0.0456,-0.04891,-0.05037,-0.05147,-0.05338,-0.05373,-0.0539,-0.05464,-0.05453,-0.05446,-0.05468,-0.05459,-0.05441,-0.05416,-0.05327,-0.05258,-0.05076,-0.04949,-0.04692,-0.04424,-0.04247,-0.04013,-0.03861,-0.03722,-0.03665,-0.0368,-0.0363,-0.03716,-0.0383,-0.03951,-0.03949,-0.04072,-0.04178,-0.04254,-0.04288,-0.04263,-0.0417,-0.03998,-0.03745,-0.03413,-0.03017,-0.02581,-0.02324,-0.01909,-0.01543,-0.01251,-0.01039,-0.00908,-0.00767,-0.00651,-0.00502,-0.00381,-0.00268,-0.00078,0.00018,0.0008,0.00266,0.00282,0.00456,0.00435,0.00601,0.00567,0.00731,0.00712,0.00886,0.00908,0.01104,0.01176,0.01388,0.01598,0.01705,0.01901,0.02004,0.02168,0.0231,0.02373,0.02474,0.02555,0.02554,0.02603,0.02644,0.02681,0.02629,0.02676,0.02734,0.02801,0.02775,0.02843,0.02895,0.02922,0.02918,0.02751,0.02673,0.02571,0.02456,0.02337,0.0222,0.01915,0.01813,0.01724,0.0165,0.01594,0.0156,0.01554,0.0158,0.01643,0.01741,0.01866,0.0201,0.02153,0.02278,0.02369,0.02416,0.02414,0.02367,0.02287,0.02189,0.02091,0.02005,0.01941,0.01902,0.01888,0.01893,0.01911,0.01934,0.02201,0.02202,0.02185,0.02144,0.02073,0.01968,0.01826,0.01936,0.01721,0.01467,0.01177,0.00857,0.00797,0.00418,0.00033,-0.00346,-0.00506,-0.00863,-0.01178,-0.0128,-0.0151,-0.01676,-0.01655,-0.01726,-0.01745,-0.01661,-0.01631,-0.01578,-0.0153,-0.01483,-0.01493,-0.0147,-0.01525,-0.01526,-0.01594,-0.0161,-0.01654,-0.01674,-0.01673,-0.01694,-0.01657,-0.01689,-0.01647,-0.01615,-0.01685,-0.01687,-0.01787,-0.01818,-0.01858,-0.01902,-0.02015,-0.02047,-0.02079,-0.02119,-0.02216,-0.02265,-0.02327,-0.02392,-0.02447,-0.02478,-0.02478,-0.02446,-0.02391,-0.02324,-0.0226,-0.02212,-0.02192,-0.02047,-0.02073,-0.02131,-0.02203,-0.02123,-0.02197,-0.02244,-0.02166,-0.02157,-0.02104,-0.01988,-0.01883,-0.01745,-0.01608,-0.01462,-0.01306,-0.01153,-0.00995,-0.00842,-0.00685,-0.0054,-0.00378,-0.00248,-0.00129,0.00023,0.00121,0.00249,0.00317,0.00372,0.00415,0.00446,0.00455,0.00456,0.00454,0.00395,0.00387,0.00391,0.0041,0.00446,0.00501,0.00503,0.00597,0.00706,0.00824,0.00944,0.01062,0.01171,0.01269,0.01351,0.01415,0.0146,0.01488,0.01499,0.01496,0.01483,0.01462,0.01436,0.01408,0.0138,0.01405,0.01385,0.01371,0.01361,0.01358,0.01362,0.01446,0.01472,0.01507,0.01553,0.01694,0.01763,0.01841,0.02003,0.0209,0.02179,0.02315,0.0239,0.02459,0.02527,0.02568,0.02583,0.02605,0.02588,0.02608,0.02592,0.02624,0.02633,0.02679,0.02715,0.0276,0.02805,0.02848,0.02849,0.02857,0.0284,0.02764,0.02697,0.0261,0.02515,0.02421,0.02326,0.02269,0.02246,0.0226,0.02314,0.02402,0.02517,0.02642,0.02764,0.02865,0.02933,0.0296,0.02995,0.02951,0.02867,0.02756,0.02698,0.02561,0.02428,0.02309,0.02217,0.02132,0.02081,0.02007,0.0202,0.01973,0.0205,0.02035,0.02151,0.02262,0.0226,0.02336,0.02307,0.02259,0.02255,0.02164,0.02111,0.01987,0.01918,0.01778,0.01632,0.01576,0.01432,0.01399,0.01265,0.01142,0.01149,0.01059,0.00993,0.00954,0.01065,0.01077,0.01109,0.01285,0.01329,0.01365,0.01381,0.01372,0.01452,0.01383,0.01289,0.0118,0.01066,0.01091,0.01007,0.00951,0.00929,0.00946,0.01003,0.01097,0.01221,0.01369,0.0157,0.01724,0.01874,0.02013,0.02134,0.02233,0.02309,0.02365,0.02407,0.02443,0.02482,0.02533,0.02604,0.02696,0.02809,0.02936,0.03069,0.03228,0.03341,0.03423,0.03466,0.03467,0.03426,0.03352,0.03254,0.03146,0.03025,0.02925,0.02846,0.02792,0.02765,0.02761,0.02745,0.02782,0.02832,0.02891,0.02962,0.0303,0.03089,0.03138,0.03237,0.03272,0.03303,0.03433,0.03493,0.03573,0.03809,0.03948,0.04105,0.04423,0.04585,0.04858,0.04962,0.05026,0.05106,0.0507,0.0499,0.0489,0.04717,0.0462,0.04452,0.04406,0.043,0.04229,0.04247,0.04193,0.04196,0.04103,0.03974,0.03916,0.03749,0.03593,0.03556,0.0349,0.03516,0.03637,0.03844,0.04009,0.04284,0.04559,0.04799,0.04977,0.05079,0.05099,0.0504,0.04912,0.04728,0.04513,0.04298,0.04163,0.04015,0.03952,0.03988,0.04119,0.04191,0.04424,0.04692,0.04808,0.05078,0.05188,0.05437,0.05668,0.05759,0.05956,0.06034,0.06176,0.06226,0.06281,0.06278,0.06227,0.06159,0.06058,0.0589,0.05738,0.05532,0.05353,0.05163,0.04967,0.04762,0.04578,0.04402,0.04206,0.0406,0.03932,0.03822,0.03728,0.03558,0.03473,0.03384,0.03282,0.03164,0.03023,0.02856,0.02662,0.02441,0.02075,0.01805,0.01517
168.75 -179.79603,-179.14946,-178.5013,-177.85186,-177.20131,-176.5498,-175.89749,-175.24456,-174.59101,-173.93719,-173.34306,-172.68261,-172.02238,-171.36252,-170.70322,-170.04456,-169.40815,-168.74483,-168.08281,-167.42226,-166.76339,-166.09453,-165.43269,-164.77312,-164.08404,-163.4227,-162.76422,-162.05633,-161.39733,-160.74172,-160.01666,-159.36173,-158.62365,-157.97042,-157.32158,-156.5694,-155.92345,-155.16032,-154.51823,-153.7451,-152.96315,-152.32569,-151.53519,-150.9039,-150.10588,-149.30026,-148.67745,-147.86608,-147.04797,-146.43594,-145.61386,-144.78601,-143.95273,-143.11439,-142.52284,-141.68392,-140.84106,-139.99467,-139.14517,-138.29299,-137.43858,-136.5824,-135.7248,-134.8664,-134.00764,-133.67556,-132.8096,-131.94444,-131.08056,-130.2184,-129.85275,-128.98638,-128.12302,-127.26319,-126.87315,-126.01164,-125.61012,-124.74802,-123.89139,-123.47372,-122.61837,-122.19026,-121.3373,-120.49173,-120.0498,-119.20862,-118.75755,-117.92191,-117.46228,-116.63329,-116.16568,-115.69259,-114.86953,-114.38924,-113.57556,-113.08878,-112.59682,-111.79295,-111.29541,-110.79291,-110.00113,-109.49402,-108.98224,-108.20478,-107.6894,-107.16967,-106.40868,-105.8864,-105.36014,-104.82994,-104.0899,-103.55856,-103.02368,-102.48536,-101.76971,-101.23168,-100.69064,-100.14669,-99.59993,-99.0505,-98.37156,-97.82451,-97.27525,-96.72389,-96.17057,-95.61541,-95.05855,-94.50013,-93.9403,-93.37918,-92.76921,-92.21386,-91.65771,-91.10089,-90.54356,-89.98586,-89.42793,-88.86993,-88.31199,-87.75427,-87.19691,-86.64006,-86.08386,-85.52845,-84.91045,-84.34927,-83.78936,-83.23086,-82.67392,-82.11867,-81.56525,-81.01379,-80.46441,-79.91724,-79.23019,-78.68064,-78.13378,-77.5897,-77.04853,-76.51038,-75.78665,-75.24822,-74.71324,-74.18178,-73.65393,-72.90341,-72.37706,-71.8547,-71.08568,-70.5659,-70.05048,-69.53945,-68.75328,-68.24616,-67.74374,-66.94411,-66.44659,-65.95403,-65.1432,-64.6565,-63.83523,-63.35515,-62.88037,-62.05168,-61.58433,-60.74795,-60.28865,-59.44577,-58.99509,-58.14694,-57.70539,-56.85311,-56.42124,-55.56589,-54.70394,-54.28695,-53.42393,-53.01782,-52.15485,-51.28744,-50.89817,-50.03265,-49.16373,-48.79253,-47.92731,-47.06,-46.19109,-45.32121,-44.98291,-44.11976,-43.25665,-42.39411,-41.53261,-40.67262,-39.81466,-38.95915,-38.10651,-37.25718,-36.41158,-35.57011,-34.97467,-34.13415,-33.29889,-32.46924,-31.64553,-31.0306,-30.21116,-29.39863,-28.77355,-27.96716,-27.16852,-26.53547,-25.7446,-25.10566,-24.32371,-23.67986,-22.90775,-22.25979,-21.49848,-20.84743,-20.09782,-19.44462,-18.70751,-18.05294,-17.39475,-16.67402,-16.01583,-15.30937,-14.652,-13.99198,-13.32948,-12.64649,-11.98646,-11.32452,-10.66246,-10.00403,-9.34425,-8.68336,-8.02159,-7.39305,-6.73649,-6.07948,-5.42223,-4.76488,-4.10777,-3.45091,-2.79448,-2.13865,-1.48359,-0.82948,-0.27941,0.36605,1.01014,1.65271,2.42061,3.0656,3.70846,4.34908,4.98739,5.62326,6.25654,6.88712,7.51486,8.13964,8.76124,9.57018,10.19029,10.80691,11.41995,12.02931,12.85319,13.4593,14.06137,14.89514,15.49307,16.08663,16.67575,17.51656,18.10029,18.9477,19.52548,20.09836,20.94971,21.51574,22.37106,22.92977,23.78845,24.33928,25.2003,25.74275,26.60496,27.13849,28.00119,28.52546,29.38781,30.25311,30.7635,31.62683,32.49217,32.98751,33.84972,34.71318,35.57753,36.44237,36.91087,37.77014,38.62914,39.48756,40.34513,41.2015,42.05634,42.90927,43.76006,44.60844,45.45411,46.29681,47.13626,47.5883,48.42771,49.26312,50.09428,50.56077,51.39026,52.21488,53.0344,53.51323,54.32957,54.815,55.62749,56.43392,56.92716,57.72868,58.22744,59.02344,59.81251,60.31722,61.09983,61.60899,62.38457,62.89775,63.4146,64.18252,64.70284,65.46235,65.9857,66.73629,67.26224,67.79138,68.53157,69.06272,69.59684,70.32553,70.86107,71.39936,72.11552,72.65463,73.19626,73.74036,74.44079,74.98493,75.5313,76.07984,76.76283,77.31064,77.86037,78.41195,78.96531,79.62605,80.17776,80.73099,81.28568,81.84175,82.39913,83.03145,83.58609,84.14178,84.69845,85.25602,85.81442,86.37356,86.93337,87.49377,88.05468,88.61603,89.17772,89.73969,90.30184,90.86411,91.4264,91.98864,92.55075,93.11265,93.67425,94.23549,94.79626,95.35651,95.91614,96.47508,97.03325,97.59058,98.14698,98.70239,99.33563,99.89389,100.4509,101.00658,101.56085,102.11364,102.66489,103.33031,103.88314,104.43417,104.98333,105.53055,106.21804,106.76591,107.3116,107.85503,108.5598,109.10311,109.64394,110.36243,110.90253,111.43991,112.17115,112.7072,113.24031,113.98326,114.51444,115.04246,115.79603,116.32152,117.08416,117.60668,118.12567,118.89696,119.41241,120.19144,120.70291,121.4891,121.99616,122.78893,123.29116,124.08989,124.89526,125.39087,126.20125,126.69097,127.50566,128.32612,128.8074,129.6311,130.45991,130.93157,131.76253,132.59801,133.43774,134.28146,134.73584,135.57958,136.42656,137.2766,138.12938,138.98457,139.84186,140.70086,141.56135,142.42313,143.28582,144.14904,145.01237,145.48305,146.35175,147.21997,148.08729,148.95325,149.45069,150.31963,151.18645,151.69888,152.56754,153.08987,153.95918,154.82485,155.36021,156.22539,156.76958,157.63309,158.18551,159.04642,159.60659,160.46418,161.0316,161.60405,162.45867,163.03753,163.88623,164.47098,165.06029,165.90287,166.49705,167.09552,167.69821,168.53218,169.13861,169.74891,170.363,171.18487,171.80126,172.42102,173.04419,173.67052,174.29989,175.10151,175.73112,176.36329,176.99807,177.63518,178.27446,178.91579,179.55901 0.01224,0.00944,0.00665,0.00392,0.0013,-0.00122,-0.0036,-0.00589,-0.00809,-0.01024,-0.01258,-0.01477,-0.01695,-0.01916,-0.02139,-0.02364,-0.02655,-0.02895,-0.03133,-0.03368,-0.03598,-0.03933,-0.04144,-0.04337,-0.04629,-0.04772,-0.04894,-0.05082,-0.05155,-0.0522,-0.05314,-0.05361,-0.05418,-0.0546,-0.05506,-0.05514,-0.05532,-0.0547,-0.05434,-0.05273,-0.0505,-0.04911,-0.04613,-0.04447,-0.04142,-0.03873,-0.03753,-0.0358,-0.03483,-0.03451,-0.03451,-0.03506,-0.03605,-0.03735,-0.03783,-0.03944,-0.04113,-0.04268,-0.04387,-0.04444,-0.04414,-0.04278,-0.04031,-0.03682,-0.03258,-0.02964,-0.02502,-0.02073,-0.0172,-0.01468,-0.013,-0.0117,-0.01096,-0.01047,-0.00913,-0.00853,-0.00697,-0.00625,-0.00561,-0.00398,-0.00365,-0.0021,-0.00213,-0.00228,-0.00084,-0.00098,0.00053,0.00059,0.00221,0.00258,0.0044,0.00634,0.00728,0.00948,0.01076,0.01305,0.01527,0.0166,0.01856,0.02032,0.02112,0.02239,0.02339,0.02328,0.02381,0.0242,0.02336,0.02367,0.02405,0.02456,0.02398,0.02474,0.0255,0.02618,0.02533,0.02542,0.02514,0.02448,0.02349,0.02229,0.01893,0.01749,0.0161,0.01482,0.01367,0.01265,0.01179,0.0111,0.01063,0.01042,0.00782,0.00828,0.00912,0.01029,0.0117,0.01319,0.01458,0.0157,0.0164,0.01663,0.01639,0.01575,0.01486,0.01388,0.01514,0.01444,0.01403,0.01389,0.01403,0.01435,0.01478,0.01519,0.01547,0.01551,0.01702,0.01629,0.01515,0.0136,0.01164,0.00932,0.00903,0.0062,0.00318,7e-05,-0.00304,-0.00416,-0.00735,-0.01033,-0.01186,-0.01448,-0.01662,-0.01823,-0.01881,-0.01945,-0.01951,-0.01874,-0.01804,-0.01704,-0.01589,-0.01485,-0.01417,-0.01348,-0.01299,-0.01332,-0.01338,-0.01425,-0.01473,-0.01577,-0.01646,-0.01726,-0.01799,-0.01835,-0.01906,-0.01904,-0.01888,-0.0197,-0.01963,-0.0207,-0.02091,-0.02125,-0.02266,-0.0231,-0.02347,-0.02488,-0.02505,-0.02509,-0.02512,-0.02522,-0.02639,-0.02663,-0.027,-0.02744,-0.02785,-0.02817,-0.02837,-0.02845,-0.02846,-0.02844,-0.02845,-0.0285,-0.0269,-0.02706,-0.02727,-0.02743,-0.02746,-0.02634,-0.02622,-0.02581,-0.02473,-0.02397,-0.02299,-0.02172,-0.02051,-0.01913,-0.01781,-0.01632,-0.01492,-0.0133,-0.01178,-0.01005,-0.00837,-0.00657,-0.00479,-0.00307,-0.0015,9e-05,0.00134,0.00247,0.00328,0.00385,0.00419,0.0042,0.00411,0.00389,0.00318,0.00277,0.00238,0.00207,0.00192,0.00132,0.00152,0.00195,0.00261,0.00346,0.00448,0.00559,0.00675,0.00788,0.00894,0.00988,0.00936,0.00996,0.01041,0.0107,0.01216,0.01217,0.01209,0.01195,0.01176,0.01155,0.01134,0.01114,0.01096,0.01081,0.01069,0.01141,0.01137,0.0114,0.01151,0.01174,0.01293,0.01342,0.01405,0.01573,0.01663,0.01762,0.01868,0.0206,0.02164,0.02328,0.02414,0.0249,0.02585,0.02635,0.0268,0.02711,0.02722,0.02747,0.02744,0.02766,0.02762,0.02774,0.0277,0.02758,0.02743,0.02725,0.02665,0.02623,0.02571,0.02478,0.02414,0.02346,0.02282,0.02223,0.02177,0.02147,0.02136,0.0215,0.02191,0.02259,0.02351,0.02457,0.02565,0.02662,0.02734,0.02772,0.02768,0.02784,0.02725,0.02633,0.0252,0.02509,0.02392,0.02286,0.022,0.02205,0.02156,0.02162,0.02155,0.02179,0.022,0.02257,0.02283,0.02353,0.0241,0.0243,0.02457,0.02462,0.02457,0.02441,0.02411,0.02386,0.02333,0.02318,0.02246,0.02251,0.02159,0.0205,0.02063,0.01934,0.01798,0.01805,0.01672,0.01553,0.01584,0.01509,0.01465,0.0145,0.01569,0.01596,0.01634,0.01672,0.01784,0.01796,0.01788,0.01755,0.01698,0.01711,0.0163,0.01542,0.01456,0.01378,0.01315,0.01378,0.01354,0.01357,0.01389,0.01449,0.01536,0.01644,0.01767,0.01897,0.02025,0.02144,0.02246,0.02329,0.02388,0.02428,0.02455,0.02477,0.02503,0.02542,0.026,0.02677,0.02772,0.02878,0.02985,0.03085,0.03166,0.03224,0.03254,0.03255,0.03279,0.0322,0.0315,0.03081,0.03019,0.02971,0.0294,0.02889,0.02891,0.02906,0.02932,0.02964,0.02965,0.03001,0.03033,0.03057,0.03071,0.03083,0.03088,0.03121,0.03127,0.03141,0.03252,0.03315,0.03401,0.03649,0.03788,0.03937,0.04253,0.04392,0.04662,0.04748,0.04809,0.04924,0.04929,0.04925,0.04906,0.04827,0.04818,0.04714,0.04728,0.04627,0.04534,0.04551,0.0445,0.04436,0.04304,0.04156,0.04095,0.03931,0.03784,0.03755,0.03686,0.0369,0.03775,0.03935,0.04072,0.04293,0.04524,0.04734,0.04902,0.05013,0.05064,0.05055,0.04992,0.04884,0.04745,0.04595,0.04456,0.04344,0.04264,0.04261,0.04346,0.04507,0.0454,0.04784,0.05041,0.05124,0.05369,0.05452,0.05655,0.05817,0.05888,0.05998,0.06061,0.06113,0.06161,0.06141,0.06158,0.06064,0.06044,0.06005,0.05841,0.05767,0.05583,0.05478,0.05351,0.05138,0.04975,0.04796,0.04608,0.04325,0.0413,0.03948,0.03785,0.03518,0.03398,0.03297,0.03209,0.03126,0.0304,0.02838,0.02724,0.02586,0.0242,0.02226,0.02006,0.01761,0.01499
174.375 -179.44291,-178.81401,-178.18384,-177.55256,-176.92015,-176.28694,-175.65306,-175.01869,-174.38394,-173.74899,-173.11388,-172.4789,-171.84421,-171.24608,-170.60616,-169.96699,-169.3287,-168.69145,-168.06122,-167.42033,-166.78099,-166.14343,-165.48866,-164.84875,-164.21111,-163.53786,-162.89892,-162.2628,-161.5724,-160.93616,-160.30324,-159.59721,-158.96524,-158.24731,-157.61716,-156.88803,-156.26056,-155.63767,-154.89695,-154.14773,-153.52798,-152.77002,-152.1555,-151.38974,-150.78118,-150.00855,-149.22892,-148.6284,-147.84349,-147.05235,-146.25525,-145.66723,-144.86707,-144.06186,-143.25193,-142.43759,-141.87012,-141.05585,-140.23823,-139.41762,-138.59443,-137.76904,-136.94185,-136.11324,-135.28367,-134.4536,-134.13509,-133.29802,-132.46147,-131.62588,-130.79169,-130.44145,-129.60291,-128.76677,-127.93369,-127.56029,-126.72513,-125.89403,-125.50457,-124.67305,-123.84666,-123.4423,-122.61713,-122.20313,-121.38021,-120.9569,-120.13734,-119.70513,-118.89004,-118.44935,-117.6398,-117.19119,-116.38815,-115.93218,-115.13669,-114.67393,-114.20619,-113.41803,-112.94428,-112.16606,-111.68694,-111.2032,-110.43581,-109.94755,-109.45489,-108.70035,-108.20409,-107.70371,-106.96399,-106.46093,-105.95407,-105.44345,-104.72245,-104.21041,-103.69495,-103.17617,-102.47705,-101.95814,-101.43627,-100.91152,-100.384,-99.85381,-99.18753,-98.65912,-98.12844,-97.59561,-97.06075,-96.52396,-95.98536,-95.36358,-94.82894,-94.29292,-93.75566,-93.21727,-92.67788,-92.13762,-91.59663,-91.05503,-90.51295,-89.97054,-89.42791,-88.88522,-88.34258,-87.80014,-87.25803,-86.71637,-86.17531,-85.63498,-85.0955,-84.557,-84.01962,-83.48347,-82.94868,-82.31934,-81.7806,-81.24365,-80.70861,-80.1756,-79.64473,-79.11611,-78.58984,-77.91178,-77.38406,-76.8591,-76.33699,-75.81784,-75.11109,-74.59208,-74.0764,-73.56412,-72.83546,-72.32464,-71.81756,-71.3143,-70.56691,-70.06634,-69.56988,-69.07758,-68.31493,-67.82651,-67.34249,-66.56778,-66.08851,-65.30295,-64.82912,-64.36009,-63.56582,-63.10308,-62.30023,-61.84434,-61.03404,-60.58558,-60.14229,-59.32841,-58.89316,-58.07445,-57.6477,-56.82516,-55.99565,-55.58197,-54.75034,-54.34639,-53.51368,-52.676,-52.28703,-51.45004,-50.60901,-50.23629,-49.39754,-48.556,-48.20037,-47.36271,-46.52339,-45.68293,-44.8416,-44.51714,-43.68243,-42.84799,-42.01426,-41.18166,-40.35069,-39.52167,-38.69502,-37.87116,-37.05045,-36.23329,-35.66184,-34.84496,-34.03264,-33.22522,-32.42303,-31.83188,-31.03303,-30.24036,-29.45407,-28.85113,-28.07043,-27.46039,-26.68633,-25.91989,-25.30378,-24.54548,-23.92449,-23.17518,-22.55016,-21.81074,-21.18264,-20.45391,-19.82348,-19.10615,-18.47418,-17.83871,-17.13629,-16.50052,-15.81118,-15.17582,-14.53778,-13.86582,-13.22938,-12.59078,-11.95026,-11.30149,-10.66385,-10.02481,-9.38453,-8.76112,-8.12503,-7.48816,-6.85066,-6.21274,-5.57459,-4.93629,-4.3579,-3.72587,-3.09414,-2.46286,-1.8323,-1.20254,-0.57368,0.05412,0.68073,1.30601,1.92975,2.55178,3.17207,3.79048,4.40688,5.02116,5.63319,6.39874,7.01085,7.62028,8.22693,8.83069,9.43146,10.02915,10.81672,11.41233,12.00448,12.59311,13.39269,13.97814,14.55962,15.1372,15.94537,16.51866,17.08775,17.90248,18.46645,19.02588,19.8451,20.39869,21.2227,21.76987,22.59774,23.13792,23.96853,24.50127,25.33412,25.859,26.69314,27.20973,28.04421,28.55204,29.38606,30.22296,30.71784,31.55313,32.39041,32.87127,33.7055,34.54095,35.37733,35.83834,36.67028,37.50238,38.33429,39.16571,39.99641,40.82612,41.65455,42.48149,43.3066,44.12956,44.95011,45.76804,46.5831,47.39504,47.83309,48.64486,49.45289,50.25693,50.70853,51.51092,52.30871,53.10172,53.56483,54.35485,54.82417,55.61059,56.39133,56.86799,57.64419,58.12612,58.89722,59.66185,60.14942,60.90808,61.3999,62.15206,62.64774,63.14692,63.89206,64.39458,65.13196,65.63744,66.36659,66.87463,67.38572,68.10534,68.61846,69.13443,69.84349,70.36095,70.88107,71.57863,72.09969,72.6232,73.30837,73.83227,74.35841,74.88673,75.55635,76.08436,76.61433,77.1462,77.79879,78.32966,78.86221,79.39636,79.93205,80.46923,81.09691,81.63209,82.16852,82.70612,83.24484,83.7846,84.32533,84.86697,85.45881,85.99716,86.53619,87.07582,87.61598,88.1566,88.69761,89.23894,89.78051,90.32225,90.86409,91.40596,91.94778,92.48949,93.031,93.57225,94.11317,94.65368,95.19371,95.73319,96.27205,96.86453,97.40678,97.94819,98.48867,99.02816,99.56658,100.10387,100.63996,101.26881,101.80701,102.34378,102.87905,103.41276,103.94484,104.599,105.13218,105.66351,106.19292,106.86439,107.3942,107.92187,108.44734,109.13465,109.65981,110.18256,110.70284,111.40436,111.92363,112.44022,113.15311,113.66815,114.39051,114.90359,115.41365,116.14575,116.65331,117.39376,117.89841,118.39971,119.14811,119.64598,120.40152,120.89557,121.65773,122.14757,122.9158,123.40103,124.17476,124.95473,125.43373,126.21832,126.69172,127.48034,128.27434,128.7398,129.5368,130.33867,130.79518,131.59911,132.40728,133.21947,134.03543,134.4757,135.29181,136.11111,136.9333,137.7581,138.58525,139.41441,140.24539,141.07802,141.9119,142.74675,143.58216,144.41792,145.25388,145.71188,146.5528,147.39298,148.23208,149.06986,149.55279,150.39356,151.23217,151.729,152.56901,153.07509,153.91585,154.75336,155.27172,156.10844,156.63498,157.47019,158.00451,158.83764,159.3793,160.20906,160.75752,161.31071,162.13794,162.69733,163.51932,164.08421,164.65343,165.46971,166.04365,166.62178,167.43075,168.01272,168.59845,169.18787,169.98672,170.57894,171.17451,171.77335,172.37536,172.98045,173.76245,174.36849,174.97723,175.58853,176.20228,176.81835,177.43663,178.05698,178.67935,179.30363,179.92959 0.01248,0.01001,0.00756,0.00517,0.00286,0.00062,-0.00154,-0.00366,-0.00576,-0.00786,-0.00998,-0.01212,-0.0143,-0.01741,-0.01956,-0.02175,-0.02394,-0.02616,-0.02905,-0.03127,-0.03348,-0.03568,-0.03851,-0.04059,-0.04261,-0.04509,-0.04682,-0.04847,-0.05019,-0.05151,-0.05279,-0.05372,-0.05474,-0.05529,-0.05607,-0.05626,-0.05668,-0.05685,-0.05626,-0.05526,-0.05446,-0.0526,-0.05124,-0.04867,-0.04707,-0.04425,-0.04147,-0.04031,-0.03811,-0.03641,-0.03528,-0.0353,-0.035,-0.03521,-0.03592,-0.03707,-0.03807,-0.03975,-0.04168,-0.04363,-0.0453,-0.04635,-0.04646,-0.0454,-0.04314,-0.03981,-0.03703,-0.03263,-0.02817,-0.02417,-0.02098,-0.0186,-0.01681,-0.01581,-0.01528,-0.01397,-0.01362,-0.01315,-0.01174,-0.0111,-0.01049,-0.00911,-0.00878,-0.00754,-0.00755,-0.00636,-0.00646,-0.00519,-0.0051,-0.00371,-0.00331,-0.00181,-0.00115,0.0005,0.0015,0.00341,0.00546,0.00692,0.00915,0.01075,0.01297,0.01509,0.0163,0.01802,0.01948,0.01966,0.02051,0.02112,0.02025,0.02052,0.02077,0.02106,0.02013,0.0207,0.0214,0.02216,0.02152,0.02206,0.02233,0.02223,0.02173,0.02085,0.01756,0.01607,0.01447,0.01288,0.01134,0.00992,0.00864,0.00478,0.00378,0.00298,0.00243,0.00218,0.00228,0.00277,0.00367,0.00491,0.00642,0.00804,0.00959,0.01089,0.01181,0.01226,0.01222,0.01177,0.01101,0.0101,0.00921,0.00848,0.00802,0.0079,0.00812,0.01032,0.01093,0.01157,0.01209,0.01236,0.01225,0.01167,0.01059,0.01025,0.00821,0.00579,0.00311,0.00029,-0.00098,-0.00384,-0.00655,-0.00904,-0.01022,-0.01247,-0.0144,-0.01598,-0.01732,-0.01842,-0.01907,-0.01926,-0.01951,-0.01892,-0.01797,-0.01702,-0.0157,-0.01455,-0.0134,-0.01245,-0.01212,-0.0118,-0.01229,-0.01265,-0.01377,-0.01464,-0.01575,-0.01715,-0.01845,-0.01953,-0.02081,-0.02138,-0.02164,-0.02271,-0.02272,-0.02382,-0.02391,-0.02415,-0.02545,-0.02593,-0.02648,-0.02785,-0.02833,-0.02863,-0.02978,-0.02983,-0.02976,-0.02968,-0.02966,-0.03067,-0.03081,-0.03107,-0.0314,-0.03181,-0.03222,-0.03262,-0.03299,-0.03329,-0.03351,-0.03361,-0.03263,-0.03254,-0.03227,-0.03184,-0.03123,-0.03017,-0.02947,-0.02867,-0.02778,-0.02671,-0.02575,-0.02456,-0.02354,-0.02254,-0.02118,-0.02017,-0.01869,-0.01761,-0.01594,-0.0147,-0.0128,-0.01134,-0.00927,-0.0077,-0.00559,-0.00359,-0.00227,-0.00059,0.0002,0.00141,0.00234,0.00231,0.00274,0.00292,0.00288,0.00212,0.00181,0.00142,0.00101,0.00025,-3e-05,-0.00018,-0.00016,5e-05,0.00045,0.00104,0.00101,0.00174,0.00254,0.00335,0.00413,0.00486,0.0055,0.00604,0.00646,0.00678,0.00701,0.00716,0.00726,0.00731,0.00734,0.00736,0.00737,0.00825,0.00823,0.00823,0.00823,0.00824,0.00827,0.00832,0.00916,0.00934,0.00961,0.00999,0.01137,0.01206,0.01289,0.01385,0.01588,0.01704,0.01823,0.02031,0.02144,0.02252,0.02417,0.02503,0.02619,0.02683,0.02752,0.02797,0.02825,0.02851,0.02845,0.02847,0.0281,0.02781,0.02721,0.0266,0.02584,0.02512,0.02424,0.02361,0.02311,0.02248,0.02226,0.02213,0.02204,0.02208,0.02203,0.02191,0.02178,0.02173,0.02187,0.02227,0.02295,0.02387,0.02491,0.0259,0.02669,0.02711,0.02708,0.02655,0.02623,0.02513,0.02376,0.02228,0.02195,0.02071,0.01975,0.01918,0.01948,0.01944,0.01996,0.02034,0.02096,0.02159,0.0223,0.02283,0.02338,0.02376,0.02397,0.02408,0.02418,0.02425,0.02436,0.02447,0.02481,0.02491,0.02558,0.02561,0.02648,0.02628,0.02589,0.02655,0.02576,0.02474,0.02473,0.02334,0.02188,0.02137,0.02003,0.0189,0.01863,0.01805,0.01778,0.01776,0.01813,0.0184,0.01871,0.019,0.0192,0.01934,0.01935,0.01921,0.01893,0.01851,0.01862,0.01813,0.01757,0.01699,0.01644,0.016,0.01573,0.01567,0.01637,0.01675,0.0174,0.01828,0.01931,0.02042,0.02152,0.02253,0.02336,0.02398,0.02437,0.02454,0.02455,0.02447,0.0244,0.02439,0.0245,0.02476,0.02515,0.02566,0.02622,0.02818,0.02878,0.02925,0.0296,0.02981,0.0299,0.02989,0.02981,0.0301,0.0299,0.02974,0.02966,0.02964,0.02967,0.02991,0.03006,0.03018,0.03028,0.03056,0.03059,0.03054,0.0304,0.03043,0.0302,0.02994,0.0297,0.02994,0.03,0.03023,0.03159,0.0324,0.03475,0.03601,0.03731,0.04027,0.04153,0.04424,0.04524,0.04616,0.04803,0.04877,0.04987,0.05054,0.05092,0.05151,0.05116,0.05155,0.05058,0.04931,0.04919,0.04757,0.04714,0.04535,0.04358,0.043,0.04136,0.03995,0.03975,0.03899,0.03879,0.03923,0.04027,0.04121,0.0428,0.04449,0.04605,0.04727,0.04806,0.04839,0.04832,0.04797,0.04744,0.04686,0.04633,0.04594,0.04583,0.04558,0.04585,0.04662,0.04789,0.04948,0.04979,0.05166,0.05341,0.05398,0.0554,0.05602,0.05697,0.05749,0.05807,0.05821,0.05874,0.05849,0.05887,0.0582,0.05836,0.05731,0.05726,0.05714,0.0559,0.05566,0.05454,0.0541,0.05346,0.05202,0.05082,0.0493,0.04672,0.04455,0.04224,0.03992,0.03646,0.03442,0.03271,0.03135,0.0303,0.02951,0.02811,0.02766,0.02716,0.02651,0.02563,0.02449,0.02306,0.02136,0.0194,0.01723,0.0149
180.0 -179.6155,-179.01002,-178.40336,-177.79565,-177.18702,-176.57759,-175.96739,-175.3567,-174.8109,-174.19387,-173.57673,-172.9596,-172.34264,-171.72591,-171.10968,-170.49408,-169.8994,-169.27951,-168.66072,-168.04308,-167.42411,-166.80338,-166.18434,-165.56711,-164.92569,-164.30664,-163.68987,-163.03155,-162.41393,-161.79906,-161.12508,-160.5104,-159.89903,-159.21081,-158.60063,-157.90152,-157.29325,-156.58392,-155.9784,-155.25953,-154.65751,-153.92983,-153.33196,-152.59631,-152.0035,-151.26072,-150.51104,-149.92467,-149.16915,-148.40738,-147.82944,-147.06333,-146.29171,-145.72418,-144.94974,-144.1706,-143.38705,-142.59939,-141.80792,-141.26333,-140.47249,-139.6788,-138.88262,-138.08431,-137.28421,-136.48272,-135.68009,-135.38041,-134.57049,-133.76053,-132.95088,-132.14192,-131.33405,-130.99772,-130.18546,-129.37521,-128.56743,-128.20918,-127.39904,-126.59249,-126.21884,-125.41138,-124.60845,-124.22043,-123.41812,-123.02082,-122.22001,-121.42526,-121.01544,-120.22386,-119.80573,-119.01829,-118.59228,-117.8099,-117.37649,-116.60008,-116.15976,-115.39022,-114.94352,-114.49219,-113.72919,-113.27216,-112.51824,-112.05604,-111.58953,-110.84534,-110.37443,-109.89939,-109.16677,-108.68815,-108.20564,-107.48639,-107.00112,-106.51222,-106.01977,-105.31727,-104.82318,-104.32579,-103.8252,-103.14238,-102.64132,-102.13738,-101.63063,-101.12115,-100.46409,-99.95559,-99.44473,-98.93159,-98.41628,-97.89889,-97.37952,-96.76131,-96.24491,-95.72691,-95.20743,-94.68657,-94.16445,-93.64119,-93.11689,-92.59168,-92.06566,-91.53897,-91.01172,-90.48403,-89.95603,-89.42784,-88.89957,-88.37136,-87.84333,-87.31559,-86.78827,-86.2615,-85.73539,-85.21006,-84.68563,-84.16222,-83.63994,-83.1189,-82.59923,-82.08102,-81.56439,-81.04944,-80.41945,-79.90181,-79.38623,-78.87282,-78.36167,-77.85286,-77.18859,-76.67881,-76.17175,-75.66748,-75.16609,-74.47602,-73.9751,-73.47738,-72.98294,-72.27314,-71.78035,-71.29113,-70.80554,-70.07896,-69.59612,-69.11717,-68.37731,-67.90196,-67.43073,-66.67942,-66.21261,-65.75011,-64.98917,-64.53187,-64.07904,-63.31026,-62.8634,-62.08675,-61.64634,-60.86288,-60.42944,-59.64017,-59.21414,-58.42002,-58.00188,-57.20373,-56.79398,-55.99275,-55.59168,-54.78844,-53.9798,-53.59207,-52.78304,-52.40486,-51.59635,-50.78391,-50.42076,-49.61027,-48.79702,-47.98142,-47.63981,-46.82826,-46.01542,-45.20153,-44.38712,-44.07496,-43.26699,-42.45943,-41.65269,-40.84721,-40.04324,-39.24121,-38.44149,-37.64444,-36.8504,-36.05975,-35.50745,-34.71707,-33.93098,-33.14944,-32.37277,-31.80206,-31.02853,-30.26066,-29.68002,-28.91679,-28.15995,-27.57128,-26.82057,-26.07688,-25.48231,-24.74601,-24.14668,-23.41862,-22.81536,-22.09635,-21.48998,-20.78072,-20.17189,-19.47305,-18.86256,-18.24865,-17.56343,-16.94891,-16.27565,-15.66122,-15.04416,-14.3868,-13.77087,-13.15278,-12.53263,-11.89647,-11.27879,-10.65955,-10.03891,-9.42601,-8.809,-8.19102,-7.57234,-6.95303,-6.3704,-5.75607,-5.14153,-4.52692,-3.91242,-3.29823,-2.68439,-2.07105,-1.45834,-0.8464,-0.23543,0.37441,0.98307,1.59043,2.19636,2.80073,3.40343,4.00423,4.60308,5.1999,5.79459,6.38703,6.97713,7.56478,8.31467,8.90154,9.48559,10.06674,10.64491,11.22002,11.98634,12.55901,13.12831,13.69416,14.47044,15.03289,15.59162,16.37531,16.92977,17.48027,18.26986,18.81543,19.35683,20.15064,20.68633,21.4843,22.01393,22.81553,23.33861,24.14298,24.65902,25.46513,25.97372,26.78112,27.28196,28.08982,28.58253,29.39005,30.20011,30.68061,31.48919,32.29984,32.76727,33.57531,34.38452,35.19459,35.64347,36.44944,37.25567,38.06199,38.86802,39.67347,40.47805,41.28157,42.08377,42.8844,43.68323,44.48004,45.27455,46.06644,46.85558,47.64173,48.06641,48.85232,49.63465,50.41321,50.85057,51.6276,52.4003,53.16847,53.61666,54.38203,54.83608,55.59807,56.35476,56.81575,57.56821,58.03419,58.7819,59.52359,59.99496,60.73113,61.20658,61.93672,62.41589,62.89838,63.62207,64.10781,64.82431,65.31293,66.02182,66.51298,67.00705,67.70717,68.20328,68.89478,69.39257,69.89296,70.5742,71.07577,71.57977,72.08614,72.75458,73.2615,73.7706,74.42683,74.93598,75.44711,75.96017,76.60112,77.11359,77.62779,78.14365,78.66113,79.28266,79.79878,80.31629,80.83515,81.35529,81.87664,82.39916,82.99259,83.51269,84.03374,84.55567,85.07841,85.60191,86.1261,86.65092,87.17629,87.70216,88.22846,88.75511,89.28207,89.80924,90.33658,90.86401,91.39146,91.91888,92.44618,92.97331,93.50019,94.02677,94.55296,95.07872,95.60396,96.12862,96.65265,97.17597,97.69851,98.22022,98.74103,99.33542,99.85875,100.38097,100.90202,101.42183,101.94034,102.45749,103.08041,103.59903,104.11607,104.63149,105.14522,105.78788,106.3023,106.81482,107.3254,107.98361,108.49422,109.00268,109.50895,110.18129,110.68695,111.19022,111.87387,112.37604,112.87562,113.56973,114.0677,114.56291,115.26658,115.75969,116.47149,116.96211,117.68166,118.16945,118.65404,119.38089,119.86217,120.59562,121.07322,121.81281,122.28635,123.03155,123.50072,124.25105,125.00718,125.47042,126.23085,126.68878,127.45298,128.22217,128.67259,129.44469,130.22133,130.66334,131.44193,132.22452,133.01087,133.80079,134.22767,135.01791,135.81116,136.60717,137.40569,138.20644,139.0093,139.81402,140.6203,141.42786,142.23637,143.04561,143.85547,144.66559,145.47566,146.28528,146.73622,147.54985,148.36263,149.1741,149.64355,150.45738,151.26915,151.75156,152.56484,153.05597,153.86985,154.68035,155.1829,155.9928,156.50313,157.31184,157.82943,158.63583,159.16031,159.96372,160.49473,161.29453,161.83146,162.37266,163.16896,163.71546,164.26606,165.05749,165.61271,166.17178,166.95632,167.51919,168.08566,168.65574,169.43142,170.00423,170.58026,171.15943,171.92307,172.50396,173.08764,173.67404,174.26305,174.85458,175.44853,176.04478,176.78398,177.37965,177.97723,178.5766,179.17765,179.78032 0.01943,0.01761,0.01573,0.01381,0.01185,0.00986,0.00782,0.0057,0.00154,-0.0007,-0.003,-0.00539,-0.00785,-0.01036,-0.01291,-0.01548,-0.01908,-0.02151,-0.02394,-0.02637,-0.02941,-0.03176,-0.03412,-0.03649,-0.03919,-0.0415,-0.04381,-0.04614,-0.04826,-0.05031,-0.05198,-0.0537,-0.05525,-0.05611,-0.0572,-0.05753,-0.05808,-0.05795,-0.0579,-0.05731,-0.05664,-0.05556,-0.05434,-0.05279,-0.0512,-0.04932,-0.04723,-0.04568,-0.04365,-0.04166,-0.04078,-0.03928,-0.03805,-0.03808,-0.03748,-0.03723,-0.03738,-0.03794,-0.03894,-0.04034,-0.04192,-0.04379,-0.04574,-0.04748,-0.04866,-0.04893,-0.04811,-0.04656,-0.044,-0.04057,-0.03662,-0.03264,-0.029,-0.02613,-0.02351,-0.02165,-0.02041,-0.0189,-0.01826,-0.01765,-0.01646,-0.0158,-0.01506,-0.01383,-0.01326,-0.0121,-0.01189,-0.01192,-0.01093,-0.01098,-0.00989,-0.00961,-0.00833,-0.00763,-0.00625,-0.00531,-0.00388,-0.00274,-0.0012,0.00047,0.00199,0.00389,0.00564,0.00766,0.00971,0.01127,0.01311,0.01481,0.01543,0.01656,0.01746,0.01688,0.01728,0.01757,0.01781,0.01676,0.01709,0.01754,0.01811,0.01753,0.01815,0.01867,0.01898,0.01899,0.01675,0.01585,0.01462,0.01312,0.01145,0.0097,0.00795,0.00378,0.00216,0.0007,-0.00059,-0.00166,-0.0025,-0.00306,-0.00329,-0.00314,-0.00257,-0.00159,-0.00024,0.00138,0.00313,0.00484,0.00634,0.00748,0.00818,0.00842,0.00822,0.00769,0.00696,0.0062,0.00554,0.00513,0.00504,0.0053,0.00587,0.00664,0.00752,0.0083,0.00988,0.00996,0.00954,0.00857,0.00707,0.00507,0.00349,0.00081,-0.00198,-0.00474,-0.00732,-0.00887,-0.01094,-0.01262,-0.0139,-0.01484,-0.01571,-0.01628,-0.01657,-0.01762,-0.01756,-0.01723,-0.01765,-0.0168,-0.01578,-0.01515,-0.01391,-0.01277,-0.01199,-0.01126,-0.01084,-0.01106,-0.01138,-0.01245,-0.01348,-0.01516,-0.01671,-0.01853,-0.02032,-0.02181,-0.02355,-0.0244,-0.02593,-0.02615,-0.02744,-0.02732,-0.02722,-0.02832,-0.0284,-0.02945,-0.02977,-0.03026,-0.03123,-0.03172,-0.03213,-0.03237,-0.03308,-0.03316,-0.03317,-0.03316,-0.03321,-0.03396,-0.03409,-0.03429,-0.03454,-0.03482,-0.03509,-0.03533,-0.03551,-0.0356,-0.03556,-0.03537,-0.035,-0.03453,-0.03386,-0.03304,-0.03216,-0.03141,-0.03053,-0.0297,-0.02889,-0.02812,-0.02741,-0.02644,-0.02574,-0.02508,-0.02391,-0.02322,-0.02188,-0.02111,-0.01956,-0.01859,-0.01678,-0.01558,-0.01352,-0.0122,-0.01004,-0.00789,-0.00678,-0.00487,-0.00419,-0.00266,-0.00134,-0.00128,-0.00038,0.0003,0.00075,0.00032,0.00044,0.00038,0.0002,-0.00035,-0.00062,-0.00088,-0.00108,-0.00117,-0.0014,-0.00128,-0.00103,-0.00065,-0.00015,0.00042,0.00104,0.00167,0.00228,0.00285,0.00336,0.00381,0.00418,0.00448,0.00474,0.00495,0.00512,0.00526,0.00539,0.0055,0.0056,0.00568,0.00575,0.00579,0.00631,0.00634,0.00638,0.00643,0.00654,0.00672,0.00768,0.00811,0.00868,0.00941,0.0111,0.01213,0.01329,0.01543,0.01674,0.01809,0.02022,0.02151,0.02278,0.02451,0.0256,0.02688,0.02776,0.02856,0.02919,0.02945,0.02975,0.02944,0.0293,0.02843,0.02784,0.02657,0.02565,0.02428,0.02312,0.02218,0.02151,0.02125,0.02101,0.0214,0.02197,0.02256,0.02307,0.02349,0.02359,0.02342,0.02312,0.02285,0.0228,0.02307,0.02367,0.02453,0.02548,0.02632,0.02688,0.02701,0.02665,0.02581,0.02529,0.0239,0.02236,0.02087,0.02017,0.01904,0.01829,0.01797,0.01799,0.01826,0.01864,0.01938,0.02037,0.02099,0.02207,0.02259,0.02348,0.02421,0.02428,0.02476,0.02468,0.02522,0.02523,0.02531,0.02629,0.02654,0.02783,0.02813,0.02947,0.02967,0.02975,0.03065,0.03036,0.03059,0.02975,0.02864,0.0277,0.02612,0.02446,0.02283,0.02134,0.02003,0.01901,0.01799,0.01754,0.01737,0.01741,0.01708,0.01742,0.01786,0.01832,0.01877,0.01902,0.01949,0.01985,0.02006,0.0201,0.01996,0.01965,0.01988,0.01941,0.01891,0.01848,0.01819,0.01812,0.01829,0.01872,0.01938,0.02022,0.02118,0.02216,0.02309,0.02389,0.02451,0.02489,0.02502,0.0249,0.02459,0.02413,0.02361,0.02309,0.02265,0.02234,0.02218,0.02218,0.02234,0.02263,0.02305,0.02356,0.02412,0.02621,0.02663,0.02697,0.02721,0.02733,0.02734,0.02726,0.02808,0.02792,0.02774,0.02753,0.02732,0.02825,0.0281,0.02794,0.02778,0.02864,0.02845,0.02823,0.02801,0.02844,0.0282,0.02799,0.02844,0.02848,0.02867,0.02998,0.03062,0.03137,0.03377,0.0348,0.03762,0.03874,0.04164,0.04274,0.04382,0.04653,0.04757,0.04991,0.05085,0.05251,0.05316,0.05385,0.05404,0.05364,0.05258,0.0521,0.05046,0.04983,0.04804,0.04625,0.04582,0.04421,0.04274,0.04256,0.04142,0.04067,0.04044,0.04078,0.04124,0.04227,0.04358,0.04489,0.04596,0.04662,0.04681,0.04661,0.04616,0.04566,0.04526,0.04515,0.04539,0.04598,0.04693,0.04817,0.04849,0.0499,0.05141,0.05288,0.05308,0.05429,0.05516,0.05523,0.05561,0.05571,0.05566,0.05542,0.05566,0.05543,0.05579,0.0556,0.05591,0.05563,0.05571,0.05533,0.0552,0.05489,0.05467,0.05445,0.05434,0.05405,0.05367,0.05327,0.05236,0.05112,0.04929,0.04713,0.04466,0.04199,0.03842,0.0357,0.03327,0.03124,0.02901,0.02799,0.0274,0.02713,0.02707,0.02706,0.02699,0.02675,0.02693,0.02631,0.02539,0.0242,0.02278,0.02117
185.625 -179.89173,-179.3031,-178.71331,-178.12238,-177.53055,-176.93795,-176.34469,-175.75089,-175.15668,-174.56209,-173.96737,-173.37265,-172.82076,-172.22088,-171.62135,-171.02232,-170.42388,-169.82625,-169.24024,-168.63892,-168.03879,-167.44002,-166.84268,-166.23029,-165.63069,-165.03295,-164.40408,-163.80491,-163.20812,-162.5638,-161.96649,-161.37194,-160.71331,-160.11917,-159.52833,-158.85672,-158.26731,-157.58575,-156.9983,-156.30739,-155.72275,-155.02314,-154.44203,-153.73442,-153.15736,-152.44243,-151.8703,-151.14886,-150.42106,-149.85523,-149.12211,-148.38321,-147.82537,-147.08251,-146.33455,-145.58172,-145.03606,-144.28115,-143.52214,-142.75928,-141.99286,-141.22316,-140.70044,-139.93185,-139.16088,-138.38784,-137.61307,-136.8369,-136.05963,-135.77017,-134.98592,-134.20132,-133.41697,-132.6331,-131.85008,-131.06827,-130.73873,-129.95305,-129.16935,-128.3882,-128.03838,-127.25521,-126.47549,-126.11146,-125.33103,-124.55491,-124.17758,-123.40208,-123.01621,-122.24217,-121.84802,-121.07631,-120.311,-119.90568,-119.14424,-118.7316,-117.9748,-117.55525,-117.13124,-116.3779,-115.94749,-115.20085,-114.76452,-114.02535,-113.58361,-113.13769,-112.40609,-111.95539,-111.23329,-110.77835,-110.31952,-109.60788,-109.14551,-108.67949,-108.20983,-107.51111,-107.03885,-106.56322,-105.87868,-105.40124,-104.92066,-104.437,-103.77016,-103.28577,-102.79857,-102.30865,-101.81606,-101.17239,-100.68037,-100.18601,-99.68939,-99.19059,-98.6897,-98.07685,-97.57809,-97.07757,-96.5754,-96.07167,-95.56648,-95.05992,-94.5521,-94.04311,-93.48127,-92.97666,-92.47123,-91.9651,-91.45837,-90.95115,-90.44354,-89.93565,-89.42758,-88.91946,-88.41137,-87.90344,-87.39577,-86.88846,-86.38163,-85.87538,-85.36981,-84.86503,-84.29674,-83.78757,-83.27954,-82.77275,-82.26732,-81.76332,-81.26087,-80.76006,-80.26098,-79.76371,-79.1402,-78.64106,-78.14408,-77.64934,-77.15693,-76.66692,-76.01347,-75.52314,-75.03552,-74.55068,-73.87698,-73.3929,-72.91188,-72.43399,-71.74247,-71.26639,-70.7937,-70.32444,-69.61787,-69.1514,-68.68859,-67.97005,-67.51077,-67.05535,-66.32647,-65.87533,-65.42821,-64.69063,-64.24849,-63.50243,-63.06581,-62.63347,-61.88157,-61.4553,-60.69716,-60.2774,-59.51394,-59.10111,-58.33314,-57.92767,-57.1559,-56.75824,-55.98358,-55.59397,-54.81738,-54.03572,-53.65846,-52.87636,-52.08995,-51.72617,-50.94055,-50.15164,-49.80212,-49.01544,-48.22645,-47.89184,-47.10643,-46.31955,-45.53149,-44.74274,-43.95365,-43.65238,-42.86953,-42.08727,-41.30584,-40.52559,-39.74689,-38.97009,-38.19551,-37.42351,-36.65437,-36.12384,-35.35442,-34.58873,-33.82702,-33.06958,-32.52058,-31.7655,-31.01544,-30.27063,-29.71,-28.96943,-28.23474,-27.66655,-26.93748,-26.21489,-25.64084,-24.925,-24.34629,-23.63801,-23.05552,-22.35548,-21.76976,-21.07863,-20.49039,-19.8088,-19.21883,-18.62543,-17.95626,-17.362,-16.70381,-16.10939,-15.51233,-14.86867,-14.27239,-13.67386,-13.04585,-12.44902,-11.85039,-11.25013,-10.64291,-10.04545,-9.44676,-8.84706,-8.2464,-7.66641,-7.06986,-6.47279,-5.87531,-5.27766,-4.67988,-4.0821,-3.48445,-2.95047,-2.35881,-1.76765,-1.17721,-0.5875,0.00134,0.58921,1.17598,1.76154,2.34568,2.92835,3.50947,4.08894,4.66665,5.3758,5.95415,6.53037,7.10438,7.67608,8.24538,8.81219,9.54357,10.10916,10.67196,11.23188,11.78886,12.53334,13.08792,13.63923,14.1872,14.94059,15.48523,16.02634,16.78666,17.32371,17.85694,18.62239,19.1509,19.67549,20.44485,20.96409,21.73746,22.25082,23.02733,23.53452,24.31371,24.81431,25.59535,26.08897,26.87094,27.35719,28.13964,28.6183,29.4006,30.1855,30.65276,31.43618,32.22151,32.67648,33.45948,34.24382,35.02915,35.46682,36.24831,37.03013,37.81207,38.59387,39.37534,40.15621,40.93618,41.71499,42.49246,43.26837,44.04248,44.81459,45.58449,46.35197,47.11676,47.87868,48.29048,49.05211,49.81035,50.56502,50.98872,51.74189,52.491,52.92304,53.66983,54.41206,54.85155,55.59064,56.32475,56.77082,57.501,57.95183,58.67758,59.13285,59.85371,60.56869,61.0286,61.73799,62.20148,62.66817,63.37163,63.84146,64.53827,65.01092,65.70068,66.17582,66.65378,67.33545,67.81544,68.48912,68.97082,69.45504,70.11926,70.60473,71.09256,71.74651,72.23514,72.72594,73.21887,73.86004,74.35318,74.84827,75.34526,75.97233,76.46894,76.96727,77.46725,78.07899,78.57803,79.07853,79.58045,80.08373,80.58831,81.17777,81.68055,82.18446,82.68941,83.19536,83.70225,84.21003,84.71862,85.27625,85.78196,86.28831,86.79522,87.30265,87.81052,88.31878,88.82737,89.33622,89.84528,90.35449,90.86378,91.3731,91.88238,92.39156,92.90058,93.40938,93.91789,94.42607,94.93384,95.44114,95.94793,96.45413,97.01249,97.52167,98.03007,98.53763,99.0443,99.55001,100.05471,100.55834,101.14898,101.6545,102.15876,102.6617,103.16326,103.66339,104.27667,104.77785,105.27741,105.77529,106.27144,106.90248,107.39895,107.8935,108.53669,109.03112,109.52344,110.01362,110.66983,111.15929,111.64642,112.31307,112.79902,113.28247,113.95877,114.44058,114.91971,115.6048,116.08183,116.77447,117.24905,117.94887,118.42068,118.88943,119.59597,120.06151,120.77417,121.23615,121.95449,122.41258,123.13614,123.59004,124.31837,125.05213,125.50036,126.23813,126.68129,127.42253,128.16852,128.60459,129.35328,130.10624,130.86331,131.28916,132.04768,132.80984,133.57542,133.98931,134.7552,135.52395,136.29533,137.06908,137.84515,138.62324,139.40312,140.18454,140.96719,141.75088,142.53554,143.32078,144.10636,144.89195,145.67732,146.46239,146.90209,147.69086,148.47852,149.26474,149.72167,150.5102,151.29684,151.766,152.55373,153.03093,153.81911,154.60426,155.09229,155.87691,156.37213,157.15529,157.65738,158.43856,158.94723,159.72573,160.24044,161.01531,161.53568,162.06008,162.83207,163.36157,163.89492,164.66219,165.19995,165.74135,166.50256,167.04774,167.59633,168.34975,168.9013,169.456,170.01382,170.57471,171.317,171.87962,172.44494,173.01289,173.58339,174.15642,174.88125,175.45446,176.02979,176.60712,177.18637,177.76753,178.35043,178.93492,179.52091 0.02538,0.02387,0.02226,0.02057,0.0188,0.01695,0.01501,0.01295,0.01075,0.00841,0.00592,0.00328,-0.00067,-0.00346,-0.00632,-0.00921,-0.01212,-0.015,-0.01872,-0.02143,-0.02411,-0.02673,-0.02934,-0.03255,-0.03511,-0.03767,-0.04068,-0.04322,-0.04573,-0.04833,-0.05065,-0.0528,-0.0546,-0.05624,-0.05756,-0.05836,-0.059,-0.05908,-0.05901,-0.05848,-0.05777,-0.05676,-0.05552,-0.05414,-0.05256,-0.05098,-0.04922,-0.04762,-0.04609,-0.04452,-0.04327,-0.04216,-0.04128,-0.04062,-0.04011,-0.03975,-0.04011,-0.04018,-0.04039,-0.04078,-0.04143,-0.04238,-0.04393,-0.04531,-0.04692,-0.04861,-0.0501,-0.0511,-0.05133,-0.05053,-0.0493,-0.04708,-0.04408,-0.04061,-0.03699,-0.03351,-0.03091,-0.02807,-0.02572,-0.02379,-0.02241,-0.02113,-0.02004,-0.0192,-0.01838,-0.01769,-0.0169,-0.01651,-0.01567,-0.01561,-0.01476,-0.0149,-0.0149,-0.01388,-0.01337,-0.0121,-0.01105,-0.00969,-0.00833,-0.00706,-0.00572,-0.00435,-0.00295,-0.00136,0.00021,0.00189,0.00375,0.0055,0.00727,0.00892,0.01051,0.0115,0.01266,0.01366,0.0145,0.01405,0.01447,0.01479,0.01393,0.01419,0.01448,0.01485,0.01438,0.01484,0.01531,0.0157,0.01593,0.0145,0.01397,0.01312,0.01194,0.01047,0.00879,0.00497,0.00307,0.00119,-0.00063,-0.00231,-0.00384,-0.00519,-0.00632,-0.00719,-0.00955,-0.00978,-0.00962,-0.00906,-0.0081,-0.00679,-0.00522,-0.00351,-0.00179,-0.00023,0.00109,0.00207,0.00268,0.00293,0.0029,0.00267,0.00236,0.00209,0.00294,0.00295,0.00327,0.00388,0.0047,0.0056,0.00645,0.00707,0.0073,0.00708,0.00702,0.00565,0.00379,0.00155,-0.00095,-0.00355,-0.00584,-0.00827,-0.01035,-0.01201,-0.01316,-0.01399,-0.01439,-0.01445,-0.01494,-0.01476,-0.01446,-0.01406,-0.01484,-0.01434,-0.01377,-0.01412,-0.01335,-0.01258,-0.01221,-0.01143,-0.01084,-0.01053,-0.0104,-0.01078,-0.01138,-0.01234,-0.01406,-0.01576,-0.01811,-0.02031,-0.02269,-0.02504,-0.02685,-0.02899,-0.02989,-0.0316,-0.03162,-0.03289,-0.03235,-0.03178,-0.03263,-0.03217,-0.03199,-0.03274,-0.03285,-0.03316,-0.03384,-0.03418,-0.03449,-0.0351,-0.03534,-0.03553,-0.03569,-0.03584,-0.03601,-0.03679,-0.03695,-0.03706,-0.03709,-0.03703,-0.03687,-0.03665,-0.03639,-0.0361,-0.03578,-0.03548,-0.03504,-0.03449,-0.03384,-0.03312,-0.03246,-0.03172,-0.03106,-0.03048,-0.02985,-0.02936,-0.0289,-0.02822,-0.02773,-0.0272,-0.02637,-0.02576,-0.02476,-0.024,-0.0228,-0.02183,-0.02038,-0.01919,-0.01751,-0.0162,-0.01439,-0.01251,-0.01141,-0.00965,-0.00889,-0.00733,-0.00586,-0.00549,-0.00424,-0.00312,-0.00288,-0.00201,-0.00135,-0.00091,-0.0009,-0.00079,-0.00084,-0.00101,-0.00125,-0.00156,-0.00179,-0.00193,-0.00195,-0.00183,-0.00156,-0.00116,-0.00065,-0.00022,0.00045,0.00114,0.00182,0.00247,0.00307,0.00361,0.00409,0.00449,0.00482,0.00508,0.00527,0.0054,0.00545,0.00526,0.00525,0.00519,0.0051,0.00498,0.00485,0.00475,0.00501,0.00506,0.00521,0.00548,0.0059,0.00687,0.00758,0.00844,0.00945,0.0111,0.01238,0.01377,0.01585,0.01739,0.01898,0.02109,0.02264,0.02417,0.02591,0.02725,0.02856,0.02966,0.03045,0.03121,0.03135,0.03164,0.03099,0.0307,0.02927,0.02841,0.02645,0.02521,0.02322,0.02158,0.02054,0.01976,0.01964,0.01953,0.02037,0.02156,0.02282,0.02343,0.02444,0.02499,0.02507,0.02477,0.02427,0.02379,0.02351,0.02352,0.02384,0.02438,0.025,0.02553,0.02583,0.02581,0.02542,0.02469,0.02433,0.02319,0.02201,0.02092,0.02024,0.01946,0.01903,0.01864,0.01874,0.01918,0.01927,0.02023,0.02148,0.02195,0.02345,0.02392,0.02531,0.02554,0.02659,0.02747,0.02733,0.02813,0.02802,0.02798,0.02908,0.02923,0.03045,0.03069,0.03173,0.03194,0.03211,0.03264,0.03261,0.03251,0.0321,0.03145,0.0303,0.02908,0.0276,0.02549,0.02372,0.02197,0.02034,0.01834,0.01718,0.01634,0.0158,0.01492,0.01497,0.01526,0.01576,0.01611,0.01699,0.01793,0.01886,0.01973,0.02048,0.02144,0.02185,0.02201,0.02196,0.02171,0.02134,0.02091,0.0205,0.02076,0.02058,0.02057,0.02073,0.02105,0.0215,0.02204,0.02263,0.02321,0.02371,0.0241,0.02432,0.02431,0.02404,0.02349,0.02269,0.02169,0.02058,0.01948,0.01847,0.01765,0.01705,0.01673,0.01799,0.01826,0.01874,0.01939,0.02011,0.02082,0.02144,0.0219,0.02353,0.02359,0.02348,0.02321,0.02284,0.02242,0.02351,0.02313,0.0228,0.02254,0.02236,0.02375,0.0237,0.02371,0.02503,0.02503,0.02502,0.025,0.02583,0.02568,0.0255,0.02622,0.02615,0.02615,0.02749,0.02782,0.02823,0.03051,0.03115,0.0339,0.03464,0.03766,0.03839,0.03901,0.04222,0.04275,0.04594,0.04632,0.04918,0.04926,0.05135,0.051,0.05204,0.05226,0.05146,0.051,0.05026,0.04955,0.04859,0.04821,0.04714,0.04585,0.04443,0.04408,0.04272,0.04169,0.04122,0.04132,0.04182,0.0429,0.04434,0.04583,0.04707,0.04785,0.04809,0.04789,0.04742,0.0469,0.04657,0.0466,0.04707,0.04795,0.04923,0.05076,0.05121,0.05291,0.05454,0.056,0.05613,0.05705,0.05751,0.05703,0.05682,0.05615,0.05554,0.0549,0.05452,0.0543,0.05435,0.05465,0.05492,0.05554,0.05573,0.05641,0.05638,0.05708,0.05685,0.05656,0.05727,0.05685,0.05637,0.05662,0.0557,0.05453,0.05326,0.05122,0.04882,0.04576,0.04274,0.03966,0.03668,0.03395,0.03145,0.02971,0.02851,0.02782,0.02759,0.0277,0.02866,0.02912,0.02953,0.02977,0.02975,0.02944,0.02882,0.02791,0.02674
191.25 -179.4938,-178.9247,-178.35465,-177.78376,-177.21203,-176.71063,-176.13277,-175.5545,-174.97593,-174.39717,-173.81834,-173.2395,-172.66085,-172.08252,-171.50462,-170.9486,-170.3666,-169.78541,-169.20511,-168.6259,-168.04386,-167.46172,-166.88103,-166.30194,-165.69991,-165.11894,-164.53997,-163.92284,-163.34274,-162.76506,-162.13379,-161.55592,-160.98089,-160.33655,-159.76207,-159.19086,-158.53468,-157.96507,-157.29983,-156.73236,-156.05856,-155.49388,-154.81214,-154.25096,-153.56193,-153.00489,-152.30917,-151.60726,-151.05519,-150.3477,-149.80148,-149.08917,-148.37151,-147.64871,-147.11168,-146.38569,-145.65521,-145.12823,-144.39584,-143.65964,-142.91986,-142.17676,-141.43059,-140.68163,-139.93016,-139.43244,-138.68303,-137.93194,-137.17947,-136.42592,-136.1454,-135.38519,-134.62458,-133.86388,-133.10365,-132.34408,-131.58549,-131.26722,-130.50474,-129.74403,-128.98534,-128.64793,-127.88696,-127.12912,-126.7781,-126.01925,-125.26422,-124.90047,-124.14563,-123.39535,-123.0198,-122.27093,-121.88768,-121.14105,-120.75039,-120.00678,-119.609,-118.86933,-118.46467,-117.72971,-117.31865,-116.58909,-116.17202,-115.44861,-115.02597,-114.30941,-113.88165,-113.45001,-112.74027,-112.30406,-111.86408,-111.16274,-110.71882,-110.27128,-109.57985,-109.12903,-108.67477,-107.99476,-107.53788,-107.07781,-106.41068,-105.94868,-105.48369,-105.01576,-104.36459,-103.8957,-103.42412,-102.9499,-102.31698,-101.84276,-101.36619,-100.88731,-100.40621,-99.92295,-99.31691,-98.83507,-98.35137,-97.8659,-97.37873,-96.88996,-96.39966,-95.82945,-95.34218,-94.8537,-94.3641,-93.87348,-93.38192,-92.88953,-92.39639,-91.9026,-91.40825,-90.91345,-90.4183,-89.92288,-89.42731,-88.93167,-88.43607,-87.94061,-87.44539,-86.9505,-86.45605,-85.96212,-85.46883,-84.97625,-84.4845,-83.99365,-83.50381,-83.01507,-82.5275,-81.95119,-81.46058,-80.97147,-80.48395,-79.99811,-79.51402,-79.03176,-78.55141,-77.93573,-77.45419,-76.97485,-76.49779,-76.02308,-75.38375,-74.90903,-74.43693,-73.96752,-73.50083,-72.84136,-72.37585,-71.91332,-71.23951,-70.77887,-70.32145,-69.86727,-69.17999,-68.72858,-68.28062,-67.58251,-67.138,-66.6971,-65.98962,-65.55284,-64.83652,-64.4044,-63.97615,-63.25291,-62.82985,-62.09973,-61.68228,-61.26888,-60.53471,-60.12738,-59.38828,-58.98745,-58.24411,-57.85016,-57.10322,-56.35033,-55.96687,-55.21187,-54.83613,-54.07988,-53.71207,-52.9553,-52.1943,-51.83902,-51.07864,-50.31507,-49.97297,-49.21131,-48.44741,-47.68146,-47.35827,-46.59581,-45.83211,-45.06756,-44.30249,-43.53738,-43.24555,-42.48645,-41.72775,-40.96997,-40.2134,-39.45835,-38.70515,-37.95415,-37.20546,-36.45946,-35.94645,-35.20026,-34.45754,-33.71857,-32.98354,-32.45318,-31.7203,-30.99205,-30.26865,-29.72723,-29.00775,-28.29369,-27.745,-27.03603,-26.48176,-25.77859,-25.08174,-24.52291,-23.83297,-23.27026,-22.58784,-22.02187,-21.34758,-20.77911,-20.11359,-19.5432,-18.9694,-18.31518,-17.74033,-17.09615,-16.52096,-15.94308,-15.3122,-14.73474,-14.15502,-13.53849,-12.96004,-12.37978,-11.79777,-11.20029,-10.62063,-10.03965,-9.45744,-8.88062,-8.30177,-7.72208,-7.14174,-6.56086,-5.97953,-5.43428,-4.85762,-4.28089,-3.70417,-3.12771,-2.55152,-1.97571,-1.4004,-0.82571,-0.25175,0.32125,0.8933,1.46429,2.0341,2.60265,3.16982,3.73549,4.2995,4.86184,5.42242,5.98116,6.53795,7.23348,7.79015,8.34456,8.89664,9.44631,9.99351,10.70603,11.25167,11.79454,12.33459,12.87175,13.59535,14.12991,14.66135,15.39259,15.92067,16.44541,16.96679,17.70384,18.22113,18.96361,19.47627,19.98524,20.73111,21.23503,21.98473,22.48317,23.23591,23.7284,24.48343,24.96973,25.72666,26.20641,26.96444,27.43733,28.19563,28.6613,29.41946,30.18023,30.63524,31.39488,32.15635,32.59984,33.35911,34.11967,34.88129,35.30859,36.06691,36.82566,37.58452,38.34338,39.102,39.86016,40.61767,41.37433,42.12983,42.88394,43.63651,44.38733,45.13619,45.8829,46.62726,47.36912,48.10826,48.50757,49.24636,49.98194,50.71415,51.12469,51.85547,52.58241,53.00084,53.72558,54.44607,54.87161,55.58915,56.30204,56.73385,57.44305,57.87941,58.5845,59.02512,59.72566,60.17024,60.8658,61.31404,62.00421,62.45582,63.1402,63.59488,64.27307,64.73053,65.40218,65.86209,66.32472,66.98891,67.45357,68.11033,68.57673,69.04557,69.69358,70.16373,70.63617,71.27469,71.74802,72.22348,72.70103,73.32774,73.80563,74.28544,74.90106,75.3808,75.86229,76.34548,76.83032,77.4298,77.91391,78.39949,78.8865,79.37488,79.95648,80.44347,80.93167,81.421,81.91143,82.4029,82.96195,83.45127,83.94145,84.43244,84.92417,85.41661,85.90969,86.40335,86.89755,87.39222,87.88731,88.38277,88.87853,89.37454,89.87075,90.37113,90.86339,91.35567,91.85636,92.35267,92.84884,93.3448,93.84049,94.33587,94.83087,95.32544,95.81951,96.31305,96.80598,97.29826,97.78982,98.28062,98.7706,99.33068,99.82291,100.31413,100.8043,101.29336,101.78127,102.26796,102.85361,103.34165,103.82831,104.31352,104.79725,105.40067,105.88509,106.36783,106.84886,107.46638,107.94755,108.42684,108.90419,109.53464,110.0116,110.48646,111.12727,111.60131,112.07308,112.72355,113.19408,113.66217,114.32156,114.78796,115.25178,115.9193,116.38102,117.05555,117.51487,118.19606,118.65266,119.10632,119.79371,120.24424,120.9373,121.38437,122.08271,122.52603,123.22924,123.93777,124.37617,125.0889,125.52277,126.2392,126.96035,127.38793,128.11208,128.53435,129.26103,129.99174,130.7263,131.13884,131.87483,132.61423,133.35687,133.75816,134.50112,135.24678,135.99494,136.7455,137.49822,138.2529,139.00932,139.7672,140.52636,141.28671,142.04795,142.80983,143.57209,144.33445,145.09686,145.85905,146.28418,147.05005,147.81491,148.57863,149.02033,149.78663,150.55118,151.31361,151.77044,152.53386,152.99829,153.76234,154.5233,154.99783,155.75804,156.23936,156.99841,157.48628,158.24341,158.73735,159.49174,159.99144,160.74264,161.2478,161.7567,162.50503,163.01874,163.76203,164.28019,164.80185,165.54003,166.06542,166.59409,167.12598,167.85735,168.39226,168.93015,169.47098,170.19309,170.73594,171.28147,171.82966,172.38043,173.08929,173.64088,174.1947,174.75069,175.30876,175.86891,176.43097,176.99484,177.56043,178.24143,178.80563,179.37126,179.93815 0.02987,0.02828,0.02651,0.02461,0.02259,0.01997,0.01785,0.01561,0.01324,0.01072,0.00806,0.00525,0.00232,-0.00071,-0.0038,-0.00708,-0.01015,-0.01317,-0.01612,-0.01896,-0.0221,-0.02478,-0.02741,-0.02999,-0.03322,-0.03584,-0.03848,-0.04179,-0.04442,-0.04697,-0.04992,-0.05215,-0.05412,-0.05613,-0.05741,-0.0583,-0.05903,-0.05915,-0.05908,-0.05856,-0.05784,-0.05686,-0.05563,-0.05435,-0.05273,-0.05124,-0.04936,-0.04748,-0.04584,-0.0441,-0.04257,-0.04129,-0.04045,-0.04003,-0.0395,-0.03982,-0.04041,-0.04092,-0.04194,-0.0429,-0.0438,-0.04463,-0.04545,-0.04637,-0.04743,-0.0489,-0.05015,-0.05143,-0.05254,-0.05324,-0.05289,-0.05258,-0.05138,-0.04932,-0.04656,-0.04331,-0.03981,-0.03751,-0.03404,-0.03076,-0.02775,-0.02613,-0.02378,-0.02181,-0.02105,-0.01982,-0.019,-0.01873,-0.01844,-0.01855,-0.01826,-0.01861,-0.0181,-0.01836,-0.01758,-0.0173,-0.01621,-0.01518,-0.01384,-0.0123,-0.01095,-0.00934,-0.00808,-0.00659,-0.00534,-0.00374,-0.00233,-0.00085,0.00108,0.00266,0.00424,0.00605,0.00743,0.00874,0.0097,0.01059,0.01136,0.01129,0.01172,0.01209,0.01156,0.01185,0.01214,0.01246,0.01223,0.01263,0.01302,0.01336,0.01297,0.0129,0.0126,0.012,0.01113,0.00996,0.00714,0.00545,0.00364,0.00177,-0.00012,-0.00197,-0.00374,-0.00631,-0.00779,-0.00911,-0.01023,-0.0111,-0.0117,-0.01198,-0.01192,-0.01151,-0.01076,-0.00972,-0.00845,-0.00705,-0.00563,-0.00428,-0.0031,-0.00213,-0.00141,-0.00091,-0.00061,-0.00044,-0.00032,-0.00017,8e-05,0.00046,0.00101,0.00172,0.00254,0.00408,0.00489,0.00549,0.00575,0.00559,0.00495,0.00383,0.00228,0.00075,-0.00152,-0.00388,-0.0062,-0.00832,-0.01034,-0.01182,-0.01282,-0.01332,-0.01338,-0.01351,-0.01304,-0.01245,-0.01256,-0.01202,-0.01155,-0.01116,-0.01169,-0.01136,-0.0111,-0.01141,-0.0111,-0.01086,-0.0107,-0.01051,-0.01037,-0.01053,-0.01099,-0.01183,-0.01303,-0.01496,-0.01696,-0.01929,-0.02229,-0.02504,-0.02796,-0.03068,-0.03281,-0.0351,-0.03603,-0.03619,-0.03753,-0.03681,-0.03771,-0.03659,-0.03728,-0.03621,-0.03543,-0.03614,-0.03575,-0.03566,-0.03651,-0.03661,-0.03679,-0.03702,-0.03792,-0.0382,-0.03852,-0.03886,-0.03921,-0.0395,-0.04072,-0.04084,-0.04074,-0.04039,-0.03985,-0.0392,-0.03855,-0.03799,-0.03756,-0.03724,-0.03639,-0.03604,-0.03563,-0.03511,-0.0345,-0.03349,-0.03282,-0.03216,-0.0315,-0.0308,-0.03021,-0.02958,-0.02906,-0.02842,-0.02793,-0.02722,-0.02641,-0.02582,-0.02485,-0.02409,-0.02296,-0.02199,-0.02077,-0.01962,-0.01845,-0.01719,-0.01582,-0.01493,-0.01356,-0.01293,-0.01155,-0.01014,-0.00958,-0.00813,-0.00669,-0.00591,-0.00455,-0.00335,-0.00237,-0.00176,-0.00122,-0.00095,-0.00091,-0.00106,-0.00134,-0.00169,-0.00202,-0.00226,-0.00237,-0.00242,-0.00217,-0.00174,-0.00114,-0.00041,0.0004,0.00125,0.00211,0.00294,0.00371,0.00442,0.00504,0.00558,0.00602,0.00635,0.00656,0.00666,0.00665,0.00651,0.00627,0.00594,0.00555,0.00498,0.00465,0.00435,0.00414,0.00406,0.00412,0.00459,0.005,0.00559,0.00632,0.0072,0.00846,0.00959,0.01085,0.01251,0.014,0.0156,0.0173,0.01939,0.02117,0.02325,0.02497,0.02664,0.02834,0.02977,0.03104,0.03215,0.03288,0.03357,0.03358,0.0337,0.0328,0.03226,0.03042,0.02924,0.02672,0.02516,0.02258,0.0204,0.01913,0.01797,0.01765,0.01738,0.01823,0.01961,0.02124,0.0217,0.02322,0.02439,0.02506,0.02526,0.02508,0.02469,0.02424,0.02388,0.02369,0.02369,0.02385,0.02409,0.02433,0.02446,0.02442,0.02416,0.02369,0.02344,0.02272,0.02201,0.02141,0.02099,0.02066,0.0206,0.02035,0.02068,0.02129,0.02134,0.02238,0.02368,0.02413,0.0257,0.02623,0.0277,0.02809,0.02913,0.02927,0.02988,0.02988,0.03037,0.03045,0.03101,0.03124,0.0318,0.03205,0.03234,0.0325,0.03261,0.03239,0.03238,0.03174,0.03158,0.0313,0.03009,0.02942,0.0285,0.02648,0.02507,0.02347,0.02177,0.01933,0.01777,0.01639,0.01472,0.01398,0.01357,0.0135,0.01375,0.01429,0.01517,0.01622,0.01739,0.01859,0.0203,0.02135,0.0222,0.02282,0.0232,0.02334,0.02359,0.02334,0.02301,0.02264,0.0223,0.02201,0.02179,0.02165,0.02159,0.02159,0.02164,0.02173,0.02184,0.02195,0.02204,0.02118,0.02106,0.02085,0.02154,0.02097,0.02018,0.0192,0.01811,0.01701,0.01599,0.01514,0.01452,0.01417,0.01409,0.0143,0.01475,0.01537,0.01607,0.01746,0.01807,0.0185,0.0187,0.01865,0.01838,0.01793,0.01859,0.01807,0.01757,0.01718,0.01693,0.01814,0.01814,0.01828,0.01853,0.01993,0.02023,0.02056,0.02086,0.02197,0.02205,0.022,0.02271,0.02241,0.022,0.02266,0.02227,0.02188,0.02319,0.02302,0.02287,0.02502,0.02501,0.0276,0.02756,0.03041,0.03026,0.02992,0.03303,0.03261,0.03599,0.03549,0.03898,0.03837,0.04159,0.04433,0.04343,0.04549,0.04452,0.04606,0.04714,0.04647,0.04724,0.0467,0.04699,0.04671,0.04589,0.04513,0.04396,0.04279,0.04195,0.04178,0.04194,0.04288,0.0445,0.04654,0.04868,0.05057,0.05191,0.05258,0.05259,0.05211,0.05141,0.05075,0.05036,0.05039,0.05089,0.05179,0.05212,0.05359,0.05518,0.05675,0.05738,0.05868,0.05959,0.06,0.05963,0.05921,0.05833,0.05735,0.05631,0.05553,0.05502,0.05481,0.05514,0.05548,0.05644,0.05702,0.05818,0.05866,0.05973,0.06,0.06009,0.06077,0.06059,0.06061,0.06002,0.0592,0.05779,0.05635,0.05462,0.05258,0.04933,0.04681,0.04411,0.04132,0.0382,0.03583,0.03372,0.03195,0.03063,0.03043,0.03009,0.03013,0.03046,0.03099,0.0316,0.03218,0.03259,0.03277,0.03351,0.03308,0.03232,0.03123
196.875 -179.77942,-179.22514,-178.66991,-178.11389,-177.55715,-176.99982,-176.44197,-175.88369,-175.32509,-174.76632,-174.2075,-173.68786,-173.12429,-172.56095,-171.99794,-171.43541,-170.8735,-170.31229,-169.75787,-169.19332,-168.62983,-168.06753,-167.50656,-166.92874,-166.36553,-165.80398,-165.21157,-164.64857,-164.08764,-163.52888,-162.91973,-162.36044,-161.74126,-161.18205,-160.62573,-159.99465,-159.43914,-158.8868,-158.2449,-157.69429,-157.04412,-156.49591,-155.83794,-155.29244,-154.62724,-154.08524,-153.41339,-152.87556,-152.19763,-151.51404,-150.98103,-150.29235,-149.59844,-149.07193,-148.374,-147.67131,-147.1528,-146.44722,-145.7375,-145.0238,-144.51711,-143.80209,-143.08379,-142.3624,-141.63816,-140.9113,-140.18208,-139.45076,-138.97319,-138.24425,-137.51398,-137.24676,-136.50979,-135.77213,-135.03406,-134.29582,-133.55768,-132.8202,-132.08356,-131.7752,-131.03469,-130.29572,-129.55857,-129.23203,-128.49243,-127.75536,-127.02134,-126.67775,-125.94295,-125.21185,-124.85646,-124.12563,-123.76269,-123.03283,-122.30772,-121.93428,-121.21131,-120.83099,-120.11086,-119.72394,-119.00748,-118.61415,-117.9021,-117.50277,-116.79573,-116.39078,-115.68941,-115.27922,-114.86534,-114.16914,-113.75052,-113.06162,-112.63864,-112.21217,-111.53086,-111.10059,-110.66695,-109.99461,-109.55776,-109.11768,-108.45569,-108.01301,-107.5673,-106.91702,-106.46931,-106.01876,-105.56544,-104.92956,-104.47508,-104.01802,-103.55842,-102.9391,-102.47925,-102.01711,-101.55273,-101.08617,-100.48812,-100.02238,-99.55473,-99.08524,-98.61396,-98.14098,-97.66636,-97.09982,-96.6275,-96.15383,-95.67889,-95.20276,-94.72552,-94.24725,-93.76804,-93.28796,-92.80711,-92.32558,-91.81507,-91.33803,-90.86059,-90.38283,-89.90483,-89.4267,-88.94851,-88.47035,-87.9923,-87.51447,-87.03692,-86.55976,-86.08305,-85.56222,-85.08117,-84.60088,-84.12142,-83.64289,-83.16536,-82.68892,-82.21365,-81.73962,-81.26692,-80.79563,-80.21963,-79.74622,-79.27449,-78.80453,-78.33638,-77.87013,-77.26617,-76.79909,-76.33417,-75.87146,-75.41103,-74.95293,-74.32548,-73.86782,-73.41272,-72.96024,-72.31665,-71.86549,-71.41716,-70.76055,-70.31416,-69.87082,-69.43052,-68.76185,-68.3243,-67.88996,-67.21144,-66.78047,-66.35287,-65.66582,-65.24217,-64.54688,-64.12767,-63.71204,-63.01055,-62.59982,-61.89203,-61.48655,-60.77318,-60.37337,-59.65504,-59.26126,-58.53851,-58.15114,-57.42483,-57.04411,-56.31504,-55.94124,-55.21023,-54.84354,-54.11126,-53.37448,-53.01901,-52.28193,-51.93422,-51.19766,-50.45797,-49.71561,-49.38446,-48.64422,-47.90173,-47.58376,-46.84435,-46.10366,-45.36198,-44.61972,-43.87709,-43.58814,-42.85079,-42.11369,-41.37721,-40.64164,-39.90727,-39.17452,-38.44333,-37.71415,-36.98725,-36.49447,-35.76693,-35.04243,-34.32109,-33.60321,-32.889,-32.37668,-31.66443,-30.95644,-30.25292,-29.7301,-29.03013,-28.33517,-27.80527,-27.11493,-26.5796,-25.8946,-25.21538,-24.67555,-24.00259,-23.45888,-22.79275,-22.24586,-21.58722,-21.03771,-20.38704,-19.83545,-19.28047,-18.64009,-18.08402,-17.45285,-16.89611,-16.33664,-15.71761,-15.15828,-14.59668,-13.9908,-13.43015,-12.86755,-12.27566,-11.71473,-11.15224,-10.58833,-10.01497,-9.45368,-8.8913,-8.328,-7.76385,-7.19897,-6.65412,-6.09318,-5.53184,-4.97029,-4.40859,-3.84683,-3.28514,-2.72364,-2.16243,-1.66381,-1.10827,-0.5533,0.00099,0.55451,1.10715,1.65883,2.20935,2.75869,3.40932,3.96031,4.50981,5.05775,5.60392,6.14834,6.69094,7.23163,7.77035,8.30702,8.98735,9.52329,10.0569,10.58812,11.1169,11.81029,12.33732,12.86158,13.38308,14.08568,14.60462,15.1206,15.63358,16.3432,16.85273,17.35907,18.07405,18.57652,19.29667,19.79481,20.28948,21.01267,21.50242,22.22929,22.71388,23.44374,23.9228,24.65488,25.12799,25.86168,26.32864,27.06357,27.52411,28.25955,28.71337,29.44856,30.18623,30.62995,31.36668,32.10537,32.53837,33.27513,34.01311,34.75219,35.16995,35.90597,36.64259,37.37958,38.11663,38.85353,39.59013,40.32621,41.06158,41.79604,42.52944,43.26148,43.99198,44.72078,45.44769,46.17253,46.89512,47.61529,47.99982,48.72001,49.43728,50.15152,50.86257,51.26033,51.97003,52.67611,53.08138,53.7854,54.4854,54.89744,55.59469,56.28757,56.70565,57.39512,57.81757,58.50321,58.92976,59.61116,60.04153,60.71829,61.15222,61.82397,62.26117,62.92752,63.36771,64.02832,64.47122,65.12574,65.57107,66.01904,66.66666,67.11667,67.75737,68.20914,68.66329,69.29588,69.75139,70.20913,70.83292,71.29164,71.75244,72.36676,72.82815,73.29146,73.75667,74.35922,74.8245,75.29152,75.76022,76.34989,76.81817,77.28798,77.75926,78.23198,78.80541,79.2771,79.75006,80.22423,80.69958,81.17606,81.72894,82.20366,82.67935,83.15594,83.63339,84.11165,84.59066,85.07038,85.59418,86.07124,86.54883,87.02692,87.50544,87.98434,88.46358,88.9431,89.42285,89.90278,90.38284,90.86296,91.34311,91.82322,92.30325,92.78315,93.26285,93.74231,94.22148,94.7003,95.17873,95.6567,96.13418,96.65881,97.13904,97.6186,98.09744,98.57551,99.05276,99.52915,100.00461,100.4791,101.036,101.51221,101.98728,102.46117,102.93382,103.40519,103.98253,104.45489,104.9258,105.39522,105.98668,106.45659,106.92484,107.39139,107.99592,108.46247,108.92715,109.38993,110.00644,110.46871,110.92891,111.55505,112.01435,112.47143,113.10652,113.56229,114.01568,114.65901,115.1107,115.55989,116.21076,116.65785,117.31525,117.75996,118.42356,118.8656,119.30479,119.97411,120.41021,121.08481,121.51757,122.19708,122.88179,123.31027,123.99929,124.42369,125.11662,125.53662,126.23298,126.93377,127.34778,128.05138,128.75904,129.16628,129.87603,130.58938,130.98906,131.70379,132.42174,133.14276,133.53174,134.25307,134.97694,135.70328,136.43187,137.16253,137.89508,138.62928,138.99324,139.72545,140.45884,141.19321,141.57906,142.31877,143.05881,143.79918,144.53968,145.28001,146.01994,146.43575,147.17887,147.92114,148.66231,149.09371,149.83699,150.57837,151.02071,151.76342,152.5039,152.9566,153.69727,154.43491,154.89708,155.63421,156.10283,156.83869,157.31334,158.04719,158.52761,159.25907,159.74502,160.47331,160.96428,161.45879,162.18438,162.68351,163.40459,163.90793,164.41454,165.1306,165.64084,166.15418,166.67066,167.38063,167.89995,168.42211,169.12401,169.64843,170.17552,170.70516,171.2373,171.9278,172.46111,172.99665,173.5344,174.07428,174.6162,175.16006,175.83128,176.37472,176.91984,177.46658,178.0148,178.56439,179.11529,179.66738 0.03308,0.03167,0.02994,0.02795,0.02576,0.0234,0.02092,0.01834,0.01567,0.01289,0.01003,0.00761,0.00462,0.00154,-0.00162,-0.00481,-0.00799,-0.01112,-0.01355,-0.01647,-0.01925,-0.02187,-0.02437,-0.02658,-0.02899,-0.03138,-0.03409,-0.03662,-0.03918,-0.04174,-0.04491,-0.04735,-0.05033,-0.05231,-0.05397,-0.05596,-0.05686,-0.05738,-0.0581,-0.05795,-0.05795,-0.05739,-0.05689,-0.05615,-0.05519,-0.05437,-0.0529,-0.05191,-0.0499,-0.04764,-0.04622,-0.0438,-0.04162,-0.04018,-0.03867,-0.0379,-0.0373,-0.03777,-0.03893,-0.04054,-0.04161,-0.04362,-0.04546,-0.04696,-0.04815,-0.04908,-0.0499,-0.05071,-0.05176,-0.05267,-0.05362,-0.05362,-0.05434,-0.05455,-0.05404,-0.05273,-0.0506,-0.04781,-0.04453,-0.04259,-0.03895,-0.03527,-0.03167,-0.02983,-0.02659,-0.02373,-0.02137,-0.02053,-0.01917,-0.01852,-0.01853,-0.01874,-0.01896,-0.01968,-0.02054,-0.02049,-0.02094,-0.02041,-0.01994,-0.01888,-0.01741,-0.01604,-0.01403,-0.01268,-0.0108,-0.00968,-0.00821,-0.00715,-0.006,-0.00447,-0.00308,-0.0012,0.00039,0.00198,0.00398,0.00538,0.00663,0.00788,0.00867,0.00931,0.00952,0.00982,0.01009,0.00977,0.01,0.01027,0.01059,0.01057,0.01103,0.01149,0.01191,0.012,0.01213,0.01201,0.01163,0.01098,0.00927,0.008,0.00656,0.00497,0.00328,0.00154,-0.00021,-0.00242,-0.004,-0.00552,-0.00695,-0.00828,-0.00947,-0.0105,-0.01134,-0.01195,-0.01231,-0.01242,-0.0121,-0.01189,-0.01153,-0.01104,-0.01046,-0.00985,-0.00923,-0.00862,-0.00803,-0.00745,-0.00686,-0.00624,-0.00557,-0.00328,-0.00268,-0.00202,-0.00128,-0.00048,0.00035,0.00119,0.00198,0.00265,0.00312,0.00332,0.00401,0.00347,0.00253,0.00122,-0.00038,-0.00218,-0.00401,-0.00605,-0.00793,-0.00956,-0.01086,-0.01177,-0.01262,-0.01271,-0.01247,-0.01203,-0.01162,-0.011,-0.01047,-0.0103,-0.00999,-0.00984,-0.00983,-0.01013,-0.01025,-0.01048,-0.01069,-0.01093,-0.01122,-0.0111,-0.01145,-0.01145,-0.01217,-0.01318,-0.01432,-0.01608,-0.01846,-0.02098,-0.02424,-0.02721,-0.0306,-0.03354,-0.03625,-0.03874,-0.04021,-0.04206,-0.0422,-0.04343,-0.04254,-0.04337,-0.04198,-0.04056,-0.04128,-0.04013,-0.04105,-0.04035,-0.03992,-0.03972,-0.04097,-0.04092,-0.04097,-0.04233,-0.04257,-0.04295,-0.04347,-0.04403,-0.04453,-0.04625,-0.04647,-0.04634,-0.04584,-0.04504,-0.04408,-0.04314,-0.04238,-0.04186,-0.04158,-0.04018,-0.03999,-0.03972,-0.03925,-0.03854,-0.03758,-0.03598,-0.03489,-0.03372,-0.03249,-0.03145,-0.03035,-0.02924,-0.02865,-0.02765,-0.02723,-0.02626,-0.02525,-0.02488,-0.02385,-0.02339,-0.02236,-0.02181,-0.02091,-0.02027,-0.01965,-0.01896,-0.01814,-0.01779,-0.01685,-0.01656,-0.0154,-0.01411,-0.01343,-0.01186,-0.01021,-0.00895,-0.00721,-0.00557,-0.00426,-0.00299,-0.00202,-0.00135,-0.00108,-0.001,-0.00115,-0.00146,-0.00185,-0.00224,-0.00265,-0.00281,-0.00279,-0.00256,-0.00212,-0.0015,-0.00072,0.00016,0.0011,0.00181,0.00276,0.00368,0.00455,0.00535,0.00608,0.00672,0.00725,0.00765,0.00775,0.00777,0.00765,0.00737,0.00695,0.00641,0.00581,0.00516,0.00455,0.00401,0.00368,0.00355,0.00363,0.00393,0.00446,0.00549,0.0064,0.00746,0.00865,0.01017,0.01156,0.01305,0.01464,0.01651,0.01826,0.02004,0.02213,0.02392,0.02596,0.02761,0.02914,0.03078,0.03199,0.0332,0.03402,0.03467,0.03501,0.03494,0.03467,0.03371,0.03278,0.03087,0.02938,0.02675,0.02498,0.02218,0.01963,0.0182,0.01655,0.0157,0.01523,0.0156,0.01665,0.01817,0.01854,0.02026,0.02186,0.02318,0.02414,0.02476,0.0251,0.02523,0.02523,0.02515,0.02505,0.02495,0.02489,0.02485,0.02482,0.02472,0.02452,0.02419,0.02381,0.02332,0.02281,0.02235,0.02205,0.02178,0.02177,0.02199,0.02195,0.02247,0.02315,0.02333,0.02424,0.02523,0.02571,0.02679,0.02739,0.02826,0.0288,0.02919,0.02955,0.02946,0.02974,0.02948,0.02986,0.02972,0.03025,0.0302,0.03073,0.03055,0.0309,0.03112,0.03051,0.03051,0.02963,0.02948,0.0293,0.02815,0.02779,0.0273,0.02565,0.02477,0.02368,0.02147,0.02008,0.01862,0.01718,0.01527,0.01424,0.0135,0.01308,0.01308,0.01351,0.01426,0.01527,0.01648,0.01851,0.01988,0.02115,0.02227,0.02316,0.0238,0.02454,0.02459,0.02446,0.02421,0.02389,0.02354,0.0232,0.02288,0.02271,0.02241,0.02208,0.0217,0.02127,0.02078,0.02025,0.01972,0.01922,0.01878,0.01841,0.0181,0.01782,0.01752,0.01715,0.01671,0.01617,0.01557,0.01496,0.01442,0.01397,0.01368,0.01356,0.01352,0.01378,0.0142,0.01475,0.01534,0.0159,0.01634,0.0166,0.01659,0.01665,0.01619,0.01553,0.01477,0.01399,0.0133,0.01369,0.01346,0.01347,0.01372,0.01512,0.01567,0.01632,0.01701,0.01828,0.01882,0.01925,0.01953,0.02001,0.01985,0.01948,0.01944,0.01873,0.01789,0.01792,0.01705,0.01618,0.01695,0.01625,0.01556,0.01713,0.01649,0.01848,0.01776,0.01996,0.01909,0.01816,0.02062,0.0197,0.02257,0.02175,0.025,0.02842,0.02763,0.03097,0.03014,0.03327,0.03248,0.03546,0.0382,0.03755,0.03995,0.04186,0.04105,0.0422,0.04271,0.04155,0.04149,0.04119,0.04093,0.04027,0.04073,0.04182,0.04359,0.04596,0.04871,0.05148,0.05389,0.05492,0.05634,0.05683,0.05646,0.05577,0.05463,0.05343,0.05246,0.05191,0.05183,0.05221,0.05285,0.05381,0.0549,0.05603,0.05722,0.05823,0.05892,0.05969,0.05967,0.05911,0.05896,0.05773,0.05637,0.05588,0.05488,0.05475,0.05456,0.05501,0.05556,0.05641,0.05722,0.05815,0.05869,0.05947,0.0601,0.05984,0.06012,0.05885,0.05866,0.05823,0.05545,0.05448,0.05329,0.05189,0.04803,0.04647,0.04481,0.04164,0.04024,0.03881,0.03735,0.03593,0.03515,0.03419,0.03341,0.03284,0.03252,0.03247,0.03267,0.03365,0.03407,0.03454,0.03494,0.03519,0.03518,0.03484,0.03413
202.5 -179.52347,-178.98242,-178.44061,-177.89811,-177.35494,-176.81129,-176.26726,-175.72295,-175.17845,-174.63384,-174.08921,-173.54471,-173.00045,-172.45652,-171.93111,-171.38335,-170.83622,-170.28984,-169.74434,-169.19981,-168.64726,-168.10005,-167.55416,-167.0097,-166.43948,-165.89327,-165.34875,-164.80609,-164.2195,-163.67598,-163.13476,-162.53589,-161.99443,-161.45551,-160.84519,-160.30685,-159.68795,-159.1508,-158.52369,-157.98798,-157.45572,-156.81945,-156.28959,-155.64628,-155.11942,-154.46948,-153.946,-153.29001,-152.62858,-152.10911,-151.4425,-150.92796,-150.25667,-149.5806,-149.07233,-148.39261,-147.70856,-147.20803,-146.52137,-145.83089,-145.13677,-144.6475,-143.95223,-143.25383,-142.55261,-141.84878,-141.14252,-140.43407,-139.72364,-139.26178,-138.55339,-137.8439,-137.13338,-136.86696,-136.15046,-135.43351,-134.7164,-133.99936,-133.28257,-132.56652,-131.85155,-131.54705,-130.82868,-130.11191,-129.39703,-129.07573,-128.35873,-127.64419,-127.31123,-126.59561,-125.88343,-125.53907,-124.82693,-124.11878,-123.76384,-123.05667,-122.69493,-121.98935,-121.28872,-120.91769,-120.21975,-119.84259,-119.14804,-118.76497,-118.07456,-117.68583,-117.00015,-116.60616,-116.20872,-115.52684,-115.12452,-114.44879,-114.042,-113.37298,-112.96208,-112.54793,-111.88578,-111.46799,-111.04706,-110.39306,-109.96901,-109.54195,-108.89733,-108.46771,-108.03522,-107.40122,-106.96671,-106.52954,-106.08971,-105.46873,-105.02762,-104.58404,-104.13807,-103.53211,-103.08564,-102.63696,-102.18611,-101.59699,-101.14647,-100.69402,-100.23969,-99.78354,-99.32562,-98.76093,-98.30449,-97.84655,-97.38716,-96.92639,-96.4643,-96.00098,-95.53648,-95.00769,-94.54617,-94.08374,-93.62048,-93.15645,-92.69174,-92.22642,-91.76058,-91.29428,-90.82761,-90.36064,-89.89346,-89.42615,-88.95878,-88.49144,-88.02421,-87.55717,-87.09039,-86.62396,-86.15795,-85.69245,-85.22753,-84.76327,-84.29974,-83.83702,-83.37519,-82.84131,-82.37646,-81.91275,-81.45027,-80.98907,-80.52922,-80.0708,-79.61387,-79.15849,-78.58539,-78.12869,-77.67379,-77.22075,-76.76962,-76.17497,-75.7235,-75.27417,-74.82704,-74.38214,-73.76868,-73.32443,-72.88263,-72.44332,-71.81519,-71.37727,-70.94203,-70.50949,-69.8689,-69.43849,-69.01094,-68.36019,-67.93534,-67.5135,-66.85376,-66.43518,-66.01971,-65.35208,-64.94044,-64.26524,-63.85776,-63.4536,-62.77287,-62.37328,-61.68675,-61.29213,-60.60036,-60.21103,-59.51447,-59.13084,-58.4302,-58.05247,-57.34855,-56.97698,-56.27055,-55.90533,-55.197,-54.8384,-54.12874,-53.41458,-53.0664,-52.35198,-51.6341,-51.29688,-50.57989,-49.86018,-49.53447,-48.81643,-48.09613,-47.37405,-47.06505,-46.34612,-45.62618,-44.9055,-44.184,-43.46224,-43.18068,-42.46406,-41.74781,-41.03222,-40.31766,-39.60403,-38.8918,-38.18122,-37.47254,-36.76598,-36.28975,-35.58255,-34.87812,-34.17669,-33.47844,-32.78358,-32.28881,-31.59572,-30.90655,-30.40292,-29.71661,-29.03474,-28.52369,-27.84571,-27.17263,-26.65569,-25.98745,-25.32449,-24.80299,-24.14566,-23.62039,-22.96939,-22.44088,-21.79665,-21.26541,-20.62839,-20.09495,-19.5583,-18.93072,-18.39267,-17.77346,-17.23449,-16.69279,-16.08469,-15.54299,-14.99891,-14.40281,-13.85931,-13.31381,-12.7305,-12.18634,-11.64056,-11.09321,-10.52691,-9.98176,-9.43539,-8.88794,-8.33986,-7.79544,-7.25024,-6.70442,-6.15804,-5.61123,-5.06408,-4.54825,-4.00542,-3.46256,-2.91981,-2.37722,-1.83489,-1.29292,-0.75141,-0.21048,0.32974,0.86922,1.40786,1.94558,2.48228,3.01789,3.55225,4.08531,4.61703,5.14731,5.67609,6.32006,6.84929,7.3767,7.90228,8.42594,8.94762,9.46725,10.12999,10.64857,11.16488,11.67885,12.19042,12.86453,13.37416,13.8812,14.38548,15.06758,15.56922,16.06804,16.75656,17.25214,17.74471,18.43812,18.92688,19.62534,20.10999,20.59141,21.2929,21.76966,22.47438,22.9462,23.65391,24.12056,24.83054,25.29166,26.00315,26.45841,27.17099,27.62021,28.3335,29.04959,29.48978,30.2054,30.63886,31.35364,32.07031,32.78879,33.20886,33.92536,34.64289,35.36137,35.76678,36.48219,37.19804,37.91423,38.63045,39.34644,40.06207,40.77715,41.4915,42.20493,42.91727,43.62838,44.33798,45.04593,45.75207,46.45623,47.15824,47.85795,48.23062,48.93028,49.62725,50.32134,50.70461,51.3977,52.08751,52.77391,53.16637,53.85085,54.53155,54.9305,55.60864,56.01223,56.68739,57.35826,57.76725,58.43454,58.8475,59.51084,59.92752,60.58654,61.00667,61.66102,62.08434,62.73367,63.15992,63.80389,64.23281,64.8711,65.30243,65.73632,66.36822,66.80414,67.4296,67.86731,68.30735,68.92528,69.36673,69.81037,70.42011,70.8648,71.31153,71.91247,72.35988,72.8092,73.26039,73.85039,74.30179,74.7549,75.20969,75.78772,76.24225,76.69831,77.15586,77.72093,78.17775,78.63591,79.09535,79.55604,80.10484,80.56424,81.02473,81.48626,81.94879,82.41227,82.87664,83.40219,83.86453,84.32761,84.79139,85.25583,85.72087,86.18647,86.65257,87.11914,87.58612,88.05346,88.52111,88.98904,89.45717,89.92548,90.3939,90.86239,91.3309,91.79938,92.26778,92.73605,93.20415,93.67201,94.1396,94.60686,95.07375,95.54021,96.0062,96.47167,96.93657,97.40086,97.86448,98.32739,98.85408,99.31911,99.78328,100.24653,100.70882,101.1701,101.63033,102.18059,102.64218,103.10256,103.56167,104.01949,104.58625,105.04487,105.50202,105.95768,106.4118,106.99357,107.4479,107.90054,108.35145,108.94511,109.39577,109.84454,110.44774,110.8959,111.34203,111.95418,112.39931,112.84227,113.46274,113.90432,114.3436,114.97172,115.40927,116.04394,116.4795,116.91251,117.55371,117.98436,118.63133,119.05935,119.71173,120.13682,120.79429,121.21621,121.87843,122.29692,122.96354,123.37834,124.04898,124.45983,125.13405,125.54062,126.21809,126.89971,127.30052,127.98477,128.67281,129.06714,129.75709,130.45048,130.83755,131.53224,132.22996,132.93057,133.30745,134.00831,134.71166,135.41732,136.12513,136.83492,137.54652,138.25963,138.61284,139.32418,140.03668,140.75015,141.12511,141.84365,142.56265,143.28206,144.00159,144.72105,145.44013,146.15863,146.56605,147.2877,148.00834,148.72773,149.14967,149.87079,150.59026,151.02256,151.74315,152.46132,152.90323,153.62149,154.33699,154.78794,155.50277,155.95962,156.67299,157.13557,157.8472,158.3153,159.02453,159.49769,160.20374,160.68172,161.163,161.86681,162.35251,163.05164,163.54132,164.03406,164.72868,165.22502,165.72421,166.41301,166.91514,167.42,167.92756,168.60906,169.11888,169.63119,170.14593,170.81775,171.33391,171.85236,172.37295,172.89563,173.42034,174.07721,174.60209,175.12875,175.65717,176.1872,176.71878,177.25182,177.78624,178.32197,178.85895,179.39713,179.93635 0.03383,0.03241,0.03062,0.02849,0.02607,0.02339,0.02053,0.01755,0.01447,0.01132,0.0081,0.00485,0.00155,-0.00177,-0.00412,-0.00741,-0.01066,-0.01383,-0.01688,-0.01976,-0.02149,-0.02403,-0.02639,-0.02859,-0.02997,-0.03209,-0.03418,-0.03627,-0.03833,-0.04057,-0.04276,-0.04539,-0.04743,-0.04923,-0.05161,-0.05284,-0.05462,-0.05519,-0.05623,-0.05622,-0.05606,-0.05633,-0.05601,-0.056,-0.05574,-0.05543,-0.05518,-0.05433,-0.05295,-0.05217,-0.0499,-0.04863,-0.0457,-0.04273,-0.04106,-0.03853,-0.03677,-0.03586,-0.03565,-0.03653,-0.03832,-0.03942,-0.0421,-0.04479,-0.04715,-0.049,-0.05031,-0.05121,-0.05188,-0.05232,-0.05298,-0.05379,-0.05468,-0.05496,-0.05557,-0.05568,-0.05505,-0.05359,-0.0513,-0.04833,-0.04491,-0.04305,-0.03936,-0.03567,-0.03214,-0.03026,-0.02704,-0.02424,-0.02272,-0.02073,-0.01947,-0.01884,-0.0187,-0.01923,-0.01944,-0.02057,-0.02091,-0.02196,-0.02259,-0.02226,-0.0217,-0.02071,-0.01893,-0.01751,-0.01517,-0.01378,-0.01178,-0.01073,-0.00977,-0.00857,-0.00766,-0.00651,-0.0053,-0.00372,-0.00211,-0.00042,0.00167,0.00332,0.00482,0.00635,0.00731,0.00804,0.00843,0.0087,0.00887,0.00857,0.00868,0.00882,0.00905,0.00897,0.00943,0.00996,0.01052,0.01084,0.01128,0.01153,0.0115,0.01068,0.00996,0.00897,0.00776,0.0064,0.00494,0.00271,0.00129,-0.00011,-0.00148,-0.00282,-0.0041,-0.00535,-0.00653,-0.00717,-0.00807,-0.00887,-0.00955,-0.01011,-0.01054,-0.01087,-0.01109,-0.01123,-0.01133,-0.01139,-0.01141,-0.01141,-0.01137,-0.01126,-0.01107,-0.01074,-0.01026,-0.0096,-0.00875,-0.00774,-0.00659,-0.00538,-0.00415,-0.00298,-0.00192,-0.00025,0.0005,0.00109,0.00146,0.00161,0.00148,0.00107,0.00039,-0.00056,-0.00125,-0.00271,-0.00427,-0.00584,-0.00733,-0.00896,-0.01017,-0.0111,-0.01173,-0.0121,-0.01222,-0.01203,-0.01173,-0.01142,-0.01069,-0.01044,-0.01033,-0.01038,-0.01006,-0.01037,-0.01081,-0.01089,-0.0115,-0.01222,-0.0123,-0.01303,-0.01384,-0.01362,-0.01451,-0.01448,-0.01572,-0.01724,-0.01843,-0.02063,-0.02311,-0.02593,-0.0293,-0.0324,-0.03592,-0.03885,-0.0417,-0.0441,-0.04572,-0.04745,-0.04773,-0.04884,-0.04807,-0.04878,-0.04751,-0.04617,-0.04693,-0.0459,-0.04511,-0.04633,-0.04589,-0.04556,-0.047,-0.0468,-0.0467,-0.04679,-0.04846,-0.04889,-0.0495,-0.05021,-0.05087,-0.05129,-0.05299,-0.05283,-0.05223,-0.05127,-0.05012,-0.049,-0.04811,-0.04756,-0.04731,-0.0472,-0.0457,-0.04544,-0.04488,-0.04391,-0.04254,-0.04084,-0.03883,-0.03699,-0.03509,-0.03349,-0.03178,-0.03015,-0.02909,-0.02771,-0.02645,-0.02584,-0.02479,-0.02385,-0.02345,-0.02269,-0.02235,-0.02182,-0.02151,-0.02131,-0.02102,-0.02112,-0.02078,-0.02035,-0.02046,-0.0198,-0.01959,-0.01858,-0.0174,-0.01636,-0.0148,-0.01309,-0.01138,-0.00954,-0.00774,-0.00612,-0.00466,-0.00342,-0.00246,-0.00208,-0.00172,-0.00161,-0.00171,-0.00225,-0.00255,-0.00287,-0.00314,-0.0033,-0.00331,-0.00314,-0.00307,-0.0026,-0.002,-0.00129,-0.00051,0.00033,0.0012,0.00207,0.00296,0.00385,0.00472,0.00556,0.00634,0.00704,0.00761,0.00803,0.00825,0.00829,0.0081,0.0077,0.00675,0.00603,0.00527,0.00454,0.00393,0.0035,0.00333,0.00339,0.00382,0.00453,0.00549,0.00666,0.00807,0.00951,0.01103,0.01262,0.01428,0.01592,0.01756,0.01936,0.02099,0.02255,0.02448,0.02592,0.02783,0.02906,0.03011,0.03169,0.03241,0.03357,0.03386,0.03443,0.03422,0.0341,0.03334,0.03245,0.03119,0.02956,0.02796,0.02576,0.02327,0.02159,0.01918,0.0178,0.01594,0.01466,0.01409,0.01386,0.01434,0.0154,0.01689,0.01742,0.01916,0.0209,0.02251,0.02397,0.02525,0.02633,0.02722,0.02784,0.0282,0.02831,0.02822,0.02798,0.02765,0.02726,0.02681,0.0263,0.02574,0.02501,0.02446,0.02396,0.02357,0.02309,0.023,0.0231,0.02338,0.02333,0.02379,0.02426,0.02442,0.02489,0.02518,0.02563,0.02593,0.02641,0.02649,0.02695,0.02663,0.02697,0.02628,0.02657,0.02581,0.02625,0.02576,0.02645,0.0263,0.02711,0.02712,0.02781,0.02836,0.02808,0.02829,0.02777,0.02767,0.02746,0.02662,0.02621,0.02575,0.02452,0.02379,0.02296,0.0212,0.02008,0.01889,0.01765,0.01578,0.01473,0.01387,0.01327,0.01296,0.01319,0.01377,0.01466,0.01641,0.01782,0.01929,0.02072,0.02202,0.02364,0.0244,0.02487,0.02509,0.02509,0.02492,0.02466,0.02428,0.02401,0.02377,0.02356,0.02333,0.02307,0.02271,0.02224,0.02165,0.02093,0.02012,0.01927,0.01843,0.01767,0.01704,0.01655,0.01621,0.01599,0.01585,0.01575,0.01562,0.01544,0.0152,0.01494,0.01468,0.01446,0.01429,0.01423,0.01427,0.01442,0.01467,0.01501,0.01537,0.01582,0.01611,0.01623,0.01615,0.01582,0.01524,0.01443,0.01362,0.01263,0.01169,0.01092,0.01038,0.01083,0.01099,0.01144,0.01213,0.01298,0.01481,0.01575,0.01664,0.0174,0.01848,0.01878,0.01884,0.01879,0.01829,0.01756,0.01669,0.01559,0.01441,0.01347,0.01228,0.01112,0.01084,0.00986,0.01029,0.00944,0.00861,0.00954,0.0087,0.00989,0.00903,0.01051,0.00973,0.01163,0.01104,0.0134,0.01295,0.01565,0.01526,0.01812,0.01776,0.02073,0.02039,0.02344,0.02652,0.02609,0.02895,0.03153,0.03062,0.03256,0.03404,0.03258,0.03356,0.0343,0.03495,0.03356,0.03456,0.03595,0.03789,0.04041,0.04341,0.04664,0.04974,0.0496,0.05187,0.05322,0.05355,0.05465,0.05369,0.05229,0.05084,0.04965,0.04885,0.04847,0.0484,0.04971,0.04996,0.05022,0.05045,0.05224,0.05253,0.05268,0.05443,0.05427,0.0538,0.05483,0.05389,0.05289,0.05321,0.05239,0.05267,0.05242,0.05293,0.05323,0.05395,0.0543,0.055,0.05487,0.05537,0.05583,0.05456,0.05469,0.05242,0.05218,0.05183,0.0484,0.04767,0.04683,0.04306,0.04224,0.04149,0.04082,0.03865,0.03847,0.03834,0.03819,0.03822,0.03817,0.03796,0.03756,0.03704,0.03643,0.03697,0.03633,0.03578,0.03541,0.03523,0.03525,0.0354,0.03558,0.03573,0.0357,0.03543,0.03482
208.125 -179.74868,-179.22509,-178.70082,-178.17596,-177.65058,-177.12477,-176.59862,-176.07217,-175.54558,-175.05479,-174.52377,-173.99285,-173.4621,-172.93166,-172.40159,-171.87205,-171.34312,-170.81699,-170.28487,-169.75365,-169.22344,-168.69436,-168.14719,-167.61591,-167.08596,-166.55754,-165.99416,-165.46437,-164.93647,-164.41047,-163.83212,-163.3055,-162.78117,-162.19162,-161.66751,-161.14595,-160.54598,-160.02512,-159.41734,-158.89775,-158.2825,-157.76483,-157.25038,-156.62684,-156.11487,-155.48492,-154.97595,-154.34012,-153.83466,-153.19326,-152.54692,-152.04542,-151.39435,-150.89773,-150.24251,-149.58291,-149.09238,-148.4295,-147.7627,-147.27964,-146.61045,-145.93781,-145.26185,-144.78956,-144.11259,-143.43281,-142.7504,-142.06546,-141.37831,-140.68922,-139.99829,-139.55191,-138.86301,-138.17281,-137.48158,-136.78983,-136.52374,-135.82664,-135.12934,-134.43209,-133.73513,-133.0386,-132.34281,-131.64825,-131.34696,-130.64949,-129.95372,-129.25987,-128.94305,-128.24744,-127.55422,-127.22666,-126.53256,-125.84164,-125.50372,-124.81299,-124.12626,-123.77838,-123.09267,-122.73853,-122.05441,-121.69418,-121.01217,-120.33525,-119.9668,-119.29303,-118.91915,-118.24916,-117.87005,-117.20456,-116.82045,-116.43321,-115.77123,-115.37938,-114.72316,-114.32708,-113.67707,-113.27713,-112.87416,-112.23037,-111.82395,-111.41462,-110.77823,-110.36588,-109.95073,-109.32288,-108.90522,-108.48487,-107.86666,-107.44431,-107.01944,-106.41193,-105.98556,-105.55684,-105.12578,-104.53141,-104.09952,-103.66548,-103.22935,-102.79114,-102.21361,-101.77545,-101.33542,-100.89356,-100.44993,-99.89186,-99.44918,-99.00494,-98.55919,-98.112,-97.66341,-97.2135,-96.6837,-96.23596,-95.78711,-95.33723,-94.88638,-94.43463,-93.98204,-93.52868,-93.07462,-92.61994,-92.16469,-91.70895,-91.23287,-90.78124,-90.32935,-89.87727,-89.42507,-88.97282,-88.52059,-88.06845,-87.61647,-87.16473,-86.71329,-86.22849,-85.77304,-85.31813,-84.86382,-84.41018,-83.95729,-83.5052,-83.054,-82.60374,-82.15448,-81.7063,-81.25925,-80.72138,-80.2723,-79.82458,-79.37829,-78.93348,-78.49021,-78.04853,-77.4829,-77.0404,-76.5997,-76.16086,-75.72392,-75.13921,-74.70235,-74.26758,-73.83496,-73.40451,-72.80329,-72.37376,-71.94658,-71.33366,-70.90794,-70.48473,-70.06406,-69.43987,-69.02132,-68.60546,-67.97196,-67.55873,-67.1483,-66.50641,-66.09916,-65.69481,-65.04571,-64.64494,-63.98907,-63.5922,-63.19838,-62.53749,-62.148,-61.48165,-61.0968,-60.42538,-60.04556,-59.36966,-58.99506,-58.31549,-57.94633,-57.26379,-56.90032,-56.21531,-55.85775,-55.17079,-54.8194,-54.13086,-53.43824,-53.09645,-52.4035,-51.70734,-51.37563,-50.68007,-49.98153,-49.66064,-48.9635,-48.26426,-47.56324,-47.2576,-46.55942,-45.86009,-45.15948,-44.45818,-44.17329,-43.47621,-42.77903,-42.0821,-41.38559,-40.68946,-39.99419,-39.30001,-38.60716,-37.91589,-37.22646,-36.53881,-36.07856,-35.39033,-34.70465,-34.02173,-33.34181,-32.66487,-32.18714,-31.51181,-30.84008,-30.35391,-29.68469,-29.01955,-28.52621,-27.86458,-27.20742,-26.70829,-26.05545,-25.55166,-24.90379,-24.26097,-23.75356,-23.11641,-22.60566,-21.97458,-21.4611,-20.83669,-20.32098,-19.80196,-19.18607,-18.66539,-18.05708,-17.53551,-17.01119,-16.41303,-15.88833,-15.2986,-14.77393,-14.24714,-13.71833,-13.14284,-12.61498,-12.08534,-11.52219,-10.99413,-10.46468,-9.93395,-9.40199,-8.85879,-8.32939,-7.79909,-7.26797,-6.73619,-6.21457,-5.68623,-5.1575,-4.62845,-4.09919,-3.5698,-3.04039,-2.51105,-1.98194,-1.45308,-0.92457,-0.3965,0.13104,0.65797,1.18415,1.70951,2.23399,2.75752,3.28002,3.80141,4.32162,4.84049,5.35802,5.87414,6.38879,6.90189,7.41341,8.04336,8.55476,9.06431,9.57196,10.07764,10.58131,11.22604,11.72841,12.2286,12.72653,13.3808,13.8768,14.37035,14.8614,15.5231,16.01147,16.49721,17.16502,17.64765,18.12748,18.80006,19.2762,19.95338,20.42567,20.89494,21.57512,22.04004,22.72345,23.18364,23.86973,24.32504,25.01352,25.46366,26.15381,26.59844,27.28957,27.72852,28.42029,29.11496,29.54545,30.23995,30.93655,31.35783,32.05344,32.75078,33.16234,33.85805,34.555,35.25287,35.65074,36.34584,37.0415,37.73751,38.43374,39.13003,39.82605,40.52169,41.21677,41.91112,42.60456,43.29692,43.98808,44.67785,45.36603,46.05249,46.73705,47.41959,47.77807,48.46081,49.14112,49.81884,50.49388,50.86493,51.53905,52.21009,52.58833,53.2578,53.92384,54.30861,54.97247,55.63258,56.02321,56.68055,57.07545,57.72968,58.37967,58.7794,59.42571,59.82906,60.47135,60.87807,61.516,61.92586,62.55911,62.97184,63.6001,64.01547,64.43344,65.05619,65.47647,66.09348,66.51581,66.94051,67.55093,67.97734,68.58132,69.0092,69.43923,70.0356,70.46674,70.89991,71.48806,71.922,72.35782,72.79548,73.37345,73.81145,74.25116,74.81964,75.25934,75.70061,76.14341,76.58769,77.14239,77.58614,78.03122,78.47761,78.92526,79.46476,79.91134,80.35903,80.8078,81.25759,81.70838,82.22878,82.67787,83.1278,83.57853,84.03001,84.48219,84.93504,85.38851,85.84255,86.29711,86.7845,87.23638,87.68864,88.14124,88.59413,89.04727,89.50061,89.9541,90.4077,90.86137,91.31505,91.76871,92.22229,92.67575,93.12904,93.58212,94.03495,94.48747,94.93964,95.39142,95.88291,96.33735,96.79125,97.24457,97.69726,98.14927,98.60057,99.0511,99.50082,100.02259,100.47408,100.92462,101.37415,101.82265,102.27006,102.71634,103.25972,103.70704,104.15308,104.5978,105.04117,105.59967,106.04355,106.48592,106.92674,107.49726,107.93815,108.37736,108.81485,109.39645,109.83357,110.26882,110.85933,111.29387,111.72639,112.32523,112.7567,113.18602,113.79259,114.22049,114.64612,115.25983,115.68371,116.30352,116.7254,117.14478,117.77067,118.18769,118.81895,119.23336,119.86964,120.28117,120.92222,121.33064,121.97612,122.38119,123.03076,123.43222,124.08554,124.4831,125.13973,125.80045,126.19284,126.85639,127.24427,127.91026,128.57983,128.96142,129.63273,130.30727,130.98491,131.35764,132.03625,132.71759,133.40147,133.76398,134.44787,135.13396,135.82208,136.5121,137.2038,137.897,138.59164,139.2875,139.62342,140.317,140.68225,141.38064,142.07961,142.77894,143.47844,144.17791,144.87703,145.57574,146.27393,146.67382,147.37471,148.07444,148.77274,149.18622,149.88634,150.58465,151.00785,151.70693,152.40357,152.83578,153.53268,153.97096,154.66739,155.36043,155.80666,156.49845,156.95013,157.64021,158.09695,158.78442,159.24597,159.93054,160.39672,160.86597,161.5482,162.02152,162.69934,163.17646,163.65652,164.3302,164.81355,165.29962,165.96766,166.45659,166.94813,167.44226,168.10344,168.59968,169.09827,169.59917,170.25141,170.75381,171.25831,171.76487,172.27343,172.91322,173.42229,173.93316,174.44572,174.95992,175.47571,175.993,176.51173,177.12922,177.64691,178.16576,178.68571,179.20666,179.72855 0.03474,0.03387,0.03259,0.03086,0.02868,0.02609,0.02315,0.01992,0.0165,0.01326,0.00973,0.00617,0.00263,-0.0009,-0.00439,-0.00782,-0.01117,-0.01361,-0.01677,-0.01978,-0.02261,-0.02526,-0.02689,-0.02913,-0.03116,-0.03299,-0.03406,-0.03571,-0.03721,-0.03864,-0.04018,-0.04168,-0.04305,-0.0452,-0.04648,-0.04754,-0.04973,-0.05046,-0.05225,-0.05259,-0.05382,-0.05386,-0.05388,-0.05456,-0.0546,-0.05512,-0.0553,-0.05566,-0.05588,-0.05577,-0.05507,-0.05464,-0.05278,-0.05164,-0.04867,-0.04531,-0.04344,-0.04011,-0.03736,-0.03611,-0.03484,-0.03478,-0.03589,-0.03684,-0.03933,-0.04219,-0.04499,-0.04739,-0.04917,-0.05034,-0.05105,-0.05093,-0.05141,-0.05207,-0.05296,-0.05401,-0.05486,-0.05562,-0.05582,-0.05523,-0.05372,-0.05135,-0.04832,-0.04494,-0.04319,-0.03969,-0.03638,-0.03338,-0.03152,-0.02887,-0.02663,-0.02483,-0.0232,-0.02214,-0.02095,-0.02081,-0.02124,-0.02099,-0.02205,-0.02219,-0.02328,-0.02334,-0.02364,-0.0231,-0.02214,-0.02032,-0.01884,-0.01644,-0.01492,-0.01291,-0.0118,-0.01084,-0.00997,-0.00926,-0.00866,-0.00769,-0.00666,-0.00516,-0.00348,-0.0016,0.00032,0.00216,0.00382,0.00524,0.00637,0.00682,0.00736,0.0077,0.00723,0.00736,0.00748,0.00695,0.00724,0.00762,0.00811,0.00821,0.00889,0.00956,0.01013,0.01052,0.00995,0.00972,0.00916,0.00829,0.00719,0.00476,0.00348,0.00222,0.00103,-0.0001,-0.00117,-0.00219,-0.00361,-0.00439,-0.00514,-0.00587,-0.00656,-0.00719,-0.00776,-0.00825,-0.00868,-0.00905,-0.0094,-0.00974,-0.00952,-0.01001,-0.01059,-0.01124,-0.0119,-0.01252,-0.01303,-0.01335,-0.01343,-0.0132,-0.01264,-0.01108,-0.00994,-0.00863,-0.00722,-0.00581,-0.00449,-0.00333,-0.00238,-0.00166,-0.00116,-0.00086,-0.00078,-0.00015,-0.00047,-0.001,-0.00172,-0.00259,-0.0036,-0.0047,-0.00582,-0.00707,-0.00826,-0.00936,-0.01035,-0.01135,-0.01197,-0.01243,-0.01276,-0.01301,-0.01256,-0.0126,-0.01269,-0.01185,-0.01204,-0.01234,-0.01278,-0.01232,-0.01302,-0.01388,-0.01387,-0.01495,-0.01617,-0.01617,-0.01744,-0.0188,-0.01849,-0.01991,-0.01974,-0.02145,-0.02336,-0.02425,-0.02667,-0.02878,-0.03162,-0.03467,-0.03764,-0.04093,-0.04365,-0.04642,-0.04858,-0.05026,-0.05169,-0.05213,-0.05291,-0.05239,-0.05277,-0.05188,-0.05097,-0.05151,-0.05099,-0.05065,-0.05168,-0.0516,-0.0515,-0.05272,-0.05265,-0.05263,-0.05277,-0.05425,-0.05475,-0.05542,-0.05618,-0.05685,-0.05833,-0.05855,-0.05832,-0.05763,-0.05656,-0.0553,-0.05409,-0.05314,-0.05256,-0.05229,-0.05217,-0.05196,-0.05071,-0.05,-0.04877,-0.04705,-0.04493,-0.04257,-0.04055,-0.03819,-0.03593,-0.03418,-0.03223,-0.0305,-0.02911,-0.02771,-0.02654,-0.02553,-0.02468,-0.02394,-0.02343,-0.02321,-0.02276,-0.02291,-0.02263,-0.0231,-0.02288,-0.02344,-0.02313,-0.02275,-0.02287,-0.02219,-0.02166,-0.02058,-0.01936,-0.01789,-0.01634,-0.01446,-0.01275,-0.01104,-0.00936,-0.00779,-0.00642,-0.00523,-0.00463,-0.00392,-0.0034,-0.00307,-0.00291,-0.00344,-0.00349,-0.00361,-0.00376,-0.0039,-0.00425,-0.00424,-0.00414,-0.00396,-0.00368,-0.00331,-0.00286,-0.00233,-0.00173,-0.00105,-0.00029,0.00055,0.00148,0.00248,0.00352,0.00458,0.00562,0.00658,0.00741,0.0081,0.00855,0.00879,0.00878,0.00854,0.0081,0.00753,0.00689,0.00546,0.00495,0.00466,0.00464,0.00492,0.0055,0.00591,0.00705,0.00838,0.00983,0.01119,0.01277,0.01431,0.01578,0.01727,0.0186,0.01977,0.02128,0.02228,0.02313,0.02478,0.0255,0.02727,0.02786,0.02832,0.02996,0.0302,0.03141,0.03129,0.03185,0.03129,0.03116,0.03021,0.02946,0.02824,0.02701,0.02568,0.02406,0.0222,0.02087,0.01891,0.017,0.01603,0.01461,0.01368,0.01342,0.01342,0.01405,0.01521,0.01594,0.01766,0.01958,0.02159,0.02361,0.02558,0.02744,0.0291,0.03048,0.03148,0.03206,0.03222,0.03203,0.03157,0.03094,0.0302,0.02941,0.0286,0.02774,0.02701,0.02635,0.02579,0.02537,0.02488,0.02473,0.02472,0.02448,0.0246,0.02465,0.02458,0.02452,0.02427,0.02437,0.02407,0.02433,0.02404,0.0237,0.02403,0.02357,0.02375,0.02305,0.02309,0.02233,0.02246,0.02198,0.02243,0.02246,0.02326,0.02414,0.02464,0.02549,0.026,0.02656,0.02693,0.02701,0.02696,0.02672,0.0263,0.02576,0.02497,0.02411,0.02317,0.02179,0.02059,0.01936,0.01811,0.01639,0.01527,0.0143,0.01334,0.01299,0.01297,0.0133,0.01399,0.01548,0.0168,0.01826,0.01976,0.02121,0.02298,0.02393,0.02459,0.02495,0.02505,0.02494,0.02436,0.02402,0.02372,0.02351,0.02338,0.02331,0.02326,0.02317,0.02298,0.02264,0.02186,0.02119,0.02037,0.01947,0.01855,0.01771,0.017,0.01649,0.0162,0.01613,0.01621,0.01642,0.01665,0.01687,0.017,0.01701,0.0169,0.01666,0.01633,0.01594,0.01515,0.01492,0.01476,0.0147,0.01472,0.01482,0.01495,0.01509,0.01517,0.01548,0.01524,0.01481,0.01416,0.01332,0.01234,0.0113,0.01026,0.00941,0.00879,0.00846,0.00843,0.00947,0.01012,0.01093,0.01184,0.0139,0.01479,0.01555,0.01613,0.01737,0.01744,0.01726,0.01726,0.01655,0.01566,0.0146,0.01341,0.01218,0.01072,0.0095,0.00836,0.00727,0.00637,0.00579,0.00511,0.00453,0.00441,0.00393,0.00407,0.00366,0.00412,0.00382,0.00472,0.00458,0.00596,0.00596,0.00771,0.00778,0.00979,0.00989,0.01206,0.01438,0.01433,0.01666,0.01638,0.01849,0.02051,0.01954,0.0211,0.02247,0.02368,0.02188,0.02284,0.02379,0.02479,0.02286,0.02417,0.0259,0.02812,0.03082,0.03387,0.037,0.03988,0.04218,0.03969,0.0407,0.0442,0.04387,0.04293,0.04174,0.0406,0.03973,0.03916,0.03879,0.03846,0.04078,0.04037,0.03986,0.03932,0.04171,0.04141,0.04132,0.0439,0.04403,0.04429,0.04647,0.04666,0.04825,0.04835,0.04869,0.04965,0.05017,0.05092,0.05152,0.05209,0.05237,0.05262,0.05215,0.05197,0.05171,0.04997,0.0494,0.047,0.04623,0.04546,0.04275,0.04188,0.041,0.0387,0.03796,0.03735,0.03693,0.03641,0.03661,0.03705,0.03765,0.03914,0.03997,0.04067,0.04116,0.04137,0.04265,0.04224,0.04155,0.04065,0.03963,0.03861,0.0377,0.03695,0.03679,0.0363,0.03598,0.03578,0.03558,0.03528
213.75 -179.54644,-179.0348,-178.5226,-178.00991,-177.49678,-176.98334,-176.46969,-175.9559,-175.44205,-174.92822,-174.41449,-173.90099,-173.38781,-172.88522,-172.36857,-171.85243,-171.33696,-170.82226,-170.30842,-169.78169,-169.26534,-168.75005,-168.236,-167.72333,-167.17768,-166.66342,-166.15073,-165.6397,-165.07958,-164.56769,-164.05794,-163.48701,-162.97697,-162.46915,-161.88799,-161.38053,-160.87578,-160.28523,-159.78152,-159.18383,-158.68142,-158.07697,-157.57645,-157.07944,-156.4676,-155.97303,-155.35531,-154.86378,-154.2407,-153.75267,-153.12476,-152.49228,-152.00829,-151.37154,-150.89229,-150.25182,-149.6074,-149.13416,-148.48685,-147.83596,-147.36997,-146.71699,-146.06085,-145.40167,-144.94588,-144.28588,-143.62332,-142.95836,-142.29118,-141.62194,-140.95075,-140.51616,-139.84665,-139.17583,-138.50391,-137.83107,-137.15744,-136.48324,-135.80897,-135.53827,-134.85957,-134.18115,-133.50319,-132.82593,-132.14946,-131.47409,-131.17552,-130.49757,-129.82161,-129.14765,-128.83458,-128.15915,-127.48622,-127.16319,-126.48951,-125.81886,-125.48636,-124.81588,-124.14925,-123.80755,-123.14214,-122.79467,-122.13083,-121.77775,-121.11601,-120.45905,-120.09833,-119.44432,-119.07857,-118.42807,-118.05751,-117.41105,-117.03593,-116.65791,-116.01464,-115.63232,-114.99458,-114.60819,-113.97636,-113.58629,-113.19346,-112.5673,-112.1712,-111.55199,-111.15293,-110.75125,-110.13948,-109.73527,-109.32854,-108.72522,-108.3164,-107.90519,-107.4916,-106.89844,-106.48335,-106.06602,-105.48352,-105.06517,-104.64473,-104.22224,-103.79773,-103.22988,-102.80511,-102.3785,-101.95007,-101.39725,-100.96917,-100.53948,-100.10823,-99.67545,-99.24119,-98.70986,-98.2769,-97.84266,-97.4072,-96.97055,-96.53279,-96.09397,-95.65413,-95.21334,-94.71665,-94.27855,-93.83971,-93.40019,-92.96005,-92.51936,-92.07816,-91.63654,-91.19455,-90.75225,-90.30971,-89.86699,-89.42416,-88.98129,-88.53843,-88.09565,-87.65302,-87.2106,-86.76845,-86.32665,-85.88525,-85.44432,-85.00391,-84.5641,-84.12494,-83.68649,-83.24881,-82.74458,-82.3043,-81.86502,-81.42677,-80.98962,-80.55362,-80.11883,-79.68529,-79.14962,-78.71472,-78.28128,-77.84935,-77.41897,-76.99019,-76.43275,-76.00357,-75.57618,-75.15061,-74.7269,-74.1526,-73.72926,-73.30796,-72.88872,-72.30132,-71.88309,-71.46708,-71.0533,-70.4544,-70.04225,-69.63248,-69.02408,-68.61641,-68.21123,-67.59406,-67.19147,-66.79147,-66.16676,-65.76973,-65.37538,-64.74431,-64.35335,-63.71594,-63.32868,-62.94421,-62.30217,-61.92176,-61.27434,-60.89834,-60.24624,-59.87484,-59.21883,-58.85222,-58.19279,-57.83126,-57.1689,-56.81264,-56.14769,-55.797,-55.12998,-54.45876,-54.11656,-53.44451,-53.10819,-52.43575,-51.75996,-51.43308,-50.75744,-50.07903,-49.76204,-49.08488,-48.40575,-47.72482,-47.42186,-46.7432,-46.06296,-45.38164,-44.6995,-44.41574,-43.73738,-43.05887,-42.38011,-41.70135,-41.02296,-40.34518,-39.66823,-38.99247,-38.31768,-37.64427,-36.97247,-36.30249,-35.6345,-35.18773,-34.51941,-33.85362,-33.19051,-32.53022,-32.06925,-31.41041,-30.75474,-30.28558,-29.6322,-28.9825,-28.50642,-27.85985,-27.21727,-26.73547,-26.09687,-25.46264,-24.97639,-24.34681,-23.85662,-23.23214,-22.73878,-22.11986,-21.62368,-21.01071,-20.51206,-19.90534,-19.40489,-18.90138,-18.30304,-17.79829,-17.20713,-16.70145,-16.19331,-15.61182,-15.10358,-14.59309,-14.02197,-13.51184,-12.99979,-12.486,-11.92873,-11.41619,-10.90209,-10.38654,-9.84423,-9.33064,-8.81596,-8.30026,-7.7836,-7.26078,-6.74693,-6.23242,-5.71733,-5.20179,-4.68586,-4.16966,-3.65326,-3.16318,-2.65081,-2.13847,-1.62625,-1.11424,-0.60256,-0.09127,0.41957,0.92988,1.43957,1.94858,2.4568,2.96414,3.47056,3.976,4.48039,4.98366,5.57734,6.08151,6.58432,7.08572,7.58564,8.08401,8.58079,9.19398,9.69036,10.18493,10.67763,11.16843,11.79399,12.28356,12.77092,13.2562,13.89077,14.37417,14.85527,15.33404,15.97569,16.45183,16.92551,17.5729,18.04366,18.51182,19.16384,19.62853,20.2849,20.74583,21.20404,21.86337,22.31748,22.98007,23.42974,24.09488,24.53991,25.20734,25.64758,26.31682,26.75195,27.42228,28.09565,28.52305,29.19684,29.61865,30.29255,30.9687,31.38186,32.0571,32.73412,33.13818,33.81369,34.49063,35.1687,35.84761,36.23543,36.91161,37.58828,38.26526,38.9424,39.6196,40.29651,40.97305,41.64903,42.32431,42.99871,43.67207,44.34426,45.01517,45.68457,46.35234,47.01832,47.36271,48.02915,48.69342,49.35539,50.01494,50.37184,51.03081,51.68702,52.34033,52.70615,53.35801,54.00665,54.3788,55.02541,55.40212,56.04635,56.68688,57.0689,57.70652,58.0925,58.72691,59.11662,59.74744,60.14062,60.76754,61.16396,61.78667,62.18609,62.80427,63.20646,63.81983,64.22455,64.83283,65.23986,65.84279,66.25187,66.66331,67.26009,67.67326,68.08865,68.6787,69.09551,69.67916,70.09715,70.51715,70.93911,71.51397,71.9367,72.36126,72.92773,73.35273,73.77944,74.20782,74.76384,75.19224,75.62218,76.05361,76.59831,77.02936,77.46176,77.89549,78.42802,78.86096,79.29508,79.73035,80.16672,80.60416,81.1191,81.55516,81.99214,82.43,82.86871,83.30821,83.74848,84.18946,84.6796,85.11843,85.55785,85.9978,86.43825,86.87915,87.32045,87.76212,88.20411,88.64638,89.08888,89.53157,89.97441,90.41736,90.86036,91.30338,91.74637,92.18929,92.6321,93.07474,93.51719,93.95939,94.4013,94.84288,95.28408,95.72486,96.16518,96.60499,97.04426,97.53567,97.97715,98.41795,98.85801,99.29731,99.73579,100.17342,100.61015,101.12668,101.56487,102.00202,102.43809,102.87304,103.30683,103.84117,104.27581,104.70916,105.14117,105.5718,106.12031,106.5513,106.98077,107.40868,107.96843,108.39629,108.82246,109.24691,109.81702,110.24099,110.66311,111.24154,111.66284,112.08215,112.66835,113.08654,113.5026,114.09601,114.5106,115.11012,115.52302,115.93358,116.53936,116.94791,117.55914,117.96541,118.36913,118.98557,119.38667,120.00779,120.40605,121.03161,121.42681,122.0565,122.4484,123.0819,123.47025,124.10722,124.74813,125.13179,125.77567,126.15516,126.80167,127.45172,127.82553,128.47766,129.13292,129.50033,130.15707,130.81673,131.17715,131.83769,132.5008,133.16627,133.83402,134.18229,134.84982,135.51928,136.19053,136.86335,137.53762,138.21322,138.89,139.5678,140.24647,140.92566,141.60544,142.28558,142.96589,143.64621,144.32622,145.00587,145.68504,146.07492,146.75677,147.43757,148.11702,148.51994,149.20126,149.88091,150.5587,150.9737,151.65196,152.32798,152.75158,153.42759,153.85679,154.53203,154.96655,155.64079,156.31166,156.75344,157.42229,157.86877,158.53514,158.98621,159.44024,160.10527,160.5634,161.22456,161.6866,162.34361,162.80937,163.27778,163.93058,164.4021,164.87614,165.52372,166.00061,166.47985,167.12105,167.6025,168.08619,168.5721,169.20538,169.69291,170.18248,170.67403,171.16754,171.78969,172.28398,172.77999,173.2777,173.77705,174.27796,174.88422,175.38475,175.88667,176.38986,176.89428,177.39983,177.90647,178.41412,178.92272,179.43224,179.94254 0.03387,0.03302,0.03181,0.03018,0.0281,0.02557,0.02264,0.01939,0.01591,0.01227,0.00855,0.00483,0.00117,-0.00231,-0.0058,-0.00917,-0.01239,-0.01547,-0.01837,-0.02123,-0.02388,-0.02631,-0.02851,-0.03044,-0.03234,-0.03381,-0.03498,-0.03587,-0.03708,-0.0377,-0.03812,-0.03954,-0.03995,-0.04026,-0.04229,-0.04268,-0.043,-0.04544,-0.04581,-0.04816,-0.04851,-0.05047,-0.0508,-0.0512,-0.05264,-0.05309,-0.05421,-0.05473,-0.05563,-0.05614,-0.05662,-0.05657,-0.05642,-0.05522,-0.05434,-0.0518,-0.04858,-0.04682,-0.04318,-0.03981,-0.03852,-0.03632,-0.0352,-0.03528,-0.03622,-0.03783,-0.04009,-0.04261,-0.04496,-0.04685,-0.04811,-0.04819,-0.04848,-0.04857,-0.04875,-0.04924,-0.05008,-0.05118,-0.05226,-0.05359,-0.05398,-0.05356,-0.05224,-0.05011,-0.04744,-0.04454,-0.04316,-0.04026,-0.0377,-0.03552,-0.03387,-0.032,-0.03042,-0.02866,-0.02739,-0.02642,-0.02496,-0.02456,-0.02452,-0.02385,-0.02443,-0.02421,-0.02499,-0.02486,-0.02507,-0.02458,-0.02365,-0.02201,-0.02052,-0.01828,-0.01666,-0.01477,-0.01351,-0.01244,-0.01184,-0.01118,-0.01113,-0.01038,-0.01013,-0.00887,-0.00736,-0.00615,-0.00414,-0.00275,-0.00067,0.00124,0.00191,0.00329,0.00437,0.00385,0.00447,0.00492,0.00526,0.00436,0.00478,0.00524,0.00485,0.00553,0.00624,0.00696,0.00766,0.00738,0.00778,0.00793,0.00781,0.0058,0.00497,0.00394,0.00279,0.00161,0.00047,-0.00233,-0.0031,-0.00374,-0.00428,-0.00476,-0.0052,-0.00563,-0.00606,-0.00647,-0.00739,-0.00757,-0.00771,-0.00779,-0.00784,-0.00789,-0.00799,-0.00818,-0.00851,-0.00899,-0.00962,-0.01037,-0.01118,-0.01197,-0.01266,-0.01315,-0.01338,-0.01328,-0.01283,-0.01204,-0.01096,-0.00966,-0.00826,-0.00687,-0.00558,-0.00448,-0.00362,-0.0027,-0.00227,-0.00204,-0.00199,-0.00208,-0.0023,-0.00263,-0.00307,-0.00333,-0.00407,-0.00491,-0.0058,-0.00673,-0.00769,-0.00892,-0.00991,-0.01086,-0.01176,-0.01262,-0.01329,-0.01388,-0.01443,-0.01493,-0.01458,-0.01494,-0.01531,-0.01573,-0.01509,-0.01568,-0.01641,-0.01613,-0.01722,-0.01852,-0.01872,-0.02032,-0.02208,-0.02225,-0.02408,-0.02598,-0.02567,-0.02753,-0.02713,-0.02908,-0.0311,-0.03144,-0.03371,-0.03513,-0.03766,-0.04005,-0.04262,-0.04539,-0.04767,-0.05008,-0.05175,-0.05323,-0.05411,-0.05453,-0.05473,-0.05441,-0.05386,-0.05378,-0.05341,-0.05351,-0.05363,-0.05392,-0.05452,-0.05504,-0.05546,-0.05624,-0.05662,-0.05694,-0.05731,-0.05834,-0.05892,-0.05961,-0.06031,-0.06092,-0.06175,-0.06189,-0.0616,-0.06088,-0.05978,-0.05851,-0.05729,-0.05632,-0.05569,-0.05535,-0.0551,-0.05473,-0.05402,-0.05283,-0.05165,-0.04974,-0.04747,-0.04501,-0.04257,-0.04087,-0.03867,-0.03678,-0.03517,-0.03365,-0.03242,-0.03086,-0.0299,-0.02918,-0.02776,-0.02735,-0.02722,-0.02615,-0.02643,-0.02567,-0.02628,-0.02576,-0.02652,-0.02607,-0.02664,-0.02605,-0.0261,-0.02522,-0.02425,-0.02337,-0.02204,-0.02064,-0.01904,-0.0174,-0.01569,-0.014,-0.01236,-0.01097,-0.00958,-0.00834,-0.00727,-0.0069,-0.00622,-0.0057,-0.00529,-0.00569,-0.00547,-0.0053,-0.00517,-0.00508,-0.00551,-0.0054,-0.00529,-0.00519,-0.00508,-0.00495,-0.0048,-0.0046,-0.00481,-0.00451,-0.00411,-0.00358,-0.00291,-0.00209,-0.00112,-0.0,0.00122,0.00253,0.00388,0.00523,0.00653,0.00771,0.00875,0.00959,0.01022,0.01014,0.01015,0.00997,0.00965,0.00927,0.00888,0.00858,0.00735,0.00744,0.00776,0.0083,0.00902,0.00949,0.01061,0.01175,0.01287,0.01415,0.01524,0.01617,0.01691,0.01822,0.01872,0.01901,0.02027,0.02042,0.02046,0.02196,0.02208,0.02386,0.02408,0.02432,0.02617,0.02635,0.02777,0.0277,0.02841,0.02801,0.02801,0.02735,0.0268,0.02603,0.02512,0.02398,0.02315,0.02174,0.02092,0.01929,0.01759,0.01685,0.01536,0.01423,0.01398,0.01367,0.01398,0.01491,0.01635,0.01739,0.01937,0.02154,0.02379,0.02606,0.02825,0.03028,0.03203,0.0334,0.03431,0.03471,0.03465,0.0342,0.03347,0.03253,0.03147,0.03035,0.02977,0.02873,0.02777,0.02694,0.02627,0.02609,0.02571,0.02545,0.02523,0.02517,0.02486,0.02434,0.02417,0.0234,0.02325,0.02241,0.02165,0.02181,0.02143,0.02178,0.02171,0.02203,0.02196,0.02201,0.02168,0.02147,0.021,0.02081,0.0206,0.02077,0.02114,0.02176,0.02267,0.02355,0.02469,0.02552,0.02622,0.027,0.02731,0.0274,0.02746,0.0271,0.02662,0.02583,0.02488,0.02379,0.0224,0.02105,0.01965,0.01799,0.01666,0.01546,0.01447,0.01375,0.0134,0.01339,0.01374,0.01501,0.01607,0.01736,0.01878,0.02096,0.02227,0.02338,0.02421,0.02471,0.02487,0.02455,0.02401,0.02336,0.0227,0.02212,0.02169,0.02143,0.02133,0.02023,0.0203,0.02036,0.02034,0.02019,0.01989,0.01945,0.01889,0.01829,0.0177,0.0172,0.01686,0.01673,0.01683,0.01714,0.0176,0.01815,0.01871,0.01918,0.01951,0.01963,0.01953,0.01919,0.01864,0.01795,0.01716,0.01636,0.0156,0.01496,0.01441,0.01418,0.01408,0.01408,0.01414,0.01421,0.01425,0.01418,0.01396,0.01343,0.01269,0.01177,0.01071,0.00959,0.00845,0.00764,0.00705,0.00674,0.00669,0.00786,0.00841,0.00906,0.00975,0.01183,0.01245,0.01294,0.01326,0.0146,0.01449,0.01418,0.01447,0.01374,0.01287,0.01224,0.01115,0.01005,0.00896,0.00795,0.00687,0.00612,0.00552,0.0048,0.00445,0.00388,0.00364,0.00341,0.00292,0.00266,0.00233,0.00208,0.00214,0.00196,0.00254,0.00248,0.00359,0.00364,0.00511,0.00672,0.0068,0.00845,0.00835,0.00982,0.01121,0.01058,0.01161,0.01252,0.01129,0.01189,0.01245,0.01087,0.01131,0.0118,0.01236,0.01306,0.01125,0.01217,0.01341,0.015,0.01689,0.01893,0.02094,0.0227,0.024,0.02474,0.02495,0.02471,0.02426,0.02382,0.02352,0.02339,0.02336,0.0233,0.02654,0.02617,0.02561,0.02497,0.02775,0.02724,0.02708,0.02738,0.03058,0.03155,0.03299,0.03621,0.03797,0.04074,0.04252,0.04468,0.04625,0.04774,0.04903,0.04997,0.05073,0.05085,0.05108,0.05109,0.04987,0.04936,0.04731,0.04651,0.0442,0.04339,0.04258,0.04087,0.04026,0.03963,0.03897,0.0385,0.03804,0.0385,0.03836,0.03837,0.0386,0.04044,0.04113,0.04197,0.04289,0.04379,0.04584,0.04635,0.04657,0.04645,0.04595,0.04509,0.0448,0.04338,0.04185,0.04031,0.03889,0.03766,0.03667,0.03592,0.03537,0.03492,0.03446
219.375 -179.82089,-179.32489,-178.8284,-178.33152,-177.83433,-177.33692,-176.83933,-176.36878,-175.86713,-175.36552,-174.86405,-174.3628,-173.86184,-173.36123,-172.8611,-172.36155,-171.86265,-171.35357,-170.85198,-170.35121,-169.85144,-169.35279,-168.82544,-168.32489,-167.82567,-167.32781,-166.78634,-166.28721,-165.78989,-165.29443,-164.73984,-164.24367,-163.74961,-163.18514,-162.69109,-162.19959,-161.62596,-161.13488,-160.64646,-160.06423,-159.57699,-158.98842,-158.50299,-158.02053,-157.42466,-156.94441,-156.343,-155.8654,-155.25892,-154.78447,-154.17306,-153.70208,-153.08627,-152.46642,-151.99947,-151.37591,-150.91368,-150.28675,-149.65626,-149.19992,-148.56688,-147.9306,-147.48125,-146.8432,-146.20229,-145.55864,-145.11921,-144.47487,-143.82803,-143.17925,-142.52847,-141.87583,-141.45371,-140.80223,-140.14926,-139.49503,-138.84006,-138.18429,-137.52787,-136.87102,-136.2139,-135.55654,-134.89932,-134.62444,-133.96363,-133.30369,-132.64458,-131.98651,-131.32961,-131.03291,-130.37371,-129.71624,-129.06087,-128.75095,-128.09453,-127.44069,-127.12151,-126.4672,-125.81583,-125.48794,-124.83677,-124.18912,-123.85293,-123.20636,-122.86488,-122.21995,-121.57967,-121.23054,-120.59261,-120.23866,-119.60349,-119.24495,-118.61299,-118.25001,-117.62183,-117.25462,-116.63071,-116.2595,-115.88566,-115.26536,-114.8878,-114.27298,-113.8919,-113.50835,-112.89887,-112.5121,-111.90927,-111.51968,-111.12767,-110.53159,-110.13717,-109.74042,-109.152,-108.75321,-108.35219,-107.77238,-107.36973,-106.96497,-106.55811,-105.98864,-105.58069,-105.17078,-104.75892,-104.20129,-103.78892,-103.37475,-102.95881,-102.41441,-101.99853,-101.58104,-101.16199,-100.7414,-100.21367,-99.79385,-99.37267,-98.95018,-98.52642,-98.10143,-97.67526,-97.17157,-96.74714,-96.32172,-95.89536,-95.46811,-95.04001,-94.61112,-94.1815,-93.7512,-93.32026,-92.88876,-92.42668,-91.99838,-91.5697,-91.14069,-90.71141,-90.28191,-89.85226,-89.4225,-88.99271,-88.56292,-88.1332,-87.70361,-87.27421,-86.84504,-86.41617,-85.98765,-85.55954,-85.09052,-84.65929,-84.22865,-83.79866,-83.36938,-82.94086,-82.51315,-82.08631,-81.66037,-81.23541,-80.81145,-80.30131,-79.87572,-79.45132,-79.02816,-78.60629,-78.18575,-77.65398,-77.23264,-76.81281,-76.39453,-75.97782,-75.56273,-75.01237,-74.59733,-74.18406,-73.77259,-73.20925,-72.7984,-72.38951,-71.98257,-71.40768,-71.00194,-70.59829,-70.0137,-69.61171,-69.21192,-68.81436,-68.22071,-67.82527,-67.43216,-66.83111,-66.44052,-66.05233,-65.44475,-65.05946,-64.44555,-64.06346,-63.68387,-63.06487,-62.68888,-62.06438,-61.69217,-61.06301,-60.6948,-60.06144,-59.69749,-59.06035,-58.70089,-58.06033,-57.70564,-57.06197,-56.71213,-56.06616,-55.72134,-55.07369,-54.73399,-54.08507,-53.43245,-53.10089,-52.44744,-51.79064,-51.46781,-50.81126,-50.15223,-49.83838,-49.18039,-48.52017,-47.85771,-47.55699,-46.89656,-46.23475,-45.57191,-44.90818,-44.62493,-43.96433,-43.30299,-42.6414,-41.97977,-41.31836,-40.65744,-39.9968,-39.33681,-38.67775,-38.01981,-37.36317,-36.7082,-36.05463,-35.4028,-34.97157,-34.31944,-33.66959,-33.02225,-32.37735,-31.93271,-31.28894,-30.64816,-30.01045,-29.55693,-28.92141,-28.2893,-27.82937,-27.20029,-26.73545,-26.10988,-25.48811,-25.01877,-24.40126,-23.92816,-23.31523,-22.8388,-22.23075,-21.75131,-21.1487,-20.6669,-20.07,-19.58618,-19.09915,-18.50963,-18.02129,-17.43836,-16.94906,-16.45716,-15.88294,-15.39051,-14.89581,-14.33101,-13.8366,-13.34017,-12.78535,-12.28956,-11.79203,-11.29292,-10.75144,-10.25381,-9.75482,-9.25452,-8.75304,-8.22901,-7.72978,-7.22971,-6.72881,-6.22718,-5.72491,-5.22318,-4.72403,-4.22448,-3.72465,-3.22458,-2.72439,-2.22414,-1.72391,-1.22377,-0.72382,-0.22412,0.27519,0.77409,1.27251,1.77037,2.26759,2.76412,3.25988,3.75475,4.24872,4.74173,5.23371,5.72461,6.21435,6.7029,7.28304,7.77204,8.25963,8.74574,9.23033,9.71336,10.30914,10.79158,11.27226,11.75114,12.22819,12.83514,13.31077,13.78436,14.25601,14.8711,15.34079,15.80832,16.42997,16.89498,17.35769,17.98479,18.44476,18.90233,19.53395,19.98828,20.62418,21.0749,21.52306,22.16186,22.60627,23.2483,23.68858,24.33318,24.76905,25.4159,25.84729,26.49608,26.92274,27.57276,28.22578,28.64515,29.29872,29.95494,30.36664,31.0228,31.681,32.08435,32.74163,33.40058,33.79521,34.45265,35.11145,35.77122,36.43183,36.81087,37.46881,38.1272,38.78588,39.44473,40.10359,40.76221,41.42046,42.07819,42.73524,43.39147,44.04671,44.70087,45.35382,46.00536,46.65536,46.98559,47.6363,48.28509,48.93186,49.57647,49.91924,50.56351,51.20537,51.84463,52.19641,52.83454,53.46976,53.82796,54.46151,55.09184,55.45585,56.08399,56.45226,57.07788,57.69985,58.07298,58.69198,59.06877,59.68444,60.06465,60.67668,61.06011,61.6682,62.05461,62.65848,63.04764,63.64703,64.03872,64.43293,65.02737,65.4238,66.01309,66.41152,66.99541,67.3956,67.79801,68.37561,68.77949,69.18547,69.75622,70.16334,70.57243,71.13581,71.54574,71.95752,72.51302,72.92533,73.33936,73.75506,74.30078,74.71662,75.13402,75.55293,76.088,76.50667,76.92671,77.3481,77.87173,78.29249,78.71446,79.13761,79.5619,79.98728,80.49438,80.91857,81.34373,81.76981,82.19678,82.6246,83.05322,83.53954,83.96633,84.3938,84.8219,85.2506,85.67985,86.10962,86.53985,86.97052,87.40158,87.83299,88.2647,88.69668,89.12889,89.56127,90.00006,90.42931,90.85862,91.28794,91.71723,92.15706,92.58955,93.02189,93.45403,93.88594,94.31757,94.74888,95.17983,95.61038,96.04049,96.47011,96.8992,97.32773,97.75565,98.18293,98.67077,99.09994,99.52833,99.9559,100.38261,100.80842,101.23329,101.65717,102.1683,102.59335,103.0173,103.44009,103.86169,104.38731,104.80959,105.23055,105.65015,106.06835,106.60727,107.02569,107.44258,107.85788,108.40736,108.82249,109.23592,109.79385,110.20681,110.61793,111.18385,111.59419,112.00255,112.57591,112.98317,113.38836,113.96868,114.37242,114.77396,115.36065,115.76046,116.35264,116.75049,117.14593,117.74357,118.13672,118.73916,119.12981,119.73677,120.12465,120.73586,121.12078,121.73599,122.11773,122.73663,123.11495,123.73722,124.11189,124.73715,125.10788,125.73589,126.3674,126.73295,127.36671,128.0037,128.36345,129.00206,129.64356,129.9968,130.63945,131.28472,131.63091,132.27676,132.92485,133.57501,134.22722,134.56118,135.21291,135.86632,136.52125,137.17746,137.83493,138.49352,139.15307,139.81344,140.47433,141.13572,141.79746,142.45937,143.1213,143.78298,144.44425,145.10509,145.48621,146.14967,146.81221,147.47342,148.13341,148.53006,149.19157,149.85134,150.25664,150.91695,151.57512,151.98863,152.64697,153.30257,153.72366,154.37837,154.80452,155.45828,155.88937,156.54146,156.97708,157.62689,158.06695,158.71435,159.15871,159.80289,160.25108,160.89153,161.34341,161.97992,162.43531,162.89303,163.52531,163.98605,164.44915,165.07652,165.54228,166.01021,166.63129,167.10139,167.57356,168.04784,168.66143,169.13724,169.61496,170.09455,170.69854,171.1791,171.66131,172.14517,172.63062,173.11763,173.70739,174.19431,174.68259,175.17213,175.6629,176.15484,176.6479,177.14201,177.63711,178.13318,178.69464,179.18882,179.68366 0.03209,0.0312,0.03017,0.02892,0.02737,0.02547,0.02323,0.02129,0.01832,0.01513,0.0118,0.00842,0.00507,0.0018,-0.00133,-0.00431,-0.00711,-0.01088,-0.01352,-0.016,-0.01831,-0.02044,-0.02401,-0.02587,-0.02749,-0.02882,-0.03143,-0.03222,-0.0327,-0.03287,-0.03437,-0.03417,-0.0338,-0.03513,-0.03475,-0.0344,-0.03625,-0.03617,-0.03622,-0.03881,-0.0392,-0.04213,-0.0428,-0.04361,-0.04654,-0.04744,-0.04991,-0.05076,-0.05267,-0.05339,-0.05483,-0.05538,-0.05638,-0.05694,-0.05698,-0.05663,-0.05614,-0.05457,-0.05215,-0.05093,-0.04773,-0.04437,-0.04349,-0.04083,-0.03898,-0.03812,-0.03934,-0.04,-0.04137,-0.04315,-0.04495,-0.04646,-0.04768,-0.04807,-0.04788,-0.04727,-0.04653,-0.04596,-0.0458,-0.04611,-0.04679,-0.04761,-0.04828,-0.04976,-0.04964,-0.04885,-0.04747,-0.04572,-0.04385,-0.04296,-0.04105,-0.0394,-0.03801,-0.03669,-0.03541,-0.03421,-0.03273,-0.03155,-0.03041,-0.02905,-0.0282,-0.02758,-0.02679,-0.02674,-0.02636,-0.02666,-0.02681,-0.02647,-0.02599,-0.02519,-0.0238,-0.02246,-0.02047,-0.01892,-0.01718,-0.01589,-0.0151,-0.01432,-0.01368,-0.0141,-0.0136,-0.01423,-0.01335,-0.01217,-0.01207,-0.01023,-0.00977,-0.00753,-0.00529,-0.00497,-0.00299,-0.00127,-0.0019,-0.00068,0.0003,-0.00087,-1e-05,0.00078,0.00156,0.00101,0.00195,0.00287,0.00374,0.00358,0.00425,0.00476,0.0051,0.0037,0.00337,0.00278,0.00196,0.00093,-0.00252,-0.00371,-0.0048,-0.00572,-0.00643,-0.00695,-0.00729,-0.00929,-0.00929,-0.00926,-0.00922,-0.00919,-0.00916,-0.0091,-0.009,-0.00884,-0.00861,-0.00834,-0.00836,-0.00796,-0.00768,-0.00757,-0.00766,-0.00795,-0.00841,-0.00899,-0.00961,-0.01017,-0.01059,-0.0108,-0.01074,-0.01038,-0.00974,-0.00886,-0.00782,-0.00749,-0.00628,-0.00519,-0.00428,-0.00359,-0.00315,-0.00291,-0.00284,-0.00289,-0.00302,-0.00318,-0.00324,-0.00353,-0.00388,-0.00431,-0.00482,-0.00541,-0.00636,-0.00718,-0.00806,-0.00899,-0.00996,-0.01095,-0.0123,-0.01327,-0.0142,-0.01509,-0.01579,-0.01646,-0.01708,-0.01766,-0.01759,-0.01813,-0.01873,-0.01857,-0.01945,-0.02053,-0.02185,-0.02241,-0.02421,-0.02623,-0.02714,-0.02941,-0.03175,-0.03223,-0.03442,-0.03425,-0.03618,-0.03798,-0.03736,-0.03903,-0.03882,-0.04058,-0.04128,-0.04321,-0.04484,-0.04679,-0.04884,-0.05044,-0.05222,-0.05316,-0.05414,-0.05427,-0.05442,-0.05392,-0.05363,-0.05289,-0.05274,-0.05285,-0.05252,-0.05323,-0.05417,-0.0544,-0.05558,-0.05666,-0.05714,-0.0581,-0.05887,-0.05954,-0.06009,-0.06075,-0.06141,-0.06203,-0.06253,-0.06273,-0.06284,-0.06259,-0.06194,-0.06099,-0.05986,-0.05877,-0.05786,-0.05721,-0.05676,-0.05635,-0.05579,-0.05491,-0.05361,-0.05189,-0.05076,-0.04858,-0.04632,-0.04417,-0.04231,-0.04098,-0.03959,-0.03861,-0.03802,-0.03674,-0.0364,-0.03624,-0.03469,-0.03459,-0.03294,-0.03296,-0.03312,-0.03166,-0.03204,-0.03087,-0.0314,-0.03049,-0.03097,-0.03014,-0.0303,-0.02938,-0.02906,-0.02791,-0.02667,-0.02576,-0.02427,-0.02316,-0.02148,-0.01974,-0.01857,-0.01677,-0.01501,-0.01404,-0.01247,-0.01107,-0.01058,-0.00958,-0.00879,-0.00819,-0.0084,-0.00806,-0.00778,-0.00754,-0.00732,-0.00776,-0.00751,-0.00727,-0.00703,-0.0068,-0.0066,-0.00695,-0.00676,-0.00658,-0.00638,-0.00613,-0.00579,-0.00535,-0.00477,-0.00404,-0.00316,-0.00213,-0.00096,0.00033,0.00171,0.00314,0.00458,0.006,0.00736,0.00861,0.00972,0.01066,0.01141,0.01195,0.0123,0.01245,0.0119,0.01169,0.01142,0.01113,0.01087,0.01067,0.01017,0.01032,0.01054,0.01081,0.01111,0.01197,0.0124,0.01274,0.01297,0.01422,0.0143,0.01423,0.0154,0.01514,0.01479,0.01599,0.01568,0.01544,0.01707,0.01714,0.01916,0.01954,0.02003,0.02217,0.02265,0.02438,0.02462,0.02566,0.02561,0.02598,0.02574,0.02563,0.02536,0.02492,0.02422,0.02395,0.0229,0.02157,0.02116,0.0195,0.01777,0.01727,0.01577,0.01474,0.01463,0.01451,0.01508,0.01627,0.01794,0.01892,0.02103,0.02327,0.02554,0.02774,0.02977,0.03153,0.03292,0.03387,0.03432,0.0343,0.03385,0.03305,0.03198,0.03071,0.0293,0.0292,0.02781,0.02649,0.02534,0.02443,0.02474,0.02422,0.02392,0.02376,0.02414,0.02387,0.0234,0.02338,0.02249,0.02142,0.02115,0.02015,0.02006,0.0196,0.01964,0.02008,0.02072,0.02122,0.02192,0.02212,0.02243,0.02218,0.02203,0.02154,0.02134,0.02104,0.02127,0.02145,0.02187,0.02294,0.02371,0.02499,0.02579,0.02679,0.02733,0.0277,0.02788,0.02783,0.02758,0.02684,0.02618,0.02533,0.02387,0.02274,0.0215,0.0198,0.01855,0.01734,0.01625,0.01546,0.0149,0.01462,0.01465,0.01582,0.01654,0.01751,0.01867,0.02098,0.0222,0.02332,0.02425,0.02489,0.02519,0.02516,0.02453,0.0236,0.02248,0.02129,0.02013,0.01913,0.01703,0.01636,0.01596,0.01579,0.01579,0.01589,0.01602,0.01614,0.01622,0.01623,0.01618,0.01613,0.0161,0.01616,0.01638,0.0168,0.01757,0.01851,0.01956,0.02064,0.02097,0.02175,0.02231,0.02259,0.02254,0.02216,0.02147,0.02054,0.01943,0.01826,0.0171,0.01605,0.01517,0.01452,0.0141,0.01379,0.01382,0.01395,0.01413,0.01427,0.01429,0.01411,0.01366,0.01258,0.01153,0.01026,0.00885,0.00741,0.00624,0.00528,0.00458,0.00416,0.00402,0.0053,0.00569,0.00617,0.0067,0.00865,0.00911,0.00946,0.01094,0.01095,0.0108,0.0114,0.01083,0.01012,0.00993,0.00898,0.00802,0.00754,0.00668,0.00593,0.00564,0.00515,0.00493,0.00463,0.00434,0.00409,0.00373,0.00325,0.00273,0.00208,0.00141,0.00085,0.00013,-1e-05,-0.00061,-8e-05,-0.00047,0.00068,0.00045,0.00191,0.00167,0.0031,0.0044,0.00386,0.00486,0.00568,0.00481,0.00536,0.00577,0.00479,0.00502,0.00515,0.00416,0.00417,0.00416,0.0042,0.00434,0.00318,0.00344,0.00385,0.00442,0.00503,0.00562,0.00606,0.0063,0.00633,0.0062,0.00599,0.00581,0.00575,0.00583,0.00606,0.00635,0.0066,0.00982,0.00985,0.00972,0.00946,0.00919,0.01206,0.01199,0.01233,0.0156,0.01674,0.01854,0.02246,0.02509,0.02819,0.03213,0.03533,0.03868,0.04137,0.04384,0.04553,0.04708,0.04751,0.04829,0.04743,0.0476,0.04565,0.04541,0.04285,0.04249,0.04007,0.03993,0.03983,0.0387,0.03901,0.03931,0.03965,0.04013,0.04048,0.04162,0.0419,0.04208,0.04226,0.04375,0.04409,0.04456,0.04515,0.04679,0.04748,0.04814,0.04869,0.04903,0.0491,0.04927,0.04864,0.04765,0.04634,0.04478,0.04304,0.04124,0.03948,0.03786,0.03645,0.03501,0.03391,0.03296
100.0 -179.84027,-178.74038,-177.63665,-176.52942,-175.41989,-174.30895,-173.1974,-172.08607,-170.97573,-169.86691,-168.78538,-167.66419,-166.5475,-165.43619,-164.27974,-163.16312,-162.05426,-160.84498,-159.73668,-158.6391,-157.3855,-156.29458,-155.00886,-153.92857,-152.61519,-151.27746,-150.21386,-148.85604,-147.47773,-146.44218,-145.05234,-143.64663,-142.2269,-140.79506,-139.3531,-137.90313,-136.44736,-134.98797,-133.52718,-132.0675,-130.61128,-129.16084,-128.52692,-127.06763,-125.61986,-124.9365,-123.4885,-122.77418,-121.33137,-119.90938,-119.15605,-117.74829,-116.97059,-116.17678,-114.78333,-113.96878,-112.60269,-111.77073,-110.92441,-109.59112,-108.73203,-107.85993,-106.56985,-105.69002,-104.79885,-103.89671,-102.66781,-101.76465,-100.85254,-99.93199,-99.00355,-98.06779,-96.94385,-96.01708,-95.08528,-94.14908,-93.20915,-92.26617,-91.32083,-90.37384,-89.42591,-88.47776,-87.5301,-86.58364,-85.63911,-84.6972,-83.75859,-82.82396,-81.89397,-80.96926,-79.82557,-78.89258,-77.96713,-77.04978,-76.14106,-75.24147,-73.99545,-73.09763,-72.21091,-71.33565,-70.03044,-69.16361,-68.30989,-66.96313,-66.12278,-65.29683,-63.91909,-63.11109,-61.70728,-60.92052,-59.49603,-58.73352,-57.29393,-56.55836,-55.10933,-54.403,-52.95017,-51.48321,-50.82364,-49.36174,-47.89153,-47.28439,-45.82769,-44.36849,-42.9093,-41.45229,-39.99967,-38.55365,-37.11639,-35.69,-34.27644,-32.87759,-31.84948,-30.46005,-29.09006,-28.03191,-26.68032,-25.3523,-24.2755,-22.97356,-21.88451,-20.61326,-19.51673,-18.40897,-17.18024,-16.07075,-14.88247,-13.77522,-12.6617,-11.54227,-10.42352,-9.31377,-8.20079,-7.08555,-5.96916,-4.85207,-3.85049,-2.75275,-1.6567,-0.56311,0.52707,1.61297,2.69416,3.76994,4.83962,6.17274,7.24364,8.30603,9.35947,10.40341,11.43733,12.82778,13.85341,14.86696,15.86821,17.28429,18.27127,19.24462,20.67556,21.63051,23.07324,24.00681,25.45702,26.36686,27.82035,28.70417,30.1566,31.61609,32.45933,33.91117,35.36637,36.82336,38.2806,39.73642,41.18923,41.91969,42.63779,44.08055,45.51608,46.943,48.35996,49.76572,50.55217,51.95338,53.34016,54.71148,55.53142,56.89118,57.72784,59.07288,59.9244,61.25169,62.1161,63.42278,64.29806,65.58144,66.46554,67.72314,68.61398,69.51336,70.73913,71.64243,72.55324,73.4713,74.65411,75.57238,76.49676,77.42693,78.55853,79.48524,80.41655,81.35212,82.2916,83.23464,84.18088,85.22006,86.15673,87.09536,88.0356,88.97705,89.91934,90.8621,91.80495,92.74749,93.68935,94.63016,95.56953,96.50709,97.54739,98.49487,99.43931,100.38034,101.31761,102.25077,103.17946,104.31362,105.24612,106.17295,107.09379,108.28005,109.20096,110.11473,111.02109,112.25114,113.15382,114.04804,115.31052,116.19818,117.48687,118.36596,119.6784,120.54676,121.88015,122.73566,124.0871,124.92781,126.29423,127.11823,128.49651,129.89054,130.68912,132.08962,133.50261,134.92685,136.36105,137.80387,138.53869,139.97604,141.41828,142.17035,143.63323,145.09723,146.56101,148.02284,148.85614,150.32785,151.79333,152.66932,154.13811,155.59676,156.50957,157.96432,158.90052,160.34679,161.30395,162.27556,163.71312,164.70166,165.70338,167.12186,168.13612,169.1622,170.19945,171.5867,172.63014,173.68274,174.74395,175.81351,176.89063,177.9745,179.06445 -0.01991,-0.02064,-0.02133,-0.02202,-0.02273,-0.02346,-0.02421,-0.02494,-0.02562,-0.02623,-0.02523,-0.02535,-0.02539,-0.02534,-0.02353,-0.0233,-0.02298,-0.02128,-0.02075,-0.02003,-0.01779,-0.01648,-0.0129,-0.01065,-0.00501,0.00218,0.00607,0.01506,0.02479,0.02863,0.03796,0.04663,0.05436,0.06099,0.06657,0.07125,0.07526,0.07889,0.08231,0.08565,0.08884,0.09173,0.09756,0.09933,0.10024,0.1048,0.10438,0.10846,0.10745,0.10645,0.11055,0.10992,0.11438,0.1191,0.119,0.12401,0.12345,0.12811,0.13237,0.12873,0.13107,0.13252,0.12532,0.12544,0.12518,0.12469,0.11746,0.117,0.11644,0.11576,0.11495,0.11403,0.10689,0.10583,0.10491,0.1043,0.10409,0.10442,0.10531,0.10674,0.10863,0.11084,0.11314,0.11529,0.11705,0.11817,0.11845,0.11777,0.11613,0.11361,0.11593,0.11206,0.10797,0.10386,0.09995,0.09632,0.09821,0.0951,0.09211,0.08909,0.09082,0.08707,0.08288,0.08293,0.07777,0.07237,0.07161,0.06614,0.06588,0.06096,0.06141,0.05718,0.05786,0.05398,0.0541,0.0501,0.04913,0.04751,0.04285,0.04072,0.03864,0.03409,0.03251,0.03132,0.03043,0.02968,0.02892,0.02805,0.02705,0.02593,0.02479,0.02372,0.02466,0.02384,0.02326,0.02451,0.02421,0.02403,0.02518,0.02493,0.02562,0.02515,0.02527,0.02499,0.02412,0.02334,0.02224,0.02103,0.01956,0.01787,0.01635,0.01444,0.01243,0.01036,0.00826,0.00617,0.00485,0.00298,0.00121,-0.00045,-0.00199,-0.00342,-0.00474,-0.00596,-0.0071,-0.00962,-0.01061,-0.01151,-0.01228,-0.01289,-0.01329,-0.01475,-0.01453,-0.01398,-0.0131,-0.01334,-0.01196,-0.01044,-0.01063,-0.00914,-0.01002,-0.00893,-0.0108,-0.01027,-0.01312,-0.0131,-0.01655,-0.0201,-0.0201,-0.02305,-0.02531,-0.02667,-0.02708,-0.02663,-0.0256,-0.02213,-0.02438,-0.02343,-0.0231,-0.02356,-0.02476,-0.02649,-0.02979,-0.0318,-0.03381,-0.03568,-0.03908,-0.04086,-0.04439,-0.04597,-0.04938,-0.05045,-0.0534,-0.0537,-0.05609,-0.05574,-0.05769,-0.05689,-0.05858,-0.06021,-0.05894,-0.06035,-0.06167,-0.06287,-0.06118,-0.06214,-0.0629,-0.06343,-0.06061,-0.06039,-0.05985,-0.05907,-0.05821,-0.0574,-0.05674,-0.05204,-0.05163,-0.05131,-0.05091,-0.05025,-0.04911,-0.04734,-0.04489,-0.0418,-0.03826,-0.03453,-0.03089,-0.02754,-0.02789,-0.02568,-0.02414,-0.02321,-0.02285,-0.02295,-0.02336,-0.02922,-0.02995,-0.0306,-0.03106,-0.03697,-0.0369,-0.03665,-0.03628,-0.04108,-0.04039,-0.0396,-0.04357,-0.04232,-0.04548,-0.0436,-0.04573,-0.04317,-0.04434,-0.04129,-0.04155,-0.03822,-0.0376,-0.03408,-0.03264,-0.0308,-0.0272,-0.0254,-0.02412,-0.02359,-0.02385,-0.02475,-0.02324,-0.02453,-0.02561,-0.02815,-0.02876,-0.02895,-0.02874,-0.0281,-0.03055,-0.02926,-0.02725,-0.02891,-0.0256,-0.02154,-0.02176,-0.01684,-0.01647,-0.01154,-0.01121,-0.01103,-0.00727,-0.00783,-0.00873,-0.00639,-0.0079,-0.00963,-0.01148,-0.00956,-0.01134,-0.01304,-0.01459,-0.01598,-0.01721,-0.01825,-0.01913
