22.5 -179.64422,-175.25424,-170.87585,-166.61188,-162.50298,-157.07735,-153.16666,-147.41401,-141.42301,-135.32365,-129.2615,-123.37723,-119.76354,-114.11012,-110.21268,-106.12116,-101.16311,-97.12872,-93.04633,-88.9616,-84.92032,-80.01173,-75.90146,-71.98215,-66.35423,-62.70968,-56.8327,-50.76512,-44.64877,-38.632,-32.84825,-28.93305,-23.46898,-19.34302,-15.05575,-10.38341,-6.22466,-2.05172,2.09112,7.14791,11.37846,15.43609,19.29369,25.02347,28.57065,34.42734,40.3975,46.36229,52.20383,55.81934,61.52309,65.44325,70.72904,74.75478,78.89349,83.10982,87.36401,91.6141,95.81843,99.93801,103.93855,109.23704,113.11754,118.81034,122.37716,128.18721,134.10915,140.02796,143.38949,149.36144,153.15465,158.86461,162.89324,167.09089,172.09898,176.21205 -0.19194,-0.16963,-0.15085,-0.13106,-0.11028,-0.0693,-0.04575,0.00547,0.06126,0.11696,0.16715,0.20706,0.27099,0.29217,0.34916,0.39994,0.38253,0.41313,0.43454,0.44697,0.45125,0.4912,0.47758,0.46044,0.46499,0.44152,0.42913,0.4068,0.37827,0.34771,0.31866,0.30001,0.27537,0.25698,0.23891,0.22392,0.20906,0.19517,0.18224,0.16424,0.152,0.14032,0.12923,0.10819,0.09706,0.07131,0.04043,0.00487,-0.03216,-0.06745,-0.10273,-0.14209,-0.16575,-0.20323,-0.24047,-0.27559,-0.3066,-0.33192,-0.35068,-0.36265,-0.36829,-0.40271,-0.39584,-0.41027,-0.39575,-0.39412,-0.38176,-0.36111,-0.35164,-0.32272,-0.30536,-0.27904,-0.2608,-0.2422,-0.22463,-0.20823
28.125 -179.46567,-176.05479,-172.67555,-169.35048,-165.36945,-162.04621,-157.6783,-154.48061,-149.87147,-146.9194,-142.24452,-137.48789,-132.71929,-128.00945,-125.32119,-120.63543,-117.67307,-113.19174,-110.06757,-106.81906,-102.78914,-99.55686,-96.27524,-92.96786,-89.6594,-86.3746,-83.1372,-79.14238,-75.88341,-72.74763,-68.29072,-65.31249,-60.64276,-57.93602,-53.23425,-48.46845,-43.70983,-39.02866,-36.08604,-31.46349,-27.08216,-23.88244,-20.55424,-16.55608,-13.22185,-9.83097,-6.40643,-2.97259,0.44601,3.82547,7.14356,10.38059,14.73753,17.90466,20.9314,25.53968,30.33135,33.03274,37.8005,42.59482,47.35486,52.02214,54.90246,59.49014,62.58103,66.94325,70.14609,73.4478,77.37473,80.64274,83.9477,87.27046,90.59123,93.89031,97.14876,101.09726,104.38064,107.56253,111.92941,114.99272,119.5731,122.42186,127.07167,131.80817,136.57376,141.30868,144.00742,148.76137,151.7348,156.3488,159.5023,163.82527,167.04738,170.34965,173.71291,177.11555 -0.20426,-0.19225,-0.18034,-0.16866,-0.14756,-0.13515,-0.108,-0.0958,-0.06371,-0.05542,-0.02469,0.00346,0.02638,0.0428,0.07311,0.08456,0.12053,0.12836,0.16652,0.20543,0.19938,0.23088,0.25897,0.28258,0.30097,0.31391,0.32162,0.36323,0.35931,0.3526,0.37226,0.35983,0.36803,0.35361,0.35375,0.34842,0.33873,0.32606,0.32165,0.30502,0.2894,0.27914,0.26743,0.25454,0.24318,0.23175,0.22049,0.20966,0.19942,0.18983,0.18097,0.17289,0.15684,0.14979,0.14368,0.12708,0.10924,0.10482,0.08595,0.06559,0.04447,0.02392,0.00014,-0.01833,-0.0439,-0.05601,-0.08041,-0.10482,-0.10548,-0.12639,-0.14652,-0.16551,-0.1829,-0.19802,-0.21032,-0.25453,-0.25972,-0.26143,-0.29305,-0.28794,-0.30978,-0.30005,-0.31269,-0.31876,-0.31846,-0.31275,-0.31658,-0.30314,-0.29907,-0.28304,-0.27464,-0.2601,-0.25027,-0.23947,-0.22803,-0.21623
33.75 -179.27804,-176.37371,-173.48971,-170.64016,-167.83821,-164.4539,-161.66459,-158.96466,-155.30917,-152.72129,-148.92958,-145.01441,-141.0108,-136.9591,-132.90282,-128.88592,-124.95007,-122.62093,-118.7486,-116.24825,-112.54431,-109.94145,-107.2523,-104.48673,-101.17699,-98.44637,-95.68606,-92.91044,-90.13433,-87.37255,-84.63949,-81.35913,-78.58845,-75.89343,-73.28411,-69.60261,-67.09356,-63.2395,-60.90001,-56.97802,-52.97204,-48.92359,-44.87676,-40.87539,-36.96032,-33.16709,-30.58725,-26.92689,-24.23064,-21.44283,-18.05112,-15.24766,-12.39484,-9.50599,-6.59547,-3.67824,-0.76944,2.11612,4.96437,7.76235,10.49858,13.16319,16.87854,19.46705,23.35827,25.80686,29.78279,32.03764,36.0049,40.00543,44.00373,47.96451,51.85467,54.25192,58.09039,60.64049,64.34234,66.99007,70.48011,73.16652,75.90822,78.69558,81.51791,84.36362,87.22054,90.07617,92.9181,95.73424,98.51318,101.24445,103.91868,107.41783,110.04892,113.75278,116.2824,120.11583,122.4903,126.36972,130.31632,134.2974,138.27826,142.22433,144.4788,148.43075,150.8755,154.74294,157.32518,161.01908,163.67647,166.4048,169.19442,172.0341,174.91121,177.812 -0.21166,-0.2033,-0.19503,-0.18712,-0.17989,-0.16607,-0.15967,-0.15449,-0.13769,-0.134,-0.11493,-0.09442,-0.0741,-0.05587,-0.04151,-0.03203,-0.02705,-0.00764,-0.00513,0.01724,0.02001,0.04495,0.0712,0.09799,0.09264,0.11556,0.13725,0.15726,0.17508,0.19018,0.20226,0.24842,0.25243,0.25346,0.25208,0.27865,0.27245,0.2905,0.28151,0.2929,0.29992,0.30308,0.30285,0.29974,0.29436,0.2873,0.28708,0.27758,0.2737,0.26805,0.25829,0.25166,0.24436,0.2367,0.22886,0.22106,0.2135,0.20633,0.19963,0.19349,0.18796,0.18307,0.17139,0.16743,0.15514,0.15221,0.13956,0.1377,0.12494,0.11172,0.09828,0.08528,0.07362,0.05759,0.04863,0.03197,0.02695,0.0101,0.00899,-0.00738,-0.0238,-0.03985,-0.0554,-0.07022,-0.0841,-0.09682,-0.10808,-0.11758,-0.12508,-0.13045,-0.13379,-0.16522,-0.16461,-0.19205,-0.18792,-0.21063,-0.20378,-0.22155,-0.23556,-0.24547,-0.25123,-0.25313,-0.26475,-0.26064,-0.26656,-0.25852,-0.25994,-0.25023,-0.2487,-0.24541,-0.24061,-0.23459,-0.22756,-0.21984
39.375 -179.0262,-176.60168,-174.18965,-171.55345,-169.09419,-166.67529,-164.3042,-161.33146,-158.9953,-155.85417,-153.59819,-150.34519,-146.98894,-144.91105,-141.54614,-138.14159,-134.72329,-131.31784,-129.50299,-126.06016,-122.69871,-120.65525,-117.36589,-115.20788,-112.05594,-109.82802,-107.5368,-105.18841,-102.32331,-99.99192,-97.63252,-95.25401,-92.8657,-90.47715,-88.09793,-85.73738,-83.40441,-80.56343,-78.21214,-75.91769,-73.6863,-70.55494,-68.39221,-65.12123,-63.0721,-59.72663,-56.29814,-54.47642,-51.08295,-47.67495,-44.27906,-40.92131,-38.85676,-35.50479,-32.25509,-30.00818,-26.86823,-24.53843,-21.56578,-19.19885,-16.78268,-14.32473,-11.68758,-9.27568,-6.85045,-4.42058,-1.99478,0.41829,2.8103,5.17335,8.16565,10.53529,12.85026,15.10525,18.33612,20.5212,23.86548,25.94181,29.34138,31.27688,34.67461,38.10425,41.54364,44.97032,48.36237,51.69927,53.75375,57.05487,59.22546,62.43707,64.68987,67.76251,70.06055,72.40809,75.26001,77.60039,79.9683,82.35717,84.75995,87.16937,89.57802,91.9785,94.36359,96.72632,99.06015,101.92434,104.26204,106.54923,109.62768,111.86688,115.07968,117.23457,120.5325,122.57019,125.9004,129.28352,132.69937,136.12652,139.5428,142.92657,144.86335,148.24753,150.32313,153.65122,155.83422,159.05038,161.30254,163.61419,165.98015,168.96156,171.32171,173.71096,176.12157,178.54534 -0.20475,-0.20135,-0.19793,-0.19481,-0.19101,-0.188,-0.1859,-0.17941,-0.17829,-0.16974,-0.16955,-0.15898,-0.14651,-0.14781,-0.13514,-0.12274,-0.1119,-0.10385,-0.08906,-0.08593,-0.08549,-0.0722,-0.07246,-0.0569,-0.05585,-0.03824,-0.01962,-0.00049,-0.00333,0.01349,0.02968,0.04509,0.05963,0.07324,0.08575,0.09683,0.10617,0.1467,0.15151,0.15402,0.15453,0.18436,0.18089,0.20479,0.19834,0.21645,0.23062,0.22013,0.22962,0.2365,0.24129,0.2442,0.25738,0.2564,0.25378,0.25975,0.25409,0.25605,0.24885,0.24824,0.24625,0.24318,0.23593,0.23246,0.22856,0.2244,0.22013,0.21591,0.21186,0.20805,0.20189,0.19829,0.1951,0.19227,0.18488,0.18252,0.17436,0.17253,0.16394,0.16279,0.15429,0.14568,0.13709,0.12877,0.1211,0.11459,0.10363,0.09949,0.08876,0.08782,0.07739,0.07873,0.06768,0.05566,0.05817,0.04615,0.0343,0.02296,0.01246,0.00307,-0.00514,-0.01201,-0.01747,-0.02152,-0.02423,-0.05072,-0.05156,-0.05133,-0.07701,-0.07495,-0.09928,-0.0954,-0.11733,-0.11157,-0.13025,-0.14644,-0.15988,-0.17038,-0.17784,-0.18236,-0.19859,-0.19847,-0.21083,-0.20676,-0.21548,-0.20861,-0.21438,-0.21846,-0.22093,-0.21146,-0.21226,-0.21181,-0.21027,-0.20782
45.0 -178.83966,-176.68208,-174.53366,-172.40029,-170.28763,-167.86794,-165.74117,-163.6537,-161.03248,-158.97401,-156.22186,-154.22342,-151.37878,-149.47015,-146.57595,-143.62193,-140.62388,-137.59914,-134.56607,-131.54339,-128.54951,-125.6018,-123.89529,-120.97197,-119.15764,-116.3043,-114.40918,-112.45376,-109.72363,-107.72989,-105.69182,-103.61419,-101.13964,-99.08459,-97.01037,-94.92314,-92.82929,-90.73534,-88.64779,-86.57306,-84.51733,-82.06384,-79.9849,-77.94537,-75.95006,-73.23945,-71.28179,-69.38443,-66.54903,-64.7319,-61.82527,-58.84297,-57.18298,-54.20321,-51.19358,-48.17243,-45.15848,-42.17014,-39.22481,-36.33839,-34.44137,-31.60274,-29.6142,-26.86653,-24.81605,-22.19812,-20.11708,-17.99583,-15.57838,-13.46993,-11.33998,-9.19425,-7.03868,-4.87937,-2.72248,-0.57409,1.55986,3.67371,5.76212,7.82015,9.84335,12.56815,14.56822,16.51856,19.37252,21.26157,24.19329,25.99612,28.9674,30.66292,33.63539,36.63659,39.65179,42.66587,45.66386,48.6313,51.55447,53.35345,56.25035,59.07035,60.9749,63.71462,65.67214,67.67524,70.28796,72.31057,74.36566,76.44937,78.55747,80.89152,82.96344,85.04428,87.12936,89.21392,91.29321,93.36259,95.71076,97.81401,99.89196,101.94044,103.95569,106.57569,108.56944,111.31221,113.25987,115.1532,117.97344,120.86878,122.65485,125.57408,128.53584,131.52676,134.5326,137.53866,140.5302,143.49287,145.19056,148.15144,149.95525,152.87667,154.76587,157.61014,159.56016,161.55961,164.27692,166.29976,168.35741,170.44547,172.5591,174.69307,176.84189,178.99964 -0.18598,-0.18654,-0.18697,-0.18746,-0.18816,-0.19067,-0.19121,-0.19222,-0.19187,-0.19311,-0.19072,-0.19213,-0.18777,-0.18919,-0.18303,-0.17538,-0.16676,-0.15795,-0.14996,-0.14384,-0.14026,-0.13917,-0.13015,-0.1313,-0.12196,-0.12265,-0.11151,-0.09896,-0.09792,-0.08434,-0.07031,-0.05621,-0.05966,-0.04789,-0.03668,-0.02597,-0.01569,-0.00583,0.00353,0.01215,0.01975,0.05301,0.05804,0.06131,0.06293,0.09204,0.09068,0.08836,0.11366,0.10911,0.13061,0.14888,0.1399,0.15277,0.16272,0.17059,0.17708,0.18256,0.18706,0.19042,0.20635,0.20668,0.21849,0.21559,0.22335,0.21805,0.22268,0.2256,0.21871,0.22005,0.22036,0.21984,0.21869,0.21708,0.21514,0.21303,0.21084,0.20867,0.20656,0.20452,0.20257,0.20019,0.19818,0.1962,0.19242,0.19046,0.18573,0.18393,0.17869,0.17729,0.17212,0.16691,0.1618,0.15691,0.15232,0.14821,0.14486,0.13807,0.13631,0.13611,0.1302,0.13208,0.12643,0.12015,0.12299,0.11579,0.10767,0.09882,0.08959,0.094,0.08602,0.07869,0.07228,0.067,0.06298,0.06017,0.04076,0.03984,0.03985,0.0406,0.04196,0.02267,0.02467,0.00412,0.00683,0.00987,-0.01039,-0.03043,-0.02545,-0.04328,-0.05917,-0.07273,-0.08383,-0.09252,-0.09899,-0.10338,-0.12109,-0.12239,-0.13793,-0.13616,-0.14907,-0.14465,-0.15498,-0.16398,-0.15677,-0.16377,-0.16969,-0.17459,-0.1785,-0.18149,-0.18365,-0.1851
50.625 -178.59604,-176.71465,-174.77607,-172.85079,-170.94101,-169.0507,-167.18362,-164.96693,-163.10278,-161.27434,-158.91968,-157.1241,-154.67872,-152.93723,-150.42848,-147.85625,-145.22989,-143.63046,-141.0079,-138.36228,-135.70582,-133.05116,-131.69833,-129.00411,-126.34483,-123.73239,-122.18366,-119.60372,-117.97578,-115.46018,-113.77288,-112.03899,-109.6265,-107.86341,-106.065,-104.23453,-102.01965,-100.20258,-98.36761,-96.51898,-94.66113,-92.79862,-90.93609,-89.07817,-87.22944,-85.39433,-83.57709,-81.38065,-79.5497,-77.7508,-75.98719,-73.59252,-71.85778,-70.16964,-67.67112,-66.04203,-63.47854,-60.84798,-59.33163,-56.68751,-54.00785,-52.65293,-50.0119,-47.36827,-44.73468,-42.12343,-40.53728,-37.92085,-35.3579,-33.6442,-31.12704,-28.68921,-26.90306,-25.07199,-22.7346,-20.8779,-18.98792,-16.80593,-14.92145,-13.01687,-11.09622,-9.16371,-7.28457,-5.40428,-3.52519,-1.65131,0.21341,2.06513,4.32613,6.19659,8.04138,9.85731,11.64157,14.10777,15.86512,17.5809,20.13577,21.7987,24.40942,26.00271,28.64246,30.15137,32.79366,35.46117,38.14373,40.83083,43.51195,46.17662,48.81478,51.41703,53.01846,55.60061,58.12373,59.81183,62.27649,64.01123,65.78426,68.16008,69.95669,71.78302,74.02576,75.85116,77.69613,79.55768,81.43264,83.31768,85.20938,87.10423,88.99869,90.88923,92.77234,94.64463,96.50281,98.34375,100.1645,102.41591,104.23604,106.02599,108.40743,110.17251,111.89886,114.36614,116.04485,118.56857,121.15007,122.74091,125.34086,127.97566,130.63603,133.31201,135.99339,138.66979,141.33089,143.96673,145.47843,148.11148,149.70678,152.31074,153.97533,156.52377,158.24083,159.99914,162.46027,164.24583,166.06304,167.90907,169.78087,172.04018,173.89408,175.76125,177.6379,179.52013 -0.15139,-0.15597,-0.16795,-0.1714,-0.17475,-0.17805,-0.18128,-0.18823,-0.19093,-0.19352,-0.19771,-0.19978,-0.20184,-0.20332,-0.20335,-0.20169,-0.19844,-0.19897,-0.19446,-0.18929,-0.18415,-0.1798,-0.17259,-0.1701,-0.16932,-0.16973,-0.1637,-0.16459,-0.15791,-0.15769,-0.14963,-0.14059,-0.13893,-0.12924,-0.11924,-0.10922,-0.11127,-0.10319,-0.09556,-0.08825,-0.08112,-0.07405,-0.06703,-0.06015,-0.05358,-0.04758,-0.04242,-0.01729,-0.01425,-0.01249,-0.01188,0.01053,0.00931,0.00766,0.0296,0.02715,0.04841,0.06816,0.06293,0.07796,0.08958,0.08011,0.08717,0.09254,0.09721,0.10179,0.12019,0.12486,0.12883,0.14658,0.14827,0.14831,0.16224,0.17449,0.17037,0.1798,0.18761,0.18102,0.18688,0.19146,0.19491,0.19739,0.18973,0.19144,0.19253,0.19306,0.19317,0.19291,0.19806,0.19698,0.19574,0.19433,0.19276,0.19431,0.19233,0.19019,0.1899,0.18752,0.18603,0.18358,0.18143,0.17918,0.17694,0.17454,0.17213,0.16979,0.16756,0.16544,0.16357,0.16211,0.15902,0.15846,0.15878,0.1561,0.15768,0.15518,0.15231,0.15481,0.15154,0.14759,0.15003,0.14545,0.14031,0.13477,0.12907,0.12346,0.11821,0.11352,0.1096,0.10657,0.10453,0.10344,0.10324,0.10381,0.105,0.09327,0.09529,0.09749,0.08466,0.08704,0.08944,0.07506,0.07775,0.06229,0.046,0.05003,0.03456,0.02001,0.0071,-0.00368,-0.01218,-0.01863,-0.02336,-0.02669,-0.04281,-0.04453,-0.06012,-0.06026,-0.07471,-0.07324,-0.08606,-0.09793,-0.09411,-0.10413,-0.11323,-0.12146,-0.12887,-0.12301,-0.1296,-0.13568,-0.1413,-0.14651
56.25 -178.41849,-176.70177,-174.99015,-173.28661,-171.44989,-169.72275,-168.01349,-166.32483,-164.30862,-162.6248,-160.97064,-158.84362,-157.21661,-155.01447,-153.43027,-151.17308,-148.86103,-147.35601,-145.0237,-142.65729,-140.26513,-137.85621,-135.4399,-133.0258,-130.62346,-128.24221,-126.93419,-124.54981,-122.21003,-120.79596,-118.4911,-117.01705,-115.50064,-113.25093,-111.69476,-110.10308,-107.95575,-106.34789,-104.71357,-103.0554,-101.08471,-99.44219,-97.78644,-96.12062,-94.44805,-92.77207,-91.09611,-89.42358,-87.75785,-86.10221,-84.45984,-82.5059,-80.84783,-79.21366,-77.60602,-75.47544,-73.88387,-72.32787,-70.09451,-68.57811,-66.27584,-64.81515,-62.46733,-61.07679,-58.70771,-56.30202,-55.03275,-52.64477,-50.24457,-47.84168,-45.44564,-43.06582,-40.71118,-38.39012,-36.89731,-34.59536,-32.34776,-30.77431,-28.58082,-26.96362,-24.84448,-23.19911,-21.5236,-19.51404,-17.83284,-16.13066,-14.4101,-12.57906,-10.88129,-9.17511,-7.46343,-5.7493,-4.03581,-2.326,-0.62291,1.07053,2.75149,4.41727,6.06534,8.19252,9.83983,11.46083,13.05364,15.30188,16.86732,18.39793,20.70949,22.19458,24.54819,25.97563,28.35172,29.71108,32.09035,34.4917,36.90778,39.331,41.75362,44.16775,46.56607,48.94142,51.28708,53.59674,55.06046,57.34366,58.85957,61.09869,62.65557,64.83423,66.42006,68.03396,70.126,71.7516,73.39855,75.37411,77.01528,78.67035,80.33719,82.0135,83.69694,85.38505,87.07539,88.76544,90.45272,92.13478,93.80919,95.4736,97.12576,98.7635,100.74746,102.3898,104.01041,106.10863,107.71649,109.296,111.47861,113.02835,115.26996,116.77807,119.06216,120.51764,122.82705,125.17165,127.54529,129.94124,132.35238,134.77131,137.19043,139.60216,141.99903,144.37379,145.73651,148.10809,149.5384,151.88772,153.37533,155.68313,157.21609,158.78376,161.02916,162.62415,164.24746,166.39285,168.02361,169.67456,171.34338,173.02755,174.72442,176.43118,178.14495,179.86274 -0.12173,-0.12777,-0.13345,-0.13878,-0.15296,-0.15743,-0.16156,-0.1653,-0.1763,-0.1792,-0.18163,-0.18994,-0.19144,-0.19752,-0.1981,-0.20203,-0.20427,-0.2037,-0.20415,-0.20331,-0.20149,-0.1991,-0.1967,-0.19473,-0.19351,-0.19305,-0.18949,-0.18972,-0.18997,-0.18605,-0.18564,-0.18088,-0.17542,-0.17345,-0.16701,-0.15997,-0.15783,-0.15094,-0.14408,-0.13744,-0.1393,-0.13436,-0.12976,-0.12534,-0.12092,-0.11635,-0.1116,-0.10669,-0.1018,-0.09711,-0.09286,-0.07427,-0.07136,-0.06935,-0.06823,-0.0514,-0.05191,-0.05281,-0.0361,-0.03738,-0.01909,-0.02032,-0.00143,-0.00321,0.01359,0.0277,0.02253,0.03157,0.03763,0.04155,0.04431,0.04674,0.04935,0.05224,0.06728,0.07022,0.0723,0.08737,0.08736,0.10133,0.09883,0.11123,0.12291,0.11738,0.1274,0.1365,0.14461,0.13632,0.1429,0.14852,0.15322,0.15704,0.16008,0.1624,0.16409,0.16522,0.16586,0.16606,0.16587,0.17485,0.17373,0.1723,0.17057,0.17608,0.17372,0.17111,0.17436,0.17134,0.17313,0.16989,0.17074,0.16753,0.168,0.16811,0.16803,0.1678,0.16745,0.167,0.16649,0.16601,0.16568,0.16559,0.1659,0.1663,0.16638,0.16733,0.16733,0.16863,0.16851,0.16803,0.16955,0.16877,0.16752,0.16915,0.16757,0.16556,0.16316,0.16048,0.15764,0.15476,0.152,0.1495,0.14736,0.14569,0.14457,0.14402,0.14402,0.14453,0.13758,0.13898,0.14056,0.13384,0.13563,0.13736,0.1299,0.13169,0.12317,0.12523,0.11577,0.11834,0.10813,0.09709,0.08567,0.07458,0.06449,0.05594,0.04916,0.04412,0.0405,0.03797,0.025,0.02342,0.01022,0.00921,-0.00413,-0.00456,-0.0176,-0.03046,-0.02943,-0.04122,-0.05241,-0.04973,-0.05972,-0.06911,-0.07794,-0.08626,-0.09412,-0.10156,-0.10864,-0.11536
61.875 -179.72781,-178.24538,-176.66674,-175.09224,-173.5242,-171.96491,-170.41656,-168.68572,-167.1265,-165.58556,-164.06476,-162.20204,-160.69195,-158.75286,-157.26539,-155.2631,-153.81023,-151.75992,-150.35319,-148.27128,-146.15152,-143.99948,-142.70057,-140.55517,-138.39486,-136.22642,-134.05679,-132.9856,-130.78246,-128.59629,-126.434,-125.21651,-123.06025,-121.77864,-119.64656,-118.31045,-116.22097,-114.84158,-112.81206,-111.40161,-109.96223,-108.0188,-106.56604,-105.0911,-103.5959,-102.08252,-100.31028,-98.81311,-97.3059,-95.79108,-94.27115,-92.74868,-91.22625,-89.70645,-88.19184,-86.68491,-85.1881,-83.43107,-81.91814,-80.42346,-78.94912,-77.49702,-75.56911,-74.1304,-72.72068,-70.70677,-69.32807,-67.25422,-65.91874,-63.80218,-62.52113,-60.37997,-58.20338,-57.01558,-54.84399,-52.65519,-50.45636,-48.25488,-46.05815,-43.87344,-41.70777,-39.56781,-37.4597,-36.08099,-33.99388,-31.95399,-30.51203,-28.51941,-27.04201,-25.11184,-23.61096,-22.08449,-20.2441,-18.71117,-17.15966,-15.436,-13.89472,-12.34213,-10.78044,-9.21193,-7.63895,-6.06388,-4.48911,-2.91701,-1.34993,0.20984,1.76006,3.29859,4.8234,6.33255,7.82427,9.2969,11.28558,12.74702,14.18347,16.24789,17.65828,19.03909,21.15014,22.49151,24.6348,25.92796,28.08869,29.32579,31.48976,33.67313,35.87046,38.07617,39.151,41.31977,43.48265,45.63425,46.8661,49.02716,51.163,53.26909,54.60086,56.68624,58.06228,60.11359,61.52547,63.53014,64.96908,66.91552,68.37228,69.85006,71.71575,73.19835,74.69675,76.20948,77.73495,79.45203,80.96137,82.47766,83.99914,85.52404,87.05054,88.57682,90.10109,91.62152,93.13636,94.64386,96.37001,97.89272,99.40233,100.89728,102.37612,104.24818,105.72138,107.17331,109.12443,110.55785,112.56604,113.97182,116.0255,117.39484,119.48146,120.8062,122.91264,125.04834,127.20849,128.43284,130.58307,132.74422,134.91094,137.07784,138.19388,140.38858,142.56933,144.73076,145.97154,148.12973,149.42627,151.56689,152.9115,155.02009,156.40403,158.46664,159.88027,161.31988,162.78438,164.77244,166.24846,167.7437,169.25648,170.78504,172.32748,174.14211,175.66636,177.19753,178.73353 -0.0678,-0.08746,-0.09385,-0.09975,-0.10514,-0.10999,-0.11435,-0.13077,-0.13427,-0.13726,-0.13974,-0.15375,-0.15528,-0.16724,-0.16778,-0.17756,-0.17713,-0.18477,-0.18348,-0.18914,-0.1933,-0.19614,-0.1941,-0.19606,-0.19745,-0.19851,-0.1995,-0.20008,-0.20062,-0.20121,-0.20164,-0.20046,-0.2003,-0.19829,-0.19722,-0.19436,-0.19216,-0.18843,-0.18536,-0.18102,-0.17629,-0.1735,-0.169,-0.1645,-0.16011,-0.15596,-0.15692,-0.15395,-0.15117,-0.1485,-0.14578,-0.14288,-0.13972,-0.1363,-0.1327,-0.12904,-0.12548,-0.1131,-0.1102,-0.10787,-0.10614,-0.10498,-0.0942,-0.0942,-0.09445,-0.08364,-0.08416,-0.07163,-0.07184,-0.05708,-0.05702,-0.04132,-0.02617,-0.02812,-0.01663,-0.00807,-0.0024,0.00098,0.00284,0.00403,0.00517,0.00661,0.00836,0.01995,0.02174,0.02297,0.03459,0.03433,0.0455,0.0434,0.05386,0.06434,0.0597,0.06927,0.07861,0.07155,0.07967,0.08729,0.09433,0.10069,0.10636,0.11132,0.11559,0.11919,0.12215,0.12451,0.12631,0.12756,0.12831,0.1286,0.12845,0.12787,0.13958,0.13803,0.13614,0.14505,0.14241,0.1395,0.14603,0.14259,0.14746,0.14368,0.14731,0.14334,0.1462,0.1485,0.15039,0.15193,0.14821,0.14953,0.15058,0.15139,0.15536,0.1558,0.15621,0.15666,0.15966,0.16014,0.16267,0.16318,0.16533,0.1658,0.16764,0.16803,0.16965,0.171,0.17142,0.1726,0.17348,0.174,0.17415,0.17486,0.17477,0.17435,0.17363,0.1727,0.17161,0.17047,0.16937,0.16841,0.16768,0.16725,0.1628,0.16306,0.16368,0.16456,0.16562,0.16167,0.16285,0.16391,0.15952,0.1605,0.15585,0.15699,0.15233,0.15391,0.1492,0.15134,0.14625,0.14019,0.13318,0.13631,0.12905,0.12172,0.11483,0.10882,0.09771,0.09338,0.09016,0.08778,0.0779,0.07633,0.06619,0.06494,0.05437,0.05333,0.0424,0.04182,0.03087,0.01974,0.00858,0.00983,-0.00069,-0.011,-0.02101,-0.03067,-0.03997,-0.03592,-0.04449,-0.05268,-0.06046
67.5 -179.44871,-178.02134,-176.59546,-175.17281,-173.70513,-172.2597,-170.82309,-169.39689,-167.98287,-166.35512,-164.93822,-163.53891,-161.82178,-160.4325,-158.65124,-157.28131,-155.44622,-154.10497,-152.22776,-150.92417,-149.01752,-147.07671,-145.83698,-143.88791,-141.91726,-139.92997,-137.93126,-135.92656,-133.92138,-131.92118,-129.93152,-128.8804,-126.87965,-124.90355,-123.76791,-121.80322,-120.61659,-118.6774,-117.44763,-115.54782,-114.28375,-112.99214,-111.14757,-109.83468,-108.49884,-106.73645,-105.39347,-104.0331,-102.65689,-101.26654,-99.65826,-98.28387,-96.90169,-95.51363,-94.12164,-92.7277,-91.33381,-89.94198,-88.55419,-87.17239,-85.79848,-84.20419,-82.81449,-81.43902,-80.07947,-78.73744,-76.98952,-75.65473,-74.34296,-72.51313,-71.2227,-69.95988,-68.07496,-66.84645,-64.92219,-63.7368,-61.78702,-59.8038,-58.69126,-56.70522,-54.69962,-53.67984,-51.69385,-49.70261,-47.71158,-45.72625,-43.75203,-41.7941,-40.58845,-38.62978,-36.70078,-34.80569,-33.51326,-31.64695,-30.31633,-28.49152,-27.13164,-25.36005,-23.98024,-22.57852,-20.88177,-19.47335,-18.04838,-16.44784,-15.02935,-13.60005,-12.16161,-10.71578,-9.28525,-7.86565,-6.44429,-5.02294,-3.60334,-2.18723,-0.77632,0.62773,2.02331,3.40887,5.14589,6.53766,7.91419,9.27419,10.61644,12.46546,13.79461,15.10179,17.00872,18.29158,19.54907,21.49106,22.71419,24.68184,25.86386,27.84598,28.98101,30.96637,32.96881,34.98417,36.01555,38.00977,40.00581,41.99941,43.98621,45.9621,47.92323,49.08288,51.04406,52.98027,54.20222,56.12177,58.00725,59.2744,61.12763,62.42197,64.23371,65.54839,66.88283,68.6383,69.9834,71.34454,73.02624,74.3881,75.76198,77.14671,78.54106,79.94374,81.4722,82.85679,84.24529,85.63637,87.02865,88.42077,89.81136,91.19906,92.58254,94.11977,95.52063,96.91285,98.29518,99.6664,101.02535,102.71342,104.07098,105.41224,107.1728,108.5028,109.8129,111.62844,112.9177,114.77384,116.03557,117.92313,119.84426,121.0603,122.99738,124.95899,126.11251,128.07357,130.04906,132.03505,134.02744,136.02215,138.01499,139.05105,141.06473,143.06551,145.0493,146.18831,148.16893,149.35472,151.32116,152.54792,154.48908,155.75015,157.65517,158.94326,160.25407,162.10935,163.43653,164.78254,166.14635,167.52687,169.28361,170.66214,172.0523,173.45263,174.8616,176.27762,177.69904,179.12417 -0.02599,-0.03251,-0.03851,-0.04394,-0.06371,-0.0681,-0.07193,-0.07526,-0.07814,-0.09571,-0.09788,-0.09973,-0.11588,-0.11701,-0.13157,-0.13189,-0.14452,-0.144,-0.15461,-0.15332,-0.16199,-0.16931,-0.16703,-0.1729,-0.17786,-0.18213,-0.18592,-0.18936,-0.19246,-0.19516,-0.19729,-0.19994,-0.20083,-0.20091,-0.20173,-0.20058,-0.20027,-0.19796,-0.19666,-0.19335,-0.19125,-0.18867,-0.18484,-0.18203,-0.17902,-0.17606,-0.17347,-0.1709,-0.16839,-0.16599,-0.16579,-0.16399,-0.1622,-0.16037,-0.15845,-0.15638,-0.1541,-0.15158,-0.14882,-0.14588,-0.14284,-0.13539,-0.13249,-0.12989,-0.12766,-0.1258,-0.11919,-0.11828,-0.11761,-0.11133,-0.11109,-0.11077,-0.10363,-0.10312,-0.09411,-0.09319,-0.08218,-0.06988,-0.06959,-0.05834,-0.04863,-0.05154,-0.04555,-0.04172,-0.0396,-0.03858,-0.03805,-0.0375,-0.02941,-0.02821,-0.0267,-0.02511,-0.01598,-0.01491,-0.00596,-0.00613,0.00225,0.00055,0.00827,0.01606,0.01218,0.0194,0.02668,0.02063,0.02714,0.03353,0.03972,0.04564,0.03567,0.04051,0.04503,0.04923,0.05309,0.05658,0.0597,0.06242,0.06471,0.06655,0.08365,0.08431,0.08446,0.08416,0.08341,0.09666,0.09495,0.09292,0.10405,0.10132,0.09836,0.10747,0.10395,0.11144,0.10746,0.11351,0.10912,0.114,0.1181,0.12158,0.11675,0.11969,0.12222,0.1244,0.12625,0.12785,0.12923,0.13505,0.13608,0.13702,0.14211,0.14282,0.14337,0.14778,0.14794,0.15181,0.15149,0.15491,0.15803,0.15733,0.16024,0.16297,0.16226,0.16491,0.16733,0.16947,0.17131,0.17281,0.1721,0.1732,0.17394,0.17436,0.17452,0.17449,0.17437,0.17425,0.17426,0.17423,0.17456,0.17519,0.17612,0.17727,0.17854,0.17777,0.17886,0.17978,0.1775,0.17795,0.17818,0.17505,0.17523,0.17225,0.17282,0.17052,0.16843,0.16997,0.1681,0.16566,0.16743,0.16416,0.15999,0.1551,0.14983,0.14454,0.13958,0.13182,0.12782,0.12457,0.12197,0.11511,0.11325,0.10619,0.10468,0.0972,0.0959,0.08798,0.08703,0.07888,0.07034,0.07048,0.06205,0.05336,0.04447,0.03542,0.03812,0.02953,0.02098,0.01251,0.00422,-0.00383,-0.01159,-0.019
73.125 -179.18848,-177.8576,-176.52804,-175.2012,-173.87848,-172.56125,-171.25085,-169.82308,-168.50185,-167.19189,-165.6746,-164.36354,-163.06808,-161.47571,-160.18953,-158.92296,-157.27309,-156.02596,-154.33437,-152.60391,-151.38977,-149.63215,-148.45598,-146.68164,-144.88275,-143.06285,-141.2257,-139.37545,-137.51635,-135.65281,-133.78927,-131.93018,-130.08002,-128.24313,-127.24875,-125.40829,-123.59213,-122.53004,-120.72815,-119.62487,-117.84828,-116.71023,-115.54671,-113.80392,-112.61514,-110.92366,-109.71746,-108.49187,-107.24784,-105.63851,-104.39149,-103.13059,-101.85712,-100.57244,-99.10183,-97.83244,-96.5569,-95.27673,-93.99346,-92.70867,-91.42393,-90.14084,-88.86097,-87.58585,-86.15308,-84.8593,-83.57538,-82.30277,-81.04284,-79.79689,-78.20116,-76.95837,-75.7341,-74.06161,-72.85187,-71.66459,-69.93612,-68.77416,-67.00467,-65.87551,-64.07587,-62.98646,-61.16795,-60.12437,-58.29835,-56.45198,-55.48304,-53.64714,-51.80218,-49.95257,-48.10278,-46.25728,-44.42039,-42.59635,-40.7892,-39.00276,-37.8522,-36.07575,-34.32976,-33.12659,-31.40721,-30.17234,-28.48955,-27.23013,-25.59315,-24.31662,-22.73363,-21.44736,-20.14522,-18.63647,-17.33487,-16.02183,-14.69853,-13.36632,-11.98957,-10.67407,-9.3542,-8.03136,-6.70697,-5.38245,-4.05921,-2.73866,-1.42219,-0.11116,1.19313,2.48938,3.77638,5.05295,6.31799,7.97161,9.23498,10.48288,11.71452,13.44119,14.65911,15.85759,17.62931,18.80536,19.95944,21.75813,22.88206,24.70145,25.79002,27.62125,28.66986,30.50401,32.35314,34.21425,35.17623,37.02129,38.86941,40.71727,42.56154,44.39892,46.22615,48.04012,49.1164,50.92993,52.72219,54.49056,55.63025,57.38033,58.54934,60.27339,61.4669,63.15751,64.37022,66.02051,67.24697,68.489,70.08551,71.33356,72.59419,73.86656,75.38281,76.65107,77.92774,79.21183,80.50234,81.7982,83.09838,84.40178,85.72881,87.00909,88.28923,89.62527,90.92801,92.22727,93.52196,94.81103,96.09344,97.36819,98.63432,100.15713,101.4268,102.68454,103.92954,105.53122,106.76969,107.99246,109.64696,110.8556,112.54974,113.73885,115.46577,116.6301,118.38242,119.51703,121.28703,123.08053,124.16726,125.9658,127.78028,129.60775,131.44513,133.28922,135.13674,136.98438,138.82882,140.66683,141.65564,143.50429,145.33791,146.39058,148.22117,149.31367,151.13262,152.26041,154.05898,155.21691,156.98655,158.16898,159.37141,161.10249,162.32122,163.55703,164.80919,166.4758,167.73272,169.00237,170.28373,171.57565,172.87699,174.18652,175.50299,176.82509,178.15146,179.48074 0.01717,0.01119,0.00554,0.00026,-0.00457,-0.00897,-0.01292,-0.03048,-0.0335,-0.0362,-0.05295,-0.05512,-0.05717,-0.07341,-0.07505,-0.07657,-0.09158,-0.09243,-0.10598,-0.11839,-0.11776,-0.12835,-0.12685,-0.13574,-0.14358,-0.1505,-0.15671,-0.16238,-0.16763,-0.17246,-0.17685,-0.18057,-0.18346,-0.18538,-0.19018,-0.19049,-0.18987,-0.19265,-0.19072,-0.19224,-0.18916,-0.18957,-0.18933,-0.18511,-0.18419,-0.17976,-0.17865,-0.17735,-0.17596,-0.17283,-0.17187,-0.17088,-0.16987,-0.1688,-0.16754,-0.16658,-0.16547,-0.16418,-0.1627,-0.16103,-0.15915,-0.15704,-0.15469,-0.15212,-0.14811,-0.14521,-0.14232,-0.13953,-0.13694,-0.13457,-0.13078,-0.12912,-0.12767,-0.12442,-0.12341,-0.12238,-0.11891,-0.11784,-0.11336,-0.11204,-0.10608,-0.10447,-0.09698,-0.09544,-0.08737,-0.0793,-0.07965,-0.07366,-0.06908,-0.06595,-0.0641,-0.06314,-0.06267,-0.06235,-0.06191,-0.06124,-0.0551,-0.05394,-0.05279,-0.04565,-0.04487,-0.03767,-0.03794,-0.03122,-0.0329,-0.0269,-0.02999,-0.02466,-0.01939,-0.02418,-0.01946,-0.01478,-0.01018,-0.00566,-0.01312,-0.00938,-0.00581,-0.00239,0.00091,0.00407,0.00712,0.01004,0.01284,0.01546,0.01787,0.02,0.02178,0.02315,0.02405,0.03909,0.03887,0.03817,0.03704,0.04992,0.048,0.04582,0.05756,0.05491,0.0521,0.06259,0.05929,0.0685,0.06461,0.07236,0.06788,0.07429,0.07984,0.08467,0.07937,0.0836,0.08739,0.09081,0.09382,0.09646,0.09871,0.10063,0.1076,0.10902,0.11022,0.11119,0.11744,0.11796,0.12372,0.12361,0.1288,0.12794,0.13259,0.13107,0.13535,0.13943,0.13763,0.14165,0.14552,0.14925,0.14767,0.15123,0.1545,0.15743,0.15997,0.1621,0.16382,0.16513,0.16159,0.16233,0.16287,0.1675,0.16786,0.16834,0.16904,0.17002,0.17129,0.1728,0.17446,0.17833,0.17987,0.18121,0.18226,0.18384,0.1841,0.18396,0.18345,0.18274,0.1813,0.1805,0.17903,0.17858,0.17771,0.17773,0.17751,0.1773,0.17773,0.17733,0.17632,0.17458,0.17208,0.16891,0.16522,0.16124,0.15717,0.15322,0.14825,0.14485,0.14194,0.13741,0.1353,0.13081,0.12928,0.12457,0.12338,0.11828,0.11741,0.11196,0.10612,0.10603,0.10017,0.09407,0.08774,0.08931,0.0832,0.07689,0.07038,0.06371,0.05694,0.05011,0.04329,0.03653,0.02989,0.02342
78.75 -178.86593,-177.64511,-176.42542,-175.2091,-173.96951,-172.73454,-171.50528,-170.28282,-168.93832,-167.70804,-166.48815,-165.27956,-163.84796,-162.64208,-161.45093,-159.96052,-158.7803,-157.24653,-156.08307,-154.5127,-153.37165,-151.77212,-150.14262,-149.03834,-147.39226,-145.72337,-144.03444,-142.99884,-141.31236,-139.61438,-137.90817,-136.1971,-134.4847,-132.77446,-131.92456,-130.19607,-128.47877,-126.77603,-125.83498,-124.13356,-123.15058,-121.4595,-120.43897,-118.76735,-117.71437,-116.07121,-114.99143,-113.38533,-112.28481,-111.16529,-109.60869,-108.47709,-107.32966,-106.16721,-104.68866,-103.52597,-102.35206,-101.168,-99.97493,-98.77404,-97.4427,-96.25914,-95.07186,-93.88212,-92.69117,-91.50028,-90.31073,-89.12377,-87.82814,-86.62123,-85.42103,-84.22877,-83.04563,-81.87275,-80.71122,-79.24542,-78.08432,-76.93833,-75.80827,-74.26496,-73.14713,-72.04837,-70.45591,-69.37799,-67.74871,-66.69766,-65.04008,-64.02154,-62.34461,-61.36361,-59.67639,-57.96892,-57.04868,-55.34544,-53.63096,-51.90876,-50.18243,-48.45561,-46.73194,-45.01504,-43.30847,-41.61551,-39.93934,-38.28297,-37.20122,-35.55602,-33.93833,-32.81312,-31.2199,-30.06799,-28.50724,-27.33443,-25.81355,-24.62581,-23.15143,-21.95473,-20.74393,-19.33267,-18.12126,-16.89923,-15.66769,-14.34879,-13.12726,-11.89979,-10.6675,-9.43152,-8.19301,-6.95311,-5.81782,-4.60436,-3.39284,-2.18432,-0.97986,0.2195,1.66809,2.87803,4.07943,5.27136,6.45292,7.62326,8.78152,10.35036,11.50228,12.63932,13.76096,15.38083,16.48696,17.57545,19.22618,20.29257,21.96731,23.0071,24.69889,25.70795,27.40978,28.38448,30.08928,31.80756,33.53674,34.43763,36.15427,37.87478,39.5965,41.31674,43.03275,44.74181,46.44138,48.12903,49.80239,50.82005,52.48859,54.13671,55.19591,56.82899,57.91431,59.52604,60.63348,62.21781,63.34314,64.89442,66.03327,67.54632,68.69427,69.85463,71.31722,72.48056,73.6539,74.83654,76.02776,77.40401,78.58826,79.77837,80.97353,82.17291,83.37568,84.58098,85.78792,86.99564,88.20325,89.40986,90.61462,91.81664,93.01508,94.20909,95.39785,96.58057,97.9634,99.15263,100.33312,101.50414,102.66502,104.13286,105.29036,106.4353,107.95278,109.08823,110.64336,111.76496,112.87028,114.45598,115.54176,117.15151,118.78686,119.84167,121.49167,123.16182,124.17496,125.84958,127.53828,129.2387,130.94838,132.66472,134.38515,136.10702,137.82765,139.54437,141.25455,142.17873,143.89702,145.60201,146.58085,148.28299,149.29613,150.98851,152.03232,153.70795,154.77837,156.43038,157.52298,158.63324,160.25482,161.38084,162.52231,164.0996,165.24981,166.41281,167.5879,168.77429,169.97121,171.45528,172.64688,173.8457,175.05076,176.26107,177.47562,178.69335,179.91319 0.06507,0.05996,0.05488,0.03898,0.03408,0.02945,0.02515,0.02119,0.00596,0.00278,-0.00014,-0.00286,-0.0173,-0.01968,-0.02197,-0.0365,-0.03844,-0.05283,-0.05409,-0.0677,-0.06796,-0.08029,-0.09175,-0.09025,-0.10018,-0.10919,-0.11732,-0.11397,-0.12107,-0.12759,-0.13359,-0.13913,-0.14414,-0.14851,-0.15733,-0.16046,-0.16267,-0.16397,-0.17055,-0.17045,-0.17563,-0.17421,-0.17801,-0.17532,-0.17781,-0.17395,-0.17537,-0.17073,-0.17148,-0.17184,-0.16724,-0.16755,-0.16772,-0.1678,-0.16454,-0.16493,-0.16524,-0.16542,-0.16544,-0.16524,-0.16289,-0.16246,-0.16173,-0.16071,-0.15943,-0.15785,-0.15599,-0.15388,-0.15235,-0.1497,-0.14687,-0.14395,-0.14102,-0.13814,-0.13538,-0.13334,-0.13109,-0.12903,-0.1271,-0.12593,-0.12429,-0.12261,-0.12137,-0.11966,-0.11783,-0.11595,-0.11329,-0.11122,-0.10758,-0.10551,-0.10116,-0.09627,-0.09523,-0.09102,-0.0873,-0.08429,-0.08208,-0.08058,-0.07963,-0.07907,-0.07873,-0.07851,-0.07834,-0.0782,-0.07434,-0.07402,-0.07374,-0.0689,-0.06878,-0.06354,-0.06415,-0.05904,-0.06078,-0.05615,-0.05905,-0.05494,-0.05085,-0.05495,-0.05122,-0.04754,-0.04394,-0.04905,-0.046,-0.04319,-0.04062,-0.03828,-0.03614,-0.03415,-0.04216,-0.04066,-0.03913,-0.03755,-0.03592,-0.03426,-0.02085,-0.0192,-0.01783,-0.01682,-0.01621,-0.01605,-0.01634,-0.00434,-0.00551,-0.00697,-0.00864,0.00234,0.0003,-0.00178,0.00889,0.00652,0.01678,0.01395,0.02334,0.01983,0.02804,0.02381,0.03084,0.03724,0.04313,0.03809,0.04353,0.04863,0.05335,0.05762,0.06134,0.06446,0.067,0.06899,0.07055,0.07789,0.07898,0.0798,0.08671,0.08703,0.09352,0.09309,0.09902,0.09767,0.10306,0.1009,0.10591,0.1033,0.1082,0.11304,0.11042,0.1153,0.12008,0.1247,0.12909,0.126,0.12983,0.13322,0.13615,0.1386,0.14058,0.14214,0.14334,0.14427,0.14505,0.14581,0.14666,0.1477,0.14898,0.15054,0.15233,0.15427,0.16201,0.1639,0.16563,0.1671,0.16821,0.17387,0.17412,0.17392,0.1773,0.17627,0.17801,0.17643,0.17468,0.1754,0.17366,0.17427,0.17487,0.17368,0.17463,0.17558,0.17474,0.17559,0.17605,0.176,0.17538,0.17419,0.17244,0.17017,0.16744,0.16432,0.16097,0.15805,0.15464,0.15153,0.14868,0.14638,0.14378,0.14233,0.13984,0.13904,0.13637,0.13597,0.13296,0.12951,0.12946,0.12577,0.12179,0.12231,0.11837,0.11426,0.11,0.10557,0.10101,0.10317,0.09879,0.09429,0.08967,0.08494,0.0801,0.07517,0.07015
84.375 -179.78949,-178.63977,-177.49017,-176.34161,-175.19499,-174.05121,-172.91115,-171.71456,-170.56277,-169.4176,-168.27991,-166.99711,-165.85586,-164.72483,-163.38078,-162.2528,-161.13791,-159.74309,-158.63803,-157.20531,-156.11486,-154.64979,-153.5787,-152.08736,-150.56918,-149.52907,-147.99482,-146.43946,-145.44255,-143.88226,-142.30744,-140.72062,-139.1244,-137.52162,-135.91511,-134.30768,-132.70233,-131.10194,-130.28566,-128.67363,-127.07403,-126.19766,-124.59807,-123.01821,-122.0918,-120.52388,-119.56631,-118.01773,-117.03326,-115.51124,-114.50455,-113.47977,-111.99192,-110.95164,-109.89556,-108.4563,-107.39202,-106.31466,-105.22494,-103.85912,-102.77101,-101.67369,-100.56809,-99.45514,-98.33582,-97.21116,-95.99934,-94.89288,-93.78441,-92.67497,-91.5656,-90.45733,-89.27888,-88.15036,-87.02627,-85.90765,-84.79553,-83.69087,-82.59462,-81.50768,-80.15391,-79.06559,-77.98971,-76.92701,-75.50043,-74.44609,-73.40765,-71.93287,-70.91005,-69.39877,-68.3967,-67.4144,-65.87936,-64.92401,-63.36981,-61.7915,-60.87961,-59.29392,-58.41978,-56.83407,-55.23596,-53.62828,-52.83524,-51.24367,-49.64995,-48.05697,-46.46758,-44.8846,-43.3108,-42.35519,-40.77722,-39.21554,-37.67254,-36.65254,-35.12122,-33.61475,-32.55831,-31.0743,-29.99508,-28.54002,-27.44279,-26.0227,-24.91235,-23.53275,-22.41406,-21.28288,-19.95754,-18.82484,-17.68252,-16.42167,-15.28455,-14.14067,-12.99096,-11.83621,-10.6837,-9.5443,-8.40278,-7.26009,-6.11714,-4.9748,-3.83397,-2.69556,-1.56046,-0.42952,0.69641,1.8165,2.92996,4.03603,5.44718,6.55562,7.65395,8.7416,9.81797,11.2998,12.3687,13.4241,14.46557,15.98813,17.01477,18.02573,19.57321,20.56415,22.13154,23.09884,24.68044,25.6208,27.21087,28.12133,29.71419,31.31906,32.18222,33.78085,35.38574,36.99493,38.60621,40.21738,41.82622,43.43054,45.02821,46.61717,48.19537,49.76088,50.71413,52.27538,53.81893,54.80864,56.33957,57.84834,58.86552,60.35388,61.38884,62.85205,63.90133,65.33498,66.39508,67.46716,68.86253,69.94053,71.02862,72.1263,73.46615,74.56323,75.66779,76.77926,78.04953,79.15395,80.26305,81.37621,82.49274,83.61198,84.73324,85.85582,86.97901,88.10212,89.22444,90.34526,91.4639,92.57967,93.6919,94.79991,95.90307,97.17965,98.28946,99.39224,100.4874,101.57437,102.92812,104.01382,105.08932,106.48926,107.55853,108.61576,110.05325,111.09938,112.56602,113.5976,115.08896,116.10263,117.61401,118.60655,120.13306,121.67858,122.6381,124.19071,125.75764,127.33706,128.92713,129.81679,131.39917,132.98683,134.57771,136.16972,136.96472,138.57462,140.18024,141.77943,142.64702,144.25241,145.84584,146.76052,148.35138,149.29599,150.87856,151.8501,153.41872,154.41393,155.96298,156.9783,158.50234,159.53397,160.57995,161.63989,163.12877,164.19805,165.27924,166.37179,167.8062,168.90043,170.00359,171.11502,172.23402,173.35979,174.49153,175.62843,176.76965,177.91432,179.06157 0.09268,0.08861,0.08443,0.08018,0.07589,0.07164,0.06747,0.05527,0.05132,0.04763,0.0442,0.0318,0.02887,0.02615,0.01376,0.01141,0.00925,-0.00322,-0.00489,-0.01742,-0.01832,-0.0305,-0.03034,-0.04177,-0.05283,-0.05087,-0.06086,-0.07032,-0.06689,-0.07533,-0.0832,-0.09048,-0.09719,-0.10335,-0.10893,-0.11391,-0.11823,-0.12184,-0.13114,-0.13365,-0.13552,-0.14356,-0.14432,-0.14444,-0.15079,-0.14952,-0.15455,-0.15173,-0.15548,-0.15135,-0.15414,-0.15646,-0.15155,-0.15349,-0.15516,-0.15058,-0.15224,-0.15371,-0.15505,-0.15121,-0.15261,-0.15387,-0.15495,-0.15583,-0.15646,-0.15681,-0.15286,-0.15283,-0.15246,-0.15171,-0.15059,-0.1491,-0.15015,-0.1479,-0.14539,-0.14263,-0.13971,-0.1367,-0.13365,-0.13063,-0.12994,-0.12725,-0.1247,-0.12229,-0.12221,-0.12012,-0.11803,-0.11806,-0.11602,-0.11575,-0.11363,-0.11145,-0.11066,-0.10839,-0.10707,-0.10521,-0.10314,-0.10105,-0.09951,-0.09767,-0.09587,-0.09424,-0.09459,-0.09368,-0.0929,-0.09222,-0.09159,-0.09106,-0.09064,-0.08873,-0.08862,-0.08867,-0.08883,-0.08687,-0.08702,-0.0871,-0.08461,-0.08473,-0.08187,-0.08242,-0.07953,-0.08086,-0.0782,-0.08031,-0.07787,-0.07522,-0.07801,-0.07539,-0.07258,-0.07542,-0.07275,-0.07014,-0.06769,-0.0655,-0.06956,-0.0682,-0.06714,-0.06632,-0.06569,-0.06515,-0.06462,-0.06403,-0.06336,-0.06261,-0.06181,-0.06102,-0.06033,-0.0598,-0.05008,-0.04997,-0.05021,-0.05076,-0.05157,-0.04229,-0.04353,-0.04484,-0.04615,-0.03706,-0.03851,-0.03994,-0.03097,-0.03272,-0.02403,-0.02635,-0.01828,-0.02131,-0.01405,-0.01774,-0.01116,-0.00479,-0.009,-0.00288,0.00313,0.00898,0.01453,0.01965,0.02418,0.02802,0.03113,0.03354,0.03538,0.0368,0.04434,0.04534,0.04612,0.05326,0.05355,0.05337,0.05974,0.0586,0.06434,0.06219,0.0674,0.06447,0.06941,0.07436,0.07103,0.07604,0.08111,0.08621,0.08265,0.0876,0.09239,0.09694,0.09199,0.0958,0.09921,0.1022,0.10476,0.10694,0.10878,0.11038,0.11181,0.11319,0.11461,0.11615,0.11786,0.11975,0.12179,0.12392,0.12605,0.1357,0.1376,0.13925,0.1406,0.14159,0.14969,0.14996,0.14986,0.15635,0.15552,0.1544,0.15909,0.15738,0.16077,0.15867,0.16115,0.15891,0.16101,0.15885,0.16099,0.1631,0.16134,0.16351,0.16545,0.16701,0.1681,0.16617,0.16659,0.16651,0.16596,0.165,0.16609,0.16429,0.16204,0.15941,0.15865,0.15558,0.15262,0.15138,0.14899,0.14789,0.14637,0.14555,0.14483,0.14412,0.14384,0.14294,0.14269,0.1414,0.13971,0.13766,0.13716,0.13487,0.13235,0.12966,0.12931,0.12664,0.12383,0.12087,0.11778,0.11456,0.11123,0.10776,0.10418,0.10047,0.09664
90.0 -179.42257,-178.35563,-177.3388,-176.2534,-175.1697,-174.08847,-173.01044,-171.93636,-170.86696,-169.7142,-168.63732,-167.56751,-166.35424,-165.28213,-164.21948,-163.1669,-161.89374,-160.84611,-159.53551,-158.49675,-157.15278,-156.12688,-154.75413,-153.74503,-152.34852,-151.36005,-149.94512,-148.50908,-147.55307,-146.1074,-144.64563,-143.16972,-141.68168,-140.18374,-139.31561,-137.82839,-137.1673,-135.65354,-134.13931,-132.62706,-131.11922,-129.61819,-128.8351,-127.32726,-125.83238,-124.99894,-123.50703,-122.03394,-121.15893,-119.69861,-118.79744,-117.35592,-116.43221,-115.49154,-114.073,-113.11499,-111.72945,-110.75835,-109.77351,-108.77541,-107.43902,-106.43556,-105.4212,-104.39657,-103.12881,-102.10698,-101.07753,-100.04123,-98.99886,-97.95125,-96.89924,-95.84369,-94.7855,-93.72556,-92.66477,-91.60405,-90.5443,-89.48644,-88.43135,-87.37992,-86.33301,-85.29147,-84.25611,-83.22773,-81.98363,-80.9507,-79.92748,-78.91463,-77.91279,-76.58837,-75.59207,-74.60912,-73.23823,-72.26696,-71.31107,-69.90534,-68.96691,-67.534,-66.61708,-65.16288,-64.27127,-62.80189,-61.93905,-60.46065,-58.96551,-58.14833,-56.65412,-55.14927,-54.38605,-52.89182,-51.39317,-49.89249,-48.3922,-46.89471,-45.40241,-43.9176,-42.44254,-40.97939,-40.05564,-38.59488,-37.15164,-35.72767,-34.7555,-33.34657,-32.351,-30.96269,-29.94748,-28.58513,-27.55425,-26.22283,-25.18033,-23.88432,-22.83428,-21.77294,-20.52397,-19.46074,-18.38853,-17.19525,-16.12669,-15.05165,-13.97079,-12.85498,-11.78469,-10.71103,-9.63474,-8.55658,-7.47733,-6.39774,-5.31859,-4.24065,-3.16467,-2.0914,-1.02157,0.0441,1.1049,2.16016,3.20921,4.25143,5.2862,6.31289,7.6673,8.69245,9.70753,10.71208,11.70566,13.11209,14.09632,15.06793,16.50412,17.46174,18.40536,19.86174,20.78716,22.26004,23.16447,24.64923,25.52985,27.02199,27.87635,29.37103,30.87658,31.6898,33.19056,34.69757,36.20904,37.72318,38.456,39.95282,41.44778,42.93915,44.4252,45.90427,46.76198,48.24419,49.71509,51.17317,52.07878,53.5305,54.96545,55.90038,57.32224,58.27613,59.68072,60.65091,62.03435,63.01803,64.37659,65.37091,66.70114,67.70315,68.71498,70.00873,71.02421,72.04797,73.0796,74.32177,75.3517,76.38775,77.42942,78.47618,79.64369,80.68229,81.72418,82.76882,83.81566,84.86413,85.91366,86.96369,88.01365,89.06297,90.11107,91.15741,92.2014,93.24252,94.28021,95.45391,96.49945,97.53977,98.57435,99.6027,100.85019,101.87993,102.90171,103.91512,105.21344,106.22294,107.22248,108.55674,109.54833,110.9106,111.89138,112.85978,114.24524,115.19906,116.60345,118.02787,118.95945,120.39669,121.30674,122.75265,124.21264,125.68531,126.55127,128.02324,129.50371,130.99105,132.4836,133.97967,135.47754,136.97548,138.47174,139.24255,140.75062,142.25251,143.7465,144.57673,146.0727,146.9313,148.42475,149.90306,150.79595,152.26448,153.17925,154.1091,155.5673,156.51541,157.95266,158.91595,159.8922,161.30324,162.29027,163.28871,164.29819,165.66899,166.68317,167.70652,168.73852,169.77862,170.82626,172.121,173.16395,174.21225,175.26526,176.32232,177.38275,178.4459,179.51103 0.10658,0.10387,0.09845,0.09527,0.09202,0.08874,0.08545,0.08219,0.07901,0.07021,0.06708,0.06413,0.05439,0.05172,0.04924,0.04693,0.03697,0.03507,0.02488,0.02355,0.01339,0.01285,0.00302,0.00342,-0.00588,-0.00454,-0.01326,-0.02196,-0.01939,-0.0276,-0.03572,-0.04367,-0.05135,-0.05868,-0.05466,-0.06133,-0.07195,-0.07774,-0.08293,-0.08745,-0.09134,-0.09464,-0.10335,-0.10579,-0.10776,-0.11566,-0.11662,-0.11677,-0.12331,-0.12176,-0.12714,-0.12381,-0.12815,-0.13209,-0.12722,-0.13064,-0.12549,-0.12872,-0.13174,-0.13456,-0.12962,-0.13227,-0.13469,-0.13692,-0.13173,-0.13379,-0.1357,-0.13745,-0.13903,-0.14041,-0.14154,-0.14238,-0.14288,-0.14302,-0.14272,-0.14199,-0.14084,-0.13927,-0.13731,-0.13501,-0.13241,-0.1296,-0.12664,-0.12361,-0.12456,-0.12159,-0.1187,-0.11594,-0.11331,-0.11428,-0.1119,-0.10958,-0.11054,-0.10832,-0.10608,-0.1068,-0.10453,-0.10492,-0.10259,-0.10262,-0.10028,-0.10004,-0.09784,-0.09755,-0.09716,-0.09566,-0.09564,-0.09567,-0.09507,-0.09545,-0.09573,-0.09583,-0.09571,-0.09541,-0.09498,-0.09451,-0.0941,-0.09381,-0.09339,-0.09328,-0.09313,-0.09285,-0.09241,-0.092,-0.09132,-0.09092,-0.09014,-0.09008,-0.08939,-0.0899,-0.08937,-0.09037,-0.08989,-0.0891,-0.0903,-0.08925,-0.08784,-0.08869,-0.08707,-0.0853,-0.08348,-0.08467,-0.08338,-0.08235,-0.08158,-0.08111,-0.0809,-0.08089,-0.08101,-0.08117,-0.08133,-0.08142,-0.08144,-0.0814,-0.08133,-0.08129,-0.08133,-0.08149,-0.08181,-0.08231,-0.07651,-0.07724,-0.07805,-0.07887,-0.07964,-0.07313,-0.07385,-0.07449,-0.06747,-0.06824,-0.06904,-0.06221,-0.06349,-0.05697,-0.05887,-0.05281,-0.05528,-0.04964,-0.05247,-0.04704,-0.0415,-0.04454,-0.03898,-0.03333,-0.02768,-0.02219,-0.0257,-0.02081,-0.01646,-0.01275,-0.00972,-0.00732,0.00019,0.00187,0.00323,0.0044,0.01156,0.01245,0.01311,0.01992,0.01991,0.02622,0.02526,0.03093,0.02891,0.03395,0.03107,0.03569,0.03228,0.03673,0.04123,0.03748,0.04197,0.04653,0.05113,0.04675,0.0511,0.05533,0.05941,0.06328,0.05735,0.06069,0.06379,0.06667,0.06934,0.07183,0.07418,0.07644,0.07865,0.08086,0.0831,0.08536,0.08765,0.08992,0.09213,0.1023,0.10423,0.10593,0.10735,0.10845,0.11755,0.11807,0.11831,0.11828,0.12626,0.12578,0.12511,0.13197,0.13079,0.13655,0.13482,0.13289,0.1372,0.13482,0.13834,0.14152,0.13899,0.14213,0.13975,0.14302,0.14618,0.14909,0.14678,0.14908,0.15072,0.15167,0.152,0.15184,0.15134,0.15061,0.14968,0.15232,0.15089,0.1492,0.14732,0.14841,0.14623,0.1467,0.1447,0.1431,0.14355,0.14254,0.1431,0.14357,0.14314,0.14357,0.14308,0.14319,0.14299,0.14188,0.14118,0.14018,0.13892,0.13708,0.13559,0.13396,0.13217,0.13025,0.12819,0.12613,0.12399,0.12172,0.11936,0.11692,0.11441,0.11185,0.10924
95.625 -179.1657,-178.15344,-177.14139,-176.13018,-175.12043,-174.109,-173.08668,-172.06779,-171.05295,-170.04275,-168.94492,-167.92898,-166.91969,-165.9176,-164.75842,-163.75647,-162.7637,-161.56087,-160.57286,-159.33699,-158.35705,-157.09158,-156.12304,-154.83182,-153.87789,-152.5651,-151.62908,-150.29916,-148.94995,-148.04176,-146.68274,-145.30859,-143.92082,-143.06019,-141.67341,-140.27787,-138.87538,-137.46786,-136.05725,-134.64551,-133.23463,-132.54972,-131.12453,-129.70526,-128.29396,-127.54309,-126.12851,-124.72703,-123.93363,-122.5371,-121.71666,-120.33023,-119.48543,-118.11426,-117.24809,-115.89724,-115.01293,-113.68725,-112.78823,-111.87586,-110.58197,-109.65972,-108.72582,-107.7807,-106.53482,-105.58645,-104.62891,-103.66275,-102.48091,-101.51834,-100.54941,-99.57474,-98.59502,-97.61093,-96.62318,-95.63249,-94.63961,-93.64528,-92.65026,-91.65529,-90.66115,-89.66859,-88.67835,-87.69117,-86.70777,-85.72886,-84.75513,-83.78725,-82.62772,-81.65481,-80.69005,-79.734,-78.78723,-77.55281,-76.60948,-75.67746,-74.39867,-73.47529,-72.56507,-71.25145,-70.35489,-69.47294,-68.13467,-67.27096,-65.91261,-65.07035,-63.69694,-62.30426,-61.49574,-60.09621,-59.31674,-57.91555,-56.50321,-55.76934,-54.36352,-52.95174,-51.536,-50.11835,-48.70082,-47.28548,-45.87433,-44.46936,-43.07252,-41.68566,-40.31054,-39.43077,-38.05939,-36.70441,-35.36723,-34.4463,-33.12343,-32.18225,-30.8783,-29.92006,-28.6395,-27.66748,-26.41446,-25.43206,-24.21033,-23.22096,-22.03386,-21.04085,-20.03904,-19.02895,-17.89699,-16.88938,-15.87553,-14.85608,-13.79141,-12.78033,-11.76569,-10.7481,-9.72822,-8.70669,-7.75122,-6.74595,-5.74094,-4.73682,-3.73419,-2.73366,-1.73583,-0.74129,0.24939,1.23564,2.21693,3.44621,4.43151,5.40992,6.381,7.34432,8.29943,9.59659,10.54765,11.48892,12.42005,13.75391,14.67574,15.58611,16.94458,17.84185,18.72654,20.10167,20.96982,22.35919,23.20837,24.60803,25.436,26.84192,27.64663,29.05501,30.47322,31.24183,32.65636,34.07687,35.50188,36.2154,37.6284,39.04197,40.45471,41.86518,43.27194,44.67359,46.0687,47.4559,48.27848,49.6659,51.04189,52.40521,53.26684,54.62248,55.96238,56.84787,58.1747,59.07576,60.38617,61.30064,62.59146,63.51704,64.78528,65.7196,66.66341,67.90316,68.85238,69.80985,71.01511,71.9746,72.94096,73.91383,75.07131,76.04179,77.01732,77.99746,78.98181,79.96992,81.04847,82.02784,83.00947,83.99291,84.9777,85.96337,86.94944,87.93546,88.92094,89.90543,90.88846,91.86956,92.84828,93.93287,94.92007,95.9034,96.88243,97.85671,98.82584,99.98852,100.95978,101.92445,102.88216,104.092,105.04746,105.99461,107.23848,108.18001,109.11201,110.3839,111.30698,112.60115,113.51297,114.82644,115.7247,117.05429,117.9368,119.27923,120.6373,121.49582,122.86133,124.23929,125.06812,126.44795,127.83692,129.2337,130.63695,132.04529,133.4573,134.87155,136.28657,137.70092,139.11312,140.52171,141.26702,142.68293,144.0915,144.87554,146.28552,147.68445,148.50215,149.89642,150.7358,152.12163,152.9807,154.35436,155.23077,156.1199,157.47973,158.38294,159.29789,160.6361,161.56154,162.49748,163.80638,164.74894,165.70057,166.66089,167.6295,168.88886,169.85764,170.83299,171.81445,172.80153,173.79374,174.7905,175.79124,176.79539,177.80237,178.81159,179.82243 0.10783,0.10594,0.10403,0.1021,0.10011,0.09703,0.09466,0.09223,0.08976,0.08727,0.08182,0.07923,0.07671,0.07426,0.06765,0.06535,0.06316,0.05595,0.05407,0.04648,0.04507,0.03742,0.03663,0.02924,0.02917,0.02218,0.0228,0.01619,0.00945,0.01092,0.00432,-0.00248,-0.00945,-0.00734,-0.01421,-0.02108,-0.02784,-0.03437,-0.04052,-0.04617,-0.05125,-0.05987,-0.06398,-0.06747,-0.07034,-0.07811,-0.08015,-0.08152,-0.08877,-0.0889,-0.0956,-0.09407,-0.09992,-0.09656,-0.10152,-0.09679,-0.10117,-0.09587,-0.10002,-0.10403,-0.09879,-0.10266,-0.10635,-0.10981,-0.10421,-0.10728,-0.11013,-0.11278,-0.10628,-0.10869,-0.11103,-0.11329,-0.11546,-0.11751,-0.11937,-0.12097,-0.12223,-0.12307,-0.12345,-0.1233,-0.12263,-0.12145,-0.11981,-0.11778,-0.11543,-0.11286,-0.11014,-0.10737,-0.11062,-0.1078,-0.10508,-0.1025,-0.10002,-0.10252,-0.10016,-0.09788,-0.09988,-0.0976,-0.09533,-0.09691,-0.09452,-0.09205,-0.0933,-0.09073,-0.09173,-0.08913,-0.08999,-0.09068,-0.08833,-0.08914,-0.08708,-0.08819,-0.08938,-0.08783,-0.08923,-0.0905,-0.09153,-0.09224,-0.09262,-0.09269,-0.09255,-0.09226,-0.09191,-0.09153,-0.09108,-0.09201,-0.0914,-0.09057,-0.08948,-0.09015,-0.08891,-0.08949,-0.08836,-0.08902,-0.0883,-0.08915,-0.08889,-0.08991,-0.08993,-0.09094,-0.09085,-0.09159,-0.09199,-0.09202,-0.09128,-0.09092,-0.09032,-0.08955,-0.08874,-0.08822,-0.0878,-0.08753,-0.08745,-0.08758,-0.08859,-0.08917,-0.08982,-0.09049,-0.09115,-0.09176,-0.0923,-0.09279,-0.09325,-0.09368,-0.09414,-0.09308,-0.09362,-0.09423,-0.09489,-0.09557,-0.09622,-0.0942,-0.09471,-0.09508,-0.0953,-0.09186,-0.09193,-0.09192,-0.08766,-0.08784,-0.08807,-0.08386,-0.0845,-0.08043,-0.08151,-0.07764,-0.07901,-0.07522,-0.07669,-0.0728,-0.06859,-0.07009,-0.0657,-0.06107,-0.05633,-0.05807,-0.05362,-0.04941,-0.04558,-0.04223,-0.03942,-0.03718,-0.03541,-0.034,-0.028,-0.02683,-0.02574,-0.02472,-0.01856,-0.01777,-0.01725,-0.01141,-0.01163,-0.0062,-0.00736,-0.00245,-0.0045,-7e-05,-0.00273,0.00134,0.00538,0.00222,0.00606,0.00989,0.00645,0.01013,0.01382,0.01753,0.01347,0.01697,0.02046,0.02393,0.02736,0.03074,0.02608,0.02928,0.0324,0.03542,0.03832,0.04112,0.0438,0.04637,0.04886,0.05126,0.05357,0.05579,0.0579,0.06791,0.06981,0.07148,0.07291,0.07407,0.07495,0.08398,0.08438,0.08456,0.08456,0.09285,0.09257,0.09219,0.09996,0.09925,0.09837,0.10521,0.10381,0.10966,0.10768,0.11253,0.11005,0.11416,0.11142,0.11522,0.11893,0.11619,0.11997,0.1237,0.12084,0.12418,0.12702,0.12917,0.13055,0.13122,0.13131,0.13104,0.1306,0.13015,0.12975,0.12937,0.13318,0.13255,0.13181,0.13469,0.13363,0.1326,0.13469,0.13372,0.13547,0.13472,0.13628,0.13569,0.1371,0.13833,0.1376,0.13853,0.13921,0.13781,0.13801,0.13791,0.13561,0.13505,0.13426,0.13329,0.13216,0.129,0.12767,0.12621,0.12464,0.12295,0.12117,0.11932,0.11742,0.11549,0.11356,0.11163,0.10973
101.25 -179.79211,-178.9229,-177.95995,-176.99724,-176.0353,-175.07468,-174.11588,-173.15945,-172.20588,-171.20935,-170.24784,-169.2909,-168.33901,-167.28205,-166.32694,-165.37846,-164.27728,-163.32941,-162.38994,-161.25025,-160.31533,-159.14626,-158.2187,-157.30216,-156.10584,-155.20051,-153.98281,-152.74449,-151.85589,-150.60168,-149.73145,-148.46525,-147.18361,-145.88771,-145.0543,-143.75521,-142.44574,-141.12736,-139.80156,-138.46996,-137.13421,-135.79598,-134.45696,-133.11887,-131.7834,-131.11971,-129.77407,-128.43542,-127.10544,-126.38538,-125.05469,-124.30782,-122.98072,-121.66918,-120.88983,-119.58885,-118.78867,-117.50257,-116.68413,-115.85203,-114.5832,-113.7365,-112.4928,-111.6345,-110.76474,-109.55283,-108.67569,-107.7886,-106.89194,-105.7264,-104.82806,-103.92193,-103.00851,-102.0883,-100.99318,-100.07846,-99.15892,-98.23512,-97.30765,-96.3771,-95.44409,-94.50924,-93.57319,-92.63656,-91.69999,-90.76413,-89.82959,-88.89702,-87.96702,-87.04022,-86.11722,-85.1986,-84.12526,-83.19996,-82.28102,-81.36897,-80.46432,-79.31699,-78.41289,-77.51802,-76.63279,-75.43604,-74.55715,-73.6895,-72.45857,-71.60158,-70.7572,-69.50056,-68.67089,-67.39342,-66.58131,-65.28723,-64.49541,-63.18908,-62.42003,-61.10585,-59.77764,-59.04406,-57.71509,-56.37641,-55.68437,-54.35192,-53.01421,-51.67294,-50.32987,-49.7178,-48.39268,-47.06999,-45.75136,-44.97441,-43.6483,-42.33057,-41.02276,-39.72633,-38.44269,-37.59544,-36.3189,-35.05882,-34.18438,-32.93781,-32.04564,-30.81649,-29.90929,-28.70129,-27.78188,-26.59853,-25.66979,-24.51434,-23.57907,-22.45439,-21.51547,-20.56852,-19.48419,-18.53753,-17.58447,-16.6256,-15.59722,-14.64366,-13.68596,-12.72467,-11.76027,-10.80989,-9.85663,-8.90194,-7.94635,-6.99045,-6.03471,-5.07967,-4.12585,-3.17378,-2.22398,-1.27695,-0.33319,0.60681,1.54258,2.47366,3.3996,4.31993,5.23426,6.43031,7.34448,8.2512,9.15014,10.04096,11.28219,12.16726,13.04298,14.31142,15.17805,16.03423,17.32326,18.16719,18.99977,20.3026,21.12007,22.43509,23.23543,24.55925,25.34054,26.66998,27.4306,28.76235,30.1028,30.8316,32.16916,33.51242,34.20514,35.54047,36.87827,38.21733,39.55636,40.89411,42.22932,43.56078,44.88728,46.20764,47.52068,48.82533,49.6143,50.91706,52.20859,53.024,54.30888,55.57986,56.41695,57.67668,58.52814,59.77377,60.63775,61.86657,62.7411,63.95051,64.83358,66.02117,66.91076,67.80833,68.9684,69.86965,70.77784,71.90549,72.81454,73.72936,74.64964,75.73311,76.65057,77.57225,78.4978,79.42686,80.35905,81.29399,82.2313,83.22103,84.14851,85.07712,86.00646,86.93613,87.86575,88.79494,89.72329,90.65042,91.57595,92.58288,93.51714,94.44856,95.37675,96.30134,97.22197,98.13829,99.22678,100.1457,101.05909,101.96665,103.09879,104.00528,104.90478,106.06899,106.9646,107.85216,109.04352,109.92438,110.79622,112.00948,112.87193,114.10307,114.9542,116.20062,117.03859,118.29757,119.57112,120.38939,121.67112,122.96491,123.75858,125.05592,126.36258,127.67751,128.99963,130.32787,131.06176,132.38324,133.70774,134.33736,135.67803,137.01875,138.35826,139.69534,141.02877,141.7374,143.0768,144.40937,145.15223,146.48577,147.80936,148.58208,149.90153,150.69366,152.00576,152.81555,154.11712,154.94276,155.77987,157.07007,157.92026,159.1922,160.05326,160.92419,161.80479,163.05234,163.93979,164.8357,165.7398,166.95182,167.85841,168.77184,169.69173,170.61769,171.54932,172.48619,173.42787,174.55747,175.49278,176.43129,177.37255,178.31606,179.26134 0.10198,0.10336,0.10206,0.10077,0.09946,0.09809,0.09664,0.09508,0.09339,0.09233,0.09028,0.08815,0.08594,0.08333,0.08103,0.07873,0.07511,0.07285,0.07063,0.06628,0.06422,0.05934,0.05758,0.05595,0.05116,0.05004,0.04539,0.04057,0.04044,0.03584,0.03615,0.03158,0.0267,0.0215,0.02237,0.01703,0.01143,0.00562,-0.00032,-0.0063,-0.0122,-0.01785,-0.02312,-0.02785,-0.03196,-0.03957,-0.04277,-0.04525,-0.047,-0.05398,-0.05471,-0.06146,-0.06096,-0.05939,-0.06535,-0.06225,-0.06761,-0.06328,-0.06815,-0.07287,-0.06793,-0.07247,-0.06784,-0.07224,-0.07652,-0.07199,-0.07587,-0.07952,-0.08294,-0.07734,-0.08018,-0.08286,-0.08542,-0.08791,-0.0814,-0.08383,-0.08628,-0.08875,-0.09114,-0.09338,-0.09537,-0.09699,-0.09817,-0.09881,-0.0989,-0.09845,-0.09744,-0.09598,-0.09414,-0.09203,-0.08976,-0.08742,-0.0931,-0.09067,-0.08834,-0.08612,-0.08405,-0.08857,-0.08649,-0.08448,-0.08249,-0.08594,-0.08377,-0.08151,-0.08409,-0.08154,-0.07882,-0.08079,-0.07784,-0.07957,-0.07649,-0.07815,-0.07509,-0.07677,-0.07385,-0.07564,-0.07739,-0.07486,-0.07679,-0.07869,-0.07634,-0.07819,-0.07983,-0.08116,-0.08216,-0.07918,-0.07978,-0.08017,-0.08042,-0.08355,-0.08352,-0.08335,-0.08299,-0.08233,-0.08135,-0.08325,-0.08181,-0.08014,-0.08166,-0.07995,-0.0814,-0.07993,-0.08148,-0.08044,-0.08215,-0.08145,-0.0833,-0.08267,-0.08444,-0.08355,-0.08503,-0.08628,-0.08463,-0.08544,-0.08601,-0.08636,-0.08407,-0.08437,-0.08463,-0.08491,-0.08527,-0.08378,-0.08451,-0.08531,-0.08616,-0.08703,-0.0879,-0.08874,-0.08953,-0.09026,-0.09093,-0.09153,-0.09207,-0.09257,-0.09305,-0.09351,-0.09395,-0.09439,-0.09479,-0.09672,-0.09715,-0.0975,-0.09777,-0.09793,-0.09894,-0.09889,-0.09871,-0.09843,-0.0981,-0.09772,-0.09646,-0.09613,-0.0958,-0.09419,-0.09405,-0.09229,-0.09234,-0.09048,-0.09064,-0.08864,-0.08878,-0.08653,-0.08387,-0.08399,-0.081,-0.0777,-0.07783,-0.07451,-0.07121,-0.06806,-0.06518,-0.06271,-0.06067,-0.05905,-0.05777,-0.05674,-0.05582,-0.05488,-0.05046,-0.04938,-0.04824,-0.04351,-0.0425,-0.04174,-0.0372,-0.03714,-0.03284,-0.03361,-0.02959,-0.03108,-0.02729,-0.0292,-0.02554,-0.02756,-0.02404,-0.02054,-0.02269,-0.0194,-0.01618,-0.01859,-0.01563,-0.0127,-0.00978,-0.01256,-0.00973,-0.00683,-0.00386,-0.00083,0.00225,0.00534,0.00842,0.00532,0.00816,0.01087,0.01344,0.01584,0.01806,0.02012,0.02203,0.0238,0.02545,0.03453,0.03611,0.03754,0.03883,0.03995,0.0409,0.04169,0.05053,0.05097,0.05127,0.05145,0.0596,0.05955,0.05941,0.06716,0.06679,0.06632,0.07351,0.07265,0.07163,0.07787,0.07631,0.08172,0.07964,0.08425,0.08173,0.08573,0.08953,0.08655,0.09014,0.09373,0.09036,0.09377,0.09703,0.09998,0.10246,0.10437,0.09968,0.10081,0.10148,0.10676,0.10688,0.10694,0.10703,0.10721,0.10744,0.11202,0.11213,0.11215,0.11623,0.11599,0.11569,0.11921,0.11878,0.12193,0.12142,0.12422,0.12355,0.126,0.12818,0.12705,0.12883,0.12712,0.12846,0.12951,0.13026,0.12744,0.12767,0.12762,0.12731,0.12342,0.12275,0.12188,0.12084,0.11965,0.11832,0.1169,0.11537,0.11045,0.10893,0.10743,0.10597,0.10457,0.10324
106.875 -179.5223,-178.61817,-177.71386,-176.8098,-175.90645,-175.0228,-174.10827,-173.19584,-172.28594,-171.37902,-170.47552,-169.50963,-168.6007,-167.69662,-166.68723,-165.7808,-164.88068,-163.98723,-162.93293,-162.04149,-160.95871,-160.0716,-159.1935,-158.08221,-157.21179,-156.07826,-155.21789,-154.06493,-152.89326,-152.04758,-150.86115,-150.03161,-148.83372,-147.62145,-146.39582,-145.59807,-144.36847,-143.12878,-141.88021,-140.62407,-139.36169,-138.09446,-136.82379,-135.55114,-134.27797,-133.00574,-131.73594,-130.46999,-129.82764,-128.55468,-127.28933,-126.60877,-125.34228,-124.08715,-123.3732,-122.12292,-121.38747,-120.14578,-119.3908,-118.16149,-117.38913,-116.17587,-115.38848,-114.19484,-113.39486,-112.5838,-111.41414,-110.59397,-109.76389,-108.62544,-107.78992,-106.94586,-106.0936,-104.99955,-104.14676,-103.28732,-102.42165,-101.5502,-100.67344,-99.65592,-98.78595,-97.91236,-97.03566,-96.15635,-95.27495,-94.392,-93.50804,-92.6236,-91.73921,-90.85543,-89.97279,-89.09182,-88.21305,-87.33701,-86.46419,-85.4677,-84.58712,-83.71148,-82.84126,-81.97692,-81.11891,-80.04246,-79.18402,-78.3335,-77.49128,-76.36789,-75.53022,-74.70225,-73.54567,-72.726,-71.91727,-70.73464,-69.93778,-68.73411,-67.95165,-67.1819,-65.96484,-65.21253,-63.98331,-62.73832,-62.01291,-60.76171,-60.05929,-58.80567,-57.54216,-56.87545,-55.61548,-54.34936,-53.07855,-51.80453,-51.20684,-49.94664,-48.68693,-47.42916,-46.17477,-44.92516,-43.6817,-42.92227,-41.67598,-40.43942,-39.21383,-38.00034,-37.19158,-35.98541,-34.79443,-33.96197,-32.78375,-31.93568,-30.77352,-29.91214,-28.7692,-27.89693,-26.77618,-25.89549,-24.79964,-23.91297,-22.84447,-21.95426,-21.0566,-20.02383,-19.12601,-18.22222,-17.31281,-16.32932,-15.42408,-14.51475,-13.60177,-12.67548,-11.77074,-10.8638,-9.9551,-9.0451,-8.13427,-7.22306,-6.31194,-5.40137,-4.49182,-3.71415,-2.82165,-1.93139,-0.87269,0.02513,0.91932,1.80947,2.69519,3.57606,4.45173,5.32188,6.18617,7.04427,8.19732,9.05325,9.90182,10.74276,11.92864,12.76361,13.58993,14.4074,15.61634,16.42431,17.22261,18.44706,19.23332,20.47096,21.24347,22.49151,23.24843,24.50423,25.24406,26.50482,27.22613,28.48907,29.76015,30.45299,31.72181,32.99608,33.65687,34.92457,36.19491,37.46684,38.73928,40.01116,40.59895,41.85554,42.54889,43.81265,45.07165,46.32493,47.5715,48.81046,50.04089,50.79786,52.02499,53.24124,54.02045,55.22942,56.42534,57.22255,58.40736,59.21668,60.38804,61.2078,62.36346,63.1921,64.32993,65.16577,66.00931,67.12514,67.97352,68.82873,69.9182,70.77583,71.63934,72.69845,73.56199,74.4304,75.30342,76.18074,77.19161,78.06511,78.94186,79.82158,80.70393,81.5886,82.47526,83.36358,84.2861,85.16477,86.04404,86.92361,87.80313,88.68227,89.56072,90.48903,91.37695,92.26312,93.14721,94.02891,94.90789,95.78383,96.65643,97.5254,98.54854,99.42039,100.28756,101.14979,102.21335,103.07538,103.93147,104.78139,105.87857,106.7252,107.84482,108.68647,109.52039,110.66168,111.48829,112.64719,113.46481,114.63925,115.44625,116.63396,117.42876,118.62739,119.4085,120.61567,121.83439,122.59495,123.81833,125.05099,126.29209,127.02043,128.26068,129.5069,130.75816,132.01349,133.27189,134.53236,135.79395,137.05556,137.6857,138.95786,140.22742,141.49333,142.75459,143.43941,144.70391,145.96108,146.67482,147.93095,148.66352,149.91594,150.66596,151.91194,152.67796,153.91478,154.69516,155.92011,156.71324,157.51621,158.72778,159.54102,160.36334,161.55591,162.38587,163.22398,164.07003,165.23513,166.08524,166.9422,167.80572,168.67551,169.55125,170.66711,171.54131,172.42019,173.30339,174.19052,175.08127,175.97517,176.87183,177.77083,178.67175,179.57419 0.09113,0.09023,0.08938,0.08854,0.08768,0.09041,0.08931,0.08806,0.08666,0.08508,0.08334,0.08418,0.08213,0.08001,0.07978,0.07755,0.07532,0.0731,0.07201,0.0698,0.06797,0.06585,0.06381,0.06151,0.05975,0.0572,0.05589,0.05333,0.05055,0.0501,0.04736,0.04729,0.04441,0.04115,0.03749,0.03767,0.03374,0.02953,0.02508,0.02045,0.01568,0.01083,0.006,0.00133,-0.00302,-0.00693,-0.01029,-0.01303,-0.01961,-0.02152,-0.02273,-0.02897,-0.02915,-0.0285,-0.03414,-0.03225,-0.0375,-0.03445,-0.03932,-0.03557,-0.0402,-0.03646,-0.04103,-0.03792,-0.04248,-0.04699,-0.04442,-0.0486,-0.05259,-0.04963,-0.05291,-0.05592,-0.05869,-0.05428,-0.05645,-0.05854,-0.0606,-0.06269,-0.06483,-0.05948,-0.06156,-0.06365,-0.06568,-0.06756,-0.06918,-0.07045,-0.07128,-0.07161,-0.07143,-0.07074,-0.0696,-0.06809,-0.06632,-0.0644,-0.06243,-0.06976,-0.0678,-0.06597,-0.0643,-0.06278,-0.06141,-0.06777,-0.06629,-0.0648,-0.06326,-0.06829,-0.06636,-0.06423,-0.06798,-0.0653,-0.06234,-0.06502,-0.06159,-0.06385,-0.06016,-0.05637,-0.05871,-0.05503,-0.05759,-0.06016,-0.05694,-0.05963,-0.05662,-0.05929,-0.06178,-0.05881,-0.06103,-0.06299,-0.06465,-0.06603,-0.06234,-0.06337,-0.06424,-0.065,-0.06569,-0.0663,-0.06673,-0.07052,-0.07041,-0.0699,-0.06897,-0.06764,-0.07024,-0.06854,-0.06678,-0.06909,-0.06745,-0.06967,-0.06833,-0.07054,-0.06948,-0.0717,-0.07078,-0.07296,-0.0719,-0.07393,-0.07243,-0.07415,-0.07569,-0.07332,-0.07447,-0.07545,-0.0763,-0.07317,-0.07395,-0.07473,-0.07554,-0.0727,-0.07376,-0.07486,-0.07599,-0.07711,-0.07822,-0.07929,-0.08031,-0.08127,-0.08216,-0.07969,-0.08049,-0.08122,-0.08503,-0.08555,-0.08599,-0.08634,-0.08659,-0.08675,-0.08685,-0.08689,-0.08689,-0.08686,-0.09036,-0.09038,-0.09039,-0.09037,-0.09342,-0.09327,-0.09308,-0.09285,-0.09478,-0.09437,-0.09391,-0.09489,-0.09433,-0.09466,-0.09407,-0.09397,-0.09338,-0.09301,-0.09241,-0.09178,-0.09112,-0.09018,-0.08886,-0.08805,-0.08635,-0.08433,-0.08346,-0.08137,-0.07927,-0.07731,-0.07563,-0.07429,-0.07512,-0.07454,-0.07261,-0.07213,-0.07171,-0.07122,-0.07054,-0.0696,-0.06839,-0.06526,-0.06389,-0.06259,-0.0594,-0.05862,-0.05836,-0.05556,-0.05617,-0.0535,-0.05469,-0.052,-0.05331,-0.05043,-0.05145,-0.0484,-0.04524,-0.04589,-0.04279,-0.03972,-0.0404,-0.03762,-0.03494,-0.03597,-0.03362,-0.03132,-0.02902,-0.02671,-0.02832,-0.02603,-0.02366,-0.0212,-0.01866,-0.01609,-0.01353,-0.01102,-0.01368,-0.01159,-0.00968,-0.00795,-0.00643,-0.0051,-0.00394,0.00339,0.00447,0.00544,0.00635,0.00721,0.00803,0.00881,0.00957,0.01031,0.01853,0.01919,0.0198,0.02038,0.02831,0.0287,0.02904,0.02935,0.03659,0.03663,0.04352,0.04321,0.04279,0.04897,0.04811,0.05372,0.05237,0.0573,0.05541,0.05961,0.05718,0.06071,0.05776,0.06078,0.06367,0.06008,0.06275,0.06546,0.06821,0.06419,0.06684,0.06937,0.07168,0.07368,0.07533,0.07662,0.0776,0.07837,0.08333,0.08384,0.08432,0.08476,0.08517,0.08991,0.09019,0.09038,0.09487,0.09484,0.09913,0.09886,0.10291,0.10234,0.10611,0.10512,0.10853,0.10696,0.10995,0.11267,0.11019,0.11245,0.11443,0.11096,0.11246,0.11367,0.11458,0.10993,0.11036,0.11051,0.1104,0.11003,0.10943,0.1037,0.10283,0.1018,0.10063,0.09938,0.09809,0.09678,0.0955,0.09428,0.09314,0.09209
112.5 -179.2665,-178.40182,-177.53703,-176.6725,-175.80863,-174.94579,-174.08438,-173.22477,-172.34939,-171.48206,-170.61776,-169.75686,-168.82979,-167.96454,-167.10391,-166.24828,-165.27585,-164.41949,-163.56935,-162.56364,-161.7156,-160.68436,-159.84045,-159.00466,-157.94785,-157.11904,-156.04209,-155.22234,-154.12767,-153.319,-152.2092,-151.08377,-150.29139,-149.15506,-148.00536,-147.23457,-146.07862,-144.91194,-143.73553,-142.55041,-141.82377,-140.64101,-139.45258,-138.25961,-137.06331,-135.86489,-134.66559,-134.10742,-132.89499,-131.68481,-130.47814,-129.27623,-128.65496,-127.44855,-126.25012,-125.59567,-124.39779,-123.21104,-122.52779,-121.34674,-120.64483,-119.47269,-118.75383,-117.59381,-116.85989,-116.11473,-114.96814,-114.2106,-113.08371,-112.31597,-111.53855,-110.43592,-109.65137,-108.85822,-107.78592,-106.98886,-106.18441,-105.37288,-104.55461,-103.53168,-102.71476,-101.89248,-101.06525,-100.23347,-99.39755,-98.55793,-97.62124,-96.7903,-95.95713,-95.12219,-94.28593,-93.44881,-92.61128,-91.7738,-90.93685,-90.10088,-89.26635,-88.4337,-87.6034,-86.67556,-85.83681,-85.00188,-84.17118,-83.34515,-82.52417,-81.70865,-80.69556,-79.8789,-79.06908,-78.26641,-77.20893,-76.40942,-75.61832,-74.52888,-73.74421,-72.96907,-71.85369,-71.08812,-70.33308,-69.19808,-68.45555,-67.30412,-66.57617,-65.41142,-64.70002,-63.52517,-62.83213,-61.65041,-60.45678,-59.79201,-58.59674,-57.39273,-56.76081,-55.56038,-54.35449,-53.14439,-52.5619,-51.3623,-50.16172,-48.96143,-47.7627,-46.56678,-45.3749,-44.18825,-43.008,-41.83527,-41.09589,-39.92375,-38.7621,-37.6119,-36.83849,-35.69564,-34.56685,-33.77264,-32.65584,-31.84779,-30.74583,-29.92592,-28.8415,-28.01181,-26.94746,-26.11013,-25.06818,-24.22533,-23.20789,-22.36159,-21.50841,-20.52281,-19.66909,-18.80973,-17.86024,-17.00319,-16.14174,-15.27628,-14.37558,-13.51606,-12.65379,-11.78915,-10.92254,-10.05435,-9.18499,-8.37364,-7.51591,-6.6582,-5.80088,-4.94435,-4.08897,-3.23512,-2.38319,-1.53353,-0.6865,0.15755,0.99826,1.83531,2.66835,3.72713,4.56231,5.39236,6.21701,7.03596,7.84897,8.95596,9.76618,10.56947,11.36557,12.15431,13.2902,14.0723,14.84624,16.0001,16.76502,17.5211,18.68822,19.43312,20.61179,21.34393,22.53184,23.24984,24.44458,25.1471,26.34627,27.03209,28.23334,28.90139,30.10234,31.30929,31.95006,33.15299,34.35955,35.56877,36.77979,37.36958,38.57029,39.77053,40.9694,42.16604,43.35959,44.54919,45.73399,46.42424,47.61098,48.79074,49.96274,51.12625,51.85317,53.01242,54.1612,54.90671,56.04787,56.80595,57.93741,59.05557,59.8265,60.93191,61.71179,62.49952,63.58999,64.38474,65.45789,66.25821,67.06516,68.11684,68.92731,69.74361,70.77021,71.58797,72.41077,73.40898,74.2312,75.05759,75.8879,76.7219,77.67542,78.50557,79.3385,80.17394,81.01163,81.85129,82.69263,83.53538,84.37924,85.22394,86.06918,86.91467,87.76013,88.60525,89.44976,90.29336,91.13576,91.97668,92.81584,93.65296,94.48776,95.31999,96.14937,97.10771,97.94077,98.77008,99.59541,100.41651,101.41908,102.24061,103.05706,103.86822,104.90258,105.71152,106.51438,107.57228,108.37089,109.44758,110.24051,111.02609,112.12013,112.89807,114.00657,114.77549,115.89657,116.6551,117.78683,118.93066,119.67402,120.82534,121.5549,122.71161,123.87747,125.05178,125.75419,126.92923,128.11062,129.29758,130.4893,131.68493,132.88363,134.08455,135.2868,136.48952,137.6918,138.89284,139.50785,140.71647,141.92149,143.12204,143.77559,144.97877,146.1752,146.8546,148.04998,148.74631,149.93835,150.65048,151.83685,152.56353,153.74188,154.48175,155.64976,156.40136,157.16195,158.31862,159.08897,159.86766,161.00817,161.79432,162.58804,163.70769,164.50652,165.31209,166.12416,166.94251,168.02862,168.84817,169.67297,170.50276,171.33725,172.17613,173.01908,173.8658,174.71594,175.56921,176.42522,177.2836,178.144,179.00603,179.86932 0.07735,0.07651,0.07572,0.07494,0.07414,0.07329,0.07235,0.07127,0.07481,0.07337,0.07177,0.07002,0.07238,0.07038,0.06832,0.06626,0.06781,0.06574,0.06374,0.06465,0.06269,0.06295,0.06107,0.05932,0.05903,0.05752,0.05693,0.05579,0.05509,0.05438,0.05363,0.05257,0.05224,0.05083,0.04895,0.04841,0.04601,0.04325,0.04022,0.03702,0.03657,0.03351,0.0304,0.02725,0.02408,0.02097,0.01799,0.0133,0.01045,0.00799,0.00596,0.00435,-0.00073,-0.00169,-0.00212,-0.00689,-0.00638,-0.00527,-0.00932,-0.0073,-0.01107,-0.00858,-0.01228,-0.01001,-0.01389,-0.01799,-0.01663,-0.02096,-0.0205,-0.0248,-0.029,-0.02859,-0.03221,-0.03554,-0.03412,-0.03661,-0.03881,-0.04079,-0.04258,-0.03917,-0.04052,-0.04184,-0.04319,-0.04458,-0.04602,-0.04749,-0.04222,-0.04322,-0.04406,-0.04468,-0.045,-0.04496,-0.04453,-0.04372,-0.04254,-0.04107,-0.03939,-0.03762,-0.03586,-0.04349,-0.04188,-0.04047,-0.03928,-0.03829,-0.03746,-0.03674,-0.04411,-0.04321,-0.04223,-0.04112,-0.0473,-0.04568,-0.04379,-0.0486,-0.04598,-0.04301,-0.04636,-0.04268,-0.03873,-0.0412,-0.03699,-0.03945,-0.03538,-0.03823,-0.03456,-0.03786,-0.03462,-0.03813,-0.04153,-0.03856,-0.04168,-0.04446,-0.0412,-0.04343,-0.04532,-0.04692,-0.04304,-0.04438,-0.04564,-0.04687,-0.04809,-0.04925,-0.05029,-0.05106,-0.05143,-0.05129,-0.05493,-0.05401,-0.05266,-0.05102,-0.0541,-0.0524,-0.05081,-0.05389,-0.05259,-0.0556,-0.05451,-0.0574,-0.05636,-0.05908,-0.05791,-0.0604,-0.05889,-0.06109,-0.05903,-0.06083,-0.06244,-0.05945,-0.06065,-0.06172,-0.058,-0.05893,-0.05988,-0.06089,-0.05731,-0.05858,-0.05992,-0.06132,-0.06273,-0.06414,-0.0655,-0.06262,-0.06391,-0.06511,-0.06626,-0.06735,-0.06839,-0.06937,-0.07027,-0.07106,-0.07171,-0.07218,-0.07246,-0.07253,-0.07241,-0.07602,-0.07574,-0.07542,-0.07511,-0.07487,-0.07471,-0.07883,-0.07888,-0.079,-0.07918,-0.07939,-0.08329,-0.08336,-0.08336,-0.08648,-0.08624,-0.0859,-0.08812,-0.08756,-0.08913,-0.08839,-0.08942,-0.08854,-0.08915,-0.08816,-0.08841,-0.08727,-0.08714,-0.08582,-0.0853,-0.08448,-0.08294,-0.08189,-0.08075,-0.07967,-0.07878,-0.07808,-0.07794,-0.07818,-0.07874,-0.07947,-0.08018,-0.08068,-0.08079,-0.07962,-0.07898,-0.07792,-0.07656,-0.07509,-0.07307,-0.07189,-0.07117,-0.06946,-0.06964,-0.06814,-0.06908,-0.07021,-0.06875,-0.0696,-0.06777,-0.06566,-0.06558,-0.0631,-0.06227,-0.05963,-0.05692,-0.05587,-0.05333,-0.05086,-0.05024,-0.04814,-0.04613,-0.0462,-0.04454,-0.04292,-0.04133,-0.03972,-0.04065,-0.03914,-0.03757,-0.03593,-0.03423,-0.0325,-0.03076,-0.02906,-0.02744,-0.02592,-0.02455,-0.02334,-0.02229,-0.02139,-0.02064,-0.01999,-0.01944,-0.01893,-0.01846,-0.01797,-0.01747,-0.01694,-0.01636,-0.00995,-0.00922,-0.00842,-0.00755,-0.0066,0.00051,0.00148,0.00248,0.00349,0.01031,0.01107,0.01173,0.01783,0.01805,0.02366,0.02337,0.02288,0.0277,0.02663,0.03098,0.02931,0.03309,0.03081,0.03397,0.03686,0.03376,0.03615,0.03276,0.03488,0.03699,0.03918,0.03577,0.03814,0.04068,0.04332,0.04598,0.04853,0.05086,0.05287,0.05451,0.05577,0.05668,0.05732,0.0618,0.06225,0.06266,0.06306,0.0676,0.06794,0.06821,0.07264,0.07263,0.07693,0.07655,0.08069,0.07984,0.08378,0.08235,0.08603,0.08393,0.08728,0.09048,0.08736,0.09013,0.09272,0.08856,0.0907,0.09263,0.08752,0.08902,0.09031,0.09137,0.09221,0.08624,0.08676,0.08707,0.08713,0.08697,0.08661,0.08602,0.08527,0.08438,0.0834,0.08235,0.08128,0.08022,0.0792,0.07825
118.125 -179.76253,-178.94574,-178.12858,-177.31138,-176.53842,-175.7107,-174.88395,-174.05848,-173.23463,-172.41275,-171.59308,-170.73957,-169.91422,-169.09218,-168.2738,-167.37572,-166.5546,-165.73823,-164.8068,-163.99012,-163.17924,-162.21795,-161.40924,-160.60732,-159.62015,-158.82289,-157.81547,-157.02465,-155.99892,-155.2163,-154.17437,-153.40173,-152.34583,-151.27555,-150.51734,-149.43673,-148.34369,-147.60458,-146.50519,-145.39563,-144.27672,-143.56824,-142.4488,-141.32255,-140.19046,-139.05351,-137.91273,-136.76916,-135.62387,-134.47793,-133.33243,-132.7868,-131.63109,-130.47858,-129.33033,-128.73931,-127.58668,-126.44114,-125.81955,-124.67413,-123.5386,-122.89019,-121.75928,-121.0934,-119.96994,-119.28806,-118.17484,-117.47859,-116.37838,-115.6695,-114.58497,-113.86527,-113.13624,-112.07031,-111.33303,-110.58727,-109.54544,-108.79414,-108.03535,-107.26929,-106.26126,-105.49332,-104.71924,-103.93932,-102.97377,-102.1957,-101.41301,-100.62603,-99.83513,-99.04066,-98.24301,-97.44255,-96.63968,-95.77648,-94.98355,-94.18948,-93.39468,-92.59954,-91.80445,-91.00982,-90.21604,-89.37289,-88.56852,-87.76628,-86.96655,-86.16974,-85.37621,-84.58635,-83.80053,-83.01909,-82.0702,-81.28622,-80.50787,-79.73544,-78.96925,-77.97118,-77.20705,-76.45027,-75.4216,-74.66973,-73.92622,-72.87204,-72.13622,-71.40965,-70.3354,-69.61915,-68.52819,-67.82414,-66.71916,-66.0291,-64.91285,-64.23847,-63.11377,-62.45664,-61.32636,-60.68784,-59.55478,-58.41293,-57.80303,-56.66292,-55.51682,-54.36582,-53.79906,-52.65592,-51.51073,-50.36457,-49.21854,-48.07376,-46.9313,-45.79225,-44.65766,-43.52856,-42.40593,-41.29075,-40.57991,-39.46617,-38.36241,-37.26949,-36.52875,-35.44307,-34.37048,-33.6113,-32.54997,-31.77843,-30.73082,-29.94868,-28.91711,-28.12616,-27.11283,-26.31486,-25.3218,-24.51868,-23.54772,-22.74124,-21.92839,-20.98597,-20.17231,-19.35333,-18.44321,-17.62591,-16.80439,-15.97897,-15.11234,-14.29176,-13.46841,-12.64259,-11.81468,-11.00668,-10.18723,-9.36674,-8.54554,-7.72396,-6.90234,-6.08104,-5.26037,-4.44068,-3.6223,-2.80557,-1.99082,-1.17833,-0.36844,0.43856,1.24237,2.04268,2.8392,3.63169,4.41987,5.20351,6.23639,7.01967,7.79748,8.5696,9.33583,10.40216,11.1645,11.92016,12.66896,13.75722,14.49944,15.23414,16.33794,17.06408,17.7821,18.89716,19.60473,20.72998,21.42585,22.55926,23.2422,24.38169,25.05056,26.19403,26.84776,27.99311,28.63082,29.77598,30.92666,31.53991,32.68728,33.83827,34.99206,35.56916,36.7153,37.86219,39.00909,40.15523,41.29983,42.44214,43.58141,44.71689,45.84783,46.97355,48.09333,48.76713,49.88609,50.99733,52.10026,52.79878,53.89682,54.60801,55.69933,56.77969,57.5049,58.57576,59.31063,60.37027,61.11361,62.16038,62.91096,63.94328,64.69986,65.46281,66.47763,67.24488,68.24166,69.01195,69.78746,70.76156,71.53835,72.31967,73.10532,74.04912,74.83376,75.62199,76.41359,77.20834,78.11069,78.90164,79.69497,80.49045,81.28786,82.08695,82.88749,83.68923,84.49193,85.29534,86.09922,86.90332,87.70738,88.51116,89.3144,90.11687,90.91832,91.71849,92.51716,93.31407,94.10901,94.90173,95.69201,96.59903,97.39297,98.18369,98.97099,99.75465,100.70272,101.48726,102.26741,103.043,104.02105,104.79523,105.56416,106.56465,107.33042,108.09028,109.11015,109.86513,110.90078,111.64964,112.39156,113.4411,114.17527,115.23673,115.96198,117.03374,118.11685,118.82928,119.92001,121.02063,121.71712,122.82253,123.93621,124.61378,125.72933,126.85138,127.97931,129.11243,130.25004,130.8837,132.01675,133.1524,134.28991,134.83092,135.98,137.12909,138.27741,139.42418,140.56866,141.16779,142.31754,143.46302,144.08805,145.23567,146.37705,147.02543,148.16576,148.82948,149.96678,150.64486,151.77711,152.46846,153.59362,154.29706,155.41313,156.12745,157.23244,157.95632,158.688,159.78046,160.51992,161.26659,162.02032,163.09482,163.85376,164.61903,165.39045,166.43997,167.21388,167.99312,168.77747,169.56668,170.36053,171.36747,172.15963,172.95549,173.75476,174.55717,175.36244,176.17031,176.98045,177.79255,178.60629,179.42137 0.05854,0.05743,0.05634,0.05531,0.05954,0.05862,0.05769,0.05672,0.05567,0.05452,0.05326,0.05704,0.05547,0.05382,0.05211,0.05512,0.05332,0.05159,0.05425,0.05262,0.05112,0.05343,0.05204,0.0508,0.05256,0.0514,0.05265,0.05162,0.0525,0.05165,0.05234,0.05168,0.05221,0.05242,0.05174,0.05145,0.05065,0.04943,0.04794,0.04605,0.0439,0.04232,0.04023,0.03819,0.03622,0.03431,0.03242,0.03052,0.02865,0.02685,0.02518,0.0224,0.02081,0.01943,0.01824,0.01482,0.0139,0.01326,0.00985,0.00983,0.01023,0.00741,0.00851,0.00592,0.00736,0.00474,0.00588,0.00291,0.00321,-0.0003,-0.00103,-0.00497,-0.00905,-0.0104,-0.01432,-0.01807,-0.01873,-0.02175,-0.02444,-0.02679,-0.02547,-0.02703,-0.02836,-0.0295,-0.02661,-0.02728,-0.02784,-0.02833,-0.02875,-0.02913,-0.02946,-0.02973,-0.02991,-0.02336,-0.02284,-0.02211,-0.02114,-0.01992,-0.01847,-0.01682,-0.01505,-0.0215,-0.01975,-0.01812,-0.01669,-0.01553,-0.01466,-0.01404,-0.01364,-0.01338,-0.0207,-0.02033,-0.01987,-0.01927,-0.01848,-0.02479,-0.02346,-0.02187,-0.02717,-0.02485,-0.02221,-0.02604,-0.02259,-0.01886,-0.02139,-0.01727,-0.01955,-0.01548,-0.01809,-0.01448,-0.01769,-0.01462,-0.01831,-0.0156,-0.0194,-0.01672,-0.02024,-0.02342,-0.02029,-0.02284,-0.025,-0.02685,-0.02311,-0.02474,-0.02633,-0.02798,-0.02968,-0.03141,-0.03304,-0.03444,-0.03544,-0.03587,-0.03565,-0.03476,-0.03807,-0.03646,-0.03456,-0.0326,-0.03595,-0.03429,-0.03288,-0.03657,-0.03551,-0.03922,-0.03826,-0.04179,-0.04069,-0.04394,-0.04251,-0.04539,-0.04351,-0.04599,-0.04352,-0.0455,-0.04724,-0.04382,-0.04508,-0.04618,-0.04208,-0.04303,-0.04403,-0.04512,-0.0414,-0.04283,-0.04439,-0.04603,-0.04773,-0.04503,-0.04677,-0.04843,-0.04998,-0.05143,-0.05278,-0.05406,-0.05528,-0.05644,-0.05755,-0.05856,-0.05944,-0.06016,-0.06066,-0.06091,-0.06092,-0.0607,-0.0603,-0.0598,-0.05928,-0.05881,-0.06248,-0.06229,-0.06228,-0.06245,-0.06277,-0.06713,-0.06756,-0.06797,-0.06833,-0.07242,-0.07253,-0.07251,-0.07606,-0.07576,-0.07531,-0.07823,-0.07754,-0.07994,-0.07903,-0.08091,-0.0798,-0.0812,-0.07992,-0.08087,-0.07943,-0.07992,-0.07832,-0.07838,-0.07813,-0.07636,-0.07592,-0.07544,-0.07507,-0.07379,-0.07405,-0.07475,-0.0759,-0.0774,-0.07905,-0.08063,-0.0819,-0.08265,-0.08277,-0.08225,-0.08118,-0.08057,-0.07909,-0.07764,-0.07644,-0.07588,-0.07545,-0.07507,-0.07547,-0.07618,-0.07607,-0.07672,-0.07627,-0.07616,-0.07515,-0.07395,-0.07237,-0.07024,-0.06834,-0.06631,-0.0639,-0.06197,-0.05987,-0.0582,-0.05657,-0.05531,-0.05399,-0.05271,-0.05147,-0.05105,-0.05003,-0.04905,-0.0481,-0.04717,-0.04735,-0.04663,-0.0459,-0.04518,-0.04444,-0.0437,-0.04294,-0.04218,-0.04141,-0.04065,-0.03991,-0.03919,-0.0385,-0.03785,-0.03722,-0.03663,-0.03608,-0.03555,-0.03504,-0.03455,-0.03407,-0.03358,-0.03307,-0.0293,-0.02866,-0.02791,-0.02705,-0.02604,-0.02088,-0.01957,-0.01813,-0.01657,-0.0107,-0.00919,-0.00774,-0.00227,-0.00132,-0.00061,0.00378,0.00371,0.00746,0.00661,0.00542,0.00835,0.00651,0.00921,0.00688,0.00941,0.01191,0.00918,0.01151,0.01377,0.0111,0.01331,0.0155,0.01324,0.01551,0.01785,0.02028,0.02282,0.02543,0.02359,0.0261,0.02843,0.03048,0.03466,0.03616,0.03723,0.03793,0.03837,0.03867,0.04241,0.04273,0.0431,0.04709,0.04748,0.04778,0.05175,0.05171,0.05554,0.05501,0.05866,0.05754,0.06099,0.05926,0.06251,0.06016,0.06317,0.0602,0.0629,0.06553,0.06164,0.06388,0.06601,0.06802,0.06298,0.06466,0.06626,0.06778,0.06225,0.06364,0.06495,0.06615,0.06721,0.06813,0.06293,0.06361,0.06407,0.06427,0.06421,0.0639,0.06337,0.06264,0.06175,0.06074,0.05966
123.75 -179.50323,-178.71865,-177.93379,-177.14891,-176.36432,-175.58029,-174.79712,-174.02673,-173.23573,-172.4465,-171.65932,-170.87449,-170.05075,-169.26117,-168.47487,-167.6921,-166.82832,-166.04347,-165.26311,-164.36935,-163.58902,-162.8141,-161.89346,-161.12074,-160.35431,-159.41028,-158.64823,-157.68581,-156.92967,-155.95055,-155.20182,-154.20783,-153.46809,-152.46117,-151.44098,-150.71411,-149.68415,-148.64263,-147.93274,-146.88491,-145.82745,-145.13848,-144.07835,-143.01069,-141.93629,-140.85598,-139.77062,-138.68108,-137.58827,-136.4931,-135.3965,-134.29944,-133.20288,-132.10777,-131.57525,-130.47228,-129.37321,-128.27897,-127.70649,-126.60967,-125.52013,-124.92083,-123.83259,-123.2158,-122.1313,-121.05789,-120.41984,-119.35408,-118.70199,-117.64629,-116.98159,-116.30751,-115.26254,-114.57785,-113.54873,-112.85508,-112.15319,-111.14303,-110.43448,-109.71846,-108.73199,-108.01173,-107.28489,-106.55169,-105.59786,-104.86362,-104.12403,-103.37936,-102.62988,-101.72315,-100.97666,-100.22645,-99.47284,-98.71613,-97.95667,-97.19478,-96.43081,-95.6651,-94.89801,-94.1299,-93.36111,-92.59202,-91.82298,-91.05436,-90.28652,-89.51981,-88.75459,-87.99122,-87.23003,-86.47138,-85.71559,-84.96299,-84.2139,-83.32345,-82.57078,-81.82272,-81.07955,-80.34156,-79.40227,-78.66475,-77.93343,-77.20855,-76.23507,-75.51391,-74.80009,-73.80175,-73.09411,-72.39463,-71.37609,-70.68514,-69.64991,-68.96916,-68.29778,-67.25059,-66.59149,-65.53339,-64.88804,-63.82144,-63.19122,-62.11858,-61.03573,-60.4285,-59.34357,-58.25079,-57.67015,-56.57924,-55.48296,-54.93198,-53.8414,-52.74794,-51.65255,-50.55622,-49.4599,-48.36457,-47.27118,-46.18068,-45.094,-44.01205,-42.93572,-41.86585,-40.80328,-40.11909,-39.05858,-38.00756,-36.9667,-36.25617,-35.22243,-34.20077,-33.47394,-32.46283,-31.72487,-30.72646,-29.97892,-28.99524,-28.23967,-27.27261,-26.51062,-25.56194,-24.79513,-23.86646,-23.0964,-22.32041,-21.41742,-20.64041,-19.85841,-18.98443,-18.20358,-17.41869,-16.57667,-15.79498,-15.01027,-14.22277,-13.43278,-12.64146,-11.85798,-11.07296,-10.28667,-9.49941,-8.71148,-7.92317,-7.13478,-6.43192,-5.65473,-4.8783,-4.10293,-3.3289,-2.55649,-1.78596,-1.01758,-0.25162,0.51166,1.45821,2.22485,2.98794,3.74724,4.50252,5.25355,6.00013,6.74205,7.74253,8.48284,9.21774,9.94704,10.67059,11.69782,12.41678,13.12934,14.17366,14.87982,15.57901,16.63677,17.32782,18.01139,19.07886,19.75276,20.82923,21.49238,22.14732,23.22723,23.87015,24.95463,26.04716,26.67187,27.76622,28.37636,29.47081,30.5705,31.15843,32.25538,33.35579,33.91938,35.01428,36.1109,37.20857,38.30663,39.40438,40.50109,41.59609,42.68876,43.77845,44.86451,45.94631,47.02323,48.09472,49.16015,49.81108,50.87472,51.93079,52.59904,53.65074,54.69343,55.37638,56.41221,57.4377,58.13253,59.14881,59.85199,60.85762,61.56812,62.56168,63.27846,64.00134,64.98062,65.70829,66.67226,67.40365,68.14018,69.08518,69.8239,70.56717,71.49062,72.23453,72.98236,73.73396,74.6289,75.37918,76.13256,76.88887,77.64791,78.4095,79.25967,80.01706,80.77631,81.53721,82.29958,83.06319,83.82784,84.59331,85.3594,86.12588,86.89256,87.6592,88.4256,89.19154,89.95681,90.7212,91.4845,92.24649,93.00697,93.76573,94.52258,95.27732,96.13825,96.89658,97.65214,98.40472,99.15415,100.05324,100.80387,101.5507,102.29356,103.22091,103.963,104.7005,105.6492,106.38441,107.11446,108.08191,108.80816,109.52869,110.51214,111.2274,112.2241,112.93302,113.94166,114.64319,115.66237,116.3555,117.38378,118.06752,119.1034,120.14869,120.8188,121.86933,122.92789,123.58174,124.643,125.71083,126.78466,127.41391,128.48691,129.56434,130.64559,131.73006,132.81711,133.90609,134.99637,136.0873,137.17823,137.71973,138.81866,139.91591,141.01082,142.10273,142.68559,143.78091,144.87153,145.47685,146.56812,147.18814,148.27839,149.36117,149.99985,151.07882,151.72991,152.80333,153.46585,154.13637,155.20492,155.88553,156.94431,157.63387,158.33064,159.37852,160.08267,160.79352,161.82701,162.54357,163.26624,163.99487,165.00838,165.74039,166.4777,167.22012,167.96746,168.95111,169.69885,170.45075,171.20659,171.96615,172.7292,173.4955,174.26481,175.03688,175.81146,176.58831,177.36715,178.14769,178.92967,179.71279 0.04396,0.04263,0.04132,0.04008,0.03891,0.03784,0.03685,0.04095,0.04,0.03904,0.03804,0.03698,0.04055,0.03925,0.03792,0.03661,0.03962,0.03829,0.03711,0.04011,0.03913,0.03834,0.04135,0.04073,0.04025,0.0429,0.04241,0.04458,0.044,0.04574,0.04507,0.04651,0.04575,0.04695,0.04789,0.04682,0.04726,0.04724,0.04554,0.04481,0.04364,0.04149,0.04005,0.03855,0.03713,0.03585,0.03471,0.03368,0.0327,0.03172,0.03077,0.02987,0.02908,0.02841,0.02738,0.02663,0.0259,0.02512,0.02328,0.02247,0.02174,0.01981,0.01952,0.01776,0.01807,0.01858,0.0172,0.0178,0.01616,0.0163,0.01409,0.01148,0.01045,0.00715,0.00539,0.00168,-0.00212,-0.0039,-0.00742,-0.0107,-0.01128,-0.01378,-0.01593,-0.01776,-0.01626,-0.01737,-0.01823,-0.01887,-0.01931,-0.01578,-0.01567,-0.01538,-0.01494,-0.01438,-0.01371,-0.01295,-0.0121,-0.01113,-0.01004,-0.00879,-0.00736,-0.00576,-0.00401,-0.00217,-0.00029,0.00152,0.00316,0.00456,0.00564,0.00639,0.0068,0.00693,0.00685,0.00054,0.00047,0.00048,0.00064,0.00099,-0.00466,-0.0038,-0.00271,-0.00141,-0.00625,-0.00439,-0.00226,-0.00607,-0.00322,-0.00013,-0.00265,0.00094,-0.0011,0.00254,0.00595,0.00366,0.00659,0.00373,0.00621,0.00292,0.00522,0.00177,-0.00173,0.00086,-0.00233,-0.0053,-0.00222,-0.0047,-0.00691,-0.00361,-0.00558,-0.0075,-0.00948,-0.01156,-0.01373,-0.0159,-0.01792,-0.01958,-0.0207,-0.02109,-0.02068,-0.01948,-0.01761,-0.02036,-0.01804,-0.01572,-0.0136,-0.01691,-0.01539,-0.01422,-0.01807,-0.01724,-0.02118,-0.02036,-0.02415,-0.02306,-0.02656,-0.02506,-0.02821,-0.02624,-0.02895,-0.02645,-0.02865,-0.03059,-0.02719,-0.02859,-0.02979,-0.02581,-0.02683,-0.02787,-0.02419,-0.02554,-0.02705,-0.02873,-0.03056,-0.02814,-0.0302,-0.03225,-0.03425,-0.03614,-0.0379,-0.03954,-0.04104,-0.03868,-0.04,-0.0412,-0.04229,-0.04325,-0.04405,-0.04466,-0.04506,-0.04524,-0.04521,-0.04889,-0.04852,-0.04807,-0.04763,-0.04727,-0.04705,-0.04702,-0.04717,-0.05103,-0.05145,-0.05193,-0.0524,-0.0528,-0.05681,-0.05697,-0.05696,-0.06076,-0.06046,-0.06002,-0.0636,-0.06294,-0.06217,-0.06546,-0.06452,-0.0675,-0.0664,-0.06525,-0.06775,-0.0665,-0.06859,-0.07031,-0.06893,-0.07016,-0.06871,-0.06944,-0.06981,-0.06824,-0.06832,-0.06831,-0.06693,-0.06724,-0.0679,-0.06902,-0.07061,-0.07254,-0.07462,-0.07657,-0.07812,-0.07906,-0.07927,-0.07876,-0.07765,-0.07614,-0.07448,-0.07513,-0.07374,-0.07273,-0.0736,-0.07331,-0.07339,-0.07455,-0.07486,-0.07494,-0.07576,-0.07509,-0.07528,-0.07359,-0.07307,-0.07051,-0.06948,-0.06825,-0.06534,-0.06406,-0.06157,-0.06049,-0.05944,-0.0578,-0.05697,-0.05613,-0.05496,-0.05415,-0.0533,-0.05244,-0.05115,-0.05033,-0.04959,-0.04895,-0.04843,-0.04804,-0.04726,-0.04725,-0.04734,-0.04749,-0.04765,-0.04778,-0.04782,-0.04776,-0.04756,-0.04723,-0.04676,-0.04619,-0.04554,-0.04484,-0.04411,-0.04338,-0.04267,-0.04199,-0.04136,-0.04077,-0.04023,-0.03971,-0.0384,-0.03787,-0.03728,-0.0366,-0.03579,-0.03324,-0.03203,-0.03061,-0.02901,-0.02491,-0.02305,-0.02118,-0.01669,-0.01513,-0.01384,-0.01019,-0.00978,-0.00981,-0.00762,-0.00863,-0.00716,-0.00893,-0.00775,-0.00993,-0.00864,-0.01087,-0.0092,-0.01117,-0.00905,-0.00667,-0.00803,-0.00538,-0.00271,-0.00353,-0.00089,0.00162,0.00401,0.0033,0.00554,0.00773,0.00989,0.01201,0.01403,0.01586,0.01742,0.01865,0.0195,0.02239,0.02281,0.02302,0.02315,0.0233,0.02626,0.02653,0.02683,0.03007,0.0303,0.03361,0.03354,0.03319,0.0362,0.03531,0.03807,0.03661,0.03912,0.04163,0.03943,0.04175,0.03912,0.04123,0.04333,0.04005,0.04182,0.04353,0.03952,0.04089,0.04221,0.04353,0.03895,0.04021,0.04156,0.04298,0.04447,0.04034,0.04194,0.04352,0.04501,0.04635,0.0475,0.04841,0.04903,0.04934,0.04933,0.04901,0.0484,0.04754,0.04648,0.04526
129.375 -179.92246,-179.1776,-178.43228,-177.74716,-176.9922,-176.23753,-175.4834,-174.73006,-173.97778,-173.22681,-172.471,-171.71388,-170.95887,-170.20623,-169.45621,-168.65379,-167.90038,-167.15041,-166.40408,-165.56694,-164.81959,-164.07671,-163.21355,-162.47154,-161.58826,-160.84844,-160.11448,-159.20997,-158.48012,-157.55882,-156.83445,-155.89785,-155.18034,-154.23005,-153.52074,-152.55846,-151.58393,-150.88618,-149.90242,-149.21638,-148.22533,-147.22459,-146.21473,-145.55082,-144.53792,-143.51773,-142.49094,-141.45826,-140.42043,-139.37822,-138.33241,-137.28381,-136.23324,-135.18153,-134.12953,-133.07804,-132.02795,-130.98008,-130.46078,-129.40704,-128.35764,-127.31345,-126.75894,-125.71352,-125.14186,-124.0973,-123.06141,-122.46781,-121.43623,-120.82819,-119.80309,-119.18175,-118.16529,-117.53188,-116.52618,-115.88203,-114.88912,-114.23562,-113.57419,-112.59609,-111.92724,-111.25109,-110.29203,-109.61052,-108.92242,-107.98646,-107.29515,-106.59806,-105.89538,-105.18734,-104.28779,-103.58004,-102.86783,-102.15142,-101.43107,-100.70704,-99.86155,-99.14206,-98.41988,-97.6953,-96.9686,-96.2401,-95.51009,-94.77888,-94.04678,-93.3141,-92.58117,-91.84828,-91.11577,-90.38393,-89.65309,-88.92355,-88.19563,-87.46961,-86.74581,-86.02452,-85.30601,-84.46879,-83.74595,-83.02688,-82.31185,-81.60111,-80.71592,-80.00439,-79.29809,-78.59724,-77.90205,-76.97886,-76.28642,-75.60046,-74.65319,-73.97216,-73.29835,-72.33102,-71.66425,-71.00536,-70.02218,-69.37231,-68.37558,-67.73614,-66.72791,-66.10026,-65.08267,-64.46809,-63.44328,-62.84298,-61.81313,-61.22816,-60.19544,-59.15491,-58.5933,-57.55337,-56.50776,-55.45731,-54.93069,-53.88557,-52.83779,-51.7882,-50.73766,-49.68702,-49.22213,-48.18376,-47.14735,-46.11369,-45.5007,-44.4623,-43.42879,-42.40091,-41.37942,-40.36502,-39.35838,-38.69402,-37.69111,-36.69778,-36.01527,-35.02886,-34.05366,-33.35656,-32.39128,-31.6841,-30.7306,-30.01471,-29.07477,-28.35157,-27.42684,-26.69771,-25.78975,-25.0561,-24.16633,-23.42955,-22.68725,-21.8207,-21.07723,-20.32905,-19.48867,-18.74125,-17.98997,-17.17836,-16.42969,-15.67798,-14.92349,-14.15002,-13.40049,-12.64902,-11.89586,-11.14127,-10.38551,-9.62885,-8.92356,-8.17561,-7.42754,-6.67961,-5.93209,-5.18522,-4.43925,-3.69444,-2.95103,-2.20926,-1.46937,-0.73161,0.00381,0.73664,1.46665,2.19364,2.91742,3.63777,4.57203,5.2931,6.01002,6.72261,7.43071,8.13414,9.10247,9.80338,10.499,11.18919,12.17787,12.86344,13.54303,14.21655,15.21998,15.88696,16.54731,17.5613,18.21373,19.23724,19.88066,20.51686,21.54563,22.17158,23.20614,23.82096,24.85977,25.46263,26.50414,27.55209,28.13694,29.18507,29.75598,30.80278,31.85351,32.90756,33.45012,34.49953,35.55073,36.6031,37.6561,38.15853,39.20284,40.24632,41.28839,42.32848,43.36605,44.40052,45.43134,46.03209,47.06444,48.09172,49.11342,50.12904,50.75801,51.77111,52.77683,53.42073,54.4217,55.41411,56.07067,57.05621,57.72153,58.69888,59.37209,60.33997,61.02017,61.97732,62.66359,63.60883,64.30021,65.2324,65.92794,66.62846,67.54479,68.24817,68.95607,69.85416,70.56358,71.27699,72.15466,72.86826,73.5853,74.30562,75.15645,75.87523,76.59673,77.32078,78.0472,78.77583,79.585,80.3096,81.03581,81.76347,82.4924,83.22242,83.95333,84.68497,85.41714,86.14966,86.88233,87.61499,88.34743,89.07947,89.81093,90.54162,91.27136,91.99997,92.72726,93.45306,94.17719,94.89949,95.71882,96.44462,97.168,97.88879,98.60683,99.4617,100.18117,100.89731,101.60999,102.49146,103.20384,103.91221,104.61644,105.52068,106.2229,106.92047,107.84194,108.5362,109.47167,110.16167,110.8462,111.79491,112.47392,113.43383,114.10642,115.07635,115.74161,116.7203,117.37738,118.36355,119.35863,120.00398,121.00449,122.01274,122.64404,123.65557,124.6736,125.28864,126.30777,127.33208,128.36105,129.39419,130.431,131.47091,132.51337,133.55781,134.60368,135.6504,136.69739,137.74408,138.78988,139.83423,140.37248,141.42193,142.46844,143.02884,144.07819,145.12311,145.70391,146.74934,147.78885,148.38801,149.42556,150.03689,151.07097,151.69369,152.72279,153.35604,154.37862,155.02152,155.67143,156.68769,157.34601,158.35209,159.01779,159.68981,160.36805,161.36227,162.04611,162.73569,163.71426,164.40788,165.10666,165.81047,166.51917,167.47355,168.18372,168.89812,169.61658,170.33892,171.06496,171.7945,172.70655,173.43385,174.1639,174.89651,175.63146,176.36851,177.10747,177.8481,178.59014,179.33337 0.0261,0.0247,0.02329,0.0267,0.02543,0.0243,0.02332,0.0225,0.02183,0.02127,0.02504,0.02445,0.02387,0.02328,0.02266,0.0256,0.02479,0.02402,0.02333,0.02593,0.02536,0.02498,0.02785,0.02773,0.0308,0.03085,0.03097,0.03386,0.03381,0.03628,0.03594,0.03795,0.03728,0.0389,0.03794,0.03925,0.04041,0.039,0.03978,0.03802,0.03832,0.03824,0.03779,0.03553,0.03477,0.03386,0.03292,0.03205,0.03128,0.03063,0.03005,0.02952,0.02902,0.02858,0.02825,0.02805,0.02798,0.02795,0.02824,0.02798,0.02753,0.02689,0.02628,0.02546,0.02456,0.02392,0.02357,0.02288,0.02303,0.02243,0.02286,0.0221,0.02238,0.02115,0.02089,0.01893,0.01795,0.01521,0.0121,0.01039,0.00694,0.00345,0.00206,-0.00105,-0.00389,-0.00393,-0.00598,-0.0077,-0.0091,-0.01021,-0.00786,-0.00831,-0.00852,-0.00849,-0.00822,-0.00773,-0.00296,-0.00193,-0.00077,0.0005,0.00184,0.00326,0.00476,0.00634,0.00803,0.00983,0.01173,0.01368,0.01563,0.0175,0.01919,0.02063,0.02174,0.02249,0.02286,0.02289,0.02264,0.01765,0.01725,0.01688,0.01664,0.0166,0.01203,0.01251,0.01321,0.01412,0.01521,0.01147,0.01295,0.0146,0.0114,0.01359,0.01596,0.01372,0.01659,0.01949,0.01783,0.02066,0.01883,0.02128,0.01905,0.02114,0.01861,0.02062,0.018,0.0202,0.01757,0.02004,0.0174,0.01467,0.01731,0.01463,0.01204,0.0096,0.01208,0.00975,0.00747,0.00516,0.00278,0.00034,0.00226,-7e-05,-0.00209,-0.00358,-0.00719,-0.00752,-0.00696,-0.00553,-0.00339,-0.00084,0.00181,-0.00037,0.00187,0.00362,0.00074,0.00181,0.00249,-0.0009,-0.00044,-0.00395,-0.00339,-0.00683,-0.00598,-0.00921,-0.00796,-0.01092,-0.00929,-0.0119,-0.00983,-0.012,-0.01398,-0.0111,-0.01258,-0.01388,-0.01045,-0.01151,-0.01257,-0.00929,-0.01056,-0.012,-0.01363,-0.01111,-0.0131,-0.01522,-0.01743,-0.01967,-0.02189,-0.02403,-0.02199,-0.02397,-0.02577,-0.02739,-0.02882,-0.03006,-0.03111,-0.03197,-0.03265,-0.03314,-0.03345,-0.0336,-0.03361,-0.03352,-0.03339,-0.03327,-0.0332,-0.03324,-0.03667,-0.03686,-0.03719,-0.0376,-0.03806,-0.03848,-0.04205,-0.04228,-0.04234,-0.04219,-0.04548,-0.04505,-0.04447,-0.04377,-0.04697,-0.04618,-0.04535,-0.04861,-0.04775,-0.05101,-0.05011,-0.04926,-0.05236,-0.05153,-0.05446,-0.05368,-0.05636,-0.05565,-0.05797,-0.05993,-0.05908,-0.06048,-0.05951,-0.06034,-0.06085,-0.06118,-0.06001,-0.06042,-0.06109,-0.06214,-0.06358,-0.06299,-0.06475,-0.06645,-0.06783,-0.06862,-0.06869,-0.068,-0.06664,-0.06832,-0.0665,-0.06461,-0.06292,-0.06161,-0.06361,-0.06299,-0.06281,-0.06503,-0.06522,-0.06545,-0.06747,-0.06736,-0.06892,-0.06814,-0.06907,-0.06752,-0.06777,-0.06561,-0.0653,-0.06291,-0.06231,-0.06012,-0.05951,-0.05888,-0.05725,-0.05676,-0.05627,-0.05489,-0.05435,-0.05372,-0.05189,-0.05101,-0.05004,-0.04903,-0.04646,-0.04547,-0.04463,-0.04399,-0.04358,-0.04344,-0.04183,-0.04223,-0.04281,-0.04349,-0.04418,-0.04481,-0.04529,-0.04557,-0.04563,-0.04547,-0.04511,-0.0446,-0.04399,-0.04332,-0.04264,-0.04198,-0.04135,-0.04076,-0.04022,-0.03971,-0.03923,-0.03874,-0.03897,-0.03848,-0.03795,-0.03737,-0.03669,-0.03632,-0.03534,-0.0342,-0.03289,-0.03112,-0.02944,-0.02771,-0.026,-0.02332,-0.02189,-0.02075,-0.01849,-0.01815,-0.01662,-0.0172,-0.01811,-0.01788,-0.01939,-0.01961,-0.0213,-0.02144,-0.02289,-0.02248,-0.02337,-0.02214,-0.02036,-0.02038,-0.01798,-0.01531,-0.01489,-0.01215,-0.00949,-0.00919,-0.00688,-0.00477,-0.00283,-0.00104,0.00066,0.00228,0.00383,0.00526,0.0065,0.00752,0.00829,0.0088,0.00911,0.00927,0.01128,0.01135,0.01143,0.01357,0.01367,0.01376,0.01613,0.01617,0.01611,0.01858,0.01831,0.02074,0.02012,0.02234,0.02127,0.0232,0.0217,0.02336,0.02501,0.02299,0.02448,0.02227,0.02359,0.02488,0.02612,0.02323,0.02415,0.025,0.02164,0.02229,0.023,0.0238,0.02473,0.02139,0.02257,0.02393,0.02543,0.02702,0.02864,0.03022,0.02716,0.02841,0.02941,0.03011,0.03048,0.0305,0.03018,0.02953,0.02859,0.02743
135.0 -179.66571,-178.94772,-178.22933,-177.51078,-176.79229,-176.0741,-175.35641,-174.66222,-173.93746,-173.2139,-172.49177,-171.77129,-171.03101,-170.30576,-169.58289,-168.8626,-168.14511,-167.36403,-166.64429,-165.92808,-165.12112,-164.40427,-163.69166,-162.86107,-162.14948,-161.44283,-160.59115,-159.88719,-159.01894,-158.31886,-157.43526,-156.74027,-155.84261,-155.15393,-154.24364,-153.56241,-152.64098,-151.96837,-151.03738,-150.0959,-149.43569,-148.4872,-147.52959,-146.56337,-145.92298,-144.95351,-143.97701,-142.99409,-142.00536,-141.39723,-140.41036,-139.41947,-138.42523,-137.42835,-136.42949,-135.4294,-134.97827,-133.96779,-132.95789,-131.94934,-130.94286,-129.93921,-129.43315,-128.42521,-127.42201,-126.89154,-125.887,-124.88908,-124.33656,-123.34034,-122.77334,-121.7807,-121.20012,-120.21298,-119.23657,-118.64011,-118.03541,-117.06505,-116.44999,-115.49083,-114.86661,-113.92045,-113.28834,-112.64916,-111.7182,-111.07289,-110.42109,-109.50898,-108.8529,-108.19099,-107.52341,-106.63697,-105.96757,-105.29326,-104.61421,-103.75947,-103.08115,-102.39892,-101.71299,-101.02361,-100.331,-99.63542,-98.83896,-98.14845,-97.45583,-96.76137,-96.06533,-95.36797,-94.66957,-93.97039,-93.27072,-92.57082,-91.87097,-91.17144,-90.47252,-89.77448,-89.07758,-88.3821,-87.6883,-86.99644,-86.21545,-85.51811,-84.82358,-84.13212,-83.44397,-82.75938,-82.07857,-81.23762,-80.55567,-79.87832,-79.20578,-78.33212,-77.66098,-76.99542,-76.3356,-75.43512,-74.77921,-74.12971,-73.20951,-72.5658,-71.92911,-70.99284,-70.36373,-69.41385,-68.79361,-67.8319,-67.22176,-66.25009,-65.65125,-64.67149,-64.08507,-63.09918,-62.5262,-61.5361,-60.97749,-59.98511,-58.98569,-58.44892,-57.45028,-56.44653,-55.93405,-54.93407,-53.9309,-52.92527,-51.91795,-50.90967,-50.45196,-49.45371,-48.45637,-47.46067,-46.46733,-45.47709,-44.49062,-43.88883,-42.89993,-41.91666,-40.93962,-39.96943,-39.00668,-38.36652,-37.40766,-36.45781,-35.80136,-34.8582,-33.92548,-33.2559,-32.3325,-31.65376,-30.7413,-30.05461,-29.15465,-28.46124,-27.57526,-26.87637,-26.00572,-25.30259,-24.44853,-23.74238,-23.0311,-22.1981,-21.48553,-20.76853,-19.95924,-19.24266,-18.52235,-17.73914,-17.02091,-16.29971,-15.57575,-14.82701,-14.10722,-13.38545,-12.66189,-11.93679,-11.23354,-10.51504,-9.7957,-9.07577,-8.35548,-7.63506,-6.91472,-6.19471,-5.47523,-4.75653,-4.03883,-3.32234,-2.60729,-1.89389,-1.18235,-0.47289,0.23429,0.93897,1.64098,2.34013,3.03624,3.72912,4.41861,5.10453,6.01349,6.69905,7.38043,8.05747,8.73004,9.39803,10.33454,10.99939,11.65914,12.31366,13.26665,13.91623,14.56011,15.5253,16.16289,16.79441,17.76898,18.39298,19.37613,19.99171,20.60063,21.58838,22.18782,23.18083,23.77,24.76686,25.34504,26.34437,27.34967,27.91135,28.91691,29.46585,30.47032,31.47844,32.0081,33.01306,34.02045,35.02973,35.53145,36.53473,37.53858,38.54249,39.54598,40.5485,41.54952,42.54854,43.54508,44.53863,45.52872,46.51488,47.49663,48.08505,49.06652,50.04237,51.01222,51.62022,52.58706,53.54678,54.16781,55.12259,56.06923,56.70126,57.64112,58.28083,59.21275,59.85936,60.78224,61.43491,62.34768,63.00567,63.9073,64.56977,65.23709,66.12544,66.79611,67.67093,68.34411,69.02138,69.87945,70.55807,71.24031,71.92607,72.76215,73.44773,74.13631,74.82778,75.63861,76.32841,77.02058,77.71499,78.41149,79.10992,79.88192,80.57649,81.27248,81.96974,82.66811,83.36743,84.06754,84.76828,85.46948,86.17099,86.87264,87.57426,88.2757,88.97679,89.67738,90.37729,91.07637,91.77445,92.47139,93.16702,93.86118,94.6374,95.33533,96.03128,96.72512,97.41667,98.10582,98.92056,99.61129,100.2991,100.98386,101.66544,102.50851,103.18982,103.86747,104.72905,105.40528,106.0774,106.95557,107.62511,108.2901,109.18283,109.84411,110.74885,111.40558,112.05708,112.97272,113.61859,114.54373,115.18317,116.11674,116.749,117.68989,118.63923,119.26133,120.21623,121.17856,121.78844,122.75446,123.72681,124.32251,125.29662,126.27597,127.26011,128.24863,128.81796,129.80478,130.79476,131.7874,132.78224,133.77879,134.77655,135.77501,136.25786,137.26419,138.26999,139.27475,140.27794,140.79736,141.80499,142.80975,143.81114,144.3566,145.35956,146.35784,146.9211,147.91887,148.49398,149.48994,150.07622,151.06901,151.6658,152.65408,153.26063,154.24304,154.85857,155.83379,156.45747,157.08737,158.05515,158.69204,159.33479,160.29238,160.94087,161.59483,162.5395,163.19791,163.86135,164.52968,165.20279,166.12797,166.80334,167.48294,168.16663,168.85427,169.7527,170.44028,171.13119,171.82528,172.52237,173.22228,173.92483,174.62983,175.33709,176.0464,176.75758,177.47044,178.18476,178.90032,179.6169 0.01212,0.01079,0.00951,0.00836,0.00738,0.00661,0.00606,0.00965,0.00937,0.00927,0.00928,0.00938,0.01282,0.0128,0.01277,0.01272,0.01266,0.01513,0.01494,0.01482,0.01706,0.01705,0.01717,0.01966,0.01998,0.02037,0.02309,0.02344,0.02608,0.02615,0.02844,0.02809,0.02994,0.02916,0.0306,0.02945,0.03057,0.02912,0.02998,0.03072,0.02887,0.02934,0.02965,0.02977,0.02763,0.02757,0.02736,0.02705,0.02668,0.02495,0.02463,0.02425,0.02384,0.02341,0.023,0.02268,0.02392,0.02381,0.02389,0.02412,0.02442,0.02467,0.02578,0.02569,0.02537,0.02579,0.02519,0.02463,0.02468,0.02437,0.02437,0.02449,0.02451,0.02499,0.02559,0.02553,0.02521,0.02557,0.02469,0.02456,0.0229,0.02217,0.01972,0.0169,0.01552,0.01239,0.00925,0.00824,0.00555,0.00313,0.00103,0.00182,0.00055,-0.00042,-0.00111,0.0015,0.00146,0.00167,0.00211,0.00278,0.00368,0.00478,0.00969,0.01116,0.01272,0.01434,0.01602,0.01774,0.01953,0.02138,0.02327,0.0252,0.02711,0.02893,0.03061,0.03205,0.03319,0.03399,0.03441,0.03447,0.03091,0.0305,0.02994,0.02936,0.02885,0.02851,0.0284,0.025,0.02539,0.026,0.0268,0.02394,0.02503,0.02623,0.02752,0.02516,0.02684,0.02867,0.02696,0.0292,0.03147,0.03022,0.03247,0.03106,0.03299,0.03124,0.03287,0.03096,0.0326,0.03081,0.03277,0.03116,0.03344,0.03177,0.03411,0.03206,0.02965,0.03159,0.02878,0.02587,0.02725,0.02437,0.02167,0.01912,0.01667,0.01425,0.01544,0.0131,0.0109,0.009,0.0076,0.00694,0.00713,0.00494,0.00643,0.00858,0.01109,0.01359,0.01579,0.0142,0.01571,0.01669,0.01445,0.01486,0.015,0.0124,0.01247,0.00977,0.00999,0.00733,0.00778,0.00524,0.00597,0.0036,0.00463,0.00251,0.00392,0.00213,0.00045,0.00264,0.00137,0.0002,0.00304,0.00213,0.00121,0.00423,0.00325,0.00212,0.0008,0.00355,0.00191,5e-05,-0.002,-0.00421,-0.00204,-0.00446,-0.00689,-0.00928,-0.01155,-0.01365,-0.01552,-0.01715,-0.0185,-0.01959,-0.02044,-0.02107,-0.02152,-0.02182,-0.02203,-0.02218,-0.02231,-0.02247,-0.02268,-0.02298,-0.02336,-0.02382,-0.02434,-0.0249,-0.02844,-0.02891,-0.02929,-0.02952,-0.02958,-0.02945,-0.03224,-0.03177,-0.03117,-0.03048,-0.03297,-0.0322,-0.03145,-0.03408,-0.0334,-0.03281,-0.03564,-0.03517,-0.03812,-0.03778,-0.03759,-0.04059,-0.04055,-0.04353,-0.04359,-0.04643,-0.0465,-0.04905,-0.05132,-0.05106,-0.05276,-0.05221,-0.05328,-0.054,-0.05296,-0.0533,-0.05358,-0.05394,-0.05272,-0.05333,-0.0542,-0.05521,-0.0562,-0.05693,-0.05718,-0.05678,-0.05567,-0.05397,-0.05187,-0.04966,-0.04765,-0.04965,-0.0483,-0.04756,-0.04744,-0.0502,-0.05065,-0.05133,-0.05407,-0.05464,-0.05502,-0.05725,-0.05714,-0.0589,-0.05826,-0.0595,-0.0584,-0.05913,-0.0577,-0.058,-0.05642,-0.05643,-0.05628,-0.05463,-0.0544,-0.05267,-0.05237,-0.05202,-0.04994,-0.04942,-0.0488,-0.04806,-0.04521,-0.0442,-0.04311,-0.04198,-0.03891,-0.03793,-0.03711,-0.03652,-0.0362,-0.03619,-0.03487,-0.03541,-0.03612,-0.03693,-0.03774,-0.03847,-0.03904,-0.0394,-0.03954,-0.03946,-0.03921,-0.03883,-0.03839,-0.03792,-0.03747,-0.03706,-0.03669,-0.03636,-0.03603,-0.0357,-0.03532,-0.03586,-0.03536,-0.0348,-0.03417,-0.03348,-0.03272,-0.03306,-0.03218,-0.0312,-0.03017,-0.02908,-0.0288,-0.02759,-0.02645,-0.0256,-0.0246,-0.02384,-0.02286,-0.02256,-0.02255,-0.02198,-0.02244,-0.0223,-0.02306,-0.0238,-0.02417,-0.0248,-0.02529,-0.02558,-0.02585,-0.02563,-0.0254,-0.02472,-0.02383,-0.02255,-0.02088,-0.01974,-0.01785,-0.01584,-0.01499,-0.01318,-0.01145,-0.00984,-0.00837,-0.00843,-0.00722,-0.0061,-0.00504,-0.00407,-0.00318,-0.00242,-0.00176,-0.00012,0.00036,0.00073,0.00104,0.0013,0.00279,0.00297,0.00312,0.00321,0.00458,0.00453,0.00444,0.00589,0.00574,0.00737,0.00721,0.00896,0.0087,0.01043,0.00992,0.01145,0.0106,0.01186,0.01069,0.01174,0.01278,0.01131,0.01222,0.01311,0.0114,0.0121,0.01273,0.01059,0.01091,0.01116,0.01137,0.01157,0.00876,0.00902,0.00944,0.01006,0.0109,0.00848,0.00959,0.01082,0.01212,0.0134,0.0146,0.01562,0.0164,0.01691,0.01708,0.01693,0.01645,0.01567,0.01464,0.01343
140.625 -179.42194,-178.72894,-178.03564,-177.34224,-176.64893,-175.95592,-175.2634,-174.57157,-173.88063,-173.19701,-172.50034,-171.80518,-171.11175,-170.42022,-169.6958,-169.00067,-168.30808,-167.61825,-166.86279,-166.17116,-165.48293,-164.70393,-164.01533,-163.33074,-162.53025,-161.84675,-161.16787,-160.34816,-159.67189,-158.83701,-158.16441,-157.31543,-156.64758,-155.78567,-155.12365,-154.25005,-153.59492,-152.71096,-152.06378,-151.17085,-150.26818,-149.6322,-148.7228,-147.80484,-147.18287,-146.26058,-145.33108,-144.39485,-143.45239,-142.85727,-141.91491,-140.96788,-140.01674,-139.0621,-138.10456,-137.14474,-136.18327,-135.22081,-134.25799,-133.29547,-132.84256,-131.87252,-130.90444,-129.93897,-129.4532,-128.48368,-127.51848,-126.55824,-126.04342,-125.08283,-124.55376,-123.59448,-122.64286,-122.09555,-121.14795,-120.58854,-119.64664,-119.07603,-118.14151,-117.56067,-116.63519,-116.04513,-115.44794,-114.53213,-113.92715,-113.02434,-112.41271,-111.79475,-110.90729,-110.28428,-109.65549,-109.02104,-108.15443,-107.51707,-106.87468,-106.03078,-105.38721,-104.73927,-104.08716,-103.43105,-102.62239,-101.96788,-101.31011,-100.64929,-99.98564,-99.31937,-98.6507,-97.97987,-97.30712,-96.57095,-95.90471,-95.23731,-94.569,-93.90002,-93.2306,-92.56098,-91.89142,-91.22214,-90.5534,-89.88544,-89.21849,-88.49752,-87.82372,-87.1517,-86.48171,-85.81398,-85.14873,-84.48619,-83.82658,-83.03702,-82.3749,-81.71646,-81.06191,-80.41144,-79.58386,-78.93369,-78.28831,-77.64789,-76.79298,-76.15512,-75.52286,-74.89633,-74.01958,-73.39779,-72.78228,-71.88944,-71.2803,-70.37394,-69.77232,-69.17784,-68.26105,-67.67556,-66.74919,-66.17373,-65.23943,-64.67501,-63.73448,-63.18202,-62.23694,-61.28384,-60.74936,-59.79446,-58.83318,-58.31915,-57.3588,-56.3938,-55.90234,-54.94094,-53.97659,-53.00995,-52.04171,-51.59183,-50.63175,-49.67174,-48.71244,-47.75451,-46.7986,-45.84534,-44.89536,-43.94928,-43.00768,-42.41851,-41.47634,-40.54022,-39.61069,-38.68826,-38.0709,-37.15242,-36.24246,-35.61038,-34.70684,-33.81303,-33.16907,-32.28402,-31.63169,-30.75682,-30.09719,-29.23387,-28.56804,-27.71759,-27.04667,-26.21027,-25.53538,-24.71414,-24.03636,-23.35373,-22.55169,-21.8677,-21.17949,-20.39902,-19.71096,-19.01933,-18.26256,-17.57256,-16.87966,-16.14841,-15.45855,-14.76646,-14.07232,-13.37635,-12.68521,-11.99451,-11.30261,-10.60975,-9.91611,-9.2219,-8.52732,-7.83258,-7.20985,-6.52355,-5.83767,-5.15241,-4.46797,-3.78453,-3.1023,-2.42145,-1.74218,-1.06466,-0.38908,0.28437,0.95554,1.62426,2.47109,3.14159,3.80906,4.47333,5.13427,5.79173,6.44557,7.32868,7.98131,8.6298,9.27404,9.91392,10.81839,11.45501,12.08681,12.7137,13.63267,14.2547,14.87143,15.80118,16.41191,17.017,17.95504,18.55305,19.49887,20.089,20.673,21.62283,22.19801,23.1526,23.71828,24.67637,25.23194,26.19225,26.73717,27.69856,28.66472,29.19348,30.15882,31.12776,31.63884,32.60508,33.57372,34.54432,35.02988,35.99528,36.96144,37.92789,38.89419,39.85985,40.82442,41.78741,42.74843,43.70707,44.66285,45.61533,46.5641,47.50878,48.44896,49.01996,49.95918,50.89286,51.82066,52.40877,53.33321,54.2508,54.8503,55.76283,56.37018,57.27662,58.17478,58.79055,59.68107,60.30296,61.18488,61.81217,62.68455,63.31651,63.95314,64.81438,65.4547,66.30422,66.94748,67.59476,68.42998,69.07916,69.73199,70.55115,71.20486,71.86179,72.52183,73.32002,73.97961,74.64187,75.30668,76.08108,76.74412,77.40926,78.07636,78.74532,79.41597,80.1541,80.82107,81.48929,82.15862,82.82893,83.50008,84.17193,84.84433,85.51714,86.19022,86.86342,87.53661,88.20963,88.88234,89.55461,90.22628,90.89723,91.56729,92.23635,92.90425,93.57086,94.31304,94.98326,95.65174,96.31834,96.98294,97.64541,98.30561,99.08775,99.74933,100.40822,101.06428,101.86926,102.52538,103.17827,103.8278,104.65275,105.30101,105.94554,106.7858,107.42804,108.06616,108.91995,109.55478,110.41977,111.05059,111.92593,112.55203,113.43683,114.0575,114.95084,115.56538,116.4663,117.07403,117.98153,118.58179,119.49485,120.41501,121.00461,121.92872,122.85903,123.43618,124.36875,125.30653,126.24917,126.80788,127.75041,128.69676,129.64652,130.59924,131.55454,132.51202,133.47124,134.43175,135.39311,136.35487,137.31659,138.27783,138.76016,139.72695,140.69211,141.65518,142.16308,143.12926,144.09221,144.61794,145.58219,146.54204,147.08411,148.04339,148.59633,149.5539,150.11719,151.07188,151.64488,152.59546,153.1775,154.12278,154.71317,155.65196,156.25,156.8538,157.78604,158.39648,159.01238,159.93563,160.55707,161.18364,162.09545,162.7264,163.36207,164.00238,164.89895,165.54211,166.18945,166.84083,167.49616,168.37057,169.0267,169.68627,170.34912,171.01512,171.68411,172.35594,173.03046,173.86286,174.53486,175.20895,175.88498,176.56276,177.24213,177.92291,178.60492,179.28797,179.97187 -0.00038,-0.00157,-0.00264,-0.00352,-0.00419,-0.00462,-0.0048,-0.00474,-0.00447,-0.00098,-0.00052,5e-05,0.00067,0.00133,0.0045,0.00498,0.00544,0.00587,0.0083,0.00859,0.00889,0.01102,0.01134,0.01171,0.0139,0.01431,0.01469,0.01696,0.01717,0.01934,0.01923,0.02113,0.02062,0.02217,0.02129,0.02249,0.02131,0.02219,0.02076,0.02137,0.02187,0.02014,0.02047,0.02077,0.01891,0.01918,0.01946,0.01975,0.02003,0.01844,0.01871,0.01886,0.01885,0.01866,0.01832,0.01788,0.01742,0.01702,0.01677,0.01673,0.01827,0.01854,0.01893,0.01932,0.02092,0.02111,0.02114,0.02108,0.0221,0.02195,0.02272,0.02272,0.02293,0.02364,0.02413,0.02481,0.02552,0.02614,0.02696,0.02738,0.02812,0.0281,0.02767,0.02771,0.02647,0.02577,0.02372,0.0213,0.01983,0.01716,0.01447,0.01189,0.0112,0.00931,0.00773,0.00852,0.00776,0.00728,0.00705,0.00706,0.00984,0.01038,0.01113,0.01208,0.01324,0.01457,0.01606,0.01766,0.01935,0.0239,0.02573,0.02757,0.02943,0.03128,0.03311,0.0349,0.03661,0.03817,0.03954,0.04066,0.04147,0.03976,0.03999,0.03991,0.03957,0.03905,0.03845,0.03787,0.03742,0.03458,0.03451,0.03469,0.03509,0.03568,0.03347,0.03431,0.0352,0.03614,0.03422,0.03538,0.03663,0.03799,0.03684,0.03854,0.04027,0.03955,0.04128,0.04039,0.04185,0.04306,0.04174,0.04279,0.04148,0.04276,0.04186,0.04362,0.04311,0.04524,0.04468,0.04368,0.04556,0.04375,0.04134,0.04226,0.03915,0.03587,0.03613,0.03291,0.02996,0.0273,0.02489,0.02542,0.02327,0.02122,0.01931,0.01767,0.0165,0.01597,0.0162,0.01721,0.01884,0.0179,0.02007,0.02216,0.02392,0.02522,0.02411,0.02479,0.02507,0.02346,0.0234,0.02321,0.02134,0.02112,0.0192,0.01905,0.01713,0.01711,0.01527,0.01541,0.01372,0.01415,0.0127,0.01357,0.01244,0.01135,0.01306,0.0123,0.01158,0.01399,0.01349,0.01298,0.01577,0.01529,0.0147,0.01757,0.0168,0.01581,0.01455,0.01302,0.01537,0.0134,0.01118,0.00877,0.00625,0.00371,0.00124,-0.00107,0.00094,-0.00091,-0.00246,-0.0037,-0.00466,-0.0054,-0.00598,-0.00645,-0.00688,-0.00733,-0.00782,-0.00838,-0.00901,-0.0097,-0.01363,-0.01433,-0.01504,-0.01572,-0.01634,-0.01686,-0.01726,-0.02052,-0.02059,-0.0205,-0.02025,-0.01987,-0.02219,-0.02159,-0.02096,-0.02034,-0.02247,-0.02192,-0.02148,-0.02385,-0.02363,-0.02357,-0.02623,-0.02641,-0.02922,-0.02961,-0.03011,-0.03301,-0.03359,-0.03644,-0.03696,-0.03965,-0.03997,-0.04236,-0.04237,-0.04431,-0.04595,-0.04535,-0.04641,-0.04713,-0.04595,-0.04624,-0.04633,-0.04635,-0.04475,-0.04475,-0.04485,-0.04501,-0.04518,-0.04522,-0.04496,-0.04429,-0.0431,-0.04144,-0.03945,-0.03734,-0.03539,-0.03384,-0.03288,-0.03487,-0.03482,-0.03535,-0.03629,-0.03904,-0.04017,-0.04123,-0.04381,-0.0445,-0.04679,-0.04702,-0.04699,-0.04878,-0.04838,-0.04988,-0.04917,-0.05036,-0.04936,-0.05019,-0.05081,-0.0493,-0.04955,-0.04762,-0.04757,-0.0474,-0.04498,-0.04465,-0.04425,-0.04155,-0.04103,-0.04043,-0.03975,-0.03701,-0.03623,-0.03539,-0.03453,-0.03234,-0.03171,-0.03123,-0.03093,-0.03086,-0.03102,-0.03074,-0.03133,-0.03205,-0.03281,-0.03356,-0.03422,-0.03474,-0.03507,-0.03522,-0.0352,-0.03503,-0.03475,-0.03441,-0.03406,-0.03372,-0.03341,-0.03313,-0.03287,-0.03259,-0.03228,-0.03191,-0.03224,-0.0317,-0.03107,-0.03036,-0.02957,-0.02873,-0.02785,-0.0278,-0.02691,-0.02606,-0.02527,-0.02534,-0.0247,-0.02423,-0.02395,-0.02409,-0.02406,-0.02424,-0.02431,-0.02466,-0.02509,-0.02499,-0.02537,-0.02513,-0.02531,-0.025,-0.02488,-0.02459,-0.02415,-0.02394,-0.02321,-0.02304,-0.02209,-0.02186,-0.02079,-0.02038,-0.0198,-0.01871,-0.01795,-0.01703,-0.01619,-0.01528,-0.01432,-0.01336,-0.01302,-0.01224,-0.0115,-0.01084,-0.01024,-0.0097,-0.00921,-0.00875,-0.0083,-0.00786,-0.00742,-0.00695,-0.00645,-0.00514,-0.0046,-0.00404,-0.00346,-0.00234,-0.00191,-0.00158,-0.00076,-0.00069,-0.00074,-7e-05,-0.00022,0.00055,0.0004,0.00136,0.00124,0.00234,0.00214,0.00325,0.00282,0.00381,0.0031,0.00392,0.00471,0.00369,0.00437,0.00504,0.00382,0.00438,0.00488,0.00332,0.00357,0.00371,0.00373,0.00146,0.00124,0.001,0.00081,0.00072,-0.00175,-0.00158,-0.00122,-0.00065,0.0001,0.00098,0.00193,0.00287,0.00056,0.00118,0.00157,0.00171,0.00156,0.00112,0.00041,-0.00052,-0.00162,-0.00281
146.25 -179.77878,-179.11698,-178.45479,-177.79238,-177.12993,-176.4676,-175.84233,-175.17329,-174.50491,-173.83736,-173.17079,-172.50541,-171.83322,-171.16324,-170.49503,-169.82876,-169.1646,-168.45624,-167.78942,-167.12529,-166.39383,-165.72829,-165.06601,-164.40716,-163.65065,-162.99208,-162.21945,-161.56209,-160.90911,-160.11888,-159.46845,-158.66428,-158.01733,-157.20019,-156.55769,-155.72863,-155.09154,-154.25165,-153.62093,-152.77141,-152.14795,-151.29002,-150.423,-149.80972,-148.93628,-148.0548,-147.45423,-146.56846,-145.67582,-144.77674,-144.19566,-143.29535,-142.38993,-141.47988,-140.56571,-139.64794,-138.7271,-137.80374,-136.87843,-135.95172,-135.02422,-134.09648,-133.16911,-132.24267,-131.79815,-130.86571,-129.9357,-129.00871,-128.53474,-127.6049,-126.6796,-126.18534,-125.25955,-124.33979,-123.82716,-122.90932,-122.38455,-121.47012,-120.93392,-120.02443,-119.47759,-118.57455,-118.01792,-117.12282,-116.5573,-115.67161,-115.09814,-114.51825,-113.64289,-113.05637,-112.19392,-111.60181,-111.00403,-110.15692,-109.55499,-108.94791,-108.33577,-107.50921,-106.89486,-106.27604,-105.65288,-104.85175,-104.22838,-103.6013,-102.97068,-102.33669,-101.69951,-100.93894,-100.30453,-99.66762,-99.02839,-98.38706,-97.74382,-97.09887,-96.45244,-95.80474,-95.15597,-94.50636,-93.85614,-93.20552,-92.55472,-91.90397,-91.25349,-90.60351,-89.95424,-89.30591,-88.65873,-88.01292,-87.3687,-86.72626,-86.08583,-85.4476,-84.81177,-84.06441,-83.4255,-82.78968,-82.15713,-81.52803,-80.90254,-80.11356,-79.48799,-78.86667,-78.24976,-77.43458,-76.81959,-76.2096,-75.37468,-74.76815,-74.16714,-73.31528,-72.71924,-72.1292,-71.26333,-70.67969,-70.10247,-69.22562,-68.65614,-67.76942,-67.20864,-66.3135,-65.76235,-64.86031,-64.31967,-63.41225,-62.88292,-61.97162,-61.05305,-60.54069,-59.62071,-59.12162,-58.20171,-57.27696,-56.34794,-55.87576,-54.95016,-54.02183,-53.09137,-52.64963,-51.72576,-50.80127,-49.87674,-48.95277,-48.02994,-47.10883,-46.19001,-45.27405,-44.3615,-43.45288,-42.54873,-41.97818,-41.074,-40.17566,-39.28364,-38.39836,-37.80248,-36.92119,-36.04787,-35.43867,-34.57151,-33.7134,-33.09344,-32.24354,-31.61589,-30.77546,-30.1411,-29.31136,-28.67128,-27.85336,-27.20854,-26.40355,-25.75494,-24.96388,-24.31243,-23.65646,-22.88293,-22.22549,-21.46818,-20.81022,-20.1487,-19.48379,-18.75153,-18.08781,-17.42133,-16.71236,-16.04834,-15.3821,-14.71385,-14.04374,-13.37115,-12.70552,-12.03863,-11.37065,-10.70174,-10.03209,-9.40701,-8.74405,-8.0809,-7.41777,-6.7548,-6.09218,-5.43008,-4.76868,-4.10816,-3.44868,-2.79042,-2.13354,-1.47821,-0.8246,-0.17287,0.47683,1.12435,1.76954,2.41224,3.05233,3.68966,4.52047,5.15821,5.79269,6.4238,7.05141,7.67541,8.53302,9.15518,9.7733,10.38727,10.997,11.87218,12.47829,13.07977,13.96677,14.56356,15.15539,16.05204,16.63816,17.21904,18.12306,18.69726,19.26596,20.17507,20.73625,21.65067,22.20369,23.12243,23.66665,24.5887,25.12356,26.04778,26.57273,27.49802,28.42782,28.93792,29.86711,30.36606,31.2936,32.22397,33.15673,33.63311,34.56194,35.49209,36.42314,37.35461,37.79963,38.72441,39.64869,40.57209,41.49418,42.41455,43.3328,44.24858,45.1615,46.07122,46.60731,47.51772,48.42395,49.32566,50.22252,50.78002,51.67476,52.56378,53.13284,54.01825,54.8971,55.4762,56.34999,56.93615,57.80394,58.39654,59.25745,60.1101,60.70902,61.55348,62.15719,62.76538,63.60051,64.21259,65.03755,65.6529,66.2722,67.08491,67.70657,68.50733,69.1307,69.7574,70.38735,71.17083,71.8013,72.43464,73.20132,73.83429,74.46973,75.10755,75.74763,76.48876,77.127,77.76711,78.40897,79.05247,79.69748,80.40465,81.04614,81.68874,82.33233,82.97678,83.62198,84.2678,84.91411,85.56078,86.20769,86.85471,87.50171,88.14857,88.79516,89.44135,90.08702,90.73204,91.37629,92.01963,92.66196,93.30314,94.01416,94.6588,95.30189,95.94331,96.58296,97.22072,97.85647,98.60499,99.24221,99.87703,100.50935,101.27947,101.9121,102.54185,103.16861,103.95783,104.58372,105.20627,106.0102,106.63098,107.24807,108.06516,108.67958,109.28998,110.11861,110.72546,111.56378,112.16644,113.01372,113.61156,114.46697,115.05937,115.92204,116.5084,117.37751,117.95722,118.83188,119.71333,120.28366,121.16923,122.06079,122.62015,123.51435,124.4137,124.96056,125.86102,126.76571,127.67431,128.58648,129.50187,130.42011,130.93423,131.84964,132.76692,133.68569,134.60557,135.04092,135.96832,136.89584,137.82311,138.74974,139.67531,140.14897,141.0788,142.00654,142.93181,143.42819,144.3555,145.2793,145.79147,146.71569,147.23831,148.16191,149.08033,149.61649,150.53263,151.07792,151.99076,152.54464,153.4531,154.01495,154.58238,155.48718,156.06177,156.95962,157.5407,158.12693,159.01745,159.60924,160.20586,161.08688,161.68807,162.29379,162.90396,163.77241,164.3858,165.00328,165.62476,166.47694,167.10022,167.72706,168.35734,168.99094,169.62776,170.26766,171.09024,171.7294,172.37117,173.01539,173.66192,174.31062,174.96134,175.61394,176.26825,176.92412,177.58139,178.2399,178.89949,179.55999 -0.01181,-0.01291,-0.01392,-0.01476,-0.01539,-0.01577,-0.01351,-0.01345,-0.01316,-0.01268,-0.01205,-0.01129,-0.008,-0.00712,-0.00622,-0.00533,-0.00446,-0.00132,-0.0006,5e-05,0.00275,0.00324,0.00368,0.00407,0.00636,0.00667,0.00883,0.00904,0.00914,0.01113,0.011,0.01282,0.01239,0.01401,0.0133,0.01469,0.01378,0.01492,0.01385,0.0147,0.01349,0.01404,0.01443,0.013,0.01319,0.01334,0.01187,0.01202,0.01224,0.01256,0.0113,0.01174,0.01221,0.01265,0.01297,0.01311,0.01305,0.01277,0.01233,0.01183,0.01135,0.01098,0.01082,0.01089,0.0125,0.01287,0.01335,0.01385,0.01549,0.01586,0.01617,0.01753,0.01777,0.01809,0.01931,0.01974,0.02091,0.02147,0.02261,0.02332,0.02444,0.02531,0.02639,0.02733,0.02823,0.02896,0.02937,0.02938,0.02912,0.02829,0.02707,0.02547,0.02352,0.02159,0.01951,0.01744,0.0155,0.01467,0.01347,0.01254,0.0119,0.01305,0.01305,0.01323,0.01358,0.01409,0.01478,0.01737,0.01844,0.01971,0.02115,0.02275,0.02448,0.02629,0.02816,0.03004,0.03192,0.03377,0.03558,0.03733,0.039,0.04055,0.04195,0.04314,0.04408,0.04474,0.0451,0.04518,0.04501,0.04466,0.04421,0.04375,0.04337,0.04154,0.04143,0.04154,0.04187,0.04238,0.04301,0.04151,0.04223,0.04294,0.04364,0.04214,0.04292,0.04374,0.04265,0.04376,0.04493,0.04445,0.0458,0.04707,0.0467,0.04775,0.04858,0.04781,0.04845,0.04761,0.04843,0.04797,0.0493,0.0494,0.05121,0.05155,0.05347,0.0534,0.05269,0.05383,0.052,0.05236,0.04948,0.04617,0.04266,0.0423,0.03895,0.03593,0.03328,0.03346,0.03129,0.02931,0.02749,0.02584,0.02446,0.02349,0.02307,0.02328,0.02408,0.02531,0.02677,0.0263,0.02784,0.02911,0.03006,0.03069,0.02995,0.03018,0.03023,0.02906,0.02888,0.0286,0.02717,0.02678,0.02524,0.02478,0.02323,0.02277,0.02132,0.02098,0.01975,0.01977,0.01888,0.01945,0.01894,0.01852,0.01993,0.01979,0.02158,0.02163,0.02168,0.02171,0.02399,0.02412,0.02419,0.02664,0.02666,0.02648,0.02606,0.02534,0.02744,0.02624,0.02467,0.02277,0.02059,0.01821,0.01932,0.01692,0.01461,0.01248,0.0106,0.00899,0.00766,0.00658,0.00569,0.00495,0.00427,0.00361,0.00291,0.00217,0.00136,0.0005,-0.00039,-0.00129,-0.00216,-0.00299,-0.00374,-0.00729,-0.00786,-0.00832,-0.00868,-0.00891,-0.00903,-0.01177,-0.01161,-0.01135,-0.01103,-0.01065,-0.01267,-0.01223,-0.01185,-0.01393,-0.01372,-0.01366,-0.01614,-0.01638,-0.01677,-0.01965,-0.02026,-0.02092,-0.02392,-0.02456,-0.02746,-0.02794,-0.03064,-0.03086,-0.03331,-0.03321,-0.03537,-0.03493,-0.03673,-0.03828,-0.03733,-0.03842,-0.03716,-0.03779,-0.03814,-0.03825,-0.03652,-0.03636,-0.03608,-0.03572,-0.03532,-0.03319,-0.03266,-0.03209,-0.03142,-0.03061,-0.02961,-0.02841,-0.02706,-0.02567,-0.02441,-0.0252,-0.02432,-0.02395,-0.0241,-0.02471,-0.02656,-0.02769,-0.02895,-0.03116,-0.03235,-0.03335,-0.03538,-0.03596,-0.03778,-0.0379,-0.03954,-0.03931,-0.03893,-0.04032,-0.03971,-0.04096,-0.04212,-0.04101,-0.04182,-0.04022,-0.04062,-0.04085,-0.03861,-0.03855,-0.03621,-0.03605,-0.03583,-0.03559,-0.03357,-0.03333,-0.03305,-0.03147,-0.03116,-0.03079,-0.03038,-0.02996,-0.02901,-0.02879,-0.02868,-0.0287,-0.02889,-0.02924,-0.02961,-0.03023,-0.03091,-0.0316,-0.03225,-0.03279,-0.03319,-0.03342,-0.03346,-0.03334,-0.03306,-0.03267,-0.03221,-0.03172,-0.03123,-0.03077,-0.03034,-0.02994,-0.02957,-0.0292,-0.02883,-0.02919,-0.02871,-0.02816,-0.02755,-0.02689,-0.02618,-0.02544,-0.02515,-0.02441,-0.02375,-0.02321,-0.02313,-0.02291,-0.02289,-0.02312,-0.02357,-0.02411,-0.02481,-0.02536,-0.02611,-0.02683,-0.02702,-0.02745,-0.02768,-0.0272,-0.02697,-0.02607,-0.02544,-0.02429,-0.0234,-0.02224,-0.02128,-0.0203,-0.01944,-0.01875,-0.01809,-0.01765,-0.0173,-0.01684,-0.01652,-0.01616,-0.01581,-0.0154,-0.01492,-0.01468,-0.01418,-0.01369,-0.01323,-0.01284,-0.01255,-0.0124,-0.01262,-0.01272,-0.01289,-0.01307,-0.0132,-0.01252,-0.01239,-0.01211,-0.01167,-0.01105,-0.01026,-0.00891,-0.00798,-0.00701,-0.00609,-0.00501,-0.00436,-0.00389,-0.00328,-0.00316,-0.00278,-0.00291,-0.00315,-0.0029,-0.00323,-0.00289,-0.00326,-0.00279,-0.00323,-0.00267,-0.00203,-0.00265,-0.00203,-0.0028,-0.00225,-0.00171,-0.00266,-0.0022,-0.00175,-0.00292,-0.00262,-0.00238,-0.00223,-0.00402,-0.00416,-0.00442,-0.00477,-0.00721,-0.00768,-0.00812,-0.00846,-0.00867,-0.00869,-0.00854,-0.01041,-0.00994,-0.00934,-0.00869,-0.00805,-0.0075,-0.00709,-0.00689,-0.00693,-0.00724,-0.0078,-0.0086,-0.00957,-0.01067
151.875 -179.54319,-178.9027,-178.26188,-177.6209,-176.9799,-176.33906,-175.69853,-175.05847,-174.41903,-173.79435,-173.14965,-172.50607,-171.86376,-171.2229,-170.56242,-169.91793,-169.2754,-168.63498,-167.94689,-167.30426,-166.66426,-166.02704,-165.31395,-164.67601,-164.04135,-163.30925,-162.67504,-162.0446,-161.29521,-160.66636,-159.90339,-159.27699,-158.5012,-157.87813,-157.09038,-156.47149,-155.67271,-155.05888,-154.25007,-153.64215,-152.82436,-152.22321,-151.39753,-150.56338,-149.97155,-149.13128,-148.28347,-147.70321,-146.85117,-145.99261,-145.12792,-144.5653,-143.6991,-142.82792,-141.9522,-141.07239,-140.18894,-139.30233,-138.41304,-137.52158,-136.62845,-135.73416,-134.83924,-133.94421,-133.04959,-132.15592,-131.72683,-130.82761,-129.93067,-129.03654,-128.58005,-127.68321,-126.79055,-126.31511,-125.42185,-124.53412,-124.04143,-123.15526,-122.65117,-121.76792,-120.89231,-120.37406,-119.50352,-118.97574,-118.11162,-117.57509,-117.0322,-116.1742,-115.62361,-114.77525,-114.21781,-113.65458,-112.81698,-112.24812,-111.67383,-110.8497,-110.27106,-109.68744,-108.87937,-108.29274,-107.7016,-106.91208,-106.3193,-105.72252,-105.12189,-104.51753,-103.75632,-103.15253,-102.5456,-101.93568,-101.32293,-100.70752,-99.98635,-99.37418,-98.75996,-98.14387,-97.52609,-96.90681,-96.28622,-95.6645,-95.04185,-94.41846,-93.79452,-93.17024,-92.5458,-91.92141,-91.29727,-90.67357,-90.05051,-89.42827,-88.80707,-88.18708,-87.5685,-86.95151,-86.3363,-85.72304,-85.01453,-84.39778,-83.7836,-83.17217,-82.56365,-81.9582,-81.20878,-80.60249,-79.99986,-79.40102,-78.62544,-78.02758,-77.43407,-76.84501,-76.04746,-75.46117,-74.87984,-74.0657,-73.48848,-72.91667,-72.08852,-71.52214,-70.96154,-70.12207,-69.56813,-68.71863,-68.17223,-67.314,-66.776,-65.91036,-65.38158,-64.5099,-63.9911,-63.11474,-62.60664,-61.72698,-61.23022,-60.34863,-59.46125,-58.98158,-58.09444,-57.20286,-56.74205,-55.85285,-54.96058,-54.06578,-53.16897,-52.74273,-51.85201,-50.96063,-50.06913,-49.17804,-48.28789,-47.39921,-46.5125,-45.62828,-44.74704,-43.86927,-42.99544,-42.126,-41.57333,-40.70428,-39.84085,-38.98345,-38.13246,-37.55691,-36.70988,-35.87033,-35.28267,-34.44901,-33.62378,-33.02629,-32.20876,-31.60422,-30.7955,-30.18477,-29.38595,-28.76986,-27.98199,-27.36143,-26.58544,-25.96129,-25.19808,-24.57121,-23.94003,-23.19289,-22.56022,-21.82789,-21.19459,-20.55785,-19.84456,-19.20838,-18.56928,-17.92743,-17.23923,-16.59946,-15.95749,-15.31346,-14.653,-14.01251,-13.37048,-12.72707,-12.08245,-11.45809,-10.8187,-10.17861,-9.53798,-8.89697,-8.25575,-7.61448,-6.97333,-6.33245,-5.69201,-5.05217,-4.51058,-3.87922,-3.24887,-2.6197,-1.99183,-1.36542,-0.60304,0.02649,0.65407,1.27956,1.90283,2.52375,3.14219,3.75803,4.37115,4.98144,5.58878,6.40131,7.00801,7.61134,8.2112,8.80751,9.63983,10.23384,10.82391,11.40997,12.25624,12.83871,13.41684,13.99058,14.84733,15.41633,15.98062,16.84524,17.40393,18.27584,18.82824,19.37554,20.25205,20.79228,21.67384,22.20643,23.09201,23.61642,24.50503,25.02075,25.91138,26.41795,27.30967,27.80667,28.69855,29.59415,30.07674,30.97098,31.86793,32.33496,33.22906,34.12483,35.02201,35.46692,36.3593,37.25221,38.14522,39.03799,39.93013,40.82126,41.71106,42.59918,43.48526,44.36902,45.25006,46.12807,47.00272,47.52453,48.39918,49.26963,50.13557,50.99674,51.53744,52.39621,53.24943,53.80046,54.64992,55.4931,56.05299,56.89112,57.4573,58.28957,58.86149,59.68712,60.26424,61.08244,61.66419,62.47425,63.06008,63.86128,64.45061,65.24229,65.83453,66.43039,67.21064,67.80861,68.40991,69.17729,69.77988,70.38546,71.13862,71.74467,72.35338,72.96465,73.69945,74.31015,74.92308,75.53812,76.1552,76.8658,77.48101,78.0979,78.71634,79.33624,79.9575,80.57999,81.25413,81.87301,82.49278,83.11331,83.73451,84.35626,84.97845,85.60096,86.22368,86.84651,87.46932,88.092,88.71445,89.33653,89.95816,90.5792,91.19956,91.81911,92.43776,93.05539,93.73778,94.3587,94.97826,95.59633,96.21281,96.8276,97.4406,98.15825,98.7728,99.3852,99.99536,100.60319,101.34412,101.95221,102.55763,103.31395,103.91882,104.5207,105.11949,105.89167,106.48888,107.08269,107.86714,108.45857,109.25314,109.84161,110.42619,111.2306,111.81144,112.62427,113.20081,114.02136,114.59304,115.42059,115.98687,116.82065,117.38099,118.22024,119.06597,119.61803,120.46797,121.32368,121.86604,122.72463,123.58826,124.1195,124.98469,125.85416,126.7276,127.60472,128.11571,128.99195,129.871,130.75255,131.63626,132.52178,133.40878,134.29694,135.18589,136.07529,136.9648,137.40134,138.29649,139.19084,140.08404,140.97573,141.44045,142.3353,143.2277,143.70805,144.6022,145.49299,145.9879,146.87896,147.76575,148.27398,149.15955,149.67671,150.56013,151.08576,151.96609,152.49969,153.37603,153.91709,154.78844,155.33637,155.88932,156.75606,157.31514,157.87904,158.73921,159.3084,159.88218,160.73383,161.312,161.89446,162.73567,163.32161,163.91149,164.50525,165.33279,165.9288,166.52833,167.13126,167.73752,168.347,169.15267,169.7625,170.37513,170.99045,171.60836,172.22872,172.85141,173.47631,174.10329,174.73221,175.36295,176.11753,176.74494,177.37368,178.0036,178.63458,179.17741,179.81679 -0.01778,-0.01881,-0.01974,-0.0205,-0.02107,-0.02142,-0.02156,-0.02149,-0.02125,-0.01909,-0.01852,-0.01786,-0.01713,-0.01637,-0.01334,-0.01251,-0.01172,-0.01098,-0.00776,-0.00711,-0.00655,-0.00607,-0.00309,-0.00276,-0.0025,0.00018,0.00029,0.0003,0.00261,0.0024,0.00441,0.00394,0.00567,0.00496,0.0065,0.00565,0.00709,0.0062,0.00753,0.00663,0.00776,0.0068,0.00762,0.00821,0.00711,0.00746,0.00769,0.00659,0.00678,0.00696,0.00716,0.00626,0.00653,0.00683,0.00714,0.00742,0.00763,0.00771,0.00762,0.00735,0.00692,0.0064,0.00587,0.00543,0.00517,0.00516,0.00666,0.00707,0.00769,0.00845,0.0101,0.0108,0.01144,0.01282,0.01331,0.01376,0.01506,0.01551,0.01686,0.01739,0.01796,0.01943,0.02017,0.0217,0.0226,0.02413,0.02556,0.0264,0.02757,0.02791,0.02851,0.02873,0.02777,0.0272,0.02623,0.02419,0.02277,0.02119,0.0193,0.01799,0.01683,0.01626,0.01576,0.01548,0.0154,0.01548,0.01667,0.01704,0.01751,0.01808,0.01877,0.01962,0.02112,0.0223,0.02368,0.02524,0.02696,0.02878,0.03066,0.03256,0.03445,0.0363,0.03807,0.03975,0.04132,0.04275,0.04401,0.04505,0.04587,0.04644,0.04675,0.04684,0.04674,0.04654,0.04632,0.04615,0.04548,0.04549,0.0457,0.0461,0.04668,0.04737,0.04666,0.04737,0.04804,0.04863,0.04752,0.04801,0.04847,0.04891,0.04796,0.04859,0.04927,0.04886,0.04973,0.05055,0.05043,0.05113,0.05164,0.05129,0.05161,0.05117,0.05157,0.05145,0.05229,0.05277,0.05415,0.05511,0.05675,0.05764,0.05906,0.05922,0.06004,0.05906,0.05728,0.05708,0.05435,0.05119,0.05064,0.04737,0.04422,0.04135,0.0388,0.03906,0.03693,0.035,0.03324,0.03169,0.03043,0.02954,0.02911,0.02914,0.02956,0.03025,0.03106,0.03186,0.03152,0.03231,0.03297,0.03353,0.03402,0.03358,0.03389,0.03412,0.03322,0.03318,0.033,0.03168,0.03126,0.02976,0.02913,0.02755,0.02682,0.02532,0.0247,0.02348,0.02324,0.02251,0.02281,0.02258,0.02253,0.02355,0.02381,0.02502,0.02547,0.02594,0.02734,0.02797,0.02862,0.02927,0.0311,0.03185,0.0325,0.03297,0.03491,0.03503,0.03479,0.03416,0.03311,0.03401,0.03237,0.03044,0.02833,0.02615,0.02401,0.022,0.02018,0.01859,0.01723,0.01609,0.01772,0.0168,0.01593,0.01504,0.01412,0.01313,0.0097,0.00868,0.00765,0.00665,0.00571,0.00486,0.00409,0.00342,0.00284,0.00234,0.00193,-0.00087,-0.00115,-0.00136,-0.00149,-0.00156,-0.0038,-0.00365,-0.00346,-0.00323,-0.00509,-0.00487,-0.00473,-0.00471,-0.0069,-0.00714,-0.00751,-0.01023,-0.01079,-0.01375,-0.01434,-0.01487,-0.01777,-0.01808,-0.02078,-0.02079,-0.02323,-0.02293,-0.02512,-0.02455,-0.02651,-0.02573,-0.02746,-0.0265,-0.02795,-0.02916,-0.0279,-0.02869,-0.02921,-0.02759,-0.02771,-0.02762,-0.02736,-0.02536,-0.02489,-0.02435,-0.02377,-0.02322,-0.02275,-0.02235,-0.02201,-0.02168,-0.02129,-0.02084,-0.02035,-0.01988,-0.01954,-0.01979,-0.01976,-0.02003,-0.02061,-0.02142,-0.0226,-0.02371,-0.02485,-0.02634,-0.02735,-0.02814,-0.02945,-0.02981,-0.03096,-0.0309,-0.03195,-0.03159,-0.03261,-0.03204,-0.03302,-0.03222,-0.03309,-0.03198,-0.03263,-0.03119,-0.03159,-0.03189,-0.03023,-0.0304,-0.03052,-0.02916,-0.02931,-0.02944,-0.02851,-0.02864,-0.02873,-0.02876,-0.02796,-0.02792,-0.02785,-0.02776,-0.02768,-0.02711,-0.0272,-0.02738,-0.02765,-0.02803,-0.02851,-0.02908,-0.02937,-0.03001,-0.03062,-0.03116,-0.03158,-0.03185,-0.03193,-0.03183,-0.03154,-0.03108,-0.03049,-0.02983,-0.02913,-0.02845,-0.02781,-0.02725,-0.02678,-0.0264,-0.0261,-0.02586,-0.02627,-0.02599,-0.02568,-0.02532,-0.0249,-0.02443,-0.02391,-0.02365,-0.02311,-0.02264,-0.0223,-0.02211,-0.02228,-0.02249,-0.02291,-0.02358,-0.02433,-0.02517,-0.02606,-0.02693,-0.02769,-0.02829,-0.02866,-0.02884,-0.02866,-0.02835,-0.02781,-0.02693,-0.02608,-0.02489,-0.02392,-0.02264,-0.02176,-0.02057,-0.01989,-0.01895,-0.01853,-0.01787,-0.01735,-0.01719,-0.01682,-0.0165,-0.01639,-0.01607,-0.01575,-0.01567,-0.01532,-0.01493,-0.01448,-0.01402,-0.01392,-0.0135,-0.01322,-0.01314,-0.0133,-0.01367,-0.01422,-0.01486,-0.01549,-0.01601,-0.01631,-0.01581,-0.01558,-0.01503,-0.01417,-0.01307,-0.01165,-0.01042,-0.00925,-0.00799,-0.00713,-0.00652,-0.00568,-0.00544,-0.00542,-0.00497,-0.00523,-0.00499,-0.00547,-0.00536,-0.00599,-0.0059,-0.00661,-0.00645,-0.00718,-0.00692,-0.00659,-0.00726,-0.00689,-0.00651,-0.00723,-0.00691,-0.00661,-0.00754,-0.00739,-0.00728,-0.00864,-0.00876,-0.00895,-0.00923,-0.0113,-0.01181,-0.01238,-0.01296,-0.01354,-0.01406,-0.01629,-0.01657,-0.01666,-0.01656,-0.01628,-0.01583,-0.01527,-0.01465,-0.01403,-0.0135,-0.01313,-0.01455,-0.0146,-0.01491,-0.01547,-0.01623,-0.01565,-0.0167
157.5 -179.8642,-179.25053,-178.63649,-178.02222,-177.40784,-176.83857,-176.21796,-175.59766,-174.97783,-174.3586,-173.74013,-173.12256,-172.50597,-171.88408,-171.26354,-170.64445,-170.02699,-169.37843,-168.75818,-168.14004,-167.52415,-166.85098,-166.23359,-165.61891,-164.92689,-164.31172,-163.69973,-162.99027,-162.37885,-161.77106,-161.04571,-160.43957,-159.7017,-159.09796,-158.34829,-157.74771,-156.98701,-156.39039,-155.61951,-155.02764,-154.24744,-153.66109,-152.87252,-152.29244,-151.49648,-150.69262,-150.12108,-149.31141,-148.49465,-147.93373,-147.11284,-146.2858,-145.45291,-144.90807,-144.0735,-143.23412,-142.39033,-141.5425,-140.69106,-140.17621,-139.32708,-138.47549,-137.62187,-136.76666,-136.39457,-135.53057,-134.6661,-133.80162,-132.9376,-132.07454,-131.21289,-130.79137,-129.92533,-129.06192,-128.20159,-127.75544,-126.8933,-126.03547,-125.5723,-124.71457,-124.24018,-123.38374,-122.53357,-122.04468,-121.19774,-120.69916,-119.85667,-119.34903,-118.51221,-117.99619,-117.16623,-116.64254,-116.11309,-115.29003,-114.75389,-113.94059,-113.39856,-112.85131,-112.04906,-111.49703,-110.94012,-110.15131,-109.5908,-109.02581,-108.25271,-107.68533,-107.11391,-106.53856,-105.78613,-105.20998,-104.63038,-104.04747,-103.46136,-102.73736,-102.15246,-101.5649,-100.97482,-100.38239,-99.78774,-99.19104,-98.51193,-97.9192,-97.32498,-96.72942,-96.1327,-95.53499,-94.93645,-94.33725,-93.73758,-93.13761,-92.5375,-91.93744,-91.3376,-90.73816,-90.13929,-89.54116,-88.94394,-88.34781,-87.75294,-87.09196,-86.49251,-85.89487,-85.2992,-84.70568,-84.11444,-83.52566,-82.93946,-82.2268,-81.63919,-81.0547,-80.47347,-79.89564,-79.15392,-78.57667,-78.0033,-77.43393,-76.67099,-76.1038,-75.54106,-74.76197,-74.20264,-73.64815,-72.85519,-72.3053,-71.76064,-70.95616,-70.41722,-69.60267,-69.07026,-68.24679,-67.7217,-67.20261,-66.37349,-65.86266,-65.02754,-64.52566,-63.68576,-62.83863,-62.35,-61.50005,-61.02209,-60.17053,-59.31366,-58.85178,-57.99527,-57.13469,-56.69043,-55.83212,-54.97096,-54.10743,-53.68863,-52.82997,-51.97015,-51.10966,-50.24898,-49.38858,-48.52894,-47.67053,-46.81382,-45.95927,-45.10732,-44.25843,-43.41301,-42.57148,-41.73426,-41.19882,-40.36228,-39.53113,-38.70572,-37.88639,-37.3302,-36.51476,-35.70634,-35.1391,-34.33626,-33.76123,-32.96508,-32.17732,-31.59455,-30.81502,-30.22644,-29.45611,-28.86252,-28.1023,-27.5045,-26.75525,-26.15401,-25.41652,-24.81265,-24.20468,-23.48193,-22.87245,-22.16328,-21.55304,-20.9395,-20.24778,-19.63456,-19.01853,-18.39982,-17.731,-17.11401,-16.4948,-15.87351,-15.23011,-14.61186,-13.99201,-13.37072,-12.75477,-12.13774,-11.51974,-10.9009,-10.28138,-9.66133,-9.0409,-8.42024,-7.85853,-7.24441,-6.63048,-6.01688,-5.40375,-4.79124,-4.17947,-3.5686,-2.95875,-2.35006,-1.74265,-1.13667,-0.53223,0.07053,0.6715,1.27054,1.86756,2.46242,3.22549,3.82129,4.41454,5.00512,5.59294,6.1779,6.75991,7.55063,8.13145,8.70896,9.28308,9.85372,10.66102,11.22906,11.79332,12.35372,13.17267,13.72933,14.28186,15.10983,15.65779,16.20138,17.03656,17.57478,18.10843,18.94906,19.47661,20.32276,20.84369,21.69446,22.20826,23.06275,23.56892,24.42622,24.92433,25.78362,26.27325,27.13367,27.61444,28.4751,29.33916,29.8067,30.66963,31.53523,31.98841,32.85156,33.71657,34.58305,35.01575,35.878,36.74087,37.60404,38.46714,39.32989,39.72855,40.58446,41.43927,42.29263,43.14422,43.62694,44.48077,45.33204,46.18044,47.02569,47.86752,48.70567,49.2168,50.054,50.88676,51.71482,52.23943,53.06485,53.8849,54.41869,55.2349,55.77513,56.58674,57.39197,57.93926,58.73879,59.29126,60.0844,60.64155,61.42763,61.98894,62.7673,63.33228,64.10231,64.67044,65.2421,66.00229,66.57636,67.15369,67.90272,68.48174,69.06375,69.80034,70.38331,70.96898,71.69195,72.27785,72.86615,73.45676,74.16219,74.75208,75.34397,75.93777,76.53338,77.21589,77.80963,78.40486,79.0015,79.59945,80.19861,80.79889,81.44712,82.04397,82.6416,83.23993,83.83885,84.43827,85.03808,85.63818,86.23847,86.83885,87.43922,88.03948,88.63952,89.23925,89.83856,90.43735,91.03553,91.63299,92.22963,92.82536,93.48134,94.08023,94.67789,95.27422,95.86912,96.46251,97.05429,97.74349,98.33686,98.9283,99.51773,100.10506,100.81638,101.40415,101.98952,102.5724,103.30059,103.88297,104.46257,105.20389,105.78227,106.35759,107.11082,107.6842,108.25424,109.0181,109.58549,110.35823,110.92245,111.48289,112.26402,112.82061,113.60908,114.16131,114.95648,115.50385,116.30506,117.11284,117.65365,118.46636,119.00105,119.81798,120.64048,121.16651,121.9921,122.82262,123.33873,124.17113,125.00776,125.84836,126.35002,127.19082,128.03484,128.88178,129.7314,130.58339,131.43747,132.29334,133.15068,134.00919,134.86857,135.72849,136.58863,137.44868,138.3083,139.16716,139.6029,140.46578,141.32711,142.18657,142.64232,143.50402,144.363,144.83278,145.69272,146.54912,147.03188,147.8879,148.37931,149.23412,149.73378,150.58655,151.09408,151.94397,152.45894,153.30508,153.82702,154.66858,155.19702,155.73012,156.56752,157.10642,157.93714,158.48129,159.02973,159.85331,160.40622,160.96317,161.77788,162.3385,162.90291,163.47106,164.27425,164.84498,165.41914,165.99665,166.57743,167.36429,167.94625,168.53114,169.11886,169.70931,170.3024,170.89802,171.65787,172.25261,172.84949,173.4484,174.04922,174.65183,175.25612,175.86197,176.46924,177.07783,177.68759,178.29841,178.91014,179.52265 -0.02165,-0.0226,-0.02354,-0.02439,-0.02512,-0.02473,-0.02514,-0.02538,-0.02546,-0.02542,-0.02527,-0.02504,-0.02321,-0.02278,-0.02233,-0.02186,-0.0214,-0.01879,-0.01829,-0.01783,-0.01741,-0.01448,-0.01411,-0.01379,-0.01081,-0.01058,-0.01042,-0.00759,-0.00758,-0.00766,-0.0052,-0.00554,-0.00345,-0.00406,-0.00229,-0.00309,-0.00151,-0.00235,-0.00079,-0.00155,3e-05,-0.00066,0.00081,0.0001,0.00129,0.00225,0.00136,0.00205,0.00263,0.00176,0.00229,0.00275,0.00315,0.0025,0.00282,0.00304,0.00315,0.00319,0.00317,0.00218,0.00202,0.00179,0.0015,0.0011,0.00197,0.00144,0.00087,0.00036,3e-05,-1e-05,0.00032,0.00182,0.00267,0.00376,0.00496,0.0065,0.00747,0.00822,0.00937,0.00975,0.01085,0.01107,0.01123,0.01256,0.01287,0.01444,0.01503,0.01678,0.01761,0.01943,0.02035,0.02206,0.02363,0.02411,0.02526,0.02497,0.02549,0.02569,0.0242,0.02379,0.02311,0.02112,0.02027,0.01938,0.01806,0.01751,0.01709,0.01681,0.01702,0.01714,0.01732,0.01757,0.01784,0.01824,0.01852,0.01887,0.01934,0.01996,0.02078,0.02181,0.02218,0.02358,0.02518,0.02693,0.02878,0.0307,0.03262,0.03452,0.03637,0.03814,0.03979,0.0413,0.04264,0.04376,0.04464,0.04529,0.04571,0.04594,0.04604,0.04641,0.04638,0.04643,0.04663,0.047,0.04756,0.04828,0.04912,0.04939,0.05022,0.05099,0.05165,0.05219,0.05168,0.052,0.05225,0.05245,0.05171,0.05199,0.0523,0.05187,0.05232,0.05274,0.05258,0.05293,0.05314,0.05292,0.05295,0.0527,0.05276,0.05278,0.05316,0.05371,0.05464,0.05566,0.05711,0.05834,0.05983,0.06099,0.06183,0.06216,0.06244,0.06173,0.06031,0.05989,0.05771,0.05511,0.05462,0.05194,0.0493,0.04679,0.04689,0.04471,0.04266,0.04076,0.03901,0.03748,0.03624,0.03532,0.03475,0.03448,0.03442,0.03447,0.03456,0.03463,0.03473,0.03438,0.03473,0.03522,0.03585,0.03662,0.03654,0.03723,0.03782,0.03719,0.03743,0.03637,0.03626,0.03598,0.0344,0.03377,0.03197,0.03109,0.0293,0.02839,0.02686,0.02622,0.02521,0.02501,0.0246,0.02446,0.02491,0.02518,0.02584,0.02636,0.02697,0.02791,0.02872,0.02962,0.03061,0.03213,0.03334,0.03455,0.03571,0.0376,0.03855,0.03922,0.03952,0.04063,0.04019,0.0393,0.03802,0.03641,0.03457,0.03262,0.03067,0.03049,0.02882,0.02735,0.02606,0.02494,0.02395,0.02302,0.0221,0.02116,0.02015,0.01908,0.01795,0.0168,0.01567,0.01459,0.01361,0.01274,0.012,0.00966,0.00913,0.00867,0.00825,0.00789,0.00754,0.00722,0.005,0.00476,0.00457,0.00441,0.0043,0.00252,0.00251,0.00249,0.00239,0.00073,0.00052,0.00019,-0.00177,-0.0023,-0.00291,-0.00518,-0.00581,-0.0064,-0.00868,-0.00907,-0.01127,-0.0114,-0.01345,-0.01332,-0.01518,-0.01482,-0.0165,-0.01598,-0.01755,-0.01694,-0.01843,-0.01776,-0.01909,-0.02026,-0.0193,-0.02005,-0.02052,-0.01905,-0.01903,-0.01882,-0.01846,-0.01644,-0.01596,-0.01551,-0.01515,-0.01495,-0.01498,-0.0137,-0.01435,-0.01526,-0.01633,-0.01739,-0.01818,-0.01879,-0.0192,-0.01942,-0.01952,-0.01957,-0.01965,-0.01955,-0.01984,-0.02031,-0.02093,-0.02153,-0.02239,-0.02325,-0.02411,-0.02481,-0.02562,-0.02593,-0.02597,-0.02649,-0.02614,-0.02658,-0.02595,-0.02639,-0.0256,-0.02608,-0.02521,-0.0257,-0.0248,-0.02525,-0.02569,-0.02479,-0.02518,-0.02555,-0.02489,-0.02526,-0.02562,-0.02518,-0.02548,-0.02573,-0.02512,-0.02521,-0.02527,-0.0253,-0.02426,-0.02428,-0.02434,-0.02446,-0.02465,-0.02397,-0.02436,-0.02481,-0.02532,-0.02586,-0.02644,-0.02703,-0.0268,-0.02735,-0.02786,-0.0283,-0.02864,-0.02886,-0.02893,-0.02883,-0.02857,-0.02815,-0.02761,-0.02698,-0.02633,-0.02569,-0.02512,-0.02464,-0.02429,-0.02406,-0.02395,-0.02393,-0.02428,-0.02425,-0.0242,-0.02407,-0.02386,-0.02354,-0.02314,-0.02279,-0.02231,-0.02186,-0.02149,-0.02125,-0.02147,-0.02162,-0.02195,-0.02243,-0.0235,-0.0242,-0.02489,-0.02606,-0.0266,-0.02694,-0.02772,-0.02764,-0.02731,-0.02744,-0.02671,-0.02644,-0.02545,-0.02439,-0.02385,-0.02284,-0.02223,-0.02137,-0.02076,-0.02005,-0.01946,-0.01884,-0.0183,-0.01779,-0.01727,-0.01689,-0.01658,-0.01615,-0.01599,-0.01589,-0.01567,-0.01571,-0.01571,-0.01561,-0.0156,-0.01531,-0.01484,-0.01425,-0.01364,-0.01316,-0.0129,-0.01294,-0.01332,-0.014,-0.01489,-0.01586,-0.01677,-0.01746,-0.01781,-0.01774,-0.01735,-0.01659,-0.01553,-0.01436,-0.01327,-0.01219,-0.01135,-0.01034,-0.00986,-0.0096,-0.00878,-0.00875,-0.00806,-0.00824,-0.00773,-0.00815,-0.00786,-0.00851,-0.00842,-0.00923,-0.00921,-0.01004,-0.00997,-0.00985,-0.0105,-0.01026,-0.01078,-0.01051,-0.01025,-0.01083,-0.01072,-0.01068,-0.0117,-0.01192,-0.01221,-0.01257,-0.01433,-0.01489,-0.01549,-0.01611,-0.01676,-0.01893,-0.01955,-0.02012,-0.02061,-0.02099,-0.0212,-0.02125,-0.02228,-0.02194,-0.02144,-0.02085,-0.0202,-0.01958,-0.01904,-0.01865,-0.01845,-0.01847,-0.01873,-0.01922,-0.0199,-0.02072
163.125 -179.64266,-179.04741,-178.45186,-177.85613,-177.26035,-176.66466,-176.06917,-175.47402,-174.90285,-174.30265,-173.70318,-173.10457,-172.50695,-171.91046,-171.3023,-170.70231,-170.10386,-169.50708,-168.87443,-168.27529,-167.67824,-167.08342,-166.4282,-165.83218,-165.2388,-164.56629,-163.97264,-163.38206,-162.69353,-162.10364,-161.51722,-160.81409,-160.22932,-159.51467,-158.93222,-158.20669,-157.62728,-157.05233,-156.31592,-155.57078,-154.99962,-154.24583,-153.67984,-152.91824,-152.35813,-151.58961,-150.81373,-150.26152,-149.48012,-148.69209,-148.14964,-147.3576,-146.55974,-146.02887,-145.2286,-144.42338,-143.61355,-142.79944,-141.98142,-141.47629,-140.6594,-139.83958,-139.01723,-138.19273,-137.36648,-136.53889,-135.71035,-134.8813,-134.50505,-133.66913,-132.83374,-131.9993,-131.16626,-130.33503,-129.92095,-129.08632,-128.25459,-127.82337,-126.98989,-126.16042,-125.71326,-124.88377,-124.05936,-123.59765,-122.77498,-122.30361,-121.48375,-121.00323,-120.18731,-119.69817,-118.8873,-118.39016,-117.5854,-117.08088,-116.28332,-115.7721,-114.98276,-114.46554,-113.94332,-113.16296,-112.63568,-112.10369,-111.33449,-110.79847,-110.25805,-109.50217,-108.95879,-108.41138,-107.86004,-107.12158,-106.56868,-106.01226,-105.45242,-104.73488,-104.17494,-103.61203,-103.04628,-102.47781,-101.7885,-101.22173,-100.65272,-100.0816,-99.50852,-98.93361,-98.35703,-97.77891,-97.19941,-96.56546,-95.99083,-95.41532,-94.83908,-94.26226,-93.68502,-93.10751,-92.52989,-91.95232,-91.37495,-90.79793,-90.22143,-89.64559,-89.07057,-88.44821,-87.86815,-87.28941,-86.71214,-86.13648,-85.56259,-84.9906,-84.42067,-83.74659,-83.17441,-82.60477,-82.0378,-81.47363,-80.91238,-80.20513,-79.6438,-79.08584,-78.53138,-77.80278,-77.24969,-76.70051,-76.15532,-75.40884,-74.86645,-74.32842,-73.5683,-73.03414,-72.50469,-71.73302,-71.20847,-70.42678,-69.90787,-69.39421,-68.60464,-68.09757,-67.30052,-66.80072,-65.99726,-65.50538,-64.69662,-64.21326,-63.40029,-62.92603,-62.10996,-61.28793,-60.82721,-60.00387,-59.17562,-58.72999,-57.9022,-57.07062,-56.64147,-55.81208,-54.98001,-54.14571,-53.7403,-52.91051,-52.07959,-51.24797,-50.41609,-49.58437,-48.75325,-47.92316,-47.09453,-46.26775,-45.44326,-44.62143,-43.80268,-42.98737,-42.17588,-41.36855,-40.56573,-40.04339,-39.24211,-38.44627,-37.65618,-37.11859,-36.33227,-35.55252,-35.00476,-34.23034,-33.67529,-32.90716,-32.14682,-31.58461,-30.83195,-30.26431,-29.52018,-28.94783,-28.21305,-27.63671,-26.91206,-26.33245,-25.61862,-25.03642,-24.45031,-23.75004,-23.16238,-22.47459,-21.88608,-21.29441,-20.62258,-20.03104,-19.43676,-18.78222,-18.18901,-17.59346,-16.99571,-16.36382,-15.76836,-15.17113,-14.57226,-13.97189,-13.36955,-12.77288,-12.17515,-11.57647,-10.97699,-10.37686,-9.8125,-9.21765,-8.62256,-8.02734,-7.43211,-6.83701,-6.24216,-5.6477,-5.05376,-4.46046,-3.86794,-3.2763,-2.68569,-2.09622,-1.50799,-0.92114,-0.33578,0.24798,0.83001,1.41023,1.98851,2.56476,3.13887,3.71076,4.28032,5.02811,5.59771,6.16463,6.72879,7.29011,7.84851,8.61714,9.17396,9.72756,10.27786,11.05991,11.60756,12.15164,12.6921,13.4847,14.02151,14.55446,15.35528,15.88384,16.40832,17.21576,17.73515,18.25027,19.06264,19.57202,20.38949,20.89266,21.71442,22.21092,22.70276,23.52558,24.01023,24.83543,25.66517,26.13926,26.97011,27.43599,28.26718,28.72454,29.55531,30.38902,30.83351,31.66563,32.49988,33.33596,33.76209,34.5949,35.42877,36.26337,37.09844,37.49928,38.32914,39.15872,39.98767,40.81578,41.64274,42.46828,43.29212,44.11398,44.93362,45.75077,46.23005,47.04791,47.86255,48.67373,49.48121,49.97825,50.78443,51.58625,52.38351,52.89257,53.68701,54.47629,54.99357,55.77899,56.30212,57.083,57.85783,58.38726,59.15657,59.69071,60.4539,60.99226,61.74872,62.29084,62.83656,63.58539,64.13424,64.87492,65.42643,66.15844,66.71215,67.26891,67.99045,68.54874,69.10981,69.81975,70.3817,70.94616,71.51306,72.20812,72.77505,73.34414,73.91531,74.59364,75.16399,75.73615,76.31004,76.88556,77.54214,78.1158,78.69081,79.26709,79.84456,80.42311,81.00267,81.62696,82.20325,82.78025,83.35789,83.93606,84.51467,85.09364,85.67288,86.25229,86.83178,87.41126,87.99064,88.56983,89.14874,89.72727,90.30533,90.88284,91.45971,92.03584,92.61115,93.24267,93.82101,94.39823,94.97425,95.549,96.12237,96.6943,97.35718,97.93072,98.50252,99.0725,99.64059,100.32452,100.89319,101.45968,102.02392,102.72401,103.28799,103.84945,104.40832,105.12269,105.68045,106.23537,106.96086,107.51402,108.24866,108.7996,109.34727,110.09113,110.63594,111.38765,111.92913,112.68812,113.22583,113.75972,114.52499,115.0545,115.82557,116.60284,117.12652,117.90865,118.42679,119.21313,120.00483,120.51522,121.3101,122.10975,122.61124,123.41302,124.21897,124.71043,125.5174,126.32791,127.1417,127.95853,128.77815,129.2479,130.06614,130.88647,131.70862,132.53233,133.35732,134.1833,135.00998,135.8371,136.66438,137.06857,137.90086,138.73259,139.56348,140.39322,140.82209,141.65491,142.48586,142.9286,143.76148,144.59171,145.04739,145.87838,146.70597,147.1737,148.00085,148.47665,149.30259,149.78614,150.61011,151.10101,151.92225,152.42009,153.23783,153.74219,154.55564,155.06605,155.87446,156.3905,156.91075,157.71426,158.23948,158.76874,159.56576,160.09931,160.63668,161.42561,161.96655,162.51107,163.05913,163.83767,164.38832,164.94223,165.49933,166.26475,166.82341,167.38496,167.94932,168.51642,169.08617,169.83116,170.40092,170.97298,171.54727,172.12367,172.70211,173.28246,173.86464,174.44854,175.03405,175.62105,176.20945,176.79912,177.38996,177.98184,178.57465,179.16825,179.76252 -0.02469,-0.02556,-0.02641,-0.02721,-0.02792,-0.02854,-0.02905,-0.02944,-0.02869,-0.02884,-0.02891,-0.0289,-0.02885,-0.02874,-0.02719,-0.02696,-0.02671,-0.02644,-0.02448,-0.02417,-0.02386,-0.02354,-0.02129,-0.021,-0.02071,-0.01829,-0.01806,-0.01787,-0.01542,-0.01537,-0.01539,-0.01317,-0.01341,-0.01144,-0.01192,-0.01022,-0.01083,-0.01142,-0.00988,-0.0083,-0.0088,-0.00715,-0.00755,-0.00595,-0.0064,-0.00505,-0.0039,-0.00463,-0.00369,-0.00282,-0.00354,-0.00261,-0.00168,-0.00209,-0.00116,-0.00041,0.00011,0.00037,0.00038,-0.00025,-0.00054,-0.00092,-0.00132,-0.00173,-0.00215,-0.00263,-0.00318,-0.00378,-0.00324,-0.0038,-0.00416,-0.00419,-0.00379,-0.00291,-0.00147,-7e-05,0.00145,0.00296,0.00419,0.00503,0.00606,0.00626,0.00609,0.0069,0.00652,0.00755,0.00735,0.00878,0.00899,0.01082,0.01147,0.01353,0.01441,0.01646,0.01722,0.01899,0.01925,0.02053,0.02154,0.02078,0.02122,0.02139,0.01992,0.01974,0.01943,0.01809,0.01781,0.01755,0.01733,0.01699,0.01703,0.01713,0.01726,0.0172,0.01729,0.01735,0.01739,0.01743,0.01654,0.0166,0.01679,0.01715,0.01772,0.01854,0.01961,0.02092,0.02244,0.02258,0.02443,0.02639,0.02842,0.03049,0.03256,0.03458,0.03652,0.03832,0.03992,0.0413,0.04242,0.04328,0.04388,0.04482,0.04503,0.04519,0.04537,0.04566,0.04611,0.04672,0.04751,0.04857,0.04954,0.05052,0.05146,0.05229,0.05298,0.05333,0.05371,0.05397,0.05411,0.05383,0.0539,0.05395,0.05398,0.05372,0.05382,0.05388,0.05374,0.05372,0.05357,0.05339,0.05311,0.05292,0.05263,0.05238,0.05264,0.05275,0.0536,0.05416,0.05559,0.05646,0.05819,0.05906,0.06063,0.06124,0.06227,0.0628,0.06279,0.0625,0.06161,0.06112,0.05962,0.05776,0.05717,0.05517,0.05312,0.0511,0.05085,0.04903,0.04727,0.04562,0.04409,0.04276,0.04166,0.0408,0.04014,0.03958,0.03905,0.03846,0.0378,0.03711,0.03649,0.03608,0.03602,0.03604,0.03664,0.03758,0.03874,0.03912,0.04023,0.04123,0.04101,0.04159,0.04084,0.04096,0.0408,0.03933,0.03862,0.03677,0.03557,0.03355,0.03209,0.03023,0.02889,0.02751,0.02663,0.02589,0.02545,0.02547,0.02555,0.02605,0.02646,0.027,0.028,0.02876,0.02963,0.03106,0.03218,0.03343,0.03478,0.03663,0.03805,0.03942,0.04062,0.04158,0.04269,0.04298,0.04283,0.04223,0.04122,0.03988,0.03906,0.03742,0.03574,0.03411,0.03262,0.03128,0.0301,0.02907,0.02814,0.02726,0.02638,0.02545,0.02444,0.02336,0.02222,0.02106,0.01993,0.01886,0.01789,0.01706,0.01636,0.0158,0.01535,0.01499,0.01466,0.0129,0.01258,0.01225,0.0119,0.01152,0.01112,0.00929,0.00894,0.00859,0.00822,0.00664,0.00627,0.00581,0.00525,0.0037,0.003,0.00219,0.00057,-0.0003,-0.00119,-0.00276,-0.00353,-0.00426,-0.00558,-0.00611,-0.00732,-0.00767,-0.00878,-0.00896,-0.00915,-0.01,-0.01006,-0.01086,-0.01175,-0.01164,-0.01253,-0.01235,-0.01316,-0.01279,-0.01328,-0.01355,-0.01255,-0.01225,-0.01171,-0.01101,-0.00919,-0.00835,-0.00763,-0.00716,-0.00698,-0.00569,-0.00627,-0.00735,-0.00893,-0.01095,-0.01323,-0.01556,-0.01771,-0.01949,-0.02079,-0.02159,-0.02133,-0.02152,-0.02148,-0.02131,-0.02112,-0.0208,-0.02083,-0.02102,-0.02136,-0.02168,-0.02225,-0.0228,-0.02327,-0.02362,-0.02397,-0.02393,-0.02361,-0.02363,-0.02299,-0.02293,-0.02215,-0.02211,-0.02139,-0.02146,-0.02162,-0.02113,-0.02138,-0.0211,-0.02141,-0.02134,-0.02171,-0.02212,-0.02219,-0.02256,-0.02289,-0.02272,-0.02281,-0.02281,-0.02273,-0.02177,-0.02149,-0.02124,-0.02104,-0.01989,-0.01986,-0.01997,-0.02021,-0.02057,-0.02011,-0.02063,-0.02119,-0.02173,-0.02225,-0.02275,-0.02321,-0.02239,-0.02275,-0.02312,-0.0235,-0.02387,-0.02422,-0.02451,-0.0247,-0.02479,-0.02474,-0.02458,-0.02431,-0.02396,-0.02359,-0.02324,-0.02295,-0.02275,-0.02265,-0.02266,-0.02275,-0.02316,-0.02331,-0.02342,-0.02346,-0.0234,-0.02321,-0.0229,-0.02249,-0.02195,-0.02137,-0.02081,-0.02029,-0.02016,-0.01996,-0.0199,-0.01995,-0.02093,-0.02124,-0.02152,-0.02171,-0.02301,-0.02296,-0.02268,-0.02356,-0.02287,-0.02339,-0.02237,-0.02123,-0.02144,-0.02025,-0.02042,-0.01938,-0.01958,-0.01875,-0.01804,-0.01823,-0.01758,-0.01754,-0.01729,-0.01648,-0.01605,-0.01516,-0.01474,-0.01444,-0.01372,-0.01372,-0.01391,-0.01367,-0.0142,-0.0148,-0.01504,-0.01568,-0.01611,-0.01623,-0.01599,-0.01542,-0.01526,-0.01434,-0.01338,-0.01255,-0.012,-0.01183,-0.01206,-0.01265,-0.01348,-0.01441,-0.01539,-0.01615,-0.01661,-0.01669,-0.01644,-0.01643,-0.01573,-0.015,-0.01456,-0.01396,-0.01362,-0.01311,-0.01304,-0.01309,-0.01248,-0.01257,-0.01189,-0.01203,-0.01138,-0.01167,-0.01117,-0.0117,-0.0114,-0.01214,-0.012,-0.01284,-0.01274,-0.0135,-0.01332,-0.01309,-0.01356,-0.01325,-0.01294,-0.01334,-0.01317,-0.0131,-0.01394,-0.0142,-0.01458,-0.01507,-0.01677,-0.0175,-0.01825,-0.019,-0.02106,-0.02177,-0.02243,-0.02302,-0.02352,-0.02394,-0.02523,-0.02532,-0.02527,-0.02509,-0.02477,-0.02433,-0.02381,-0.02324,-0.02268,-0.02218,-0.02179,-0.02155,-0.02148,-0.02161,-0.02193,-0.02243,-0.02308,-0.02385
168.75 -179.94332,-179.37143,-178.79921,-178.22679,-177.7025,-177.12433,-176.54629,-175.96848,-175.39103,-174.81405,-174.23767,-173.662,-173.09062,-172.51096,-171.93237,-171.35498,-170.77891,-170.17917,-169.60032,-169.02318,-168.44785,-167.82615,-167.24908,-166.67421,-166.03559,-165.45978,-164.88657,-164.31607,-163.65876,-163.08844,-162.41919,-161.84966,-161.28349,-160.60079,-160.03629,-159.34298,-158.78078,-158.07742,-157.51816,-156.96318,-156.24978,-155.69865,-154.9769,-154.2474,-153.70087,-152.9641,-152.42308,-151.67983,-150.92974,-150.39605,-149.64075,-149.11423,-148.35459,-147.58922,-146.81837,-146.30443,-145.53115,-144.75317,-143.97079,-143.18431,-142.68991,-141.90362,-141.1141,-140.32167,-139.52668,-138.72948,-137.93043,-137.12991,-136.32825,-135.52585,-134.72306,-133.92029,-133.54758,-132.73907,-131.93153,-131.12533,-130.32087,-129.91925,-129.11163,-128.30673,-127.50497,-127.08257,-126.27978,-125.48112,-125.04434,-124.24618,-123.79993,-123.00323,-122.54789,-121.75366,-120.96572,-120.49892,-119.71503,-119.24049,-118.46163,-117.97989,-117.49307,-116.71868,-116.22538,-115.45844,-114.95928,-114.20075,-113.69638,-113.18749,-112.43818,-111.92496,-111.40749,-110.66938,-110.14851,-109.62369,-108.89867,-108.37142,-107.84057,-107.30618,-106.59812,-106.06258,-105.52389,-104.98214,-104.43744,-103.75264,-103.20841,-102.66162,-102.11241,-101.56089,-100.90393,-100.3545,-99.80319,-99.25013,-98.69545,-98.13927,-97.58173,-97.02296,-96.4631,-95.90228,-95.34065,-94.77835,-94.21551,-93.65229,-93.08882,-92.52526,-91.96173,-91.3984,-90.8354,-90.27287,-89.71097,-89.14982,-88.58958,-88.03037,-87.47235,-86.91564,-86.36038,-85.80669,-85.25472,-84.61229,-84.05774,-83.50535,-82.95523,-82.40749,-81.86227,-81.18725,-80.6414,-80.09847,-79.55858,-79.02182,-78.32312,-77.78735,-77.25509,-76.54062,-76.01036,-75.48398,-74.96154,-74.2321,-73.71292,-73.19799,-72.45705,-71.94632,-71.19548,-70.68961,-70.18846,-69.42942,-68.93401,-68.16734,-67.67829,-66.90493,-66.42286,-65.64381,-65.16928,-64.38551,-63.91907,-63.1316,-62.67376,-61.88356,-61.08788,-60.64286,-59.84606,-59.41088,-58.61394,-57.81311,-57.3928,-56.59341,-55.79113,-54.98634,-54.58739,-53.78615,-52.98341,-52.17955,-51.37496,-50.57005,-49.7652,-49.40897,-48.61134,-47.81469,-47.01939,-46.22583,-45.43434,-44.95902,-44.16529,-43.37461,-42.58731,-41.80371,-41.02412,-40.24886,-39.74313,-38.96953,-38.20107,-37.68354,-36.91821,-36.1588,-35.40553,-34.87633,-34.12811,-33.59211,-32.84979,-32.11468,-31.57205,-30.84408,-30.29634,-29.57629,-29.0241,-28.3127,-27.75671,-27.05466,-26.49553,-25.80347,-25.24182,-24.67642,-23.99678,-23.42983,-22.76163,-22.19375,-21.62278,-20.96927,-20.39825,-19.82451,-19.1869,-18.61398,-18.03874,-17.46132,-16.84449,-16.26899,-15.69169,-15.11273,-14.51851,-13.94252,-13.36523,-12.78676,-12.20729,-11.62691,-11.06682,-10.4909,-9.91444,-9.33756,-8.76038,-8.18303,-7.60564,-7.02834,-6.45122,-5.94608,-5.37533,-4.80508,-4.23547,-3.66659,-3.09855,-2.53148,-1.96544,-1.40057,-0.83697,-0.27476,0.28598,0.98159,1.54415,2.10489,2.6637,3.22051,3.77522,4.32774,4.878,5.42591,6.15479,6.70225,7.24706,7.78915,8.32844,8.86488,9.6117,10.14626,10.6777,11.20596,11.96432,12.48975,13.01177,13.77921,14.2977,14.81258,15.32379,16.09823,16.6051,17.38609,17.88813,18.3862,19.1717,19.66437,20.45457,20.94146,21.42413,22.21634,22.69268,23.4879,23.95754,24.75505,25.21765,26.01673,26.81982,27.27192,28.0755,28.51968,29.32302,30.12921,30.56146,31.36627,32.17322,32.59273,33.39724,34.20316,35.01025,35.81819,36.21495,37.01861,37.82247,38.62626,39.42971,40.23257,41.03457,41.8355,42.63504,43.43294,44.22895,45.02283,45.81433,46.60323,47.38929,47.85965,48.64559,49.42805,50.20684,50.69011,51.46734,52.24034,53.0089,53.50297,54.26863,54.76868,55.53084,56.28772,56.79456,57.54698,58.05874,58.80612,59.32238,60.06417,60.58455,61.32019,61.84426,62.57322,63.1006,63.82237,64.35259,65.06668,65.59932,66.13495,66.8399,67.37736,67.91759,68.61233,69.1538,69.69779,70.38134,70.92598,71.47291,72.14431,72.69128,73.24029,73.79127,74.34415,74.99737,75.54934,76.10295,76.65813,77.21479,77.84735,78.40217,78.95822,79.51542,80.0737,80.63297,81.19315,81.79522,82.35228,82.91,83.46828,84.02706,84.58623,85.14573,85.70548,86.26537,86.82535,87.38532,87.9452,88.5049,89.06435,89.62346,90.18215,90.74035,91.29795,91.8549,92.4111,93.01989,93.57898,94.13707,94.69408,95.24993,95.80453,96.35782,96.99629,97.5512,98.10454,98.65623,99.2062,99.86472,100.41538,100.96406,101.51069,102.18468,102.73124,103.27551,103.81742,104.50522,105.04628,105.58476,106.28336,106.8204,107.35462,108.06302,108.59521,109.12438,109.8415,110.36806,111.0926,111.61614,112.34757,112.86768,113.6055,114.12176,114.86545,115.37746,116.12647,116.63383,117.38759,117.8899,118.64785,119.41092,119.90626,120.67259,121.44349,121.93082,122.70402,123.4813,123.95957,124.73816,125.52026,126.30565,126.77088,127.5562,128.34421,129.13471,129.92744,130.72212,131.51855,132.31649,133.1157,133.91592,134.71688,135.51834,136.32003,137.12169,137.92307,138.32283,139.12828,139.93274,140.73599,141.53776,141.95976,142.76381,143.56569,144.0002,144.80334,145.60362,146.04982,146.85025,147.30423,148.10415,148.90009,149.36432,150.15862,150.62972,151.4217,151.89939,152.68835,153.17225,153.66031,154.44721,154.94099,155.72316,156.22225,156.999,157.50297,158.01073,158.78197,159.294,159.80963,160.57392,161.09317,161.61583,162.14188,162.89735,163.42618,163.95816,164.49323,165.23739,165.77433,166.31411,166.85666,167.40191,168.1305,168.67644,169.2248,169.77549,170.32843,170.88355,171.44077,171.99998,172.70062,173.25859,173.81824,174.37946,174.94216,175.50626,176.07164,176.63821,177.20587,177.7745,178.34401,178.91429,179.48523 -0.0277,-0.02851,-0.02931,-0.03009,-0.03002,-0.03073,-0.03137,-0.03192,-0.0324,-0.03279,-0.03309,-0.03329,-0.03237,-0.03239,-0.03232,-0.03217,-0.03195,-0.03063,-0.03034,-0.03,-0.02964,-0.02822,-0.02785,-0.02747,-0.02596,-0.02561,-0.02526,-0.0249,-0.02334,-0.02305,-0.02137,-0.02119,-0.02105,-0.01945,-0.01946,-0.01794,-0.01811,-0.01672,-0.01699,-0.01722,-0.01591,-0.0161,-0.01467,-0.01316,-0.01329,-0.0118,-0.01202,-0.01075,-0.00964,-0.01019,-0.00927,-0.00985,-0.00884,-0.00768,-0.00637,-0.00638,-0.00489,-0.00353,-0.00242,-0.00168,-0.00166,-0.00148,-0.00165,-0.00207,-0.0026,-0.00317,-0.00373,-0.00428,-0.00484,-0.00543,-0.00604,-0.00659,-0.00645,-0.00676,-0.00671,-0.00621,-0.00523,-0.0042,-0.0027,-0.00113,0.00026,0.00141,0.00217,0.00233,0.003,0.0024,0.00292,0.00192,0.00259,0.00168,0.00095,0.00237,0.00229,0.00427,0.0048,0.00712,0.00946,0.01027,0.01248,0.013,0.0148,0.01479,0.01604,0.01702,0.01621,0.01673,0.01707,0.016,0.01619,0.01631,0.01559,0.01577,0.01596,0.01614,0.0157,0.01585,0.01594,0.01597,0.01594,0.01473,0.01453,0.01431,0.01413,0.01399,0.01256,0.01267,0.01297,0.01349,0.01424,0.01523,0.01647,0.01795,0.01963,0.02149,0.02349,0.02561,0.02781,0.03004,0.03227,0.03444,0.03647,0.03831,0.0399,0.04122,0.04223,0.04297,0.04346,0.04378,0.04402,0.04425,0.04456,0.04499,0.04557,0.04678,0.04769,0.04867,0.04967,0.05061,0.05145,0.05265,0.05318,0.05355,0.05376,0.05384,0.05417,0.05409,0.05394,0.05406,0.0539,0.05367,0.05337,0.05349,0.0531,0.05258,0.05259,0.05194,0.05191,0.05127,0.05064,0.05097,0.05067,0.0515,0.05164,0.05303,0.05355,0.05531,0.056,0.05781,0.05841,0.05996,0.06034,0.06141,0.06207,0.06193,0.06191,0.06142,0.06073,0.05965,0.05867,0.05723,0.05568,0.0541,0.05306,0.05168,0.0504,0.04922,0.04818,0.04727,0.04652,0.04685,0.04643,0.04599,0.04542,0.0446,0.04346,0.04205,0.04067,0.03922,0.03786,0.03679,0.03619,0.03617,0.03653,0.03739,0.03867,0.03951,0.04098,0.04239,0.04362,0.0439,0.04466,0.0444,0.04455,0.04424,0.04311,0.04199,0.04032,0.03845,0.03648,0.03426,0.03236,0.03033,0.02889,0.02759,0.02681,0.02629,0.02634,0.02637,0.02718,0.02755,0.028,0.02935,0.02992,0.03057,0.03205,0.03284,0.03376,0.03482,0.03631,0.03751,0.03878,0.04006,0.04119,0.04222,0.04301,0.04348,0.04356,0.04325,0.04272,0.0418,0.04064,0.03932,0.03794,0.03658,0.03531,0.03416,0.03314,0.03325,0.03244,0.03165,0.03084,0.02998,0.02905,0.02808,0.02706,0.02602,0.02503,0.02411,0.02327,0.02111,0.02049,0.01999,0.0196,0.01927,0.01897,0.01869,0.01837,0.01801,0.01617,0.01572,0.01521,0.01467,0.01409,0.01348,0.01169,0.01104,0.01032,0.00951,0.00776,0.0068,0.00573,0.00401,0.00284,0.00163,0.0004,-0.00104,-0.00214,-0.0033,-0.00422,-0.00509,-0.00591,-0.00665,-0.0073,-0.00794,-0.00856,-0.00895,-0.00944,-0.00967,-0.00999,-0.01011,-0.01028,-0.0104,-0.01059,-0.01056,-0.01069,-0.01043,-0.01027,-0.00988,-0.00902,-0.00812,-0.00699,-0.00562,-0.00427,-0.00303,-0.00202,-0.00141,-0.00056,-0.00083,-0.00178,-0.00343,-0.00576,-0.00864,-0.01186,-0.01515,-0.0182,-0.02076,-0.02264,-0.0238,-0.0243,-0.02427,-0.02389,-0.02332,-0.02279,-0.02225,-0.02181,-0.02153,-0.02139,-0.02141,-0.02159,-0.02182,-0.02211,-0.02243,-0.02259,-0.02254,-0.02267,-0.0223,-0.02226,-0.02172,-0.02157,-0.02108,-0.02091,-0.02067,-0.02054,-0.02058,-0.02047,-0.0207,-0.02061,-0.02092,-0.0209,-0.02097,-0.02133,-0.02147,-0.02166,-0.02187,-0.02192,-0.02189,-0.02152,-0.02117,-0.02073,-0.01977,-0.01919,-0.01865,-0.01818,-0.01784,-0.01717,-0.0171,-0.01716,-0.01734,-0.0176,-0.01735,-0.01757,-0.01777,-0.01792,-0.01802,-0.0181,-0.01817,-0.01691,-0.01705,-0.01734,-0.01778,-0.01837,-0.01908,-0.01984,-0.02059,-0.02128,-0.02183,-0.02223,-0.02245,-0.02251,-0.02243,-0.02227,-0.02207,-0.02187,-0.02171,-0.02162,-0.02162,-0.022,-0.02216,-0.02236,-0.02253,-0.02267,-0.02271,-0.02263,-0.02243,-0.02199,-0.02143,-0.02075,-0.01999,-0.01924,-0.01853,-0.01785,-0.01721,-0.01743,-0.01707,-0.01671,-0.01632,-0.01739,-0.01695,-0.01638,-0.01737,-0.01657,-0.01567,-0.01625,-0.01522,-0.01425,-0.01462,-0.01379,-0.01425,-0.01368,-0.01431,-0.01401,-0.01469,-0.01451,-0.01497,-0.01467,-0.0147,-0.01415,-0.01375,-0.01302,-0.01242,-0.01192,-0.01132,-0.01117,-0.01134,-0.01134,-0.01205,-0.013,-0.01359,-0.01478,-0.01591,-0.01682,-0.01744,-0.01783,-0.01774,-0.01717,-0.0162,-0.01497,-0.01366,-0.01245,-0.01151,-0.01095,-0.01081,-0.01104,-0.01154,-0.01219,-0.01285,-0.01365,-0.0141,-0.01434,-0.01439,-0.01434,-0.01456,-0.01444,-0.01447,-0.01456,-0.01479,-0.01513,-0.01514,-0.01547,-0.01529,-0.01552,-0.0157,-0.01535,-0.01555,-0.01515,-0.01551,-0.01517,-0.01573,-0.01548,-0.01526,-0.01601,-0.01582,-0.01648,-0.01623,-0.01665,-0.01629,-0.0159,-0.01604,-0.01567,-0.01538,-0.01567,-0.01566,-0.01581,-0.01615,-0.01732,-0.01804,-0.01889,-0.01982,-0.02167,-0.0227,-0.02366,-0.02453,-0.02528,-0.02684,-0.02729,-0.02756,-0.02766,-0.02759,-0.02737,-0.02701,-0.02654,-0.02619,-0.02555,-0.02496,-0.02447,-0.02412,-0.02392,-0.02391,-0.02408,-0.02441,-0.02488,-0.02548,-0.02616,-0.02691
174.375 -179.74307,-179.18734,-178.63133,-178.07519,-177.519,-176.96288,-176.40693,-175.85126,-175.31792,-174.75771,-174.1981,-173.6392,-173.08112,-172.52397,-171.95806,-171.39761,-170.83843,-170.28063,-169.72431,-169.13285,-168.57443,-168.01785,-167.41007,-166.85204,-166.29621,-165.74268,-165.11634,-164.56236,-164.01103,-163.37049,-162.8195,-162.2715,-161.61786,-161.07099,-160.40709,-159.86191,-159.18822,-158.64531,-158.10622,-157.42233,-156.88639,-156.19417,-155.66191,-154.96194,-154.25478,-153.7269,-153.01298,-152.49031,-151.77034,-151.25345,-150.52819,-149.79696,-149.28786,-148.5525,-147.81179,-147.06593,-146.56842,-145.82016,-145.06745,-144.31059,-143.82772,-143.07032,-142.30949,-141.54552,-140.7787,-140.00934,-139.23774,-138.46423,-137.68912,-136.91273,-136.13542,-135.35752,-134.57938,-133.80134,-133.02375,-132.65465,-131.87233,-131.0914,-130.31215,-129.53496,-129.1396,-128.36003,-127.58339,-127.17355,-126.3959,-125.62209,-125.19878,-124.42536,-123.65667,-123.22103,-122.45417,-122.01035,-121.24626,-120.79462,-120.0342,-119.57522,-118.81931,-118.35347,-117.60296,-117.13076,-116.38654,-115.90852,-115.42604,-114.68816,-114.20058,-113.47107,-112.97899,-112.48283,-111.7627,-111.26283,-110.75913,-110.05023,-109.54368,-109.03359,-108.52,-107.82543,-107.31014,-106.79167,-106.27011,-105.59281,-105.07071,-104.54587,-104.01838,-103.36109,-102.83425,-102.30514,-101.77387,-101.24052,-100.70521,-100.16806,-99.54551,-99.01104,-98.47513,-97.93788,-97.39942,-96.85987,-96.31935,-95.77798,-95.23589,-94.6932,-94.15004,-93.60654,-93.06283,-92.51903,-91.97528,-91.4317,-90.88842,-90.34557,-89.80327,-89.26166,-88.72086,-88.18099,-87.64217,-87.10453,-86.56819,-85.95959,-85.42015,-84.88241,-84.34649,-83.8125,-83.28055,-82.75074,-82.10581,-81.57494,-81.04659,-80.52088,-79.99789,-79.32941,-78.80682,-78.28729,-77.77093,-77.08491,-76.57012,-76.05883,-75.3592,-74.85039,-74.34536,-73.63378,-73.13212,-72.63451,-71.91271,-71.41931,-70.9302,-70.19996,-69.71586,-68.97789,-68.49937,-67.75454,-67.28216,-66.81449,-66.06559,-65.60471,-64.8511,-64.09102,-63.64007,-62.8767,-62.43386,-61.66811,-61.23376,-60.46653,-59.69477,-59.2732,-58.5014,-57.72596,-57.31831,-56.54425,-55.76748,-54.98832,-54.60068,-53.82483,-53.04752,-52.26908,-51.48988,-51.12978,-50.35616,-49.58266,-48.80962,-48.03738,-47.26627,-46.49663,-45.72878,-44.96306,-44.19978,-43.73379,-42.96924,-42.20798,-41.45029,-40.69645,-39.94672,-39.4571,-38.70908,-37.96593,-37.46539,-36.72524,-35.99063,-35.26177,-34.75044,-34.02632,-33.50861,-32.79002,-32.07812,-31.55421,-30.84895,-30.32022,-29.62229,-29.08932,-28.39939,-27.86279,-27.18147,-26.64187,-25.96972,-25.42771,-24.88208,-24.22133,-23.67407,-23.02385,-22.47556,-21.92425,-21.28753,-20.73601,-20.18183,-19.55969,-19.0061,-18.45021,-17.89215,-17.28908,-16.73261,-16.17433,-15.61434,-15.03203,-14.47461,-13.91588,-13.35589,-12.79475,-12.23909,-11.68165,-11.12344,-10.56457,-10.00515,-9.44529,-8.88512,-8.36854,-7.8135,-7.25845,-6.70351,-6.14877,-5.59435,-5.04035,-4.48688,-3.93403,-3.38192,-2.83063,-2.28024,-1.73086,-1.18261,-0.63558,-0.08985,0.45447,0.9973,1.53855,2.07814,2.61599,3.30245,3.84105,4.37761,4.91205,5.44429,5.97427,6.50191,7.21158,7.73839,8.2626,8.78417,9.30303,10.02723,10.54416,11.05814,11.56913,12.30396,12.81218,13.31718,13.81895,14.56195,15.06017,15.55496,16.30438,16.79508,17.28219,18.03673,18.51916,19.27896,19.75631,20.22985,20.99251,21.46048,22.2267,22.68874,23.45785,23.91364,24.68498,25.1342,25.90721,26.68408,27.12351,27.9009,28.33298,29.11026,29.89033,30.31132,31.09024,31.87131,32.28051,33.05948,33.83994,34.62164,35.0141,35.79238,36.57127,37.35053,38.12994,38.90926,39.27415,40.04812,40.82137,41.59367,42.36479,43.13449,43.90255,44.34037,45.11005,45.87748,46.64246,47.40476,48.1642,48.92057,49.38131,50.13686,50.88881,51.35864,52.10888,52.85501,53.59686,54.07645,54.81533,55.30037,56.03572,56.76604,57.25719,57.98316,58.47885,59.19996,59.69981,60.41555,60.91915,61.62901,62.136,62.8395,63.34948,64.04618,64.55876,65.0743,65.76302,66.28065,66.96147,67.48078,68.00268,68.67391,69.19695,69.72238,70.25013,70.90914,71.43732,71.9676,72.61495,73.14513,73.67718,74.21103,74.84351,75.37656,75.91118,76.4473,76.98486,77.52377,78.13404,78.67113,79.20935,79.74861,80.28886,80.83,81.37198,81.91472,82.49241,83.03202,83.57215,84.11272,84.65366,85.1949,85.73636,86.27797,86.81965,87.36132,87.90292,88.44435,88.98556,89.52646,90.06698,90.60704,91.14657,91.6855,92.26947,92.81135,93.35238,93.8925,94.43163,94.9697,95.50665,96.0424,96.65814,97.19551,97.73145,98.26588,98.79873,99.43361,99.96724,100.49907,101.02903,101.55706,102.20878,102.73672,103.26251,103.92556,104.45072,104.97351,105.49387,106.16866,106.6877,107.37078,107.88812,108.40266,109.09433,109.60664,110.11597,110.81525,111.32182,112.02768,112.53111,113.24308,113.74299,114.46059,114.95662,115.67935,116.17112,116.89849,117.38564,118.1171,118.85344,119.33431,120.07393,120.818,121.29159,122.03808,122.78857,123.25391,124.00592,124.76141,125.52017,125.97369,126.73272,127.49444,128.25869,129.02527,129.79396,130.22708,130.99403,131.76254,132.53235,133.30324,134.07498,134.84734,135.2154,135.99287,136.77039,137.54772,138.32462,139.10083,139.49588,140.27536,141.05355,141.83021,142.24171,143.02033,143.79679,144.21995,144.99739,145.77206,146.20606,146.98075,147.752,148.19608,148.96635,149.41718,150.18583,150.64313,151.40952,151.87298,152.63648,153.10575,153.86571,154.34046,154.81894,155.57604,156.05952,156.8115,157.29959,157.79124,158.53812,159.03384,159.53295,160.27339,160.776,161.28182,162.01449,162.52321,163.03494,163.54965,164.27252,164.78931,165.30886,165.83109,166.35595,167.06533,167.59124,168.11954,168.65016,169.18303,169.71808,170.40816,170.94295,171.47963,172.01814,172.55841,173.10034,173.64385,174.18886,174.73529,175.28304,175.83203,176.38215,176.93333,177.48546,178.03845,178.59219,179.14659,179.70156 -0.02932,-0.0301,-0.03085,-0.03157,-0.03228,-0.03297,-0.03362,-0.03423,-0.03449,-0.03495,-0.0353,-0.03555,-0.03568,-0.03569,-0.03499,-0.03478,-0.03447,-0.03408,-0.03362,-0.0325,-0.03199,-0.03145,-0.03032,-0.0298,-0.02926,-0.02871,-0.02769,-0.02717,-0.02663,-0.0257,-0.02521,-0.02469,-0.02387,-0.02343,-0.02261,-0.02229,-0.0215,-0.02131,-0.02113,-0.02047,-0.02039,-0.01963,-0.01957,-0.01864,-0.01751,-0.01748,-0.0163,-0.01637,-0.01532,-0.01558,-0.01472,-0.0139,-0.01422,-0.01322,-0.01198,-0.01045,-0.00994,-0.008,-0.00605,-0.0043,-0.00345,-0.00226,-0.00158,-0.0014,-0.00165,-0.00219,-0.00286,-0.00357,-0.00424,-0.00486,-0.00544,-0.00599,-0.00648,-0.00684,-0.007,-0.00722,-0.00698,-0.00634,-0.00533,-0.00408,-0.00356,-0.00224,-0.0012,-0.00058,-0.00017,-0.0004,-9e-05,-0.00111,-0.00259,-0.00247,-0.00416,-0.00376,-0.00512,-0.00417,-0.0048,-0.00318,-0.00297,-0.0008,-0.0,0.00241,0.00341,0.00573,0.00792,0.0085,0.01024,0.01038,0.0116,0.01258,0.01209,0.01273,0.01325,0.0126,0.01304,0.01344,0.01382,0.01318,0.01348,0.01371,0.01386,0.01264,0.01255,0.0124,0.01219,0.01047,0.01026,0.0101,0.00999,0.00999,0.0101,0.01035,0.01011,0.01077,0.01161,0.01264,0.01387,0.0153,0.01694,0.01876,0.02076,0.02292,0.02521,0.02759,0.03002,0.03242,0.03471,0.03681,0.03865,0.04018,0.04137,0.04223,0.04281,0.04316,0.04335,0.04348,0.04362,0.04421,0.04464,0.0452,0.04587,0.04663,0.04743,0.04821,0.04991,0.05054,0.05104,0.05138,0.05154,0.05251,0.0524,0.05215,0.0518,0.05236,0.0519,0.05135,0.05183,0.05119,0.05043,0.0508,0.04991,0.04892,0.04919,0.04819,0.0472,0.04774,0.04704,0.04801,0.04776,0.04927,0.04947,0.0498,0.05191,0.05245,0.05457,0.05652,0.05702,0.05862,0.05892,0.05999,0.05996,0.06035,0.06027,0.05944,0.05862,0.05745,0.05587,0.05437,0.05287,0.0515,0.04974,0.04876,0.04807,0.04766,0.04749,0.0469,0.04723,0.04761,0.0479,0.04795,0.04759,0.04672,0.04533,0.04348,0.04136,0.04029,0.03834,0.03674,0.03573,0.0354,0.03577,0.03648,0.03769,0.03921,0.04032,0.04191,0.04336,0.04457,0.04521,0.04584,0.04597,0.04579,0.04497,0.04413,0.04229,0.04088,0.03827,0.03657,0.03381,0.03223,0.03004,0.02895,0.02789,0.02748,0.02727,0.02782,0.0281,0.02941,0.0299,0.03038,0.0319,0.03231,0.03269,0.03393,0.03427,0.03469,0.03522,0.03614,0.03684,0.03768,0.03865,0.03949,0.04051,0.04149,0.04235,0.04298,0.04324,0.04337,0.04318,0.04269,0.04196,0.04107,0.04007,0.03992,0.03901,0.03813,0.03731,0.03653,0.03578,0.03503,0.03427,0.03347,0.03264,0.03176,0.03088,0.03001,0.02918,0.02842,0.02775,0.02718,0.0267,0.02631,0.02598,0.02569,0.02376,0.02344,0.02308,0.02266,0.02216,0.02158,0.02094,0.01877,0.01805,0.01729,0.01648,0.0156,0.01349,0.01248,0.01135,0.0101,0.00789,0.00648,0.00501,0.00352,0.00154,0.00018,-0.00108,-0.00258,-0.00359,-0.00449,-0.00563,-0.00639,-0.00738,-0.00808,-0.00873,-0.00948,-0.01,-0.01043,-0.0107,-0.01079,-0.0108,-0.01066,-0.01049,-0.01031,-0.01016,-0.0099,-0.00971,-0.00933,-0.0089,-0.00824,-0.00751,-0.00641,-0.00508,-0.0041,-0.00262,-0.00121,-5e-05,0.00052,0.00101,0.00083,-0.00011,-0.00189,-0.00445,-0.0061,-0.00962,-0.01342,-0.01715,-0.02046,-0.02308,-0.02485,-0.02526,-0.02582,-0.02571,-0.02515,-0.02435,-0.02349,-0.02267,-0.02237,-0.02178,-0.02133,-0.02127,-0.02107,-0.02095,-0.02086,-0.02109,-0.02096,-0.0212,-0.02094,-0.02062,-0.02079,-0.02056,-0.02074,-0.02084,-0.02107,-0.02162,-0.02182,-0.02268,-0.0227,-0.02352,-0.02328,-0.02379,-0.02335,-0.02291,-0.02309,-0.02273,-0.02282,-0.02259,-0.02243,-0.02241,-0.02218,-0.02188,-0.02147,-0.02081,-0.02018,-0.0195,-0.01858,-0.01794,-0.01739,-0.01695,-0.01646,-0.01626,-0.01616,-0.01611,-0.01608,-0.01603,-0.01555,-0.01531,-0.01499,-0.01463,-0.01425,-0.0139,-0.01364,-0.01353,-0.01287,-0.01324,-0.01385,-0.01473,-0.0158,-0.01699,-0.01821,-0.01936,-0.02036,-0.02114,-0.02169,-0.022,-0.0221,-0.02202,-0.02182,-0.02155,-0.02127,-0.02101,-0.02098,-0.02092,-0.02096,-0.0211,-0.02132,-0.02158,-0.02184,-0.02204,-0.02226,-0.02212,-0.02177,-0.02121,-0.02043,-0.01935,-0.01825,-0.01705,-0.01579,-0.01451,-0.01373,-0.01266,-0.01164,-0.01177,-0.011,-0.0103,-0.00969,-0.01044,-0.00998,-0.01074,-0.01038,-0.01018,-0.01071,-0.01065,-0.01078,-0.01116,-0.01145,-0.01186,-0.01226,-0.01271,-0.01308,-0.01341,-0.01357,-0.01358,-0.01342,-0.01303,-0.01264,-0.012,-0.01136,-0.011,-0.0106,-0.01048,-0.01064,-0.01107,-0.01185,-0.01256,-0.01374,-0.01506,-0.0164,-0.01724,-0.01833,-0.01909,-0.01939,-0.01917,-0.01845,-0.01822,-0.01691,-0.01538,-0.01383,-0.01245,-0.01138,-0.01071,-0.01043,-0.01039,-0.01063,-0.01103,-0.01146,-0.01184,-0.01226,-0.01253,-0.01272,-0.01289,-0.01327,-0.01349,-0.01379,-0.01423,-0.01462,-0.01499,-0.0154,-0.01569,-0.0159,-0.01621,-0.0164,-0.01662,-0.0169,-0.01704,-0.0175,-0.01758,-0.01821,-0.01824,-0.01893,-0.01886,-0.01871,-0.0192,-0.01891,-0.01907,-0.01864,-0.01817,-0.01793,-0.01744,-0.017,-0.01674,-0.01653,-0.01648,-0.01668,-0.01707,-0.01767,-0.01847,-0.01953,-0.02071,-0.02198,-0.02328,-0.02455,-0.02604,-0.02717,-0.0281,-0.0288,-0.02925,-0.02944,-0.02967,-0.02933,-0.02875,-0.02801,-0.02717,-0.02631,-0.02551,-0.02485,-0.02438,-0.02415,-0.02416,-0.02439,-0.02483,-0.02543,-0.02614,-0.02691,-0.02771,-0.02852
180.0 -179.50468,-179.02065,-178.48009,-177.93945,-177.39883,-176.85833,-176.31804,-175.77807,-175.23851,-174.69947,-174.1684,-173.62551,-173.08343,-172.54227,-172.00213,-171.4631,-170.90251,-170.36081,-169.82055,-169.28183,-168.70175,-168.16127,-167.62265,-167.08599,-166.48771,-165.95011,-165.41478,-164.80257,-164.26699,-163.73402,-163.10875,-162.57625,-162.04669,-161.40936,-160.881,-160.23424,-159.70759,-159.18443,-158.52742,-158.00677,-157.34162,-156.824,-156.15115,-155.63707,-154.95707,-154.44705,-153.76049,-153.06761,-152.56259,-151.86407,-151.36452,-150.66105,-149.95203,-149.45981,-148.74691,-148.02901,-147.54549,-146.82482,-146.09976,-145.37056,-144.89981,-144.16949,-143.43563,-142.6985,-141.95833,-141.21539,-140.46995,-139.72228,-138.97268,-138.22142,-137.46881,-136.71522,-135.96089,-135.20613,-134.45126,-133.69659,-132.94244,-132.18914,-131.82338,-131.06623,-130.31074,-129.55721,-129.17219,-128.41644,-127.66348,-126.9137,-126.51106,-125.76086,-125.34966,-124.59978,-123.85431,-123.43152,-122.68767,-122.25719,-121.51577,-121.07796,-120.33975,-119.89502,-119.16085,-118.7096,-117.98031,-117.52298,-116.79941,-116.33646,-115.61947,-115.15142,-114.67932,-113.96904,-113.49251,-112.7906,-112.31019,-111.8261,-111.13361,-110.64638,-110.15569,-109.4742,-108.98116,-108.48492,-107.98554,-107.31814,-106.81743,-106.31388,-105.80756,-105.1569,-104.6503,-104.14126,-103.62984,-103.11614,-102.48765,-101.97499,-101.4604,-100.94397,-100.42578,-99.90595,-99.38457,-98.86175,-98.27149,-97.7518,-97.23104,-96.70931,-96.18672,-95.66338,-95.13939,-94.61488,-94.08995,-93.56472,-93.0393,-92.51382,-91.98837,-91.46308,-90.93807,-90.41344,-89.88932,-89.3658,-88.84302,-88.32107,-87.80007,-87.28012,-86.69851,-86.17533,-85.65357,-85.13334,-84.61473,-84.09785,-83.5828,-82.96594,-82.44947,-81.93518,-81.42317,-80.91351,-80.27343,-79.76369,-79.25663,-78.75235,-78.25091,-77.59143,-77.09121,-76.59415,-75.9215,-75.42647,-74.93482,-74.25052,-73.7617,-73.27654,-72.58209,-72.10054,-71.62288,-70.91986,-70.44655,-69.73579,-69.26735,-68.80313,-68.08657,-67.62788,-66.90549,-66.45282,-65.72539,-65.27919,-64.54755,-64.10825,-63.3732,-62.94112,-62.2035,-61.46086,-61.03962,-60.2957,-59.54755,-59.13832,-58.3902,-57.63866,-57.24245,-56.49222,-55.73941,-55.35708,-54.60682,-53.8548,-53.10135,-52.34678,-51.98949,-51.23961,-50.48937,-49.73913,-48.9892,-48.2399,-47.49154,-46.74441,-45.9988,-45.25501,-44.51333,-43.77406,-43.03745,-42.58168,-41.8446,-41.11095,-40.38095,-39.65485,-39.18099,-38.45662,-37.73681,-37.25281,-36.5359,-35.82413,-35.33135,-34.62366,-33.92168,-33.42163,-32.72481,-32.03417,-31.52831,-30.84382,-30.33338,-29.65566,-29.14124,-28.47086,-27.95298,-27.29053,-26.76971,-26.11572,-25.59248,-25.06574,-24.42229,-23.89383,-23.26001,-22.73044,-22.19792,-21.5765,-21.04362,-20.50813,-19.90009,-19.36497,-18.82756,-18.2338,-17.69747,-17.1592,-16.61914,-16.04394,-15.50585,-14.96624,-14.42522,-13.8829,-13.33177,-12.7924,-12.25205,-11.71082,-11.16882,-10.62615,-10.10564,-9.56717,-9.02834,-8.48923,-7.94997,-7.41064,-6.87137,-6.33222,-5.79331,-5.25473,-4.71657,-4.17894,-3.64192,-3.10562,-2.57008,-2.03541,-1.50173,-0.96912,-0.43767,0.09254,0.62142,1.14889,1.67488,2.1993,2.72209,3.24317,3.76246,4.2799,4.95194,5.46949,5.98492,6.49818,7.00921,7.51794,8.20808,8.71575,9.22088,9.72344,10.22337,10.9261,11.42396,11.91901,12.41119,13.12306,13.6124,14.0987,14.81795,15.30085,15.78056,16.50601,16.98179,17.45424,18.18453,18.65256,19.38779,19.85105,20.31076,21.04868,21.50318,22.24455,22.6935,23.43777,23.88087,24.62733,25.06431,25.81236,26.24295,26.99198,27.74428,28.16535,28.91775,29.33176,30.08371,30.83805,31.24137,31.99427,32.74896,33.50522,33.89336,34.64695,35.40156,36.15697,36.91289,37.28037,38.03214,38.78386,39.53532,40.28624,41.03646,41.78581,42.53406,43.28096,44.0263,44.76987,45.51148,46.25094,46.68455,47.42448,48.16177,48.89622,49.62763,50.07598,50.80634,51.53318,51.98978,52.71474,53.43572,53.89973,54.61804,55.33195,55.80251,56.51294,56.98822,57.69467,58.39606,58.87633,59.57301,60.05709,60.74861,61.23616,61.92209,62.41278,62.90653,63.58611,64.08248,64.75538,65.25402,65.91987,66.42042,66.92357,67.58095,68.08552,68.5925,69.24055,69.74846,70.25856,70.89647,71.40699,71.91951,72.43396,73.05896,73.57318,74.08913,74.60673,75.21747,75.73421,76.25239,76.77195,77.29284,77.81497,78.40451,78.92485,79.44622,79.96856,80.4918,81.01587,81.54071,82.06624,82.59241,83.1474,83.67043,84.19386,84.71764,85.24169,85.76595,86.29034,86.8148,87.33925,87.86364,88.38788,88.91191,89.43567,89.95907,90.48207,91.00458,91.56536,92.09083,92.61561,93.13962,93.6628,94.18507,94.70637,95.22664,95.74581,96.34034,96.86113,97.3806,97.8987,98.41535,98.9305,99.54566,100.0615,100.57562,101.08797,101.71702,102.22942,102.73983,103.24821,103.88976,104.39755,104.90311,105.5545,106.05898,106.56102,107.22142,107.72188,108.21973,108.88828,109.38407,110.05948,110.55286,111.23474,111.72536,112.2129,112.9008,113.38511,114.0784,114.55914,115.25735,115.73417,116.43689,117.14457,117.6162,118.32765,118.79448,119.5092,120.22822,120.68841,121.40993,122.1353,122.58798,123.31502,124.04544,124.48973,125.22101,125.95521,126.69216,127.43168,127.86115,128.60004,129.34098,130.08378,130.82824,131.57416,132.32128,133.06944,133.81847,134.56812,135.31818,136.06843,136.81866,137.18882,137.94305,138.6967,139.44956,140.2014,140.59181,141.34615,142.0989,142.84983,143.25514,144.00741,144.75728,145.17312,145.92343,146.34623,147.09644,147.84331,148.27554,149.02136,149.45987,150.20406,150.64856,151.39054,151.84081,152.58,153.03572,153.77152,154.23239,154.96419,155.42988,155.899,156.62724,157.10073,157.82352,158.301,158.78167,159.49882,159.98297,160.47012,160.9603,161.67053,162.16352,162.65936,163.36112,163.8592,164.35993,164.86328,165.36918,166.0592,166.56642,167.07598,167.58782,168.1019,168.7769,169.2913,169.80765,170.32592,170.84603,171.36793,171.89153,172.41679,172.94362,173.58953,174.11483,174.64142,175.16922,175.69815,176.22814,176.75908,177.29091,177.82352,178.35684,178.89078,179.42524,179.96014 -0.02827,-0.02955,-0.03019,-0.03083,-0.03147,-0.03212,-0.03277,-0.03341,-0.03402,-0.03457,-0.0355,-0.03583,-0.03605,-0.03613,-0.0361,-0.03595,-0.03566,-0.03527,-0.03481,-0.03427,-0.03342,-0.03279,-0.03211,-0.0314,-0.0304,-0.02965,-0.02885,-0.02791,-0.02707,-0.02614,-0.02538,-0.02446,-0.02346,-0.02304,-0.02214,-0.02197,-0.02123,-0.02053,-0.02073,-0.02026,-0.02053,-0.02025,-0.02043,-0.02028,-0.02023,-0.02012,-0.01979,-0.01921,-0.01921,-0.01856,-0.01867,-0.01802,-0.01731,-0.01736,-0.01637,-0.01507,-0.01447,-0.01251,-0.01027,-0.0079,-0.00652,-0.00434,-0.00259,-0.00139,-0.0008,-0.00077,-0.00118,-0.00186,-0.00264,-0.0034,-0.00405,-0.00457,-0.00495,-0.00518,-0.00525,-0.00515,-0.00482,-0.00424,-0.00478,-0.00392,-0.00289,-0.00182,-0.00208,-0.00118,-0.00065,-0.00063,-0.00098,-0.00166,-0.00205,-0.00344,-0.00522,-0.00573,-0.00771,-0.00798,-0.00966,-0.00942,-0.01033,-0.00939,-0.00928,-0.00766,-0.00667,-0.00461,-0.0031,-0.00093,0.00067,0.00265,0.00453,0.00558,0.00701,0.0076,0.00855,0.00934,0.00926,0.00975,0.01019,0.00974,0.01007,0.01038,0.01068,0.00976,0.00987,0.00991,0.00988,0.00839,0.00825,0.00811,0.00799,0.00791,0.00716,0.00741,0.00776,0.00821,0.00875,0.00937,0.01008,0.01088,0.01253,0.01356,0.01471,0.016,0.01744,0.01906,0.02085,0.02284,0.02499,0.02726,0.0296,0.03194,0.03418,0.03625,0.03808,0.0396,0.04079,0.04165,0.04222,0.04253,0.04266,0.04267,0.04299,0.04304,0.04316,0.04337,0.04369,0.04409,0.04456,0.04613,0.0467,0.04719,0.04758,0.04784,0.04923,0.04918,0.04895,0.04855,0.048,0.04876,0.04801,0.04714,0.04783,0.04685,0.04579,0.04644,0.04528,0.04405,0.04462,0.04337,0.04214,0.04285,0.04183,0.04291,0.0423,0.04189,0.04383,0.04391,0.04633,0.04676,0.04937,0.04997,0.05247,0.05307,0.05522,0.05566,0.05722,0.05826,0.05805,0.05816,0.05768,0.05641,0.05505,0.05337,0.05116,0.0492,0.0474,0.04496,0.04366,0.04289,0.04267,0.04294,0.0418,0.0428,0.04399,0.04515,0.04609,0.04659,0.04648,0.0457,0.04424,0.04227,0.03999,0.0377,0.03572,0.03546,0.03435,0.03398,0.03433,0.03525,0.03627,0.0377,0.03923,0.04045,0.04188,0.04308,0.04406,0.04475,0.04494,0.0452,0.04443,0.04294,0.0422,0.03976,0.03852,0.0356,0.03422,0.03158,0.03047,0.02881,0.02828,0.02791,0.02802,0.02832,0.02939,0.03005,0.03159,0.03231,0.03294,0.03429,0.03469,0.03498,0.03576,0.03585,0.03593,0.03636,0.03649,0.03673,0.03711,0.03771,0.03835,0.03914,0.04003,0.04096,0.04179,0.04259,0.04323,0.04366,0.04384,0.04377,0.04389,0.04353,0.04302,0.04242,0.04177,0.04108,0.04039,0.03969,0.03898,0.03825,0.03749,0.0367,0.03588,0.03504,0.03421,0.0334,0.03265,0.03198,0.03141,0.03093,0.03055,0.03026,0.03001,0.0298,0.02958,0.02932,0.029,0.02859,0.02677,0.02614,0.02542,0.02461,0.02372,0.02275,0.02044,0.01937,0.01821,0.01692,0.01551,0.01301,0.01139,0.00967,0.00789,0.00545,0.00379,0.00225,0.00038,-0.00077,-0.00171,-0.003,-0.00362,-0.00413,-0.00533,-0.00579,-0.00707,-0.00753,-0.00794,-0.00906,-0.00927,-0.00995,-0.00984,-0.01004,-0.00966,-0.00957,-0.00906,-0.00892,-0.00845,-0.00839,-0.00832,-0.00791,-0.00771,-0.00728,-0.00678,-0.00601,-0.00546,-0.00436,-0.00309,-0.00177,-0.00126,-0.00018,0.00054,0.00073,0.00023,-0.00034,-0.002,-0.00446,-0.00759,-0.01116,-0.01483,-0.01825,-0.0211,-0.02319,-0.02444,-0.02489,-0.0247,-0.02407,-0.024,-0.02305,-0.0221,-0.02122,-0.02043,-0.02045,-0.01986,-0.01938,-0.01959,-0.01925,-0.01895,-0.01924,-0.01895,-0.01865,-0.01892,-0.01872,-0.01904,-0.01917,-0.01969,-0.02036,-0.02148,-0.02232,-0.02379,-0.02453,-0.0258,-0.02614,-0.02622,-0.02653,-0.02615,-0.0258,-0.02521,-0.02457,-0.02406,-0.02364,-0.02319,-0.02293,-0.02268,-0.02226,-0.0219,-0.02144,-0.02068,-0.02001,-0.01929,-0.01856,-0.01762,-0.017,-0.01649,-0.01612,-0.01559,-0.01543,-0.01532,-0.01522,-0.01507,-0.01485,-0.01425,-0.01385,-0.01337,-0.01287,-0.01239,-0.01201,-0.01177,-0.01173,-0.01194,-0.01247,-0.01321,-0.01416,-0.01525,-0.01643,-0.01759,-0.01866,-0.01957,-0.02028,-0.02077,-0.02105,-0.02114,-0.02109,-0.02093,-0.02071,-0.02048,-0.02056,-0.02034,-0.02019,-0.02014,-0.02017,-0.0203,-0.0205,-0.02074,-0.02097,-0.02144,-0.02149,-0.02134,-0.02096,-0.02031,-0.0194,-0.01835,-0.01699,-0.0155,-0.01395,-0.01247,-0.011,-0.00964,-0.00844,-0.00773,-0.00696,-0.00644,-0.00663,-0.0066,-0.00684,-0.00769,-0.00829,-0.00909,-0.01004,-0.01094,-0.01162,-0.01244,-0.0128,-0.01346,-0.01402,-0.01405,-0.01437,-0.01426,-0.01433,-0.01406,-0.0139,-0.01348,-0.01297,-0.01267,-0.01214,-0.01197,-0.01162,-0.0114,-0.01167,-0.01182,-0.01219,-0.01286,-0.01355,-0.01445,-0.0152,-0.01621,-0.01728,-0.01832,-0.01921,-0.01949,-0.01994,-0.01999,-0.01957,-0.01868,-0.01743,-0.01597,-0.01445,-0.01307,-0.01197,-0.0112,-0.01079,-0.01066,-0.01071,-0.01084,-0.01098,-0.01108,-0.0111,-0.01135,-0.01136,-0.01136,-0.01139,-0.01186,-0.01197,-0.01205,-0.01266,-0.01271,-0.01335,-0.01337,-0.01342,-0.01416,-0.01443,-0.01521,-0.01578,-0.01657,-0.01744,-0.01814,-0.01917,-0.01968,-0.02065,-0.02086,-0.0215,-0.02137,-0.0211,-0.02106,-0.02052,-0.02002,-0.01933,-0.01865,-0.01785,-0.01723,-0.01673,-0.01635,-0.01581,-0.01578,-0.01597,-0.01593,-0.01661,-0.01753,-0.01869,-0.02004,-0.02106,-0.02267,-0.02428,-0.0258,-0.02717,-0.02806,-0.02896,-0.02954,-0.02977,-0.02967,-0.02925,-0.02858,-0.02771,-0.02675,-0.02552,-0.02466,-0.02398,-0.02353,-0.02335,-0.02343,-0.02375,-0.02425,-0.02488,-0.02558,-0.02629,-0.02699,-0.02765
185.625 -179.87021,-179.34936,-178.82837,-178.30729,-177.78622,-177.26525,-176.74447,-176.24464,-175.71965,-175.19511,-174.6711,-174.14773,-173.62507,-173.10323,-172.57037,-172.04549,-171.52172,-170.99915,-170.47787,-169.92235,-169.39896,-168.87725,-168.35723,-167.78418,-167.26282,-166.74346,-166.15688,-165.6368,-165.11901,-164.51958,-164.00172,-163.48646,-162.87501,-162.36033,-161.84855,-161.22601,-160.71549,-160.08429,-159.57551,-159.07013,-158.42955,-157.9267,-157.27861,-156.77869,-156.12351,-155.62704,-154.96526,-154.47274,-153.8049,-153.13125,-152.64347,-151.9646,-151.48203,-150.79855,-150.10994,-149.63423,-148.94196,-148.24505,-147.77749,-147.07795,-146.37437,-145.66687,-145.2112,-144.50253,-143.79053,-143.07541,-142.35743,-141.63679,-141.20232,-140.48296,-139.76163,-139.03857,-138.31405,-137.58833,-136.86168,-136.13437,-135.40668,-135.07306,-134.34006,-133.60735,-132.87526,-132.14409,-131.41419,-131.05151,-130.31851,-129.58741,-128.85847,-128.47838,-127.74787,-127.0203,-126.62801,-125.9,-125.17567,-124.772,-124.0484,-123.63725,-122.9151,-122.19786,-121.77678,-121.06229,-120.63461,-119.9235,-119.48958,-118.78257,-118.34278,-117.6406,-117.19536,-116.49874,-116.04846,-115.59439,-114.90325,-114.44472,-113.76087,-113.29837,-112.83236,-112.15654,-111.68718,-111.21451,-110.54815,-110.07283,-109.59441,-108.93884,-108.45847,-107.97524,-107.48919,-106.84735,-106.36029,-105.87069,-105.37861,-104.88411,-104.26068,-103.76635,-103.26991,-102.77142,-102.27097,-101.66952,-101.17045,-100.66973,-100.16746,-99.66372,-99.1586,-98.65219,-98.14459,-97.63589,-97.0759,-96.57067,-96.06468,-95.55803,-95.0508,-94.54312,-94.03506,-93.52675,-93.01827,-92.50974,-92.00125,-91.4929,-90.98481,-90.47706,-89.96976,-89.46302,-88.95692,-88.45158,-87.89922,-87.39035,-86.88255,-86.37593,-85.87058,-85.36661,-84.86409,-84.36312,-83.77238,-83.26973,-82.76895,-82.27012,-81.77331,-81.27861,-80.66258,-80.16762,-79.67508,-79.18502,-78.55221,-78.06286,-77.57628,-77.09252,-76.44519,-75.96308,-75.48406,-74.82535,-74.3487,-73.87537,-73.20663,-72.73638,-72.26968,-71.59233,-71.12935,-70.67,-69.98557,-69.53061,-68.83949,-68.38939,-67.69228,-67.24748,-66.54511,-66.10604,-65.39912,-64.96619,-64.25547,-63.82906,-63.11528,-62.69574,-61.97964,-61.56728,-60.84959,-60.12769,-59.72615,-59.00384,-58.27805,-57.88815,-57.16312,-56.43535,-55.70512,-55.33203,-54.60414,-53.87455,-53.14355,-52.7888,-52.06164,-51.33379,-50.60554,-49.87719,-49.14898,-48.42122,-47.69421,-46.96822,-46.24353,-45.52041,-44.79912,-44.07992,-43.36305,-42.64877,-42.20697,-41.49239,-40.78107,-40.0732,-39.36893,-38.9105,-38.20798,-37.50967,-36.81578,-36.3463,-35.65554,-34.96967,-34.49248,-33.81077,-33.32796,-32.651,-31.97973,-31.49148,-30.82589,-30.33325,-29.67391,-29.17738,-28.52483,-28.02491,-27.37965,-26.87685,-26.23936,-25.73417,-25.22556,-24.5978,-24.08749,-23.46849,-22.95692,-22.44246,-21.83484,-21.31988,-20.80232,-20.20699,-19.68963,-19.17006,-18.58774,-18.06899,-17.54827,-17.02566,-16.46046,-15.93952,-15.417,-14.893,-14.34618,-13.82462,-13.30186,-12.77796,-12.25308,-11.72732,-11.20816,-10.68595,-10.16315,-9.63986,-9.11618,-8.59219,-8.06797,-7.54364,-7.06385,-6.54434,-6.02496,-5.5058,-4.98694,-4.46847,-3.95047,-3.43303,-2.9162,-2.40005,-1.88472,-1.37028,-0.85681,-0.34438,0.16692,0.67703,1.18587,1.81451,2.32468,2.83332,3.34036,3.84574,4.3494,4.85127,5.3513,5.84942,6.50526,7.00299,7.49864,7.99212,8.48338,9.15354,9.64345,10.13094,10.61596,11.29673,11.77969,12.26,12.73762,13.42704,13.90194,14.374,15.07039,15.53921,16.00505,16.70719,17.16931,17.62833,18.33509,18.78996,19.50148,19.95185,20.39895,21.11314,21.55534,22.2728,22.70987,23.43,23.86162,24.58395,25.00985,25.73383,26.15377,26.87896,27.60747,28.01847,28.74718,29.15163,29.88002,30.61082,31.0053,31.73493,32.46647,33.1997,33.58003,34.31094,35.04293,35.77573,36.14093,36.87035,37.60012,38.33005,39.06001,39.78969,40.51889,41.24742,41.97506,42.70161,43.42689,44.15071,44.87293,45.59334,46.31173,47.02793,47.45042,48.16678,48.88048,49.59136,50.29925,50.73519,51.44193,52.14524,52.58889,53.29024,53.98774,54.4382,55.13299,55.82357,56.27997,56.96711,57.42793,58.11123,58.57614,59.25511,59.72377,60.398,60.87008,61.53915,62.01433,62.67785,63.15579,63.81337,64.29378,64.94506,65.42759,65.91271,66.55651,67.04329,67.53249,68.168,68.65839,69.15102,69.77746,70.27081,70.76621,71.38285,71.87854,72.37606,72.87538,73.47957,73.97856,74.47915,74.98128,75.48488,76.07299,76.57555,77.0794,77.58446,78.09068,78.66088,79.16534,79.67075,80.17707,80.68421,81.19212,81.70074,82.21,82.71984,83.2302,83.76402,84.27126,84.77881,85.28661,85.79461,86.30273,86.81092,87.31911,87.82724,88.33524,88.84305,89.3506,89.85784,90.36469,90.90371,91.41355,91.92281,92.43143,92.93934,93.44648,93.9528,94.45822,94.96269,95.46615,96.0408,96.54586,97.04971,97.55228,98.05353,98.6457,99.14784,99.64846,100.14748,100.64487,101.2527,101.75026,102.24598,102.73982,103.35977,103.85318,104.34452,104.97402,105.46448,105.95269,106.59099,107.07787,107.5623,108.20861,108.69126,109.1713,109.82482,110.30262,110.96228,111.43753,112.10293,112.5753,113.24609,113.71526,114.39101,114.85666,115.53698,115.99879,116.68324,117.14091,117.82905,118.28226,118.97366,119.66917,120.1163,120.81433,121.5161,121.95631,122.65989,123.3668,123.79927,124.50723,125.21808,125.93167,126.64783,127.06673,127.78258,128.50046,129.22027,129.94183,130.66496,131.38947,132.11517,132.84187,133.56937,134.29749,135.02602,135.75478,136.48352,137.21204,137.94017,138.66771,139.03899,139.76949,140.49886,141.22691,141.61285,142.34279,143.07086,143.4672,144.19636,144.92312,145.3292,146.05619,146.78023,147.1955,147.91896,148.34034,149.0627,149.48997,150.21068,150.6436,151.36211,151.80043,152.5162,152.95963,153.67211,154.12035,154.82895,155.28169,155.73761,156.44283,156.90288,157.6029,158.06674,158.53357,159.22828,159.69843,160.17142,160.85963,161.33547,161.814,162.29521,162.97548,163.45888,163.94478,164.43311,165.10346,165.59329,166.08539,166.57972,167.07624,167.73327,168.23039,168.72948,169.23047,169.73332,170.23793,170.74425,171.3805,171.88612,172.39324,172.90177,173.41166,173.92283,174.43521,174.94873,175.46333,175.97891,176.49541,177.01274,177.53083,178.0496,178.56896,179.08884,179.60914 -0.02516,-0.02552,-0.02588,-0.02627,-0.02673,-0.02725,-0.02785,-0.02978,-0.03046,-0.03116,-0.03183,-0.03245,-0.03299,-0.03344,-0.0346,-0.03475,-0.03477,-0.03467,-0.03444,-0.03456,-0.03409,-0.03352,-0.03287,-0.03238,-0.03158,-0.0307,-0.0299,-0.02888,-0.02774,-0.02673,-0.02543,-0.02398,-0.02298,-0.02145,-0.01986,-0.01931,-0.01788,-0.0179,-0.01678,-0.01579,-0.01659,-0.01598,-0.0171,-0.01679,-0.01797,-0.01784,-0.01884,-0.01876,-0.01945,-0.01981,-0.01975,-0.01985,-0.01983,-0.01971,-0.01934,-0.01921,-0.01842,-0.01722,-0.0165,-0.0146,-0.0123,-0.00978,-0.00843,-0.006,-0.00392,-0.00237,-0.00143,-0.00109,-0.00154,-0.00196,-0.0026,-0.00328,-0.00383,-0.00414,-0.00417,-0.00391,-0.00338,-0.00352,-0.00284,-0.00197,-0.00095,0.00019,0.00138,0.00062,0.00168,0.00257,0.00313,0.00216,0.00218,0.00171,0.00055,-0.00055,-0.00207,-0.00337,-0.00527,-0.00653,-0.00852,-0.01032,-0.01124,-0.01237,-0.0127,-0.01278,-0.01237,-0.01129,-0.0102,-0.00817,-0.00666,-0.00413,-0.00253,-0.00088,0.00145,0.00282,0.00472,0.00567,0.0065,0.00746,0.00785,0.00816,0.00831,0.00834,0.00836,0.00798,0.00788,0.00779,0.00772,0.00682,0.00663,0.00645,0.00629,0.00617,0.0055,0.00563,0.00589,0.0063,0.00685,0.00817,0.00913,0.01014,0.01115,0.01216,0.01313,0.01408,0.01502,0.01598,0.01842,0.01942,0.02053,0.02178,0.02322,0.02481,0.02657,0.02844,0.03038,0.03232,0.03419,0.0359,0.03742,0.03869,0.03969,0.04043,0.04092,0.0412,0.04186,0.04184,0.04175,0.04163,0.04153,0.04148,0.04148,0.04155,0.04263,0.04291,0.0432,0.04349,0.04372,0.04386,0.04522,0.04508,0.04475,0.04422,0.04501,0.04417,0.04317,0.04205,0.04262,0.04139,0.04011,0.04077,0.03947,0.03816,0.03885,0.03754,0.03627,0.03702,0.0359,0.03492,0.03611,0.03553,0.0373,0.03722,0.0396,0.03996,0.04279,0.04343,0.04641,0.04715,0.04998,0.05067,0.05307,0.05351,0.05514,0.0551,0.05563,0.05539,0.05412,0.05266,0.05064,0.04824,0.04562,0.04304,0.04075,0.03806,0.03654,0.03579,0.03581,0.03442,0.03554,0.0371,0.03886,0.04054,0.0419,0.0427,0.04281,0.04217,0.04084,0.03899,0.03686,0.03476,0.033,0.03181,0.03209,0.0319,0.03237,0.0333,0.03448,0.0357,0.03699,0.0382,0.03922,0.04048,0.0412,0.04159,0.04246,0.04213,0.04243,0.04117,0.03935,0.03866,0.03622,0.03512,0.03261,0.03149,0.02958,0.02883,0.02797,0.02781,0.02802,0.02845,0.02906,0.03023,0.03112,0.03241,0.03331,0.03413,0.03505,0.03563,0.03605,0.03645,0.03665,0.03674,0.03686,0.03693,0.03702,0.03718,0.0375,0.03792,0.03848,0.03918,0.0399,0.04074,0.0416,0.04241,0.04313,0.04371,0.04393,0.04419,0.04428,0.04421,0.04401,0.04369,0.04329,0.04281,0.04245,0.04188,0.0412,0.04041,0.03951,0.03852,0.03745,0.03634,0.03523,0.03417,0.03321,0.03237,0.03171,0.03121,0.03089,0.03072,0.03067,0.03113,0.03109,0.03103,0.03089,0.03067,0.03031,0.02982,0.02919,0.02842,0.02692,0.02588,0.02472,0.02344,0.02204,0.01979,0.01815,0.01638,0.01447,0.01184,0.00982,0.0078,0.00584,0.00365,0.00211,0.00083,-0.00045,-0.00115,-0.00163,-0.00232,-0.00255,-0.00273,-0.00362,-0.00389,-0.0051,-0.00544,-0.00577,-0.0069,-0.00703,-0.00776,-0.00759,-0.00783,-0.00742,-0.00737,-0.00689,-0.00679,-0.00638,-0.00642,-0.00653,-0.00631,-0.00644,-0.00628,-0.00626,-0.006,-0.00575,-0.00509,-0.00415,-0.00301,-0.00255,-0.00138,-0.00039,0.00022,0.00026,7e-05,-0.00082,-0.00247,-0.00479,-0.00764,-0.01078,-0.01389,-0.01669,-0.01897,-0.0206,-0.02155,-0.02189,-0.02175,-0.02124,-0.02052,-0.02056,-0.01965,-0.01873,-0.01785,-0.01706,-0.01721,-0.01664,-0.0162,-0.01657,-0.01632,-0.01615,-0.01655,-0.01642,-0.01635,-0.01678,-0.01692,-0.01754,-0.01811,-0.01905,-0.0201,-0.02132,-0.02259,-0.02384,-0.02478,-0.02569,-0.02584,-0.02619,-0.0255,-0.02539,-0.02425,-0.02397,-0.02366,-0.02276,-0.02262,-0.02251,-0.02214,-0.02209,-0.02197,-0.02162,-0.02128,-0.02078,-0.02004,-0.01929,-0.01847,-0.01764,-0.01663,-0.0159,-0.01532,-0.01489,-0.01461,-0.01411,-0.01404,-0.01399,-0.01393,-0.01379,-0.01334,-0.01308,-0.01278,-0.01246,-0.01218,-0.01199,-0.01194,-0.01206,-0.01236,-0.01285,-0.01346,-0.01413,-0.01485,-0.01555,-0.01618,-0.0167,-0.01709,-0.01735,-0.01748,-0.01751,-0.01748,-0.01743,-0.01739,-0.01737,-0.01845,-0.01844,-0.01848,-0.01857,-0.01872,-0.01891,-0.01914,-0.0194,-0.01966,-0.01989,-0.02031,-0.02034,-0.02022,-0.0199,-0.01935,-0.01878,-0.01774,-0.01652,-0.01517,-0.01376,-0.01234,-0.01095,-0.00968,-0.00856,-0.00745,-0.00671,-0.00622,-0.00584,-0.00588,-0.00618,-0.00677,-0.00758,-0.00855,-0.0098,-0.01092,-0.01198,-0.01309,-0.01386,-0.01451,-0.01485,-0.01505,-0.01501,-0.01492,-0.01465,-0.01443,-0.01406,-0.01381,-0.01345,-0.01321,-0.01296,-0.01279,-0.01275,-0.01275,-0.01282,-0.01321,-0.01348,-0.01381,-0.01446,-0.01484,-0.01523,-0.0158,-0.01614,-0.01652,-0.01697,-0.01749,-0.01757,-0.01804,-0.01846,-0.01873,-0.0187,-0.01829,-0.01749,-0.01633,-0.01492,-0.01343,-0.01204,-0.01087,-0.01003,-0.00953,-0.0093,-0.00925,-0.00925,-0.0097,-0.00964,-0.0095,-0.00929,-0.00957,-0.00932,-0.00907,-0.00943,-0.00922,-0.00898,-0.00946,-0.00924,-0.00908,-0.00973,-0.00983,-0.01069,-0.01125,-0.01234,-0.01343,-0.01466,-0.01616,-0.01738,-0.01901,-0.02002,-0.02141,-0.02202,-0.02285,-0.02295,-0.02284,-0.02269,-0.02216,-0.02143,-0.02063,-0.01979,-0.01868,-0.01782,-0.01702,-0.01594,-0.01531,-0.01482,-0.0145,-0.01395,-0.01404,-0.0144,-0.01503,-0.01557,-0.01673,-0.01811,-0.01966,-0.02132,-0.02267,-0.02423,-0.02564,-0.02683,-0.02773,-0.02832,-0.02856,-0.02794,-0.02758,-0.027,-0.02626,-0.02543,-0.02461,-0.02388,-0.02329,-0.02288,-0.02269,-0.0227,-0.02288,-0.0232,-0.02358,-0.024,-0.02442,-0.02481
191.25 -179.72311,-179.21596,-178.70875,-178.20154,-177.6944,-177.18741,-176.68067,-176.17426,-175.66826,-175.16276,-174.65824,-174.1493,-173.6411,-173.13374,-172.62731,-172.12188,-171.59138,-171.08348,-170.57685,-170.07158,-169.52387,-169.01692,-168.51162,-168.00805,-167.44424,-166.9396,-166.43697,-165.93644,-165.35762,-164.85678,-164.35833,-163.76807,-163.2699,-162.77439,-162.17345,-161.67885,-161.06967,-160.57643,-160.08633,-159.46787,-158.97978,-158.35414,-157.86856,-157.23598,-156.75328,-156.11419,-155.63483,-154.98968,-154.51411,-153.86339,-153.39207,-152.73628,-152.07541,-151.60934,-150.94419,-150.2743,-149.81472,-149.14144,-148.46383,-148.01194,-147.33201,-146.64825,-146.20544,-145.52019,-144.83163,-144.13994,-143.4453,-143.01798,-142.32361,-141.62689,-140.92804,-140.22726,-139.52479,-138.82086,-138.11571,-137.40957,-136.7027,-135.99545,-135.28797,-134.58056,-133.87349,-133.53528,-132.8241,-132.11384,-131.40477,-130.69715,-130.33733,-129.62729,-128.91938,-128.21385,-127.83825,-127.13171,-126.42831,-126.04165,-125.33837,-124.63882,-124.2419,-123.54344,-123.13979,-122.44306,-122.03294,-121.3386,-120.92228,-120.23101,-119.54533,-119.12127,-118.69353,-118.0104,-117.57746,-116.89944,-116.46168,-115.78951,-115.34734,-114.68151,-114.23534,-113.78586,-113.12673,-112.67382,-112.21774,-111.56663,-111.10771,-110.64581,-110.00401,-109.53989,-109.07299,-108.44175,-107.97327,-107.50222,-107.02865,-106.41093,-105.93663,-105.46005,-104.98126,-104.50031,-103.90026,-103.41963,-102.93712,-102.45279,-101.96671,-101.47895,-100.90274,-100.4166,-99.92908,-99.44025,-98.9502,-98.459,-97.96675,-97.47353,-96.97943,-96.48454,-95.95273,-95.46153,-94.96983,-94.47772,-93.98529,-93.49263,-92.99983,-92.50698,-92.01417,-91.5215,-91.02906,-90.53693,-90.04521,-89.55399,-89.02866,-88.53371,-88.03954,-87.54625,-87.05393,-86.56266,-86.07253,-85.58362,-85.09602,-84.52955,-84.04006,-83.55217,-83.06595,-82.5815,-82.09887,-81.50767,-81.02443,-80.5433,-80.06433,-79.5876,-78.97792,-78.50166,-78.02785,-77.55656,-76.93293,-76.46296,-75.99576,-75.3611,-74.89588,-74.43363,-73.78915,-73.32953,-72.87307,-72.22004,-71.76682,-71.31694,-70.65666,-70.2106,-69.54363,-69.10182,-68.66362,-67.99164,-67.5582,-66.8811,-66.45273,-65.77117,-65.34829,-64.66289,-64.24586,-63.5573,-62.86373,-62.45539,-61.75973,-61.35809,-60.66101,-59.95996,-59.56848,-58.86708,-58.48299,-57.78188,-57.07789,-56.3713,-56.00246,-55.2976,-54.5908,-53.88234,-53.53007,-52.8247,-52.11831,-51.41119,-50.7036,-49.99579,-49.28804,-48.5806,-47.87369,-47.16757,-46.46253,-45.75881,-45.05664,-44.35627,-43.65792,-42.96181,-42.26817,-41.57719,-41.14662,-40.45588,-39.76838,-39.08432,-38.64117,-37.95872,-37.28023,-36.60584,-36.15241,-35.48098,-34.81406,-34.35335,-33.69022,-33.22408,-32.56537,-31.91188,-31.44054,-30.79226,-30.31671,-29.67415,-29.19486,-28.55851,-28.07595,-27.44626,-26.9609,-26.33827,-25.85055,-25.35945,-24.74578,-24.253,-23.64737,-23.15319,-22.65626,-22.06089,-21.56333,-21.06319,-20.47908,-19.97893,-19.47649,-18.90436,-18.40252,-17.89867,-17.33917,-16.8365,-16.33211,-15.82609,-15.31853,-14.77898,-14.27352,-13.76681,-13.25889,-12.74987,-12.23179,-11.72571,-11.21883,-10.71123,-10.203,-9.69424,-9.20335,-8.69845,-8.19326,-7.68787,-7.18235,-6.6768,-6.1713,-5.66593,-5.16078,-4.65592,-4.15144,-3.64742,-3.14388,-2.64089,-2.13859,-1.63705,-1.13634,-0.63654,-0.13772,0.36006,0.85673,1.35221,1.84645,2.33939,2.83095,3.32109,3.9386,4.42932,4.91839,5.40575,5.89135,6.37513,6.85712,7.49441,7.97577,8.45506,8.93225,9.40731,10.05729,10.53086,11.00212,11.47103,12.13061,12.59739,13.06166,13.72896,14.1906,14.64961,15.10597,15.77942,16.23258,16.91191,17.36164,17.8085,18.49228,18.93521,19.37519,20.06227,20.49795,21.18884,21.61994,22.31411,22.74037,23.43738,23.85855,24.55783,24.97368,25.67465,26.08496,26.78712,27.49259,27.89453,28.60036,28.99623,29.70202,30.41028,30.79688,31.50417,32.21336,32.59019,33.2977,34.00664,34.71678,35.07974,35.78727,36.49557,37.20437,37.9135,38.62274,39.33192,40.04084,40.3728,41.077,41.78057,42.48328,43.18489,43.57511,44.27859,44.98054,45.68078,46.37914,47.07547,47.76967,48.18096,48.87511,49.56664,50.25539,50.67717,51.36486,52.04937,52.73057,53.16128,53.84051,54.51606,54.95315,55.62598,56.06766,56.73735,57.40279,57.84949,58.51117,58.96167,59.61919,60.07325,60.72625,61.18352,61.83159,62.29176,62.93454,63.39731,63.86281,64.49951,64.96717,65.5977,66.06722,66.5392,67.16238,67.6358,68.11148,68.72656,69.20324,69.68201,70.28828,70.76762,71.24888,71.84567,72.32709,72.81023,73.29505,73.8798,74.36423,74.85015,75.3375,75.82622,76.3955,76.88315,77.372,77.86198,78.35303,78.84511,79.39449,79.88471,80.37576,80.8676,81.36016,81.85338,82.3472,82.84157,83.33641,83.83168,84.3273,84.83782,85.33021,85.82278,86.31547,86.80822,87.30098,87.79368,88.28627,88.77868,89.27086,89.78597,90.28127,90.77615,91.27055,91.76442,92.25769,92.75031,93.24222,93.73336,94.22368,94.71312,95.26642,95.75758,96.24767,96.73664,97.22442,97.71098,98.28379,98.77128,99.25735,99.74195,100.22502,100.81294,101.29627,101.7779,102.25777,102.85744,103.33703,103.81468,104.42363,104.90058,105.37542,105.99298,106.46669,106.93813,107.56355,108.03344,108.50088,109.13342,109.59889,110.23746,110.70066,111.16114,111.80555,112.26334,112.91288,113.36768,114.02201,114.47353,115.13226,115.5802,116.24292,116.68699,117.35329,118.02379,118.4627,119.13618,119.57046,120.24648,120.92613,121.354,122.03553,122.72031,123.14102,123.82699,124.51575,125.2072,125.61777,126.30943,127.00337,127.69944,128.39748,129.09733,129.79882,130.1891,130.88892,131.58993,132.29192,132.99469,133.69812,134.40201,135.1062,135.44855,136.15681,136.86491,137.57267,138.27988,138.98635,139.35115,140.06021,140.76801,141.47438,141.85278,142.56076,143.26682,143.97077,144.36185,145.06635,145.46364,146.16822,146.86987,147.27579,147.97673,148.38836,149.08807,149.784,150.20313,150.89703,151.32125,152.01264,152.44171,152.87388,153.56373,154.00044,154.68653,155.1275,155.8093,156.25425,156.70207,157.37986,157.83126,158.28539,158.95811,159.4154,159.87536,160.54193,161.00457,161.46974,162.12906,162.59649,163.0663,163.53845,164.18889,164.66268,165.13866,165.61678,166.097,166.73556,167.21662,167.69959,168.18443,168.67108,169.15948,169.78154,170.26976,170.7595,171.25072,171.74337,172.23741,172.73278,173.22942,173.72725,174.22622,174.81653,175.31353,175.81142,176.31013,176.80959,177.30973,177.81048,178.31175,178.81348,179.31559,179.76985 -0.02262,-0.02266,-0.02278,-0.02297,-0.02327,-0.02369,-0.02424,-0.0249,-0.02564,-0.02643,-0.02832,-0.02908,-0.02977,-0.03038,-0.03087,-0.03122,-0.03234,-0.03234,-0.03217,-0.03183,-0.03225,-0.03163,-0.03089,-0.03004,-0.03006,-0.02907,-0.02802,-0.02688,-0.02643,-0.02507,-0.02357,-0.02251,-0.02073,-0.01884,-0.01747,-0.01553,-0.01448,-0.01279,-0.01128,-0.0112,-0.01022,-0.01095,-0.01047,-0.0118,-0.01166,-0.01327,-0.01329,-0.01489,-0.0149,-0.01632,-0.01629,-0.01747,-0.01843,-0.01838,-0.01909,-0.01947,-0.01934,-0.01921,-0.01855,-0.018,-0.01655,-0.01461,-0.0136,-0.01128,-0.00897,-0.00688,-0.00522,-0.00525,-0.00451,-0.00426,-0.0044,-0.00477,-0.00516,-0.0054,-0.00535,-0.00495,-0.00418,-0.00307,-0.00166,-2e-05,0.00177,0.0018,0.0035,0.00514,0.00659,0.00778,0.00703,0.00772,0.008,0.0078,0.00645,0.00563,0.0044,0.00268,0.00102,-0.00081,-0.00269,-0.00453,-0.00632,-0.00786,-0.00938,-0.01025,-0.01129,-0.01112,-0.01013,-0.01014,-0.00982,-0.00739,-0.00652,-0.00345,-0.00233,0.00089,0.00194,0.00488,0.00564,0.00633,0.00835,0.00859,0.00871,0.00969,0.00942,0.0091,0.00925,0.00872,0.00822,0.00794,0.00738,0.00686,0.00639,0.00602,0.00561,0.00533,0.00518,0.00518,0.00589,0.00641,0.00716,0.00811,0.00923,0.01047,0.01338,0.01477,0.01608,0.01725,0.01829,0.01918,0.01997,0.0207,0.02141,0.02216,0.0241,0.02492,0.02588,0.02699,0.02822,0.02955,0.03093,0.03231,0.03364,0.03485,0.03594,0.03685,0.0376,0.03817,0.03947,0.03973,0.03986,0.03987,0.0398,0.03966,0.0395,0.03932,0.03916,0.03988,0.03984,0.03986,0.03991,0.03997,0.04001,0.04125,0.04117,0.04094,0.04051,0.03989,0.04052,0.03954,0.03841,0.03717,0.03742,0.03607,0.03472,0.03507,0.03376,0.03251,0.03303,0.03186,0.03076,0.0314,0.03043,0.0296,0.03051,0.03,0.03137,0.03132,0.0315,0.03365,0.03421,0.03684,0.03763,0.04055,0.04142,0.04441,0.04521,0.04801,0.0505,0.0508,0.05242,0.05208,0.05244,0.05188,0.05017,0.04829,0.04583,0.043,0.03992,0.0369,0.03403,0.03165,0.03004,0.02932,0.02799,0.02867,0.03008,0.03196,0.03402,0.03598,0.03754,0.03854,0.03883,0.03839,0.03729,0.03571,0.03388,0.03209,0.0306,0.02963,0.02925,0.02944,0.03021,0.03101,0.03195,0.03286,0.03408,0.0349,0.03554,0.03602,0.0373,0.03753,0.0375,0.03845,0.03785,0.0383,0.03702,0.03547,0.03506,0.03323,0.03245,0.03076,0.02996,0.02884,0.02832,0.02794,0.02788,0.02816,0.02856,0.02915,0.02993,0.03076,0.03151,0.03242,0.03331,0.03383,0.0346,0.03527,0.03544,0.0359,0.03625,0.03614,0.03636,0.03654,0.03631,0.03657,0.03691,0.03737,0.03794,0.03813,0.03891,0.03973,0.04056,0.04134,0.04137,0.04195,0.0424,0.04272,0.04292,0.04301,0.04221,0.04214,0.04198,0.04173,0.04134,0.04079,0.04006,0.03913,0.03801,0.03671,0.03526,0.03374,0.0322,0.03074,0.02942,0.02831,0.02744,0.02685,0.02651,0.02641,0.02649,0.02671,0.02699,0.02727,0.02752,0.02769,0.02902,0.02881,0.02846,0.02795,0.02729,0.02648,0.02552,0.02454,0.0232,0.0217,0.02005,0.01824,0.01596,0.01388,0.01173,0.00956,0.00706,0.0051,0.00334,0.00159,0.00044,-0.0004,-0.00095,-0.00134,-0.00146,-0.00162,-0.00166,-0.00173,-0.00226,-0.00254,-0.00289,-0.00383,-0.00422,-0.00512,-0.00535,-0.00591,-0.00589,-0.00603,-0.0058,-0.00566,-0.00533,-0.00516,-0.00487,-0.00487,-0.00503,-0.00496,-0.00533,-0.00542,-0.0058,-0.006,-0.00607,-0.00587,-0.00529,-0.00513,-0.00415,-0.00303,-0.00193,-0.00187,-0.00116,-0.0009,-0.00121,-0.00212,-0.00361,-0.00559,-0.00788,-0.00901,-0.0112,-0.0132,-0.0149,-0.01622,-0.01738,-0.01815,-0.01854,-0.0186,-0.01838,-0.01792,-0.01728,-0.01722,-0.01638,-0.01555,-0.01482,-0.01476,-0.01428,-0.014,-0.01391,-0.01415,-0.01415,-0.01412,-0.01437,-0.01423,-0.01455,-0.01445,-0.01443,-0.01516,-0.01547,-0.01656,-0.01714,-0.01847,-0.019,-0.0203,-0.02041,-0.02139,-0.02093,-0.02151,-0.02192,-0.02099,-0.0212,-0.02048,-0.02071,-0.02093,-0.0208,-0.02111,-0.02138,-0.0215,-0.02163,-0.02161,-0.02138,-0.02103,-0.0205,-0.01969,-0.01885,-0.01793,-0.01697,-0.01588,-0.01502,-0.0143,-0.01375,-0.01338,-0.01291,-0.01276,-0.01269,-0.01263,-0.01255,-0.01244,-0.01189,-0.01173,-0.01159,-0.01149,-0.01146,-0.01153,-0.0117,-0.01196,-0.0123,-0.01268,-0.01308,-0.01282,-0.01302,-0.01311,-0.01309,-0.01297,-0.01277,-0.01252,-0.01227,-0.01207,-0.01195,-0.01328,-0.01341,-0.01365,-0.01401,-0.01447,-0.01501,-0.01562,-0.01627,-0.01692,-0.01755,-0.01811,-0.01897,-0.01926,-0.01939,-0.01935,-0.0191,-0.01863,-0.01807,-0.01717,-0.01611,-0.01495,-0.01375,-0.0125,-0.01133,-0.01027,-0.00934,-0.00835,-0.00771,-0.00724,-0.0067,-0.00659,-0.00664,-0.0068,-0.00727,-0.00785,-0.00881,-0.0096,-0.01032,-0.01152,-0.01202,-0.01298,-0.01306,-0.0129,-0.01327,-0.01277,-0.01287,-0.01223,-0.0123,-0.01172,-0.01189,-0.0115,-0.0118,-0.01163,-0.01205,-0.01247,-0.01263,-0.01321,-0.0136,-0.01431,-0.015,-0.01556,-0.01616,-0.0166,-0.01699,-0.01715,-0.01715,-0.01703,-0.01698,-0.01672,-0.01649,-0.01631,-0.01619,-0.01605,-0.0158,-0.01483,-0.01412,-0.01314,-0.01187,-0.01042,-0.00889,-0.00747,-0.0063,-0.0068,-0.00613,-0.00583,-0.00583,-0.00601,-0.00625,-0.00699,-0.00707,-0.00705,-0.00693,-0.0073,-0.00706,-0.0068,-0.00656,-0.00679,-0.00658,-0.00682,-0.00671,-0.00677,-0.00716,-0.00759,-0.00823,-0.00917,-0.0105,-0.01163,-0.0134,-0.01477,-0.01668,-0.01805,-0.01935,-0.0208,-0.02176,-0.02249,-0.02297,-0.02288,-0.02289,-0.02267,-0.02175,-0.02121,-0.02052,-0.01927,-0.01848,-0.01765,-0.01652,-0.01576,-0.01505,-0.01434,-0.01388,-0.01357,-0.01345,-0.01381,-0.0142,-0.01484,-0.01572,-0.01682,-0.01856,-0.01988,-0.02124,-0.02258,-0.02382,-0.02491,-0.02558,-0.0261,-0.0264,-0.02647,-0.02635,-0.02605,-0.02561,-0.02509,-0.02452,-0.02396,-0.02339,-0.02302,-0.02274,-0.02254,-0.02241,-0.02233,-0.02229,-0.02225,-0.0222,-0.02213,-0.02259
196.875 -179.56531,-179.07556,-178.58588,-178.09629,-177.60687,-177.1312,-176.63796,-176.1451,-175.65271,-175.16085,-174.66962,-174.17909,-173.68935,-173.1807,-172.68822,-172.19677,-171.70641,-171.21724,-170.68869,-170.19755,-169.70784,-169.21978,-168.67586,-168.18649,-167.6989,-167.21317,-166.6547,-166.16832,-165.68409,-165.11453,-164.63018,-164.14823,-163.56819,-163.08668,-162.60783,-162.01802,-161.54018,-160.94288,-160.46645,-159.99311,-159.38735,-158.91617,-158.30385,-157.83509,-157.21643,-156.75051,-156.12591,-155.66325,-155.03311,-154.57414,-153.9389,-153.48404,-152.84415,-152.19962,-151.74983,-151.1014,-150.6569,-150.00507,-149.34917,-148.9115,-148.25312,-147.5911,-146.92555,-146.49776,-145.83078,-145.16073,-144.48776,-144.07184,-143.39871,-142.72317,-142.04542,-141.36564,-140.68402,-140.00082,-139.31626,-138.63048,-137.94372,-137.25618,-136.56811,-135.87975,-135.19137,-134.50315,-133.8153,-133.12808,-132.44172,-132.09974,-131.41036,-130.72244,-130.03634,-129.67893,-128.99108,-128.30554,-127.62256,-127.25088,-126.56737,-125.88703,-125.50544,-124.82551,-124.43748,-123.75855,-123.08376,-122.68692,-122.01409,-121.61145,-120.94118,-120.53297,-119.86606,-119.45257,-118.78946,-118.371,-117.71227,-117.28915,-116.63538,-116.20796,-115.77736,-115.12836,-114.69391,-114.05129,-113.61337,-113.17247,-112.53668,-112.09282,-111.64613,-111.0185,-110.5694,-110.11763,-109.49923,-109.0456,-108.58949,-107.98137,-107.52399,-107.06432,-106.60239,-106.00715,-105.54473,-105.08028,-104.61385,-104.1455,-103.56721,-103.09932,-102.62977,-102.1586,-101.68588,-101.21166,-100.65611,-100.1835,-99.70967,-99.23467,-98.75859,-98.28149,-97.80346,-97.32456,-96.84488,-96.3645,-95.88349,-95.40194,-94.89617,-94.41846,-93.94047,-93.46229,-92.98399,-92.50565,-92.02736,-91.54919,-91.07122,-90.59354,-90.09301,-89.61149,-89.1305,-88.65015,-88.1705,-87.69164,-87.21365,-86.73661,-86.26058,-85.78566,-85.3119,-84.76468,-84.28909,-83.81492,-83.34224,-82.87112,-82.40163,-81.83116,-81.36097,-80.89266,-80.4263,-79.96194,-79.37387,-78.90977,-78.44791,-77.98832,-77.38682,-76.92828,-76.47222,-75.86007,-75.40565,-74.95391,-74.50489,-73.88267,-73.43597,-72.80583,-72.36187,-71.92088,-71.28348,-70.84581,-70.41126,-69.76779,-69.33705,-68.68775,-68.26119,-67.60663,-67.18462,-66.52539,-66.10826,-65.44495,-65.03303,-64.36625,-63.95983,-63.29018,-62.88955,-62.2176,-61.82292,-61.14932,-60.47178,-60.08609,-59.40782,-58.72623,-58.35042,-57.66904,-56.98496,-56.61969,-55.93675,-55.25171,-54.56481,-54.21456,-53.53007,-52.84432,-52.15753,-51.46998,-50.78188,-50.45652,-49.77268,-49.08886,-48.40529,-47.7222,-47.03981,-46.35826,-45.67776,-44.99863,-44.60296,-43.92202,-43.24301,-42.56613,-41.89157,-41.2195,-40.55012,-40.13157,-39.4628,-38.79721,-38.13495,-37.70518,-37.04478,-36.38816,-35.95049,-35.2966,-34.64689,-34.2024,-33.55611,-33.10632,-32.46409,-31.82662,-31.37187,-30.73918,-30.28035,-29.65291,-29.19043,-28.56867,-28.10298,-27.4873,-27.01886,-26.40962,-25.93889,-25.46491,-24.8638,-24.38805,-23.7943,-23.31719,-22.83711,-22.25273,-21.77191,-21.19559,-20.7144,-20.23083,-19.74496,-19.18179,-18.6963,-18.20879,-17.65713,-17.17054,-16.68217,-16.19217,-15.65559,-15.16719,-14.6774,-14.18627,-13.69389,-13.17675,-12.68662,-12.19549,-11.70345,-11.21058,-10.71697,-10.22436,-9.73403,-9.24319,-8.75192,-8.26031,-7.76842,-7.27636,-6.78421,-6.29202,-5.79987,-5.30784,-4.86288,-4.37551,-3.88845,-3.40173,-2.91538,-2.42955,-1.94431,-1.45974,-0.9759,-0.40973,0.07627,0.56131,1.04531,1.52823,2.01001,2.49057,2.96988,3.44788,3.9245,4.39971,4.87345,5.47557,5.94943,6.42169,6.89228,7.36111,7.82815,8.44628,8.91249,9.37674,9.83899,10.46785,10.92864,11.38728,11.84373,12.48155,12.93595,13.38802,13.83776,14.48288,14.93003,15.37473,16.02593,16.46767,16.90686,17.5631,17.99888,18.66013,19.09222,19.5216,20.18612,20.61149,21.2799,21.70099,22.37267,22.78924,23.46368,23.8755,24.55221,24.95907,25.63751,26.03927,26.71909,27.11555,27.79625,28.47995,28.86828,29.55204,30.23831,30.61798,31.30357,31.99123,32.36175,33.04813,33.73603,34.42527,34.78285,35.46975,36.15751,36.84595,37.53485,38.22418,38.56059,39.24619,39.93166,40.61683,41.30153,41.98559,42.66883,43.35109,44.03227,44.71219,45.09537,45.77657,46.45603,47.1336,47.80914,48.48249,48.88222,49.55537,50.22601,50.89394,51.30354,51.97031,52.634,53.05052,53.71238,54.37082,54.79353,55.44952,56.10182,56.53002,57.17926,57.61152,58.25733,58.69337,59.33536,59.77488,60.41269,60.85542,61.4887,61.93437,62.56279,63.01111,63.63432,64.08498,64.70264,65.15535,65.61051,66.22164,66.67846,67.13761,67.7415,68.20189,68.66443,69.26043,69.72382,70.18918,70.77662,71.24242,71.71001,72.17936,72.75593,73.2252,73.69604,74.16841,74.73304,75.20482,75.67796,76.15242,76.62813,77.17746,77.65196,78.12751,78.60408,79.0816,79.56003,80.08986,80.56635,81.04358,81.52147,81.99999,82.47907,82.95866,83.43871,83.91915,84.39994,84.88102,85.36233,85.84382,86.32542,86.80709,87.28875,87.77037,88.25188,88.73323,89.21435,89.69521,90.17573,90.65587,91.13556,91.61476,92.09341,92.57145,93.04883,93.5255,94.0014,94.53451,95.01223,95.489,95.96478,96.43951,96.91313,97.46544,97.94016,98.4136,98.88571,99.35645,99.92377,100.39497,100.86463,101.33268,101.79909,102.37974,102.84599,103.31042,103.90009,104.36396,104.82584,105.42385,105.88478,106.34357,106.94932,107.40676,107.8619,108.4747,108.92809,109.37902,109.99818,110.44697,111.07157,111.51794,112.14761,112.59128,113.2257,113.66638,114.30522,114.74264,115.38554,115.81941,116.46599,116.89604,117.54593,117.97189,118.62472,119.28126,119.70169,120.3605,120.77612,121.43685,122.10072,122.76761,123.1748,123.84274,124.51333,124.91281,125.5838,126.25706,126.93245,127.60978,128.28891,128.67237,129.35041,130.02986,130.71057,131.39238,132.07513,132.75865,133.44278,134.12735,134.81218,135.49711,136.18188,136.86639,137.21179,137.89944,138.58641,139.2725,139.95753,140.3199,141.00693,141.69244,142.37623,142.75112,143.43597,144.11859,144.50221,145.18516,145.86544,146.25742,146.93731,147.33477,148.01384,148.41661,149.09439,149.76841,150.1783,150.85026,151.26489,151.93428,152.35344,153.01977,153.44317,153.86935,154.53345,154.96364,155.62353,156.05746,156.49406,157.15005,157.59004,158.24062,158.68371,159.12927,159.77426,160.22253,160.67317,161.12614,161.7644,162.21947,162.67674,163.30704,163.76605,164.22713,164.69025,165.15539,165.77506,166.2412,166.70919,167.17899,167.65056,168.25688,168.72867,169.20205,169.67696,170.15336,170.63119,171.11038,171.59085,172.17459,172.65399,173.13449,173.61605,174.09862,174.58214,175.06654,175.55176,176.03775,176.52443,177.01173,177.4996,177.98796,178.47675,178.96589,179.4553,179.94493 -0.02089,-0.02071,-0.02061,-0.02061,-0.02074,-0.02143,-0.02188,-0.02246,-0.02315,-0.02391,-0.0247,-0.0255,-0.02626,-0.02766,-0.02822,-0.02861,-0.02879,-0.02875,-0.02936,-0.02888,-0.02818,-0.02729,-0.02749,-0.02643,-0.02533,-0.02423,-0.02454,-0.02347,-0.02242,-0.02245,-0.02122,-0.01991,-0.01909,-0.01744,-0.01573,-0.01421,-0.01244,-0.01095,-0.00947,-0.00825,-0.00759,-0.00697,-0.00711,-0.00701,-0.0078,-0.00802,-0.00918,-0.00946,-0.01075,-0.01095,-0.01223,-0.01231,-0.01361,-0.01494,-0.01499,-0.0163,-0.0164,-0.01753,-0.01831,-0.01825,-0.01834,-0.01781,-0.01666,-0.01597,-0.01429,-0.01245,-0.01067,-0.01046,-0.00929,-0.00853,-0.00814,-0.00803,-0.00807,-0.00807,-0.00787,-0.00736,-0.00647,-0.00521,-0.00364,-0.00181,0.0002,0.00233,0.00448,0.00655,0.00844,0.00877,0.01026,0.01137,0.01206,0.01166,0.01174,0.01139,0.01067,0.00945,0.00822,0.00676,0.00502,0.00335,0.00144,-0.00017,-0.00152,-0.00332,-0.0041,-0.00562,-0.00556,-0.00662,-0.00554,-0.00603,-0.0039,-0.00378,-0.00082,-0.00023,0.00318,0.00396,0.00476,0.00802,0.00862,0.01133,0.01155,0.01164,0.01327,0.01292,0.01246,0.01308,0.01229,0.01147,0.0115,0.01061,0.00975,0.00975,0.00898,0.00826,0.00762,0.00808,0.00766,0.00739,0.00732,0.00748,0.00932,0.01006,0.01107,0.01231,0.01374,0.01526,0.01848,0.01993,0.02122,0.02231,0.02318,0.02385,0.02434,0.02471,0.02503,0.02537,0.02577,0.02627,0.02709,0.02769,0.02841,0.02922,0.03009,0.03096,0.03182,0.03263,0.03335,0.03399,0.03564,0.03611,0.03646,0.03672,0.03688,0.03696,0.03695,0.03688,0.03675,0.03658,0.03637,0.03718,0.03699,0.03682,0.03667,0.03653,0.03637,0.03744,0.0372,0.03684,0.03633,0.03566,0.03625,0.03527,0.03417,0.03301,0.03305,0.03179,0.03055,0.03053,0.02938,0.02833,0.02739,0.02753,0.02672,0.02704,0.02636,0.0258,0.02637,0.02607,0.02597,0.0271,0.02739,0.02902,0.02965,0.0317,0.03249,0.03485,0.03566,0.03823,0.03895,0.04164,0.04217,0.04476,0.04495,0.04702,0.04663,0.04769,0.04789,0.0462,0.04497,0.04292,0.04012,0.03726,0.03418,0.03127,0.02859,0.02647,0.02513,0.02392,0.02407,0.02507,0.02672,0.02877,0.03093,0.03145,0.03325,0.03457,0.03531,0.03542,0.03493,0.03393,0.0326,0.03114,0.03066,0.02936,0.02843,0.02795,0.0279,0.02815,0.02857,0.02939,0.0299,0.03029,0.03055,0.03157,0.03173,0.0318,0.03293,0.03288,0.03268,0.03362,0.03311,0.03372,0.03288,0.03197,0.03198,0.03094,0.03064,0.02967,0.02925,0.02856,0.02825,0.0279,0.02786,0.02782,0.02806,0.02844,0.02871,0.02932,0.02965,0.03042,0.03124,0.03159,0.03241,0.03267,0.03334,0.03391,0.03438,0.03412,0.03436,0.03456,0.03389,0.03407,0.03433,0.03471,0.03419,0.03484,0.03562,0.03647,0.03734,0.03714,0.03792,0.03858,0.03911,0.03949,0.03976,0.0386,0.03862,0.03857,0.03845,0.03825,0.03795,0.03751,0.03687,0.03601,0.03491,0.03355,0.02988,0.02809,0.0262,0.02431,0.02251,0.0209,0.01953,0.01846,0.01772,0.01965,0.01952,0.01962,0.01989,0.02026,0.02069,0.02112,0.02153,0.02188,0.02215,0.02234,0.02242,0.02402,0.02368,0.02319,0.02254,0.02173,0.02074,0.01992,0.01841,0.01673,0.01491,0.01275,0.01069,0.00865,0.0067,0.00447,0.00288,0.00154,0.00049,-0.00051,-0.00098,-0.00123,-0.00136,-0.00135,-0.00133,-0.00137,-0.00149,-0.00187,-0.00222,-0.00264,-0.00339,-0.00387,-0.00457,-0.00492,-0.00531,-0.00544,-0.00545,-0.00537,-0.00509,-0.00489,-0.00453,-0.00435,-0.00417,-0.00417,-0.00436,-0.0048,-0.00519,-0.00587,-0.00649,-0.00705,-0.00737,-0.00733,-0.00778,-0.00725,-0.00645,-0.00551,-0.00599,-0.00523,-0.00474,-0.00462,-0.00494,-0.0057,-0.00704,-0.00816,-0.00943,-0.01071,-0.0119,-0.01293,-0.0138,-0.01453,-0.01512,-0.01558,-0.01612,-0.01633,-0.01635,-0.01618,-0.01586,-0.01542,-0.01524,-0.01471,-0.0143,-0.01404,-0.01385,-0.01381,-0.01389,-0.01379,-0.01382,-0.01372,-0.0135,-0.01315,-0.01268,-0.01252,-0.01214,-0.01229,-0.01221,-0.01275,-0.01299,-0.01384,-0.0142,-0.01516,-0.01538,-0.01626,-0.01625,-0.01694,-0.01681,-0.01735,-0.01735,-0.01786,-0.01836,-0.01864,-0.01917,-0.0197,-0.02002,-0.02045,-0.02081,-0.02073,-0.02085,-0.02084,-0.02018,-0.0199,-0.01947,-0.01888,-0.01776,-0.01702,-0.01623,-0.01541,-0.01452,-0.01387,-0.0133,-0.01282,-0.01242,-0.01187,-0.0115,-0.01116,-0.01084,-0.01055,-0.0103,-0.00946,-0.00934,-0.00932,-0.0094,-0.00957,-0.00981,-0.0101,-0.01041,-0.0107,-0.01094,-0.0111,-0.01116,-0.0111,-0.01093,-0.01066,-0.01032,-0.00996,-0.00961,-0.00934,-0.00918,-0.00917,-0.00933,-0.00967,-0.01018,-0.01084,-0.01162,-0.01249,-0.01341,-0.01432,-0.01519,-0.01651,-0.01715,-0.01764,-0.01794,-0.01804,-0.01793,-0.01797,-0.01739,-0.01663,-0.01572,-0.0147,-0.01372,-0.01261,-0.01152,-0.01052,-0.0096,-0.00885,-0.00819,-0.00764,-0.00727,-0.00698,-0.00681,-0.00683,-0.00692,-0.00709,-0.00761,-0.00798,-0.00837,-0.00919,-0.0095,-0.00972,-0.0103,-0.0102,-0.01047,-0.01009,-0.01012,-0.00958,-0.00956,-0.00904,-0.00916,-0.00882,-0.00919,-0.00907,-0.00968,-0.00975,-0.01053,-0.01075,-0.01165,-0.01261,-0.01298,-0.014,-0.01438,-0.01533,-0.01615,-0.01678,-0.01687,-0.01719,-0.01728,-0.01712,-0.01693,-0.01656,-0.01605,-0.01541,-0.01467,-0.01398,-0.01291,-0.01168,-0.01027,-0.00872,-0.00707,-0.00541,-0.00388,-0.00258,-0.00164,-0.00108,-0.00094,-0.00115,-0.00197,-0.00241,-0.00292,-0.00338,-0.00372,-0.00434,-0.00446,-0.00447,-0.00446,-0.00488,-0.00487,-0.00493,-0.00527,-0.00543,-0.00574,-0.006,-0.00649,-0.00678,-0.00754,-0.00797,-0.00908,-0.01039,-0.01121,-0.01274,-0.01379,-0.01526,-0.01639,-0.01744,-0.01845,-0.01942,-0.01959,-0.02028,-0.01975,-0.02017,-0.02044,-0.01943,-0.01949,-0.01845,-0.01836,-0.01811,-0.0173,-0.01696,-0.01653,-0.01603,-0.01566,-0.01526,-0.0149,-0.01521,-0.0152,-0.01537,-0.01573,-0.01627,-0.01797,-0.01885,-0.01982,-0.02084,-0.02185,-0.02341,-0.0241,-0.02463,-0.02501,-0.02524,-0.02532,-0.02529,-0.02516,-0.02452,-0.02429,-0.02406,-0.02383,-0.02362,-0.02342,-0.02323,-0.02305,-0.02287,-0.0227,-0.02251,-0.02232,-0.02212,-0.02189,-0.02165,-0.02139,-0.02113
202.5 -179.95616,-179.47876,-179.00147,-178.52434,-178.04738,-177.57066,-177.09425,-176.61823,-176.14266,-175.66762,-175.18106,-174.70301,-174.22571,-173.74922,-173.27363,-172.79901,-172.28984,-171.81299,-171.33734,-170.86296,-170.38995,-169.86284,-169.38845,-168.91569,-168.44461,-167.90373,-167.43174,-166.96166,-166.41018,-165.93967,-165.47133,-165.00522,-164.44146,-163.9756,-163.51222,-162.93918,-162.47656,-161.89651,-161.435,-160.97639,-160.38814,-159.93121,-159.33681,-158.88207,-158.2816,-157.82929,-157.22307,-156.77357,-156.16195,-155.71565,-155.09902,-154.65643,-154.03517,-153.59658,-152.9711,-152.53692,-151.90766,-151.2744,-150.84568,-150.20931,-149.56924,-149.14714,-148.50486,-147.85923,-147.44472,-146.79748,-146.14729,-145.49426,-145.09034,-144.43683,-143.78095,-143.12294,-142.46286,-141.80088,-141.41539,-140.75478,-140.09279,-139.42959,-138.76538,-138.10036,-137.43473,-136.76878,-136.10261,-135.43642,-134.77042,-134.44779,-133.7781,-133.10921,-132.44133,-131.77459,-131.10921,-130.76403,-130.0966,-129.43108,-129.07576,-128.40897,-127.74465,-127.08301,-126.71484,-126.05308,-125.39453,-125.01747,-124.35968,-123.97684,-123.32055,-122.66839,-122.27764,-121.6277,-121.23175,-120.58451,-120.18359,-119.5396,-119.13396,-118.49375,-118.08367,-117.44778,-117.03355,-116.61639,-115.98444,-115.56351,-114.93728,-114.51292,-114.08578,-113.46547,-113.03534,-112.42188,-111.9891,-111.55377,-110.9479,-110.51041,-110.07051,-109.47323,-109.03167,-108.58787,-108.14183,-107.55528,-107.10826,-106.6592,-106.20813,-105.6342,-105.18286,-104.72972,-104.27481,-103.81819,-103.26046,-102.80441,-102.34686,-101.88788,-101.42751,-100.96582,-100.42945,-99.96936,-99.50819,-99.04598,-98.5828,-98.11874,-97.65384,-97.18819,-96.72186,-96.25491,-95.78741,-95.31943,-94.85105,-94.36525,-93.9006,-93.43579,-92.97087,-92.50592,-92.04102,-91.57623,-91.09834,-90.62967,-90.16135,-89.69344,-89.22602,-88.75917,-88.29296,-87.82745,-87.36271,-86.89881,-86.43583,-85.97383,-85.51288,-84.9835,-84.52075,-84.05928,-83.59916,-83.14044,-82.68318,-82.13192,-81.6739,-81.21756,-80.76296,-80.31015,-79.74221,-79.2895,-78.83879,-78.39005,-77.80931,-77.36136,-76.91565,-76.47219,-75.88027,-75.43828,-74.99873,-74.39786,-73.9603,-73.52534,-72.91653,-72.48405,-72.0543,-71.43859,-71.0118,-70.38978,-69.96632,-69.54577,-68.91866,-68.50185,-67.86969,-67.45681,-66.82012,-66.41159,-65.77086,-65.36699,-64.72277,-64.32382,-63.67666,-63.28288,-62.63331,-61.97951,-61.5935,-60.93816,-60.55795,-59.90158,-59.24183,-58.87047,-58.21058,-57.54787,-57.18597,-56.52397,-55.8597,-55.19338,-54.84486,-54.18036,-53.51436,-52.84707,-52.17872,-51.84853,-51.18342,-50.51777,-49.85179,-49.18571,-48.51973,-47.85405,-47.18889,-46.52445,-45.86092,-45.19847,-44.53724,-43.8775,-43.21941,-42.83028,-42.17126,-41.51441,-40.85989,-40.20784,-39.80348,-39.15202,-38.5035,-37.85803,-37.44314,-36.79939,-36.15902,-35.73674,-35.09889,-34.46475,-34.03612,-33.4052,-32.77824,-32.34406,-31.72101,-31.28261,-30.66385,-30.22154,-29.60754,-29.16166,-28.55281,-28.10377,-27.50043,-27.04863,-26.45115,-25.99698,-25.40568,-24.94952,-24.49031,-23.90692,-23.44628,-22.86978,-22.4079,-21.94339,-21.37579,-20.91076,-20.44334,-19.88542,-19.41802,-18.94857,-18.47704,-17.93185,-17.461,-16.98833,-16.45405,-15.98252,-15.50942,-15.03481,-14.55879,-14.04204,-13.56793,-13.09261,-12.61604,-12.13845,-11.64027,-11.16529,-10.68951,-10.21304,-9.73596,-9.2583,-8.78016,-8.30161,-7.83449,-7.35953,-6.88436,-6.40905,-5.93366,-5.45828,-4.98297,-4.5078,-4.03283,-3.5581,-3.0836,-2.60951,-2.13591,-1.66284,-1.19036,-0.71855,-0.24745,0.22287,0.69235,1.16095,1.6286,2.09525,2.65654,3.12434,3.59093,4.05627,4.52034,4.98306,5.4444,5.90438,6.48826,6.94821,7.40656,7.86327,8.31831,8.9156,9.36979,9.82215,10.27266,10.72128,11.32944,11.77655,12.22165,12.83799,13.28113,13.72213,14.16098,14.78424,15.22062,15.65483,16.28402,16.71539,17.14442,17.77862,18.20449,18.84359,19.26603,19.68598,20.32823,20.74444,21.39045,21.80267,22.45197,22.85999,23.51228,23.91591,24.57056,24.96958,25.62613,26.02042,26.67843,27.33979,27.72677,28.38883,28.77059,29.43309,30.09816,30.47185,31.13649,31.80321,32.16842,32.83401,33.50125,34.17001,34.52315,35.19004,35.85796,36.52672,37.19616,37.53303,38.1994,38.86602,39.53273,40.19943,40.86595,41.53205,42.19758,42.86236,43.52625,44.1891,44.85075,45.51108,45.88356,46.54505,47.20481,47.86269,48.51856,49.1723,49.5603,50.21367,50.86453,51.26009,51.91004,52.55715,53.2013,53.60509,54.24742,54.65596,55.29608,55.93273,56.34664,56.98051,57.3985,58.02928,58.65612,59.07835,59.70152,60.12707,60.74623,61.17482,61.78964,62.22105,62.65518,63.26513,63.70168,64.30655,64.74524,65.34468,65.78522,66.22811,66.82109,67.26544,67.71199,68.29786,68.7455,69.19517,69.7733,70.2237,70.67601,71.24584,71.69848,72.15283,72.60884,73.1681,73.62396,74.0813,74.54009,75.0878,75.54596,76.0054,76.46607,76.92792,77.3909,77.92151,78.38317,78.84578,79.30933,79.77373,80.23894,80.7049,81.21359,81.67743,82.14186,82.60683,83.07228,83.53816,84.00442,84.471,84.93786,85.40494,85.87219,86.33956,86.80698,87.27442,87.74181,88.20911,88.67626,89.14321,89.6099,90.07629,90.54231,91.00792,91.47307,91.9377,92.40177,92.86522,93.37646,93.84193,94.30661,94.77047,95.23343,95.69547,96.15651,96.68941,97.15169,97.6128,98.07271,98.53138,98.98875,99.53844,99.99633,100.45276,100.90769,101.46877,101.92374,102.37705,102.82863,103.40011,103.85126,104.30054,104.88021,105.32869,105.77513,106.36241,106.80767,107.25075,107.84496,108.28648,108.72566,109.32615,109.7634,110.36924,110.8043,111.41519,111.84779,112.27769,112.8933,113.32037,113.94023,114.36421,114.988,115.40861,116.03594,116.45291,117.08346,117.71775,118.12997,118.76695,119.17485,119.81413,120.45665,120.85868,121.50293,122.15012,122.54557,123.19388,123.8447,124.49799,124.88422,125.53779,126.19346,126.8511,127.5106,127.88382,128.54247,129.20257,129.86398,130.52654,131.19003,131.85437,132.51942,133.18501,133.85099,134.5172,135.18347,135.84965,136.51557,137.18105,137.52249,138.19075,138.85808,139.52439,140.1895,140.54673,141.21354,141.87871,142.54206,142.91103,143.57518,144.23706,144.6143,145.27631,145.9356,146.32064,146.97931,147.36933,148.02702,148.42199,149.07827,149.73079,150.13245,150.78283,151.18893,151.83671,152.24701,152.8917,153.30604,153.72292,154.36534,154.78597,155.42419,155.84825,156.27474,156.90913,157.33882,157.96788,158.40049,158.83539,159.45902,159.89648,160.33613,160.95336,161.39519,161.83907,162.28496,162.89445,163.342,163.79147,164.24284,164.843,165.29544,165.74965,166.20557,166.6632,167.25119,167.70923,168.16879,168.62985,169.09235,169.55627,170.12778,170.59121,171.05586,171.52165,171.98849,172.4564,172.92534,173.39525,173.86608,174.33777,174.81028,175.28353,175.75747,176.23203,176.70718,177.18283,177.65893,178.13541,178.61221,179.08926,179.56649 -0.02062,-0.02042,-0.02026,-0.02016,-0.02014,-0.02023,-0.02043,-0.02074,-0.02116,-0.02166,-0.02255,-0.02323,-0.02393,-0.0246,-0.0252,-0.02568,-0.02657,-0.02669,-0.02655,-0.02613,-0.02543,-0.02529,-0.02416,-0.02289,-0.02153,-0.02135,-0.02011,-0.01899,-0.01934,-0.01846,-0.01768,-0.01694,-0.01724,-0.01633,-0.01532,-0.01474,-0.01345,-0.01227,-0.01094,-0.00977,-0.00861,-0.00789,-0.00713,-0.007,-0.00678,-0.00711,-0.00729,-0.00784,-0.0082,-0.00871,-0.00911,-0.00944,-0.00991,-0.01007,-0.0107,-0.01083,-0.01174,-0.01291,-0.01314,-0.0145,-0.01582,-0.01595,-0.01686,-0.01729,-0.01694,-0.01665,-0.0159,-0.01485,-0.01436,-0.0134,-0.0126,-0.01203,-0.01168,-0.01149,-0.01203,-0.01169,-0.01107,-0.01006,-0.00864,-0.00688,-0.00488,-0.00277,-0.00066,0.00136,0.00326,0.00391,0.00575,0.00743,0.00891,0.01012,0.01105,0.01181,0.01232,0.01251,0.01275,0.01249,0.012,0.01131,0.01063,0.00959,0.00847,0.00713,0.0059,0.00433,0.0033,0.00263,0.0012,0.00115,-1e-05,0.00073,-4e-05,0.00153,0.00122,0.0036,0.00376,0.00675,0.00727,0.00789,0.01119,0.01183,0.01483,0.01522,0.01548,0.01757,0.01738,0.01862,0.018,0.01724,0.01756,0.01655,0.01551,0.01551,0.01451,0.01357,0.0127,0.01318,0.01251,0.01189,0.01135,0.01254,0.01221,0.01201,0.01199,0.01218,0.01442,0.01512,0.01608,0.01728,0.01864,0.0201,0.02288,0.02412,0.02517,0.02599,0.02655,0.02688,0.02699,0.02697,0.02687,0.02676,0.02669,0.02672,0.02688,0.02668,0.02695,0.02733,0.0278,0.02833,0.02887,0.02942,0.03113,0.03164,0.03209,0.03246,0.03276,0.033,0.03316,0.03326,0.03329,0.03325,0.03315,0.03299,0.03278,0.03384,0.03359,0.03332,0.03304,0.03274,0.03242,0.03347,0.03307,0.03256,0.03195,0.03124,0.03195,0.03108,0.03017,0.02924,0.02948,0.02852,0.02763,0.02684,0.02676,0.02604,0.02542,0.02528,0.02476,0.02432,0.02425,0.02392,0.0237,0.02392,0.02392,0.02457,0.02489,0.02534,0.02664,0.02729,0.02889,0.02952,0.03127,0.03175,0.03362,0.03388,0.0359,0.03594,0.03805,0.03779,0.03978,0.04151,0.04048,0.04133,0.03954,0.03922,0.0381,0.03537,0.03339,0.03102,0.02832,0.02608,0.02413,0.02272,0.02167,0.02152,0.02213,0.0234,0.02515,0.02584,0.02779,0.02963,0.03117,0.0323,0.03296,0.03311,0.0328,0.03209,0.03108,0.02991,0.02875,0.02773,0.02694,0.02696,0.02661,0.02648,0.02648,0.02652,0.02718,0.02723,0.02723,0.02716,0.02795,0.02789,0.02781,0.02869,0.02859,0.02846,0.02927,0.02903,0.02878,0.02935,0.02899,0.02932,0.02884,0.02892,0.02834,0.02825,0.02765,0.02755,0.02705,0.02706,0.02671,0.02689,0.02674,0.02713,0.02761,0.02782,0.02849,0.02896,0.02972,0.03048,0.03097,0.03156,0.03205,0.03203,0.03216,0.03217,0.03211,0.03121,0.03105,0.03098,0.02996,0.03017,0.0306,0.03124,0.03204,0.03163,0.03256,0.03344,0.0342,0.03481,0.03373,0.03391,0.03392,0.03378,0.03353,0.03321,0.03283,0.03238,0.02949,0.02879,0.02797,0.02699,0.02584,0.02451,0.023,0.02138,0.0197,0.01802,0.01642,0.01498,0.01373,0.01272,0.01198,0.01146,0.01118,0.01108,0.01115,0.01132,0.0116,0.01196,0.01442,0.01491,0.01541,0.01592,0.01641,0.01685,0.01722,0.01748,0.01896,0.01872,0.01829,0.01766,0.01682,0.01617,0.01477,0.01321,0.01153,0.0098,0.00781,0.00609,0.0045,0.00271,0.00152,0.00056,-0.00018,-0.00088,-0.00119,-0.00139,-0.00145,-0.00151,-0.00157,-0.00161,-0.00179,-0.00212,-0.00249,-0.00291,-0.00361,-0.00408,-0.00477,-0.00515,-0.00556,-0.00576,-0.00579,-0.00583,-0.00554,-0.00549,-0.00506,-0.00506,-0.00476,-0.00471,-0.00508,-0.00552,-0.00625,-0.00712,-0.00811,-0.00916,-0.01006,-0.01067,-0.01166,-0.0118,-0.01156,-0.01105,-0.01181,-0.0112,-0.01065,-0.01028,-0.01013,-0.01113,-0.01124,-0.01153,-0.01192,-0.01233,-0.0127,-0.01302,-0.01331,-0.01358,-0.01386,-0.01415,-0.01439,-0.01459,-0.01492,-0.01499,-0.01496,-0.01485,-0.01469,-0.01456,-0.0146,-0.01458,-0.01471,-0.0147,-0.01496,-0.01525,-0.01548,-0.01519,-0.01512,-0.01459,-0.01421,-0.01373,-0.01304,-0.01262,-0.01211,-0.01198,-0.0121,-0.01201,-0.01246,-0.01261,-0.01324,-0.01352,-0.01419,-0.01447,-0.01482,-0.01543,-0.01575,-0.0164,-0.01674,-0.01736,-0.01767,-0.01802,-0.01832,-0.01857,-0.01881,-0.01848,-0.01858,-0.01867,-0.01774,-0.01774,-0.01771,-0.01655,-0.0165,-0.01639,-0.01622,-0.01522,-0.01502,-0.01473,-0.01438,-0.01367,-0.01327,-0.01279,-0.01225,-0.01165,-0.01103,-0.00999,-0.00931,-0.0087,-0.00819,-0.00781,-0.00757,-0.00749,-0.00713,-0.00739,-0.00778,-0.00823,-0.00873,-0.00923,-0.0097,-0.01009,-0.01039,-0.01058,-0.01065,-0.01062,-0.01049,-0.0103,-0.01008,-0.00987,-0.0097,-0.00961,-0.00963,-0.00978,-0.01005,-0.01044,-0.01095,-0.01153,-0.01217,-0.01281,-0.01344,-0.01412,-0.01471,-0.01517,-0.01549,-0.01566,-0.01566,-0.01622,-0.01593,-0.01548,-0.01488,-0.01415,-0.01332,-0.01283,-0.01183,-0.01082,-0.00984,-0.00915,-0.00831,-0.00759,-0.00697,-0.0067,-0.00633,-0.00609,-0.00617,-0.00616,-0.00626,-0.00664,-0.00695,-0.00735,-0.00791,-0.00838,-0.00888,-0.00926,-0.00959,-0.00963,-0.00973,-0.00942,-0.00932,-0.00923,-0.00867,-0.00855,-0.0081,-0.00808,-0.00791,-0.00803,-0.00817,-0.00841,-0.00882,-0.00942,-0.00973,-0.01049,-0.01081,-0.01165,-0.01254,-0.01271,-0.01352,-0.01428,-0.01417,-0.0148,-0.01537,-0.01582,-0.01556,-0.01585,-0.01592,-0.01572,-0.01523,-0.01473,-0.01376,-0.0124,-0.01068,-0.00867,-0.00649,-0.00427,-0.0022,-0.00043,0.00089,0.0017,0.00201,0.00186,0.00139,0.00073,0.0001,-0.00058,-0.00116,-0.00157,-0.0018,-0.00221,-0.00226,-0.00227,-0.00233,-0.00281,-0.00306,-0.0035,-0.00409,-0.00473,-0.00552,-0.00606,-0.00693,-0.0074,-0.00834,-0.00879,-0.00981,-0.01083,-0.01141,-0.01238,-0.01303,-0.01373,-0.01438,-0.01456,-0.01511,-0.01568,-0.01511,-0.01558,-0.0146,-0.01508,-0.01558,-0.01469,-0.01527,-0.01477,-0.01541,-0.01595,-0.01592,-0.01633,-0.01658,-0.01674,-0.0168,-0.01675,-0.01665,-0.01706,-0.0171,-0.01723,-0.01748,-0.01862,-0.01921,-0.01992,-0.02071,-0.02155,-0.02289,-0.02358,-0.02414,-0.02455,-0.0248,-0.02488,-0.02453,-0.02429,-0.02399,-0.02368,-0.0234,-0.02315,-0.02297,-0.02285,-0.02278,-0.02273,-0.02268,-0.02262,-0.02253,-0.0224,-0.02225,-0.02206,-0.02185,-0.02162,-0.02137,-0.02112,-0.02086
208.125 -179.87214,-179.41051,-178.94909,-178.48799,-178.02708,-177.5626,-177.0985,-176.63485,-176.17171,-175.70917,-175.24728,-174.78612,-174.29636,-173.83269,-173.36996,-172.90823,-172.44758,-171.98807,-171.47787,-171.0166,-170.5567,-170.09824,-169.64144,-169.11532,-168.6575,-168.20141,-167.74714,-167.2086,-166.75381,-166.30107,-165.75314,-165.30034,-164.8498,-164.2929,-163.84276,-163.39511,-162.82981,-162.38305,-161.93902,-161.3659,-160.92325,-160.34422,-159.9035,-159.31894,-158.8803,-158.44493,-157.85411,-157.42142,-156.82563,-156.3959,-155.79547,-155.36906,-154.76431,-154.15557,-153.73288,-153.12034,-152.70193,-152.08599,-151.67222,-151.05328,-150.43092,-150.02309,-149.39857,-148.77092,-148.36998,-147.74064,-147.10851,-146.47368,-146.08228,-145.44687,-144.80915,-144.16926,-143.78925,-143.14973,-142.50845,-141.86557,-141.22124,-140.57561,-139.92886,-139.28115,-138.63267,-137.98371,-137.33431,-136.68466,-136.03494,-135.38552,-134.73644,-134.08787,-133.44,-132.79303,-132.46157,-131.81215,-131.16411,-130.51764,-130.17319,-129.52523,-128.87931,-128.23565,-127.87902,-127.2349,-126.59364,-126.22853,-125.5877,-124.95015,-124.57706,-123.94064,-123.56238,-122.92751,-122.29669,-121.91138,-121.28289,-120.89294,-120.26725,-119.87287,-119.25047,-118.8519,-118.23328,-117.83075,-117.21663,-116.81043,-116.40161,-115.79142,-115.37924,-114.77446,-114.35922,-113.94149,-113.3423,-112.92191,-112.49912,-111.90646,-111.48141,-111.05409,-110.46896,-110.03983,-109.60854,-109.03195,-108.59936,-108.16476,-107.5976,-107.16212,-106.72479,-106.28564,-105.84471,-105.29062,-104.84957,-104.4069,-103.96267,-103.51692,-102.97828,-102.53318,-102.08677,-101.63907,-101.19016,-100.74006,-100.22166,-99.77318,-99.32373,-98.87337,-98.42216,-97.97016,-97.51742,-97.06401,-96.61,-96.15543,-95.70038,-95.24492,-94.76993,-94.31781,-93.86547,-93.41299,-92.96043,-92.50784,-92.05531,-91.60288,-91.15063,-90.68176,-90.22605,-89.77072,-89.31583,-88.86145,-88.40763,-87.95445,-87.50196,-87.05023,-86.59931,-86.14927,-85.70017,-85.18727,-84.73644,-84.28676,-83.83827,-83.39105,-82.94511,-82.50051,-81.96494,-81.51967,-81.07595,-80.63383,-80.19336,-79.64248,-79.2021,-78.76355,-78.32685,-77.76412,-77.32815,-76.8942,-76.32198,-75.88922,-75.45865,-75.03028,-74.44887,-74.02228,-73.59802,-73.00916,-72.58706,-71.9916,-71.572,-71.15494,-70.5536,-70.13948,-69.53258,-69.12173,-68.71357,-68.10242,-67.69789,-67.0823,-66.68168,-66.06212,-65.66568,-65.04264,-64.6506,-64.02456,-63.63716,-63.00861,-62.37592,-61.99546,-61.36104,-60.98558,-60.3499,-59.71086,-59.34329,-58.70377,-58.06133,-57.70223,-57.06006,-56.41549,-56.06534,-55.4218,-54.77638,-54.12927,-53.48067,-53.14677,-52.50048,-51.85319,-51.20508,-50.55636,-49.90722,-49.25785,-48.60844,-47.95919,-47.65873,-47.01384,-46.66189,-46.01419,-45.36729,-44.72145,-44.0768,-43.43343,-42.7916,-42.15147,-41.51318,-41.13235,-40.49381,-39.85754,-39.22366,-38.83182,-38.19874,-37.56843,-36.941,-36.53982,-35.91418,-35.29175,-34.88386,-34.26391,-33.85084,-33.23381,-32.62046,-32.20205,-31.59204,-31.16942,-30.56331,-30.13685,-29.53503,-29.10509,-28.50789,-28.07485,-27.48262,-27.04684,-26.45987,-26.02171,-25.44029,-25.00012,-24.55702,-23.9827,-23.53813,-22.97001,-22.52428,-22.0757,-21.51557,-21.06633,-20.61468,-20.0633,-19.61148,-19.15748,-18.61534,-18.16163,-17.70598,-17.24846,-16.71858,-16.26194,-15.80368,-15.34385,-14.827,-14.36863,-13.90897,-13.44805,-12.98591,-12.48564,-12.02541,-11.56421,-11.10209,-10.63914,-10.17544,-9.71104,-9.2354,-8.77394,-8.31199,-7.84961,-7.38688,-6.92385,-6.46062,-5.99725,-5.5338,-5.07031,-4.60687,-4.14353,-3.68032,-3.2172,-2.75437,-2.29189,-1.82983,-1.36825,-0.9072,-0.44673,0.01309,0.47222,0.93061,1.3882,1.84495,2.3008,2.75571,3.20964,3.66254,4.2087,4.66234,5.11477,5.56601,6.01606,6.46477,6.91213,7.47689,7.92401,8.36962,8.81368,9.25618,9.83331,10.27487,10.71472,11.15285,11.73945,12.17612,12.61095,13.04392,13.63848,14.06953,14.49863,15.10004,15.52694,15.95179,16.55894,16.98113,17.4012,18.01314,18.43023,19.0471,19.46101,19.87268,20.49297,20.90115,21.52525,21.92974,22.55719,22.95777,23.58812,23.98463,24.61744,25.00975,25.64478,26.03273,26.66928,27.30926,27.69038,28.33124,28.70755,29.34889,29.99292,30.3617,31.0057,31.65198,32.01287,32.65834,33.30561,33.9545,34.30411,34.95134,35.59977,36.24933,36.89978,37.23423,37.882,38.53021,39.17873,39.82737,40.476,41.12444,41.77263,42.42041,43.06755,43.7139,44.35933,45.00369,45.64684,46.28865,46.64982,47.29257,47.93366,48.57291,49.21019,49.58421,50.22127,50.85604,51.48839,51.87144,52.50276,53.13142,53.52104,54.14812,54.77217,55.16757,55.78945,56.18918,56.80855,57.21233,57.82885,58.44171,58.84978,59.45935,59.8708,60.47668,60.89122,61.4931,61.91047,62.50806,62.92799,63.35055,63.94323,64.368,64.95568,65.38248,65.81164,66.39335,66.82408,67.4001,67.83215,68.26631,68.83535,69.27047,69.70753,70.26903,70.7067,71.14617,71.58741,72.13934,72.58071,73.02367,73.46821,74.00959,74.4538,74.8994,75.34632,75.79453,76.3224,76.76973,77.21818,77.66772,78.11828,78.63125,79.08039,79.53041,79.98124,80.43284,80.88516,81.33815,81.79178,82.24598,82.7007,83.18356,83.63579,84.08839,84.54131,84.99449,85.44788,85.90144,86.35511,86.80884,87.26259,87.7163,88.16992,88.62341,89.07671,89.52977,89.98255,90.43499,90.88704,91.33866,91.82608,92.28,92.73333,93.18602,93.63802,94.08928,94.53975,94.98938,95.43813,95.95251,96.4026,96.85165,97.29961,97.74643,98.19207,98.72323,99.16955,99.61453,100.05813,100.60062,101.04444,101.48671,101.9274,102.48033,102.9208,103.35952,103.79645,104.3588,104.79505,105.22937,105.79918,106.23246,106.66365,107.24035,107.67015,108.09771,108.68068,109.1065,109.69473,110.11854,110.7117,111.13325,111.5522,112.15011,112.56644,113.16862,113.58209,114.18821,114.59856,115.20831,115.61527,116.22833,116.63166,117.24769,117.86721,118.2658,118.88769,119.28197,119.90597,120.53297,120.92143,121.54999,122.18125,122.5632,123.19543,123.83006,124.46698,124.83987,125.47695,126.1159,126.75665,127.11917,127.75924,128.40078,129.04364,129.68771,130.33284,130.97889,131.62571,132.27315,132.92106,133.5692,134.21752,134.86585,135.51405,136.16196,136.80941,137.45625,137.79447,138.44374,139.092,139.73909,140.38484,140.73792,141.38497,142.03025,142.67359,143.03761,143.6815,144.32301,144.69475,145.33618,145.97479,146.35383,146.9917,147.37545,148.01219,148.40052,149.03563,149.66693,150.06144,150.69049,151.08913,151.71551,152.11809,152.74135,153.14763,153.55622,154.17711,154.5892,155.2059,155.62127,156.23333,156.65175,157.07231,157.67987,158.10311,158.52843,159.13065,159.55839,159.98812,160.58409,161.01589,161.44959,161.88518,162.47376,162.91084,163.34969,163.92978,164.36982,164.8115,165.25481,165.69972,166.26865,166.7141,167.16096,167.60924,168.05891,168.50994,169.06375,169.5145,169.96644,170.41954,170.87373,171.329,171.78524,172.24236,172.77295,173.22863,173.68509,174.14228,174.60016,175.05866,175.51775,175.97735,176.43742,176.89791,177.35874,177.81988,178.28124,178.74279,179.20444,179.66616 -0.01905,-0.0191,-0.01919,-0.01932,-0.01972,-0.01987,-0.02007,-0.02032,-0.02064,-0.021,-0.02141,-0.02184,-0.02272,-0.02321,-0.02363,-0.02395,-0.02412,-0.02408,-0.02455,-0.02403,-0.02322,-0.02215,-0.02086,-0.02023,-0.01872,-0.0172,-0.01575,-0.01548,-0.01438,-0.01346,-0.0139,-0.01325,-0.01264,-0.01324,-0.01252,-0.01169,-0.01175,-0.01073,-0.00972,-0.00938,-0.00858,-0.00828,-0.00797,-0.00794,-0.00817,-0.00861,-0.00898,-0.00963,-0.00988,-0.01046,-0.01043,-0.01077,-0.0105,-0.01023,-0.01029,-0.01011,-0.01011,-0.01024,-0.01029,-0.01082,-0.01165,-0.01172,-0.01273,-0.01376,-0.01349,-0.01421,-0.01465,-0.01478,-0.01409,-0.01402,-0.01386,-0.0137,-0.01352,-0.01362,-0.0137,-0.01365,-0.01333,-0.0126,-0.01138,-0.00965,-0.00751,-0.00512,-0.0027,-0.00043,0.00154,0.00316,0.00442,0.00536,0.00604,0.00653,0.00726,0.00777,0.00815,0.00846,0.00955,0.0098,0.01002,0.01024,0.01089,0.0109,0.01085,0.01073,0.01034,0.00988,0.00903,0.00846,0.00736,0.00698,0.00693,0.00596,0.00646,0.00574,0.00691,0.0065,0.00831,0.00826,0.01066,0.01096,0.01378,0.01432,0.01492,0.01788,0.01843,0.02098,0.02125,0.02137,0.02292,0.02258,0.02206,0.02253,0.02166,0.02069,0.02055,0.01951,0.0185,0.0185,0.01772,0.01704,0.01769,0.0173,0.01696,0.01664,0.01634,0.01772,0.01753,0.0174,0.01738,0.01752,0.01942,0.01995,0.02072,0.02168,0.02279,0.02396,0.02603,0.02697,0.02772,0.02822,0.02846,0.02845,0.02822,0.02784,0.02735,0.02683,0.02635,0.02595,0.02525,0.02498,0.02487,0.0249,0.02505,0.02531,0.02564,0.02602,0.02641,0.02794,0.0283,0.0286,0.02884,0.029,0.02908,0.02909,0.02903,0.02891,0.02873,0.02849,0.02821,0.02955,0.02922,0.02886,0.02848,0.02805,0.02759,0.02708,0.02832,0.02772,0.02705,0.02636,0.02567,0.0266,0.0259,0.02528,0.02476,0.02546,0.02501,0.02466,0.02503,0.02472,0.02448,0.0243,0.02426,0.02406,0.0239,0.02368,0.02354,0.02338,0.02336,0.02341,0.0237,0.02396,0.02471,0.02511,0.02544,0.02655,0.02673,0.0279,0.02782,0.02903,0.02867,0.02995,0.02933,0.03072,0.02984,0.03128,0.03274,0.03135,0.03241,0.03056,0.03095,0.03082,0.02846,0.02768,0.02652,0.02439,0.02319,0.02202,0.02088,0.02033,0.02018,0.02051,0.02132,0.02171,0.02296,0.02436,0.02576,0.02704,0.0281,0.02888,0.02935,0.02949,0.02827,0.02799,0.02885,0.02816,0.02732,0.02646,0.02565,0.02496,0.02442,0.024,0.02367,0.02418,0.02393,0.02368,0.02343,0.02412,0.02393,0.02376,0.02364,0.02443,0.02438,0.02435,0.02514,0.02513,0.02589,0.02589,0.02591,0.02655,0.0265,0.02698,0.02674,0.02699,0.0265,0.02656,0.02589,0.02589,0.0252,0.02529,0.02475,0.02502,0.02478,0.0253,0.02588,0.0262,0.027,0.02768,0.02856,0.02939,0.03011,0.03073,0.03116,0.03128,0.03126,0.03104,0.03027,0.02969,0.02908,0.02851,0.02724,0.02689,0.02679,0.02698,0.02619,0.02676,0.0275,0.0283,0.02906,0.02809,0.02849,0.02869,0.02866,0.02842,0.02801,0.02747,0.02469,0.02392,0.02314,0.02233,0.02151,0.02066,0.01978,0.01883,0.01783,0.01676,0.01565,0.01453,0.01342,0.01238,0.01141,0.01055,0.00981,0.0092,0.00873,0.00839,0.00815,0.008,0.00794,0.00797,0.0081,0.00833,0.00867,0.00913,0.00967,0.01143,0.01209,0.01273,0.0133,0.01375,0.01404,0.01415,0.015,0.0146,0.01398,0.01316,0.01213,0.01125,0.00985,0.00839,0.00694,0.00538,0.00403,0.00282,0.00178,0.00062,-9e-05,-0.00064,-0.00122,-0.00151,-0.00172,-0.00186,-0.00195,-0.00202,-0.00205,-0.00215,-0.00239,-0.00261,-0.00285,-0.00351,-0.00384,-0.00462,-0.00493,-0.00559,-0.00585,-0.00624,-0.00644,-0.00651,-0.00672,-0.00656,-0.00683,-0.00665,-0.00659,-0.00719,-0.00758,-0.00849,-0.00936,-0.01047,-0.01167,-0.01285,-0.01389,-0.01491,-0.01552,-0.01576,-0.01568,-0.01611,-0.01572,-0.01523,-0.01474,-0.01428,-0.01448,-0.01406,-0.01373,-0.01347,-0.01327,-0.0131,-0.01298,-0.0129,-0.01288,-0.01293,-0.01303,-0.01314,-0.01324,-0.01332,-0.01335,-0.01366,-0.01362,-0.01356,-0.01354,-0.01361,-0.01394,-0.01425,-0.01477,-0.01544,-0.01579,-0.01643,-0.01696,-0.01688,-0.01702,-0.01693,-0.0164,-0.01609,-0.01543,-0.01517,-0.01453,-0.01455,-0.01486,-0.01449,-0.0152,-0.01498,-0.016,-0.01585,-0.01701,-0.01685,-0.01799,-0.01779,-0.01763,-0.01853,-0.01833,-0.01891,-0.01864,-0.01842,-0.01834,-0.01799,-0.01729,-0.01684,-0.01643,-0.01515,-0.01477,-0.01448,-0.01319,-0.01309,-0.01309,-0.01317,-0.01246,-0.01269,-0.01293,-0.01314,-0.01287,-0.01298,-0.01296,-0.0128,-0.01249,-0.01185,-0.01123,-0.01049,-0.00968,-0.00885,-0.00784,-0.00715,-0.00662,-0.00629,-0.00618,-0.0063,-0.00662,-0.0071,-0.00771,-0.00839,-0.0095,-0.01025,-0.01095,-0.01155,-0.01206,-0.01245,-0.01274,-0.01292,-0.01304,-0.01309,-0.01312,-0.01314,-0.01317,-0.01321,-0.01328,-0.01338,-0.01349,-0.01361,-0.01374,-0.01327,-0.01351,-0.01371,-0.01386,-0.01394,-0.01394,-0.01383,-0.01363,-0.01335,-0.01363,-0.0133,-0.01289,-0.01243,-0.01193,-0.01138,-0.01149,-0.0108,-0.0101,-0.00941,-0.00902,-0.00832,-0.0077,-0.0072,-0.00672,-0.00639,-0.00622,-0.00619,-0.00597,-0.00614,-0.00643,-0.00655,-0.00706,-0.00772,-0.00818,-0.00902,-0.00997,-0.01048,-0.01143,-0.01161,-0.01237,-0.01206,-0.01253,-0.01292,-0.01198,-0.01215,-0.01107,-0.01115,-0.01018,-0.01027,-0.00957,-0.0097,-0.00932,-0.00949,-0.00941,-0.00954,-0.00976,-0.01007,-0.01023,-0.01058,-0.01096,-0.01081,-0.01108,-0.01138,-0.01088,-0.01124,-0.01175,-0.01241,-0.01195,-0.01271,-0.01339,-0.01387,-0.01344,-0.01355,-0.01324,-0.01245,-0.01116,-0.00943,-0.00736,-0.00512,-0.00291,-0.00095,0.00062,0.00169,0.00224,0.00235,0.0021,0.00165,0.00112,0.00071,0.0002,-0.00017,-0.00036,-0.00038,-0.00064,-0.00056,-0.0005,-0.00056,-0.00102,-0.00141,-0.00206,-0.00284,-0.0038,-0.00488,-0.00573,-0.00682,-0.00755,-0.00852,-0.00912,-0.00994,-0.01062,-0.01112,-0.01156,-0.01197,-0.01202,-0.01229,-0.01181,-0.0119,-0.01198,-0.01091,-0.01095,-0.00978,-0.00999,-0.00918,-0.00973,-0.01043,-0.01049,-0.0115,-0.01256,-0.01322,-0.01427,-0.0152,-0.01583,-0.01649,-0.01698,-0.01731,-0.01757,-0.01781,-0.01803,-0.01829,-0.01865,-0.01909,-0.01964,-0.02028,-0.0207,-0.02139,-0.02207,-0.02267,-0.02317,-0.02353,-0.02289,-0.02293,-0.02286,-0.02268,-0.02246,-0.02221,-0.02198,-0.02179,-0.0211,-0.02106,-0.02103,-0.02101,-0.02096,-0.02087,-0.02073,-0.02055,-0.02032,-0.02008,-0.01982,-0.01958,-0.01937,-0.01921,-0.0191,-0.01905
100.0 -179.88556,-178.9229,-177.95995,-176.99724,-176.06711,-175.09065,-174.1161,-173.14401,-172.17492,-171.20935,-170.183,-169.21056,-168.24342,-167.28205,-166.19624,-165.23301,-164.27728,-163.14838,-162.19473,-161.25025,-160.08454,-159.14626,-157.95237,-157.02321,-155.80432,-154.88717,-153.64679,-152.74449,-151.48638,-150.20942,-149.32978,-148.04127,-146.73735,-145.88771,-144.57887,-143.2585,-141.92808,-140.58916,-139.24336,-137.89231,-136.53774,-135.18143,-133.82514,-132.47064,-131.11971,-130.43927,-129.07932,-127.72746,-127.00289,-125.64905,-124.30782,-123.54489,-122.20895,-121.42152,-120.0954,-119.28585,-117.97405,-117.14504,-115.85203,-115.00639,-113.7365,-112.87725,-112.00567,-110.76474,-109.8838,-108.99202,-108.08976,-106.89194,-105.98615,-105.07166,-104.14896,-103.00851,-102.0883,-101.16184,-100.22969,-99.29243,-98.35067,-97.40501,-96.45611,-95.50459,-94.50924,-93.57319,-92.63656,-91.69999,-90.7312,-89.77805,-88.82698,-87.87864,-86.93367,-85.99271,-85.05637,-84.12526,-83.19996,-82.08013,-81.1511,-80.22989,-79.31699,-78.41289,-77.22623,-76.32585,-75.43604,-74.20945,-73.32794,-72.45857,-71.20049,-70.34381,-69.50056,-68.21995,-67.39342,-66.09422,-65.28723,-63.97389,-63.18908,-61.86606,-60.52777,-59.77764,-58.43695,-57.08537,-56.37641,-55.02971,-53.67669,-52.31914,-50.95885,-50.32987,-48.98674,-47.64531,-46.3073,-44.97441,-44.17966,-42.84069,-41.51127,-40.19295,-38.88722,-38.03178,-36.73245,-35.4496,-34.56521,-33.29551,-32.04564,-31.13986,-29.90929,-28.98944,-27.78188,-26.85089,-25.66979,-24.73059,-23.78128,-22.6346,-21.68125,-20.71943,-19.61399,-18.65229,-17.68391,-16.6256,-15.66133,-14.6922,-13.71871,-12.74139,-11.76027,-10.79329,-9.82426,-8.85374,-7.8823,-6.91049,-5.93887,-4.96801,-3.99845,-3.03076,-2.06546,-1.1031,-0.1442,0.81074,1.76122,2.70676,3.6469,4.58113,5.50906,6.43031,7.65389,8.57354,9.48503,10.38801,11.65095,12.54765,13.43455,14.31142,15.6019,16.46811,17.32326,18.6318,19.47315,20.79688,21.62223,22.95775,23.76502,25.1087,25.89606,27.24454,28.01025,29.36024,30.71884,31.45101,32.80572,34.16567,34.86013,36.21102,37.56387,38.91732,40.27009,41.62087,42.9684,44.31142,45.64871,46.97907,48.3013,49.09508,50.41614,51.72611,52.54787,53.85173,55.14171,55.98641,57.26546,58.12532,59.39047,60.63775,61.51196,62.39627,63.62516,64.51859,65.72544,66.62585,67.53458,68.71365,69.62648,70.54653,71.69267,72.61385,73.54105,74.47395,75.57503,76.5052,77.43977,78.37839,79.32068,80.26624,81.29399,82.2313,83.17058,84.11144,85.05346,85.99624,86.93938,87.88247,88.82509,89.76685,90.70733,91.64614,92.58288,93.61646,94.56121,95.50259,96.44021,97.37369,98.30266,99.4088,100.34028,101.26599,102.1856,103.33627,104.25456,105.16556,106.06899,107.2555,108.15382,109.36444,110.25557,111.13731,112.36982,113.24156,114.49194,115.35171,116.61725,117.46311,118.74099,120.03347,120.85843,122.15864,123.47081,124.26983,125.58488,126.90902,128.24119,129.58021,130.92495,132.27414,133.62655,134.98091,136.33595,137.69039,139.04295,140.39237,141.10339,142.45984,143.80986,144.55668,145.90855,147.25073,148.02898,149.36772,150.16633,151.49832,152.31551,153.6374,154.47133,155.77987,156.62837,157.48812,158.78112,159.65247,160.53412,161.80479,162.6948,163.59396,164.502,165.7398,166.65178,167.57128,168.49795,169.4314,170.37123,171.54932,172.48619,173.42787,174.37396,175.32391,176.27726,177.23349,178.19211,179.1526 0.1047,0.10336,0.10206,0.10077,0.10098,0.09944,0.09782,0.0961,0.09427,0.09233,0.09014,0.08791,0.08563,0.08333,0.07973,0.07741,0.07511,0.07059,0.0684,0.06628,0.06121,0.05934,0.05392,0.05246,0.04701,0.04611,0.04087,0.04057,0.03561,0.03047,0.03102,0.02593,0.02055,0.0215,0.016,0.01023,0.00423,-0.00193,-0.00815,-0.01432,-0.0203,-0.02594,-0.0311,-0.03567,-0.03957,-0.04722,-0.05018,-0.05245,-0.05968,-0.06099,-0.06146,-0.06821,-0.06735,-0.07363,-0.07117,-0.07679,-0.0728,-0.07778,-0.07287,-0.07748,-0.07247,-0.07692,-0.08129,-0.07652,-0.08066,-0.08461,-0.08835,-0.08294,-0.08614,-0.08912,-0.09191,-0.08542,-0.08791,-0.09037,-0.09281,-0.09526,-0.09768,-0.10002,-0.1022,-0.10413,-0.09699,-0.09817,-0.09881,-0.0989,-0.10704,-0.10601,-0.10451,-0.10263,-0.10044,-0.09806,-0.09559,-0.0931,-0.09067,-0.09542,-0.09301,-0.09074,-0.08857,-0.08649,-0.09017,-0.08805,-0.08594,-0.08877,-0.08649,-0.08409,-0.08622,-0.08359,-0.08079,-0.08252,-0.07957,-0.08114,-0.07815,-0.07968,-0.07677,-0.07838,-0.07991,-0.07739,-0.07914,-0.08089,-0.07869,-0.08053,-0.08222,-0.08366,-0.0848,-0.08216,-0.08284,-0.08325,-0.08346,-0.08355,-0.08623,-0.08604,-0.08573,-0.0852,-0.08439,-0.0861,-0.08485,-0.08334,-0.08465,-0.08301,-0.0814,-0.08276,-0.08148,-0.08301,-0.08215,-0.08387,-0.0833,-0.08505,-0.08669,-0.08605,-0.08744,-0.08858,-0.08725,-0.08795,-0.08836,-0.08636,-0.08655,-0.08663,-0.08665,-0.08669,-0.08527,-0.08572,-0.08627,-0.08693,-0.08766,-0.08846,-0.08926,-0.09006,-0.09082,-0.09152,-0.09215,-0.09273,-0.09325,-0.09375,-0.09424,-0.09473,-0.09523,-0.09574,-0.09624,-0.09672,-0.0979,-0.09834,-0.09867,-0.09887,-0.09888,-0.09885,-0.09869,-0.09843,-0.0971,-0.09679,-0.09646,-0.09449,-0.09433,-0.09208,-0.09219,-0.08988,-0.09022,-0.08788,-0.08833,-0.08587,-0.08628,-0.08355,-0.08043,-0.08082,-0.07742,-0.07375,-0.0742,-0.07062,-0.06712,-0.06385,-0.06091,-0.05841,-0.05637,-0.05476,-0.05348,-0.05242,-0.05145,-0.04675,-0.04571,-0.04462,-0.03956,-0.03855,-0.03771,-0.03277,-0.03256,-0.02784,-0.02847,-0.02959,-0.02553,-0.02147,-0.02346,-0.01963,-0.02188,-0.01823,-0.01462,-0.01707,-0.01366,-0.0103,-0.01302,-0.0099,-0.0068,-0.0037,-0.00684,-0.00386,-0.00082,0.00227,0.00541,0.00858,0.00534,0.00842,0.01144,0.01438,0.01719,0.01986,0.02239,0.02475,0.02698,0.02906,0.03101,0.03283,0.03453,0.04395,0.04552,0.04691,0.04811,0.04911,0.04992,0.05882,0.05923,0.05947,0.05959,0.06778,0.06765,0.06744,0.06716,0.07478,0.07421,0.08141,0.08041,0.07923,0.08536,0.08363,0.08889,0.08664,0.09111,0.08847,0.09242,0.09622,0.09324,0.09692,0.1006,0.09729,0.10075,0.10395,0.10671,0.1089,0.11044,0.11135,0.11175,0.11182,0.11176,0.11172,0.11175,0.11187,0.11639,0.11642,0.11637,0.12034,0.12001,0.11962,0.12294,0.12242,0.12532,0.12479,0.12736,0.12675,0.12901,0.12818,0.1301,0.13175,0.13034,0.13157,0.13253,0.13026,0.1307,0.13084,0.13069,0.12731,0.12677,0.12601,0.12508,0.12398,0.12275,0.11832,0.1169,0.11537,0.11381,0.11221,0.11063,0.10906,0.10755,0.10609
