22.5 -176.52933,-171.71762,-166.53372,-161.58679,-156.862,-150.89315,-144.55191,-137.98882,-131.39046,-124.95507,-121.57052,-115.3387,-111.55446,-107.51587,-102.04434,-98.00243,-93.86756,-89.69133,-85.52845,-81.43261,-77.45258,-71.94675,-68.02703,-64.3703,-58.22981,-54.99675,-48.72434,-42.33062,-35.99604,-29.88958,-25.3007,-19.55985,-14.76786,-9.8307,-4.81305,0.20954,5.16171,9.97457,14.59128,18.96741,25.25443,31.80871,35.54332,41.88987,48.13412,51.59317,57.74342,61.56564,67.32292,71.32143,75.47129,80.43149,84.48422,88.57563,92.67211,96.73983,101.61465,105.80542,109.85287,113.7333,119.47252,123.13482,129.18169,135.47918,141.91023,148.33584,152.34731,158.7872,163.24432,169.29511,173.91166,178.65847 -0.16251,-0.13273,-0.08519,-0.05124,-0.02079,0.03232,0.08205,0.12216,0.146,0.15159,0.19305,0.19114,0.2715,0.37707,0.38609,0.47365,0.53584,0.56677,0.56401,0.53054,0.47536,0.40132,0.3286,0.26747,0.18889,0.15929,0.11968,0.10522,0.11268,0.13327,0.14252,0.16739,0.17765,0.1876,0.19726,0.20682,0.21638,0.22606,0.2356,0.24453,0.25695,0.27323,0.2774,0.29076,0.29686,0.31143,0.28808,0.27835,0.18831,0.11124,-0.00811,-0.16892,-0.31022,-0.4405,-0.54359,-0.6108,-0.70412,-0.69906,-0.66902,-0.62492,-0.597,-0.54153,-0.49383,-0.4421,-0.39451,-0.35436,-0.33312,-0.29911,-0.27299,-0.24541,-0.21878,-0.19115
28.125 -179.7424,-175.78298,-171.82829,-167.91305,-164.07328,-159.64166,-155.85785,-151.07618,-146.04764,-140.84566,-135.56067,-130.29687,-125.15423,-122.49552,-117.46249,-114.51761,-109.82168,-106.73071,-103.51253,-100.18644,-96.77661,-93.31131,-89.82173,-86.34037,-82.89927,-79.52836,-76.25409,-73.09819,-68.44783,-65.41062,-62.55767,-57.60151,-52.39955,-50.01575,-44.88794,-39.7562,-34.71331,-29.84278,-26.1607,-21.52575,-17.69157,-13.73558,-9.67795,-5.82125,-1.95588,1.88125,5.65654,9.34313,14.19866,17.7916,21.2116,26.27591,31.48468,34.46495,39.55264,44.60262,47.27337,52.33983,57.20276,60.21596,64.84575,67.99137,71.24725,75.44448,78.69536,82.00176,85.34712,88.71359,92.08266,95.43574,98.75474,102.02271,106.17476,109.46021,112.63849,117.25004,120.30684,125.17238,128.01234,132.98196,138.07128,143.21288,148.33585,151.48889,156.63866,160.09916,165.07352,168.71002,172.47112,176.33061 -0.2086,-0.18853,-0.16794,-0.14716,-0.12689,-0.08929,-0.0723,-0.03721,-0.00658,0.01723,0.03309,0.03972,0.03681,0.0557,0.04078,0.05689,0.04227,0.07456,0.13281,0.21742,0.30633,0.37906,0.42677,0.44649,0.43983,0.41261,0.37237,0.32668,0.29201,0.24647,0.20901,0.17447,0.14573,0.13692,0.12954,0.13304,0.14493,0.16123,0.17009,0.18714,0.1951,0.20216,0.21413,0.21944,0.22452,0.22945,0.2344,0.23934,0.24315,0.24797,0.25154,0.25447,0.25693,0.25551,0.25485,0.25049,0.25245,0.23624,0.20828,0.19556,0.14982,0.12063,0.07986,0.01697,-0.04483,-0.11845,-0.19849,-0.27612,-0.34248,-0.39188,-0.42211,-0.43443,-0.4967,-0.47649,-0.44858,-0.45919,-0.42001,-0.40995,-0.37115,-0.3547,-0.33657,-0.32004,-0.3064,-0.3114,-0.2971,-0.29253,-0.27485,-0.26221,-0.2461,-0.22796
33.75 -178.20322,-174.99799,-171.81765,-168.48545,-165.20384,-161.99298,-158.23888,-155.08645,-151.10048,-146.93926,-144.02712,-139.84795,-135.62454,-133.86297,-129.49389,-125.21836,-123.03453,-118.82553,-116.43044,-112.42255,-109.89386,-107.25985,-104.52911,-100.9804,-98.27466,-95.52428,-92.74482,-89.9529,-87.16552,-84.39959,-81.6712,-78.99519,-75.42798,-72.74676,-70.16717,-66.18437,-63.72463,-61.39875,-57.25342,-52.94356,-50.95325,-46.68389,-42.39026,-38.12834,-33.95138,-29.90688,-26.8349,-22.95279,-19.76167,-16.47251,-12.95426,-9.69712,-6.41279,-3.12026,0.1591,3.40444,6.59628,9.71718,12.75032,16.89585,19.82166,24.12045,26.85603,31.18648,35.56675,37.91452,42.14907,46.33176,48.59719,52.76672,56.79306,59.28443,63.15714,65.74819,68.42126,72.03107,74.72727,77.47596,80.26843,83.09503,85.94535,88.80841,91.67294,94.52763,97.36142,100.16371,102.92465,105.63528,109.21758,111.91169,114.52523,118.38565,120.90456,124.92935,127.30063,131.40601,135.60819,139.87056,144.15432,148.4188,151.01757,155.3078,158.12888,162.3342,165.30745,168.38519,171.55533,175.45047,178.60555 -0.21606,-0.20656,-0.19169,-0.17864,-0.1657,-0.15341,-0.12792,-0.11807,-0.09422,-0.07346,-0.07503,-0.06322,-0.05534,-0.03879,-0.03544,-0.03632,-0.02314,-0.03179,-0.02268,-0.03823,-0.0298,-0.01727,0.00342,0.00378,0.04501,0.09798,0.15466,0.20324,0.23562,0.24992,0.24828,0.2347,0.2573,0.22592,0.19493,0.18942,0.16209,0.13983,0.1349,0.12986,0.12186,0.12465,0.13109,0.1413,0.15445,0.16912,0.18031,0.19438,0.20367,0.21147,0.22093,0.22633,0.23082,0.23469,0.23812,0.24125,0.24424,0.24708,0.24967,0.25175,0.25338,0.25383,0.25339,0.25142,0.24829,0.24473,0.2379,0.22748,0.22241,0.20459,0.18329,0.17001,0.14582,0.12855,0.10901,0.08582,0.06166,0.03231,-0.0032,-0.0447,-0.09011,-0.13558,-0.17714,-0.21137,-0.23618,-0.25111,-0.25682,-0.25472,-0.29349,-0.27662,-0.25624,-0.27215,-0.24507,-0.25083,-0.22184,-0.22235,-0.22031,-0.21687,-0.21321,-0.21016,-0.22982,-0.2267,-0.24231,-0.23637,-0.24422,-0.24646,-0.24369,-0.23081,-0.2244
39.375 -177.31266,-174.50999,-171.71303,-168.93267,-165.98062,-163.16339,-160.4071,-157.1554,-154.45681,-151.0415,-147.49598,-143.84585,-141.39575,-137.77355,-136.3579,-132.59309,-128.86506,-125.20994,-123.36084,-119.75043,-117.73976,-114.25907,-112.13417,-109.92392,-106.6761,-104.42577,-102.11712,-99.75806,-97.35771,-94.92624,-92.47468,-90.01459,-87.55776,-85.11592,-82.70036,-80.32167,-77.98948,-75.7123,-72.50634,-70.25852,-68.09448,-64.62999,-62.57282,-58.9596,-57.0595,-53.38482,-51.67951,-48.0283,-44.34751,-40.67304,-37.04077,-33.48289,-30.87896,-27.39205,-24.05509,-21.32436,-18.51602,-15.42488,-12.61958,-9.77908,-6.91655,-4.31794,-1.57135,1.15768,3.85497,7.22438,9.92789,12.56499,15.12785,18.734,21.19565,24.88777,27.20127,30.90694,34.65172,36.68361,40.32874,43.94629,45.84621,49.47888,53.02375,55.12162,58.58815,61.9189,64.12217,66.38799,69.54496,71.84157,74.18366,76.56634,79.40384,81.7536,84.12308,86.50615,88.89645,91.2875,93.67283,96.04604,98.40093,101.20997,103.6016,105.95394,108.26194,111.40025,113.68135,115.90037,119.22116,121.36555,124.801,128.34774,130.3375,133.91369,137.54617,141.21147,144.88458,148.54,150.75139,154.43122,156.8114,160.44311,162.94828,165.53829,169.03654,171.67825,174.37594,177.11771,179.89225 -0.20568,-0.2037,-0.20062,-0.1967,-0.18817,-0.18161,-0.17533,-0.15923,-0.15382,-0.13705,-0.12143,-0.10843,-0.11204,-0.10488,-0.09224,-0.08848,-0.08752,-0.08981,-0.07955,-0.0874,-0.07988,-0.09338,-0.08833,-0.08294,-0.09615,-0.08686,-0.07259,-0.05128,-0.0218,0.01443,0.05361,0.09,0.11842,0.1358,0.14194,0.13839,0.12781,0.11288,0.12876,0.10831,0.08953,0.09805,0.08247,0.09072,0.08017,0.0897,0.08328,0.0946,0.10609,0.11821,0.13108,0.14441,0.15893,0.17203,0.18358,0.19595,0.20657,0.21346,0.22108,0.22722,0.23214,0.23412,0.23756,0.24036,0.24275,0.24644,0.24842,0.25022,0.25177,0.2538,0.25452,0.25466,0.25443,0.25239,0.2487,0.24675,0.24045,0.23236,0.22647,0.21579,0.20462,0.19481,0.18203,0.16951,0.15576,0.14123,0.12958,0.11505,0.10002,0.08383,0.07689,0.06001,0.04121,0.02053,-0.00154,-0.02389,-0.04487,-0.06304,-0.07717,-0.12452,-0.12814,-0.12696,-0.12164,-0.14494,-0.13125,-0.11579,-0.12558,-0.10613,-0.11098,-0.11445,-0.09287,-0.09502,-0.09668,-0.09782,-0.09855,-0.09931,-0.12086,-0.12203,-0.14362,-0.14498,-0.16478,-0.18221,-0.17975,-0.19148,-0.19952,-0.20419,-0.20604
45.0 -179.05998,-176.57271,-174.08062,-171.59372,-169.1214,-166.67272,-164.0213,-161.55857,-159.14727,-156.28187,-153.92162,-150.93568,-147.84973,-144.68002,-142.50437,-139.34174,-136.15462,-134.87945,-131.59697,-128.3494,-125.16039,-123.5594,-120.40209,-118.6742,-115.60606,-113.78182,-111.88814,-108.97151,-107.0295,-105.03446,-102.99089,-100.90417,-98.36189,-96.31432,-94.24741,-92.16811,-90.08364,-88.00131,-85.92838,-83.87195,-81.83877,-79.28052,-77.21789,-75.20163,-73.23661,-70.34911,-68.426,-66.5716,-63.51558,-61.75319,-58.59602,-56.95778,-53.75803,-50.49133,-49.08275,-45.86756,-42.64714,-39.44609,-36.28706,-33.19122,-30.9075,-27.86982,-24.9454,-22.56101,-20.11435,-17.36463,-14.90626,-12.41237,-9.93575,-7.49184,-5.0425,-2.59639,-0.16135,2.2542,4.64223,6.99526,9.30659,12.37479,14.6484,16.85947,20.04308,22.16687,25.40405,27.40834,30.6487,33.91915,35.70995,38.91099,42.09718,45.25158,46.94134,50.09626,53.18121,55.01528,58.03969,59.95138,62.87991,64.84646,67.648,69.64555,71.68167,74.30067,76.33537,78.39571,80.478,82.57829,84.6924,86.81599,88.94459,91.07368,93.19872,95.31523,97.41882,99.50531,101.57068,103.61119,106.21156,108.25588,110.26227,113.04993,115.02745,116.95593,119.8707,121.7392,124.73875,127.8231,129.57608,132.68877,135.85093,139.04754,142.26242,145.4787,148.6808,150.60685,153.8285,155.8852,159.07892,161.23908,164.35605,166.58795,168.87544,171.21342,173.59606,176.01657,178.46731 -0.17922,-0.18502,-0.18912,-0.19189,-0.19362,-0.1945,-0.19407,-0.19249,-0.19094,-0.18326,-0.18171,-0.17155,-0.16061,-0.15027,-0.15354,-0.14674,-0.14235,-0.13165,-0.13069,-0.13253,-0.13687,-0.12856,-0.13581,-0.12888,-0.13807,-0.13295,-0.12838,-0.13846,-0.13437,-0.12942,-0.12239,-0.11173,-0.11454,-0.09488,-0.07008,-0.0426,-0.01586,0.00717,0.02443,0.03472,0.03819,0.06152,0.05246,0.04089,0.02834,0.03782,0.02493,0.01364,0.02508,0.01634,0.03045,0.02436,0.03992,0.05499,0.0507,0.06525,0.07904,0.0923,0.10502,0.11699,0.13402,0.14446,0.15316,0.1682,0.1819,0.18656,0.19759,0.20699,0.20758,0.21465,0.22042,0.22513,0.22901,0.23221,0.23496,0.23737,0.23951,0.24524,0.24685,0.24831,0.25212,0.25319,0.25533,0.25597,0.25617,0.25459,0.25417,0.25028,0.24493,0.23864,0.2329,0.22599,0.21925,0.21218,0.20477,0.19563,0.18693,0.17578,0.16707,0.15537,0.14365,0.13745,0.12675,0.1162,0.10581,0.09553,0.08531,0.07504,0.06451,0.0536,0.04224,0.03097,0.02055,0.0117,0.00501,0.00077,-0.02876,-0.02631,-0.0214,-0.03821,-0.02789,-0.01661,-0.02405,-0.01059,-0.01441,-0.0168,-0.00281,-0.00445,-0.006,-0.00767,-0.00953,-0.01169,-0.01439,-0.03004,-0.03382,-0.05119,-0.05629,-0.07505,-0.08071,-0.09936,-0.11741,-0.13413,-0.1489,-0.16136,-0.17142
50.625 -177.91334,-175.74563,-173.57648,-171.41053,-169.232,-167.02302,-164.83841,-162.43733,-160.25247,-158.11156,-155.55217,-152.8934,-150.80395,-148.07283,-145.27379,-143.32006,-140.51797,-137.68918,-136.61223,-133.69278,-130.78671,-127.91229,-126.5535,-123.67618,-120.87352,-119.36158,-117.78677,-115.02979,-113.37956,-110.74377,-109.04466,-107.29885,-105.50895,-103.08544,-101.29576,-99.47737,-97.63462,-95.77224,-93.89528,-92.00903,-90.11893,-88.2305,-86.34921,-84.48045,-82.62935,-80.80079,-78.9993,-76.61201,-74.80521,-73.04128,-71.32306,-68.70909,-67.03572,-65.41904,-62.69084,-61.15275,-58.35238,-56.91456,-54.08314,-51.19787,-49.93946,-47.08903,-44.22807,-41.37397,-38.5432,-35.75167,-33.01408,-30.98044,-28.2906,-26.17421,-23.57487,-21.40812,-18.93593,-16.75139,-14.43514,-12.26335,-10.07411,-7.87303,-5.66612,-3.45971,-1.2603,0.92576,3.09083,5.23077,7.34056,9.4154,11.45108,14.22871,16.22275,18.16342,21.00991,22.87552,25.75725,27.52656,30.40862,33.31265,34.91366,37.76671,40.61205,43.43813,46.2339,47.75496,50.54399,53.27618,54.90658,57.59061,59.28229,61.8936,63.6309,66.14744,67.91398,69.71314,72.09676,73.90234,75.73183,77.58283,79.4527,81.58877,83.42922,85.27877,87.13455,88.99358,90.8529,92.70951,94.56046,96.40285,98.23384,100.39367,102.24856,104.08247,105.89292,108.26238,110.06787,111.84109,114.3467,116.09214,117.79798,120.39645,122.05337,124.71665,127.44687,129.01404,131.77012,134.56899,137.40054,140.2538,143.1177,145.98063,147.63696,150.5362,153.40198,155.21251,158.06172,159.95887,162.75966,164.72119,166.73079,168.78545,171.47669,173.54918,175.65227,177.77982,179.92649 -0.13846,-0.14858,-0.15743,-0.16512,-0.17863,-0.18351,-0.18766,-0.19389,-0.1961,-0.19823,-0.19851,-0.19567,-0.19722,-0.19216,-0.18585,-0.18892,-0.18346,-0.17915,-0.16978,-0.16815,-0.16903,-0.17224,-0.16517,-0.17048,-0.17604,-0.16962,-0.16329,-0.16861,-0.16319,-0.16817,-0.16436,-0.16123,-0.15839,-0.16587,-0.16218,-0.15591,-0.14567,-0.13042,-0.11044,-0.08759,-0.06441,-0.04336,-0.02626,-0.01427,-0.00778,-0.00654,-0.00969,0.00042,-0.00902,-0.01889,-0.02841,-0.02284,-0.03124,-0.03846,-0.02885,-0.034,-0.02043,-0.02392,-0.00816,0.0077,0.00397,0.01841,0.03183,0.04431,0.05595,0.06664,0.07613,0.09405,0.10152,0.1184,0.12342,0.13885,0.14119,0.15482,0.15453,0.16616,0.17656,0.18571,0.19364,0.20042,0.20615,0.21102,0.21514,0.21869,0.22177,0.22448,0.22689,0.2352,0.23697,0.23851,0.24489,0.24591,0.25081,0.25129,0.25455,0.25621,0.25568,0.25501,0.25228,0.24768,0.24178,0.23826,0.23192,0.2261,0.22245,0.21724,0.21254,0.20695,0.20021,0.19363,0.18519,0.17602,0.16966,0.16081,0.15217,0.14389,0.13605,0.13537,0.1296,0.12462,0.12046,0.11698,0.11397,0.11107,0.10792,0.1044,0.10056,0.0783,0.07393,0.07053,0.06837,0.04792,0.04995,0.05354,0.04133,0.04857,0.05637,0.05003,0.05911,0.0546,0.05072,0.05987,0.05634,0.05299,0.04971,0.04644,0.04313,0.03974,0.02938,0.02575,0.02172,0.00977,0.00472,-0.00912,-0.01508,-0.0305,-0.04673,-0.06339,-0.06889,-0.08481,-0.10001,-0.11414,-0.12699
56.25 -179.16524,-177.19215,-175.21395,-173.23532,-171.26098,-169.29559,-167.27588,-165.28376,-163.31489,-161.12434,-159.1616,-157.23735,-154.92644,-152.5362,-150.65698,-148.20869,-145.704,-143.15275,-141.41983,-138.88072,-137.95517,-135.33311,-132.71336,-130.10884,-127.53249,-126.31539,-123.73816,-122.42638,-119.87837,-118.48516,-115.99745,-114.53911,-112.14124,-110.63657,-109.09122,-107.5068,-105.25824,-103.66252,-102.03828,-100.38841,-98.7161,-97.02485,-95.11815,-93.47077,-91.81709,-90.16085,-88.5058,-86.8557,-85.21424,-83.29228,-81.61246,-79.9538,-78.31963,-76.71296,-75.1365,-72.89345,-71.33302,-69.8127,-67.43231,-65.95567,-63.47954,-62.06586,-60.70369,-58.18971,-55.61228,-54.37253,-51.79077,-49.1768,-48.09745,-45.52716,-42.95682,-40.39862,-37.86463,-35.3664,-33.55749,-31.08118,-28.66884,-26.76948,-24.42802,-22.48477,-20.24158,-18.27806,-16.1554,-14.19554,-12.21688,-10.22344,-8.32913,-6.37889,-4.42797,-2.48103,-0.5437,1.38113,3.28944,5.17736,7.04133,9.47379,11.32328,13.13742,14.91383,17.44005,19.1686,21.74357,23.40638,26.00285,27.58629,30.1812,32.79539,34.24344,36.81792,39.38813,41.94624,44.48398,46.99358,48.37624,50.87669,53.32984,54.79815,57.21191,58.72986,61.0867,62.64306,64.92679,66.50978,68.12055,70.30417,71.92515,73.56779,75.6232,77.25968,78.9111,80.57562,82.25125,83.93591,85.62745,87.32368,89.02236,90.72123,92.41803,94.11052,95.7965,97.4738,99.14034,100.79413,102.43324,104.4756,106.12185,107.74672,109.34868,111.53475,113.12285,115.39764,116.96023,118.4902,120.83516,123.24393,124.72042,127.17067,128.58817,131.06153,133.57191,136.11214,138.67478,141.25185,143.8345,146.41406,147.90569,150.51361,153.09521,154.71257,157.28601,158.97617,161.51481,163.26198,165.0505,167.5282,169.35013,171.20378,173.08628,174.99438,176.92448,178.87266 -0.09346,-0.10628,-0.11803,-0.12872,-0.13838,-0.14708,-0.16337,-0.16991,-0.17583,-0.18699,-0.1915,-0.19577,-0.20263,-0.20676,-0.20982,-0.21093,-0.20978,-0.20705,-0.20966,-0.20694,-0.20047,-0.19861,-0.1986,-0.20059,-0.20425,-0.19926,-0.20392,-0.19866,-0.20236,-0.1964,-0.19795,-0.19173,-0.19213,-0.18715,-0.18321,-0.18035,-0.18531,-0.18431,-0.18301,-0.18046,-0.17564,-0.16745,-0.16363,-0.14888,-0.13154,-0.11322,-0.09555,-0.08003,-0.06764,-0.04402,-0.04017,-0.04028,-0.04359,-0.04902,-0.05557,-0.05259,-0.05997,-0.06667,-0.06304,-0.06855,-0.0625,-0.06645,-0.06966,-0.05924,-0.04634,-0.0485,-0.03504,-0.0219,-0.02629,-0.01535,-0.00529,0.00405,0.01267,0.02048,0.03805,0.04445,0.04943,0.06602,0.06901,0.08458,0.08564,0.09999,0.09939,0.11238,0.1247,0.13623,0.13312,0.14325,0.15252,0.16086,0.16828,0.17476,0.18035,0.1851,0.18909,0.20246,0.20496,0.20688,0.20823,0.2183,0.21873,0.22732,0.22707,0.23448,0.23383,0.24013,0.24512,0.2439,0.24657,0.24671,0.24417,0.23937,0.23332,0.23205,0.22621,0.22166,0.22092,0.21804,0.21692,0.21422,0.2115,0.20734,0.20247,0.19651,0.19051,0.18383,0.17698,0.17258,0.16682,0.16146,0.1566,0.15228,0.14861,0.14559,0.14328,0.14164,0.14052,0.13976,0.13915,0.13845,0.13743,0.13603,0.1342,0.13206,0.11736,0.11507,0.11329,0.11221,0.10074,0.10251,0.09527,0.0998,0.1047,0.10161,0.09844,0.10479,0.10143,0.1073,0.10319,0.09848,0.09332,0.08796,0.08268,0.07781,0.0736,0.06543,0.06233,0.05975,0.05127,0.04871,0.03889,0.03589,0.02442,0.01187,0.00826,-0.00554,-0.02005,-0.03503,-0.05019,-0.06519,-0.0797
61.875 -179.89133,-178.13041,-176.36333,-174.59278,-172.92206,-171.10705,-169.29947,-167.50292,-165.62501,-163.81358,-162.02376,-160.01195,-158.23156,-156.13085,-154.37825,-152.20798,-150.50111,-148.28305,-146.01793,-143.71274,-141.37526,-139.01448,-136.63974,-134.26038,-131.88687,-129.52891,-128.46758,-126.09471,-123.76212,-122.58287,-120.27304,-119.0256,-116.7618,-115.45798,-114.11447,-111.91617,-110.53437,-109.1182,-107.03021,-105.59691,-104.13663,-102.6513,-100.74274,-99.26877,-97.77881,-96.27542,-94.76131,-93.23931,-91.71233,-90.18334,-88.65533,-87.13129,-85.61416,-84.10679,-82.61194,-81.13222,-79.25266,-77.75902,-76.2897,-74.84673,-72.78112,-71.35288,-69.95863,-68.5994,-66.41887,-65.1005,-62.84724,-61.58377,-59.28014,-58.0839,-55.7533,-54.63437,-52.29975,-49.93692,-47.5559,-46.61747,-44.28272,-41.95324,-39.63833,-37.3471,-35.08759,-33.43882,-31.20004,-29.01385,-27.29103,-25.16187,-23.40078,-21.34935,-19.56766,-17.61167,-15.82834,-14.02593,-12.20775,-10.42985,-8.64027,-6.84628,-5.05228,-3.2607,-1.47494,0.30166,2.06586,3.81455,5.54381,7.25193,8.93659,10.59552,12.85432,14.48855,16.08955,18.40308,19.95968,22.30846,23.80885,26.17354,27.60703,29.96764,32.34431,33.66617,36.012,38.35654,40.69332,43.01548,45.31768,47.59425,48.86149,51.12789,53.35469,54.69119,56.88539,58.26265,60.41087,61.82085,63.91109,65.34505,67.36648,68.81559,70.28516,71.77414,73.68733,75.1757,76.67857,78.1946,79.72233,81.46471,82.97263,84.48699,86.00628,87.52889,89.05324,90.5777,92.10066,93.62052,95.13569,96.64461,98.14576,99.90399,101.42184,102.92674,104.41733,105.89234,107.81182,109.28451,110.73692,112.74965,114.18762,116.27028,117.68501,119.07243,121.20972,123.39895,124.74133,126.96473,128.25911,130.50301,132.77895,135.08204,137.40665,139.74669,142.09586,144.44771,146.79572,148.1528,150.52409,152.87473,154.33622,156.68113,158.20434,160.52485,162.09846,163.70841,165.98967,167.63235,169.30407,171.00288,173.18872,174.89432,176.61805,178.35714 -0.02789,-0.04162,-0.05501,-0.06781,-0.09322,-0.10414,-0.11414,-0.12326,-0.14274,-0.15,-0.15668,-0.17189,-0.17734,-0.18965,-0.19403,-0.20342,-0.20649,-0.21273,-0.21657,-0.21832,-0.21853,-0.21801,-0.21762,-0.21812,-0.21994,-0.2231,-0.22032,-0.22456,-0.22859,-0.22503,-0.22715,-0.22221,-0.22114,-0.21496,-0.20861,-0.2057,-0.20057,-0.19651,-0.19726,-0.19611,-0.19563,-0.19529,-0.19768,-0.19519,-0.19058,-0.18335,-0.17331,-0.16074,-0.14635,-0.13117,-0.11635,-0.10295,-0.09178,-0.08337,-0.07795,-0.07536,-0.06586,-0.06887,-0.07324,-0.07827,-0.07695,-0.08258,-0.08762,-0.0921,-0.08988,-0.09353,-0.0893,-0.09197,-0.08504,-0.08675,-0.0774,-0.07892,-0.06901,-0.05934,-0.05044,-0.05538,-0.0486,-0.04244,-0.03667,-0.0313,-0.02641,-0.01136,-0.00711,-0.00362,0.01156,0.01402,0.02883,0.03031,0.04441,0.04498,0.05811,0.07079,0.08297,0.08116,0.09208,0.10238,0.11199,0.12087,0.12889,0.13602,0.1422,0.14743,0.15174,0.15513,0.15766,0.15942,0.1741,0.17454,0.17448,0.18663,0.18592,0.19671,0.19583,0.20577,0.20512,0.21433,0.22243,0.22156,0.22718,0.23001,0.22971,0.22659,0.22164,0.21621,0.21704,0.21284,0.2102,0.21191,0.21093,0.21245,0.21138,0.21162,0.20875,0.20701,0.202,0.1986,0.19453,0.19,0.18463,0.18046,0.17642,0.17259,0.16912,0.16773,0.1657,0.16418,0.16313,0.16248,0.16208,0.16188,0.16178,0.16178,0.16192,0.16212,0.16236,0.15789,0.15732,0.15628,0.15465,0.15246,0.14211,0.13942,0.13689,0.1282,0.12757,0.12312,0.12486,0.12702,0.12763,0.12854,0.13224,0.13246,0.13573,0.13424,0.13115,0.12671,0.12127,0.11529,0.10939,0.10417,0.10009,0.09329,0.09116,0.09013,0.08407,0.08374,0.07705,0.07664,0.06884,0.06016,0.05912,0.04925,0.03847,0.02677,0.02536,0.01279,-0.00042,-0.01406
67.5 -179.09343,-177.45822,-175.81848,-174.17686,-172.53604,-170.89845,-169.2783,-167.61428,-165.96214,-164.32455,-162.5505,-160.91132,-159.05293,-157.4243,-155.49393,-153.89088,-151.90382,-150.34043,-148.31367,-146.24682,-144.14533,-142.01519,-139.86271,-137.69516,-135.51996,-133.34437,-131.17648,-129.02372,-128.05179,-125.88838,-124.84546,-122.68884,-120.57767,-119.44964,-118.28542,-116.19749,-114.98656,-112.96004,-111.71345,-110.43668,-108.49368,-107.19714,-105.87569,-104.53062,-102.72387,-101.38093,-100.02117,-98.64644,-97.25872,-95.86014,-94.4529,-93.0393,-91.62171,-90.20252,-88.78415,-87.36901,-85.95947,-84.55786,-83.16642,-81.78731,-80.42255,-79.07406,-77.29107,-75.93854,-74.60916,-73.30432,-71.37997,-70.09319,-68.83638,-66.82418,-65.6016,-64.41289,-62.34773,-61.20702,-59.10251,-58.01905,-55.89316,-53.73111,-52.74476,-50.59043,-48.41885,-46.23761,-45.41233,-43.27683,-41.14962,-39.03782,-36.94818,-35.45448,-33.37269,-31.3302,-29.33182,-27.75579,-25.80417,-24.19439,-22.30562,-20.67629,-18.86453,-17.22953,-15.57645,-13.87769,-12.23713,-10.58687,-8.93081,-7.27068,-5.6092,-4.16184,-2.54542,-0.93516,0.66646,2.2562,3.83263,5.82953,7.40683,8.96358,10.49806,12.0081,14.10258,15.58713,17.04253,19.17723,20.59292,22.75215,24.11853,26.28863,27.59817,29.76507,31.94543,33.16146,35.31611,37.47097,39.62102,41.76138,43.8873,45.99416,48.07757,49.24731,51.32034,53.35969,54.58641,56.59826,57.85944,59.83373,61.12297,63.05005,64.3607,66.23227,67.55768,68.90117,70.69984,72.04877,73.41227,74.78943,76.48238,77.85293,79.23326,80.62226,82.0188,83.42169,84.82973,86.24166,87.65624,89.07218,90.48819,91.903,93.31533,94.7239,96.12749,97.52486,98.91485,100.29629,101.66811,103.35148,104.73035,106.0957,107.4466,109.2368,110.58276,111.91075,113.77489,115.08865,117.00914,118.30192,119.57151,121.53555,123.54268,124.77385,126.80961,128.00089,130.05495,132.13716,134.24351,136.36981,138.51158,140.66411,142.82252,144.98197,147.13797,148.38328,150.55795,152.71523,154.04828,156.20227,157.58832,159.7262,161.15734,162.61946,164.72945,166.22304,167.74283,169.79564,171.33226,172.889,174.46406,176.05545,177.66102,179.27852 0.00993,-0.0024,-0.01479,-0.02705,-0.03899,-0.05048,-0.07471,-0.08481,-0.09419,-0.10283,-0.12315,-0.13019,-0.14803,-0.1535,-0.16881,-0.17255,-0.18511,-0.18678,-0.19639,-0.204,-0.20974,-0.21392,-0.21699,-0.2195,-0.2221,-0.22527,-0.22921,-0.23378,-0.23468,-0.23912,-0.23864,-0.24156,-0.24234,-0.23916,-0.2349,-0.23074,-0.22495,-0.21826,-0.21272,-0.20784,-0.20368,-0.20173,-0.2008,-0.20064,-0.20137,-0.20127,-0.20005,-0.1971,-0.19197,-0.18453,-0.17494,-0.16369,-0.1515,-0.13916,-0.12738,-0.11678,-0.10779,-0.10066,-0.09553,-0.09231,-0.09085,-0.09088,-0.08661,-0.08959,-0.09294,-0.09633,-0.09694,-0.10055,-0.10374,-0.10393,-0.10681,-0.10935,-0.10751,-0.10952,-0.10512,-0.10645,-0.09985,-0.09223,-0.09374,-0.08687,-0.08082,-0.07573,-0.08023,-0.07683,-0.07389,-0.07119,-0.06862,-0.05795,-0.05508,-0.05238,-0.04977,-0.03724,-0.0347,-0.02161,-0.01939,-0.00628,-0.00479,0.0078,0.02016,0.01958,0.03076,0.04142,0.05148,0.06088,0.0696,0.06257,0.06934,0.07533,0.08054,0.085,0.08875,0.10853,0.11105,0.11296,0.11442,0.11553,0.13174,0.1321,0.13242,0.14657,0.14667,0.15971,0.15994,0.17227,0.17268,0.18413,0.19436,0.19348,0.20062,0.20483,0.20584,0.20401,0.20022,0.19574,0.19168,0.19514,0.19269,0.19152,0.19557,0.19528,0.19895,0.19803,0.20054,0.19771,0.19854,0.19368,0.19304,0.1917,0.1859,0.18409,0.18196,0.17956,0.17463,0.1725,0.17049,0.16875,0.16745,0.16666,0.1664,0.16655,0.16694,0.16736,0.16762,0.1677,0.16757,0.16737,0.16724,0.16723,0.16739,0.16757,0.16763,0.16679,0.16565,0.16381,0.16118,0.1545,0.15075,0.14693,0.13972,0.13708,0.13291,0.1323,0.13218,0.13325,0.13589,0.13767,0.14094,0.14254,0.14479,0.14555,0.14464,0.14212,0.13833,0.13379,0.12916,0.1251,0.1221,0.11676,0.11561,0.11558,0.11119,0.11204,0.10743,0.10826,0.1029,0.09693,0.0969,0.09005,0.08259,0.08178,0.07353,0.06459,0.05496,0.04461,0.03359,0.02198
73.125 -179.64753,-178.16079,-176.85612,-175.32723,-173.79661,-172.26694,-170.74042,-169.21922,-167.68751,-166.14847,-164.62085,-163.10734,-161.45077,-159.93902,-158.21315,-156.71347,-154.92839,-153.45167,-151.61969,-149.74572,-148.31193,-146.41217,-144.48202,-142.52627,-140.54998,-138.55834,-136.55724,-134.55259,-132.55022,-130.55645,-129.69174,-127.68122,-125.69411,-124.73841,-122.75733,-121.74659,-119.78574,-118.72637,-116.80021,-115.69962,-113.82226,-112.6889,-111.52898,-109.71603,-108.53548,-107.33221,-106.10708,-104.399,-103.17025,-101.92477,-100.66392,-99.38914,-98.10203,-96.80424,-95.33297,-94.06163,-92.78559,-91.5066,-90.22645,-88.94694,-87.66986,-86.39699,-85.13006,-83.65085,-82.36035,-81.08173,-79.81658,-78.56639,-77.33254,-75.64445,-74.41283,-73.20278,-72.01523,-70.21829,-69.05013,-67.90842,-66.04384,-64.93386,-63.0181,-61.94848,-59.99541,-58.9739,-56.9981,-56.03111,-54.04702,-53.13971,-51.16109,-49.16629,-47.16151,-45.15257,-44.41934,-42.45413,-40.49868,-38.5586,-37.19662,-35.25594,-33.34485,-31.46748,-30.02096,-28.17541,-26.37449,-24.89239,-23.14318,-21.64272,-19.95668,-18.44834,-16.92295,-15.32868,-13.81015,-12.28177,-10.74574,-9.29101,-7.7803,-6.268,-4.7562,-3.24698,-1.74335,-0.24643,1.24192,2.71986,4.1856,5.63746,7.07389,8.96514,10.39205,11.7983,13.18279,15.13519,16.49434,17.82761,19.80711,21.10467,23.10352,24.35821,26.3645,27.56999,29.5722,31.58598,32.71223,34.70561,36.70006,38.6911,40.67535,42.6491,44.60869,46.55063,48.47169,49.55829,51.46888,53.35046,54.48449,56.3426,57.50602,59.33272,60.52058,62.30842,63.51561,65.25779,66.47883,67.71591,69.3991,70.6429,71.90006,73.51165,74.76823,76.03525,77.31193,78.59744,80.09101,81.36451,82.64372,83.92775,85.21566,86.50651,87.79935,89.09321,90.38711,91.68009,92.97118,94.25941,95.54385,96.82357,98.09766,99.58258,100.86896,102.1466,103.41468,104.67239,106.27612,107.53476,108.78012,110.45604,111.69504,112.91809,114.65371,115.86312,117.05425,118.8355,120.00607,121.82335,123.67693,124.81428,126.69238,127.79637,129.69074,131.60969,133.55026,135.50923,137.48315,139.46842,141.46137,143.45849,145.45547,147.44835,148.59898,150.60739,152.60123,153.82703,155.82016,157.09199,159.07235,160.38378,162.33999,163.68381,165.05244,166.44459,168.3645,169.77451,171.20356,172.65033,174.11338,175.59198,177.40136,178.87257 0.05758,0.04811,0.02952,0.01883,0.00799,-0.00286,-0.01359,-0.02404,-0.04616,-0.05578,-0.06469,-0.07286,-0.09282,-0.09923,-0.11738,-0.1217,-0.13766,-0.13964,-0.1532,-0.16531,-0.1641,-0.17394,-0.18243,-0.18968,-0.19589,-0.20142,-0.20665,-0.21194,-0.21751,-0.22341,-0.22918,-0.23474,-0.23956,-0.24284,-0.24513,-0.24594,-0.24422,-0.2423,-0.23587,-0.23162,-0.22173,-0.21678,-0.21201,-0.20331,-0.20088,-0.19944,-0.19898,-0.19686,-0.19798,-0.19881,-0.19875,-0.19719,-0.19363,-0.1879,-0.17609,-0.16654,-0.15632,-0.14633,-0.13732,-0.12975,-0.12363,-0.1187,-0.11469,-0.10748,-0.10446,-0.1024,-0.10122,-0.10075,-0.10079,-0.09896,-0.10044,-0.10189,-0.10323,-0.10531,-0.10715,-0.10887,-0.11192,-0.1139,-0.11577,-0.11756,-0.11696,-0.11814,-0.11457,-0.11508,-0.10975,-0.11018,-0.10501,-0.10059,-0.09721,-0.09478,-0.09802,-0.09692,-0.0962,-0.09563,-0.08979,-0.08871,-0.08742,-0.08586,-0.07723,-0.07503,-0.07269,-0.06251,-0.06022,-0.04947,-0.04794,-0.0373,-0.02654,-0.02735,-0.01753,-0.00797,0.00123,-0.00379,0.00386,0.01092,0.01734,0.02308,0.02818,0.03267,0.03661,0.04009,0.04322,0.04608,0.04874,0.06635,0.06847,0.07044,0.07228,0.08852,0.08978,0.09079,0.10598,0.10647,0.12101,0.12105,0.1349,0.13417,0.14672,0.15778,0.15436,0.16194,0.16674,0.16871,0.16822,0.16608,0.16328,0.1607,0.15888,0.16508,0.16433,0.16418,0.17025,0.17005,0.17546,0.17419,0.17848,0.17551,0.17839,0.17389,0.17558,0.17668,0.17138,0.17187,0.17189,0.16632,0.16575,0.16481,0.16362,0.16235,0.15679,0.1562,0.15606,0.15649,0.1574,0.15864,0.15995,0.16106,0.16174,0.16187,0.16149,0.16072,0.1598,0.15889,0.15813,0.16142,0.16115,0.1608,0.16019,0.15915,0.16073,0.1584,0.15553,0.15297,0.14906,0.14502,0.14037,0.13683,0.1337,0.13128,0.12965,0.13009,0.1322,0.13261,0.13623,0.13688,0.14068,0.14395,0.14628,0.14738,0.14715,0.14576,0.14356,0.14108,0.13883,0.13713,0.13423,0.1336,0.13359,0.13118,0.1318,0.12932,0.12988,0.12691,0.12692,0.12314,0.11868,0.11355,0.11248,0.10656,0.10006,0.09301,0.08545,0.07735,0.07526,0.06663
78.75 -178.93663,-177.54014,-176.13987,-174.73745,-173.3341,-172.01344,-170.58371,-169.15858,-167.73984,-166.32921,-164.8593,-163.44012,-162.0342,-160.48167,-159.07953,-157.46926,-156.07977,-154.42016,-153.05127,-151.35234,-149.61746,-148.28602,-146.52879,-144.74486,-142.93788,-141.11195,-139.27135,-137.42031,-135.56374,-133.70628,-131.85278,-131.07785,-129.20421,-127.34682,-126.48832,-124.62871,-122.79739,-121.8687,-120.054,-119.08301,-117.29653,-116.28902,-115.25613,-113.50457,-112.44369,-111.35965,-109.66576,-108.56377,-107.44175,-105.82695,-104.69778,-103.55249,-102.39206,-101.21757,-100.0302,-98.57613,-97.40259,-96.22093,-95.03251,-93.83873,-92.64104,-91.44092,-90.23984,-89.03931,-87.84083,-86.64587,-85.45588,-84.27228,-83.09645,-81.92971,-80.47295,-79.2948,-78.13039,-76.98085,-75.84717,-74.2496,-73.12206,-72.01435,-70.33542,-69.24469,-68.17705,-66.43797,-65.39747,-64.38237,-62.60579,-61.62657,-59.81983,-58.8825,-57.0571,-56.16674,-54.33415,-52.47946,-51.66602,-49.82247,-47.96878,-46.10982,-44.25035,-42.39528,-40.54949,-38.71738,-36.90331,-35.11155,-33.34573,-31.60915,-30.26789,-28.5585,-27.18523,-25.5141,-23.88583,-22.4957,-21.08582,-19.52084,-18.10574,-16.6056,-15.19349,-13.77167,-12.34121,-10.95611,-9.54398,-8.12847,-6.7113,-5.29486,-3.88053,-2.46972,-1.06406,0.33483,1.7254,3.10574,4.47443,5.83058,7.17291,8.50025,9.81152,11.59851,12.89493,14.17164,15.42788,17.2502,18.48029,20.3266,21.52421,23.38406,24.54378,26.40922,27.52638,29.38844,31.26012,32.30893,34.16328,36.01925,37.87367,39.7234,41.56532,43.39616,45.21345,47.01445,48.79663,49.81108,51.58352,53.33078,54.38551,56.1122,57.19227,58.89235,59.99386,61.66134,62.78018,64.40954,65.54152,67.12783,68.26877,69.42236,70.95339,72.11009,73.27727,74.45436,75.64077,77.08127,78.26164,79.44886,80.64225,81.8411,83.04467,84.2522,85.53865,86.72799,87.91887,89.11052,90.30221,91.49316,92.68264,93.96127,95.16908,96.37299,97.57223,98.76608,99.95381,101.13474,102.30821,103.75516,104.93309,106.10117,107.25883,108.78324,109.93796,111.08006,112.66015,113.79358,115.4171,116.53765,117.64214,119.30317,120.38936,122.0808,123.80331,124.86073,126.60424,127.63296,129.39099,131.17074,132.96987,134.78587,135.73576,137.54702,139.36805,141.1959,142.16394,144.02199,145.87917,147.73231,149.57874,150.66861,152.5232,153.65762,155.51162,156.68631,158.53081,159.74098,161.56805,162.80788,164.06946,165.87052,167.15304,168.45416,169.77351,171.52454,172.85229,174.19372,175.54764,176.91275,178.2881,179.67227 0.07643,0.06855,0.06044,0.05213,0.04365,0.0265,0.01729,0.00819,-0.00067,-0.00913,-0.02853,-0.03607,-0.04274,-0.06092,-0.0657,-0.08235,-0.08485,-0.09961,-0.09985,-0.11274,-0.1248,-0.12248,-0.13306,-0.14285,-0.15182,-0.16,-0.16751,-0.17454,-0.18136,-0.1882,-0.19519,-0.20538,-0.2122,-0.21858,-0.22684,-0.23122,-0.23338,-0.23776,-0.2353,-0.23635,-0.22861,-0.22659,-0.22344,-0.21105,-0.20717,-0.20342,-0.19277,-0.19123,-0.19059,-0.18541,-0.18712,-0.18907,-0.19087,-0.19198,-0.19181,-0.18475,-0.18041,-0.17392,-0.16562,-0.15622,-0.14662,-0.13785,-0.13067,-0.12534,-0.1216,-0.11894,-0.11689,-0.11511,-0.11343,-0.11181,-0.10818,-0.1068,-0.10559,-0.10444,-0.1033,-0.10223,-0.1018,-0.10138,-0.10347,-0.10396,-0.10459,-0.10924,-0.11055,-0.11189,-0.11683,-0.118,-0.12102,-0.12137,-0.12137,-0.12075,-0.11824,-0.11459,-0.11403,-0.11094,-0.10856,-0.10703,-0.1063,-0.10613,-0.10631,-0.10659,-0.10676,-0.10667,-0.10623,-0.1054,-0.10094,-0.09936,-0.0932,-0.09118,-0.08922,-0.08193,-0.07395,-0.07308,-0.0652,-0.06581,-0.05851,-0.05114,-0.04379,-0.04742,-0.04097,-0.03474,-0.02881,-0.02326,-0.01812,-0.01342,-0.00913,-0.00521,-0.0016,0.00173,0.00486,0.00779,0.01053,0.013,0.01515,0.02998,0.03143,0.03239,0.0328,0.04707,0.04663,0.06095,0.05977,0.07405,0.07212,0.08591,0.08294,0.09536,0.10641,0.10071,0.10868,0.11452,0.11821,0.12015,0.12086,0.12102,0.12112,0.12147,0.1221,0.1297,0.13018,0.1305,0.13758,0.13715,0.14366,0.14215,0.1478,0.14501,0.14959,0.14566,0.14925,0.14457,0.14741,0.14979,0.14426,0.1459,0.14702,0.14765,0.14781,0.14082,0.14069,0.14051,0.14047,0.14072,0.14138,0.14247,0.13831,0.13993,0.14142,0.14257,0.14321,0.14327,0.14278,0.14745,0.14624,0.14496,0.14373,0.14262,0.14163,0.14064,0.13958,0.14431,0.1429,0.14123,0.13928,0.14228,0.13969,0.13683,0.13712,0.13346,0.13179,0.12797,0.12433,0.12317,0.12045,0.12113,0.12302,0.12211,0.12558,0.12504,0.12914,0.13311,0.13662,0.1394,0.1379,0.13931,0.13981,0.13962,0.14139,0.14053,0.13968,0.13894,0.13827,0.1387,0.13798,0.13796,0.13716,0.13692,0.13599,0.13558,0.13449,0.1337,0.13233,0.13103,0.12891,0.12603,0.12237,0.12047,0.11589,0.1106,0.10469,0.09824,0.09132,0.08403
84.375 -179.60394,-178.29245,-176.97597,-175.65655,-174.33557,-173.01441,-171.69447,-170.37665,-169.08815,-167.75327,-166.42529,-165.1057,-163.71484,-162.39068,-160.94146,-159.61865,-158.3118,-156.80316,-155.50867,-153.95852,-152.37292,-151.09929,-149.48457,-147.84101,-146.6076,-144.94977,-143.27115,-141.5751,-139.86505,-138.14455,-136.41721,-134.68704,-132.95773,-132.2585,-130.50739,-128.76726,-127.04193,-126.24428,-124.51764,-123.67576,-121.95715,-121.07455,-119.37346,-118.45453,-116.78062,-115.83031,-114.19294,-113.21683,-112.22012,-110.62863,-109.61404,-108.58121,-107.53062,-106.01131,-104.95396,-103.88207,-102.79644,-101.37839,-100.29776,-99.20709,-98.1074,-96.99975,-95.88525,-94.76506,-93.64036,-92.51239,-91.38238,-90.25158,-89.12126,-87.99267,-86.86707,-85.74566,-84.62966,-83.52024,-82.41851,-81.32555,-80.2424,-78.84222,-77.75327,-76.67784,-75.61677,-74.57081,-73.05818,-72.02069,-71.00133,-69.42322,-68.42104,-67.43945,-65.81349,-64.85702,-63.19319,-62.26756,-60.57498,-59.68532,-57.97355,-57.12433,-55.40298,-54.59783,-52.8763,-51.13892,-50.40502,-48.68219,-46.95342,-45.22259,-43.49358,-41.77037,-40.05683,-38.35648,-36.67277,-35.00916,-33.36845,-32.12544,-30.50311,-28.91145,-27.63303,-26.07382,-24.77487,-23.25665,-21.9441,-20.47423,-19.15522,-17.73995,-16.42134,-15.09312,-13.7547,-12.4365,-11.11246,-9.78388,-8.45238,-7.24879,-5.94202,-4.63641,-3.33322,-2.03372,-0.73923,0.54901,1.8291,3.10055,4.36231,5.61331,7.24471,8.49162,9.72373,10.9408,12.14206,13.82724,15.01145,16.17717,17.88751,19.0286,20.75731,21.86925,23.60936,24.68774,26.43131,27.47215,29.21203,30.96068,31.94228,33.67662,35.41277,37.14783,38.8797,40.60586,42.32383,44.03127,45.7258,47.40509,49.06736,50.01879,51.67189,53.30281,54.28902,55.90226,56.91063,58.50084,60.06189,61.09045,62.1332,63.66345,64.71844,66.21232,67.27615,68.35147,69.7993,70.87878,71.968,73.36187,74.45055,75.54709,76.65101,77.76179,79.06924,80.17217,81.27997,82.39208,83.50791,84.62686,85.74832,86.87168,87.99632,89.1216,90.2469,91.37158,92.49502,93.6166,94.7357,95.85171,96.96403,98.07208,99.17528,100.47628,101.58746,102.69182,103.78883,104.87799,106.26572,107.35555,108.43567,109.87761,110.95375,112.01842,113.50674,114.56277,115.60583,117.13181,118.16174,119.71809,120.7316,122.31382,123.30772,124.91102,126.53836,127.50164,129.142,130.80162,132.47863,133.38988,135.0681,136.75821,138.45799,140.16514,141.87727,143.59191,144.5262,146.26259,147.99524,149.72149,150.73844,152.47162,153.52745,155.26098,156.35256,158.0796,159.20273,160.91531,162.06544,163.23503,164.92899,166.11917,167.32644,168.98611,170.20587,171.43974,172.68685,173.94693,175.21838,176.50016,177.79115,179.09019 0.09662,0.09042,0.08405,0.07755,0.07096,0.06429,0.05758,0.05087,0.03595,0.02876,0.02182,0.01525,-0.00159,-0.00734,-0.024,-0.02817,-0.0313,-0.0458,-0.04696,-0.0599,-0.07227,-0.07096,-0.0822,-0.09306,-0.09059,-0.10074,-0.11041,-0.11943,-0.12771,-0.13526,-0.14223,-0.14896,-0.15572,-0.16788,-0.17513,-0.18239,-0.18926,-0.20052,-0.20543,-0.2145,-0.21562,-0.22154,-0.21753,-0.21985,-0.21053,-0.20963,-0.19658,-0.19401,-0.19119,-0.17851,-0.17708,-0.1764,-0.17658,-0.17065,-0.17302,-0.17571,-0.17838,-0.17422,-0.17518,-0.17454,-0.17194,-0.16729,-0.16072,-0.15267,-0.14388,-0.13534,-0.12802,-0.12254,-0.11889,-0.11669,-0.11541,-0.11459,-0.11392,-0.11319,-0.11227,-0.11114,-0.10972,-0.10797,-0.10601,-0.1038,-0.10137,-0.09881,-0.09792,-0.09613,-0.09463,-0.09712,-0.09691,-0.09705,-0.10249,-0.10331,-0.10939,-0.11001,-0.11523,-0.11499,-0.11816,-0.11684,-0.11765,-0.11571,-0.11494,-0.11341,-0.11193,-0.11079,-0.10994,-0.10954,-0.10956,-0.10987,-0.11029,-0.11068,-0.11088,-0.11081,-0.11046,-0.11029,-0.1094,-0.10819,-0.10636,-0.1046,-0.10142,-0.09949,-0.09547,-0.09393,-0.08968,-0.0889,-0.08478,-0.08027,-0.08069,-0.07639,-0.07183,-0.06709,-0.06228,-0.06439,-0.06012,-0.05602,-0.05214,-0.0485,-0.04513,-0.04201,-0.03914,-0.03649,-0.03406,-0.03187,-0.02059,-0.01882,-0.01741,-0.01639,-0.01575,-0.00505,-0.00526,-0.00578,0.0047,0.00354,0.01445,0.01284,0.02414,0.02199,0.0332,0.03022,0.04055,0.05024,0.04522,0.05304,0.05979,0.0655,0.0703,0.07442,0.07803,0.08117,0.0838,0.08578,0.087,0.09427,0.09443,0.09387,0.10084,0.09955,0.10642,0.10454,0.10224,0.10842,0.11424,0.11073,0.11569,0.11121,0.11535,0.11911,0.11332,0.11634,0.11895,0.112,0.11396,0.11554,0.11678,0.11777,0.11049,0.11154,0.11263,0.11384,0.11519,0.11669,0.11826,0.11979,0.12115,0.12222,0.12291,0.12318,0.12302,0.1225,0.12171,0.12072,0.11962,0.11845,0.11721,0.12224,0.12091,0.11945,0.11788,0.11618,0.12086,0.11897,0.11703,0.12115,0.11884,0.11631,0.1185,0.11504,0.11127,0.11137,0.10734,0.10738,0.10379,0.10502,0.10221,0.10495,0.10852,0.10676,0.111,0.1152,0.11903,0.11679,0.11951,0.12129,0.12225,0.12259,0.12263,0.12264,0.12658,0.12658,0.12657,0.12636,0.1292,0.12825,0.13024,0.12855,0.12995,0.12794,0.12917,0.12734,0.12862,0.12968,0.12844,0.12925,0.12956,0.12838,0.12784,0.12652,0.12438,0.12141,0.11765,0.11319,0.10811,0.10255
90.0 -179.95131,-178.73662,-177.51773,-176.29552,-175.0707,-173.96345,-172.71503,-171.46782,-170.22303,-168.98182,-167.74947,-166.49517,-165.24803,-164.00922,-162.69044,-161.44956,-160.0811,-158.84317,-157.42978,-156.20116,-154.74875,-153.53558,-152.05084,-150.85876,-149.34879,-147.81362,-146.25522,-145.10855,-143.54182,-141.95897,-140.36292,-138.7566,-137.14289,-135.52499,-133.90607,-133.27109,-131.62981,-129.9956,-128.37185,-127.64641,-126.01698,-125.25058,-123.62297,-122.01904,-121.20029,-119.61112,-118.76016,-117.1937,-116.31455,-115.41572,-113.8756,-112.95433,-112.01481,-110.51657,-109.56134,-108.58986,-107.14842,-106.1685,-105.17481,-104.16795,-102.80899,-101.80335,-100.78751,-99.76226,-98.72844,-97.68691,-96.6386,-95.58446,-94.52549,-93.38066,-92.34392,-91.30559,-90.26666,-89.22813,-88.19097,-87.15617,-86.005,-84.9497,-83.90002,-82.85691,-81.8213,-80.79409,-79.77612,-78.76818,-77.42501,-76.41524,-75.4185,-74.43539,-73.00808,-72.03281,-71.07372,-69.58817,-68.64423,-67.71852,-66.18955,-65.28572,-64.40166,-62.84477,-61.98841,-60.40772,-59.58323,-57.98649,-57.19745,-55.59248,-53.96793,-53.23626,-51.61622,-49.98495,-49.31888,-47.70406,-46.08621,-44.46849,-42.85408,-41.24622,-39.64805,-38.06241,-36.49209,-34.93985,-33.78413,-32.24361,-30.728,-29.23914,-28.04342,-26.58238,-25.36793,-23.94181,-22.71432,-21.3293,-20.09466,-18.7561,-17.5201,-16.27463,-15.00106,-13.76227,-12.51715,-11.26679,-10.08696,-8.8532,-7.61837,-6.38312,-5.14854,-3.91575,-2.68587,-1.46052,-0.24044,0.97353,2.18039,3.37919,4.569,5.74896,6.9178,8.07513,9.6309,10.78006,11.91512,13.03553,14.62723,15.73062,16.8173,18.42833,19.49252,20.53843,22.1562,23.17445,24.79791,26.43481,27.4094,29.04317,29.98218,31.60683,33.2355,34.86626,36.497,37.34061,38.94784,40.54956,42.14404,43.72952,44.57602,46.16319,47.73661,49.29465,50.19058,51.73972,53.26925,54.1954,55.70932,57.19999,58.14901,59.61775,60.58178,62.02471,63.00089,63.98876,65.40023,66.39668,67.77397,68.77621,69.78782,70.80846,72.1355,73.15698,74.186,75.22215,76.48762,77.51965,78.55719,79.5998,80.64702,81.69836,82.86528,83.90552,84.94825,85.993,87.03927,88.08654,89.13433,90.18213,91.22942,92.27572,93.32052,94.36332,95.40363,96.56476,97.61624,98.6636,99.70637,100.74408,101.77629,102.80255,104.07252,105.10182,106.1236,107.13749,108.46622,109.47827,110.481,111.85312,112.8502,113.8366,115.24534,116.22234,117.66057,118.62545,120.08972,121.0398,122.52637,123.45905,124.96395,126.48993,127.39574,128.93352,130.48868,132.05962,132.92075,134.49352,136.07751,137.67094,139.2719,140.87849,142.48911,144.10141,144.98257,146.61294,148.23962,149.8605,150.81378,152.44142,153.42916,155.0574,156.07668,157.69959,158.74721,160.35908,161.43164,163.02654,164.11981,165.22911,166.35404,167.92508,169.06347,170.21513,171.37945,172.55573,174.07383,175.25218,176.43995,177.63599,178.83923 0.1094,0.10523,0.10085,0.09635,0.09186,0.08433,0.07941,0.07452,0.06965,0.06479,0.0533,0.04802,0.04291,0.03803,0.02428,0.01998,0.00604,0.00299,-0.0101,-0.01155,-0.02338,-0.02337,-0.03414,-0.03319,-0.04343,-0.05369,-0.06396,-0.06246,-0.07237,-0.08169,-0.09008,-0.0973,-0.10343,-0.10886,-0.11414,-0.12583,-0.13204,-0.13883,-0.14603,-0.15896,-0.16571,-0.17774,-0.1822,-0.1843,-0.19249,-0.18979,-0.19452,-0.18668,-0.18798,-0.188,-0.17518,-0.17354,-0.17165,-0.15942,-0.15869,-0.15868,-0.15123,-0.1534,-0.15618,-0.15934,-0.15525,-0.15796,-0.15976,-0.16029,-0.15923,-0.1564,-0.15182,-0.14569,-0.13853,-0.12491,-0.11895,-0.11418,-0.11075,-0.10852,-0.10719,-0.10644,-0.10935,-0.10911,-0.10884,-0.10843,-0.10779,-0.10679,-0.10536,-0.10335,-0.10243,-0.0994,-0.09605,-0.0926,-0.09157,-0.08897,-0.08682,-0.08889,-0.08823,-0.08797,-0.09292,-0.09328,-0.09348,-0.09898,-0.0985,-0.10339,-0.10187,-0.1057,-0.10332,-0.1061,-0.10799,-0.10533,-0.10639,-0.10674,-0.10438,-0.10442,-0.10428,-0.10412,-0.10405,-0.10404,-0.10398,-0.10381,-0.10348,-0.10295,-0.10533,-0.10458,-0.10359,-0.1023,-0.10372,-0.10182,-0.1022,-0.09979,-0.09933,-0.09684,-0.09594,-0.09379,-0.09274,-0.09127,-0.08998,-0.08844,-0.08646,-0.08407,-0.08403,-0.08166,-0.07901,-0.07619,-0.07329,-0.07041,-0.06761,-0.06495,-0.06244,-0.0601,-0.05791,-0.05586,-0.05395,-0.05219,-0.05056,-0.04906,-0.04143,-0.04041,-0.03959,-0.03896,-0.03212,-0.03206,-0.03213,-0.02563,-0.02608,-0.02654,-0.01993,-0.02068,-0.01378,-0.00642,-0.00811,-0.00108,-0.00339,0.00319,0.00979,0.01641,0.02303,0.0201,0.0266,0.03272,0.03812,0.04244,0.05012,0.05255,0.05362,0.0534,0.05968,0.05827,0.05631,0.06257,0.06058,0.05881,0.06534,0.06372,0.07001,0.06784,0.07338,0.07865,0.07464,0.07903,0.07377,0.07747,0.081,0.08434,0.07762,0.08055,0.08328,0.08577,0.07862,0.08077,0.0827,0.08444,0.08602,0.08751,0.07989,0.08134,0.08282,0.08435,0.08591,0.08746,0.08893,0.09026,0.09135,0.09215,0.09262,0.09278,0.09263,0.09936,0.09852,0.09749,0.09627,0.09488,0.09334,0.09167,0.09651,0.09469,0.09283,0.09095,0.09564,0.09373,0.09176,0.09593,0.0934,0.09053,0.09274,0.08893,0.0898,0.08555,0.08614,0.08209,0.08345,0.08005,0.08273,0.08622,0.08386,0.08812,0.09241,0.09631,0.09349,0.09615,0.09789,0.09879,0.09915,0.09935,0.09967,0.10026,0.10533,0.1061,0.10684,0.10735,0.11142,0.11105,0.11418,0.11285,0.11517,0.11326,0.11519,0.11335,0.1154,0.11412,0.1165,0.11887,0.12111,0.12061,0.12249,0.12386,0.12458,0.12457,0.1227,0.12143,0.11938,0.11662,0.11325
95.625 -179.30226,-178.14798,-176.99027,-175.83005,-174.66824,-173.50549,-172.34264,-171.25134,-170.07147,-168.89481,-167.72237,-166.55481,-165.36116,-164.18624,-163.01951,-161.76652,-160.59947,-159.30372,-158.1408,-156.80645,-155.65266,-154.28475,-153.1453,-151.74948,-150.32809,-149.21143,-147.77138,-146.3108,-144.83144,-143.76179,-142.27844,-140.78272,-139.27702,-137.76381,-136.24555,-134.725,-134.14509,-132.60236,-131.06382,-129.53247,-128.86972,-127.32984,-125.80395,-125.08696,-123.563,-122.81215,-121.29663,-120.51462,-119.01427,-118.2041,-116.72567,-115.89088,-114.44081,-113.5853,-112.71333,-111.29745,-110.41017,-109.50803,-108.13893,-107.22739,-106.30295,-105.36606,-104.4172,-103.12634,-102.17794,-101.22008,-100.25341,-99.27862,-98.29645,-97.13166,-96.16202,-95.18774,-94.20963,-93.2285,-92.24518,-91.2605,-90.27533,-89.29049,-88.30685,-87.32524,-86.3465,-85.37145,-84.40087,-83.25219,-82.26865,-81.29234,-80.32401,-79.36436,-78.41405,-77.13774,-76.1865,-75.24711,-74.32008,-73.40588,-72.04961,-71.14437,-70.25394,-68.8497,-67.97416,-67.11507,-65.67539,-64.83662,-63.36777,-62.55324,-61.06159,-60.27488,-58.76705,-58.01134,-56.49397,-55.77196,-54.25162,-52.71644,-52.04845,-50.5209,-48.98554,-47.44521,-46.85976,-45.34077,-43.82341,-42.31029,-40.80402,-39.3073,-37.82236,-36.35149,-35.27337,-33.80939,-32.36558,-30.9437,-29.82324,-28.42237,-27.04812,-25.90795,-24.56373,-23.41117,-22.10224,-20.9422,-19.77034,-18.5105,-17.33869,-16.12508,-14.95746,-13.78328,-12.60345,-11.46988,-10.30295,-9.13381,-7.96317,-6.79191,-5.62101,-4.62135,-3.47379,-2.32975,-1.18974,-0.05446,1.07527,2.19863,3.31485,4.74002,5.85609,6.96245,8.05845,9.14349,10.21702,11.69911,12.76153,13.81045,14.84548,16.35104,17.36874,18.89117,19.88785,20.86814,22.39471,23.35019,24.88171,26.42456,27.34084,28.88035,29.76513,31.29705,32.83291,34.37086,35.18964,36.70979,38.22769,39.74165,41.25002,42.75131,44.24357,45.04741,46.54008,48.02008,49.48605,50.93675,51.79092,53.23138,54.10457,55.53101,56.93697,57.83054,59.21734,60.12445,61.48891,62.40734,63.74652,64.67397,65.61112,66.91925,67.86223,68.81385,70.08513,71.03946,72.00122,73.23037,74.19167,75.15915,76.13245,77.11123,78.27438,79.24772,80.22519,81.20641,82.19099,83.17853,84.16862,85.16084,86.15478,87.15,88.14609,89.14262,90.13914,91.13524,92.13047,93.12442,94.11665,95.10675,96.0943,97.0789,98.06014,99.03763,100.011,101.16908,102.14794,103.12133,104.0889,105.05032,106.2745,107.23645,108.19097,109.45738,110.40929,111.35258,112.65601,113.59351,114.52131,115.85594,116.77483,118.13494,119.04266,120.42531,121.31959,122.72163,123.60035,125.01858,126.45556,127.3108,128.75841,130.22156,131.04731,132.51521,133.99506,135.48539,136.9848,138.49206,140.00531,141.5229,143.04317,144.56441,146.08484,146.93472,148.46835,149.9968,150.89421,152.42818,153.35604,154.89082,156.41321,157.37816,158.35995,159.88231,160.88671,162.39487,163.41857,164.45706,165.94818,167.00131,168.06734,169.14583,170.60499,171.69137,172.78816,173.89461,175.01008,176.13387,177.26524,178.40342,179.54777 0.10883,0.10567,0.10232,0.09891,0.09553,0.09222,0.08901,0.08432,0.08091,0.07754,0.07415,0.07074,0.06284,0.05904,0.0553,0.04533,0.0418,0.0311,0.02841,0.01804,0.01657,0.00704,0.00677,-0.00213,-0.01117,-0.01039,-0.01957,-0.02911,-0.03884,-0.0375,-0.04654,-0.05468,-0.06153,-0.067,-0.0714,-0.07532,-0.08581,-0.0904,-0.09583,-0.10222,-0.11465,-0.12188,-0.12889,-0.14116,-0.14634,-0.15712,-0.15885,-0.16711,-0.16429,-0.16936,-0.162,-0.16394,-0.1533,-0.15306,-0.15224,-0.14058,-0.13991,-0.13966,-0.13117,-0.13272,-0.13498,-0.13786,-0.1411,-0.13648,-0.13948,-0.1418,-0.14317,-0.14332,-0.14208,-0.1309,-0.1274,-0.12306,-0.11832,-0.11367,-0.10953,-0.10615,-0.10358,-0.10168,-0.1003,-0.09929,-0.09854,-0.09796,-0.09749,-0.10141,-0.10098,-0.10028,-0.09918,-0.09749,-0.09512,-0.09519,-0.09158,-0.08771,-0.08383,-0.08018,-0.0804,-0.07804,-0.07631,-0.07934,-0.07885,-0.07856,-0.08316,-0.08277,-0.08724,-0.08598,-0.08988,-0.08758,-0.09103,-0.08803,-0.09142,-0.08825,-0.09167,-0.09472,-0.09175,-0.09405,-0.09544,-0.09601,-0.09272,-0.0926,-0.09222,-0.09175,-0.09127,-0.09077,-0.09019,-0.08947,-0.09268,-0.09176,-0.09068,-0.08939,-0.09226,-0.09053,-0.08842,-0.09056,-0.08794,-0.08953,-0.08676,-0.08804,-0.08903,-0.08672,-0.08763,-0.08585,-0.08672,-0.08729,-0.08751,-0.08666,-0.08675,-0.08645,-0.08577,-0.08472,-0.08335,-0.08351,-0.08211,-0.08053,-0.07883,-0.07708,-0.07529,-0.07351,-0.07174,-0.06674,-0.06498,-0.06325,-0.06156,-0.05992,-0.05833,-0.05344,-0.05226,-0.05122,-0.05034,-0.04638,-0.04596,-0.04209,-0.04197,-0.04186,-0.03798,-0.03805,-0.034,-0.02967,-0.03034,-0.02611,-0.02714,-0.02282,-0.01803,-0.0127,-0.01392,-0.00817,-0.00224,0.00347,0.00849,0.01243,0.01501,0.02158,0.02226,0.02169,0.02022,0.01826,0.02343,0.02148,0.02688,0.0257,0.02534,0.03117,0.03122,0.03677,0.03599,0.04068,0.03821,0.04187,0.04539,0.04063,0.04354,0.04645,0.04067,0.04344,0.04628,0.0404,0.04317,0.04589,0.0485,0.05092,0.04418,0.046,0.04758,0.04898,0.05029,0.0516,0.053,0.05456,0.05631,0.05824,0.06027,0.0623,0.06422,0.06592,0.06733,0.06841,0.06915,0.06957,0.06967,0.06948,0.06901,0.06827,0.06731,0.07302,0.07154,0.06995,0.06826,0.06653,0.07126,0.06945,0.06763,0.07227,0.07036,0.06834,0.07236,0.06971,0.06673,0.06902,0.0652,0.06635,0.06212,0.06294,0.05887,0.06025,0.05675,0.05924,0.06246,0.05994,0.06393,0.068,0.06537,0.06872,0.07123,0.07278,0.0735,0.07373,0.07387,0.07429,0.07518,0.0765,0.07812,0.08369,0.08522,0.08656,0.09132,0.09195,0.09587,0.0956,0.09489,0.09746,0.09973,0.09811,0.10016,0.09858,0.10096,0.10357,0.10271,0.10576,0.10883,0.11178,0.11117,0.11362,0.1155,0.11672,0.11719,0.11688,0.11581,0.11404,0.11167
101.25 -179.59281,-178.51419,-177.43199,-176.34716,-175.39791,-174.29233,-173.18635,-172.08077,-170.97592,-169.87294,-168.80393,-167.68917,-166.57902,-165.47428,-164.3326,-163.2225,-162.12041,-160.92758,-159.8264,-158.59648,-157.50018,-156.2368,-155.14935,-153.85691,-152.7828,-151.46603,-150.12669,-149.07336,-147.71753,-146.34334,-144.95233,-143.54619,-142.54504,-141.13821,-139.72182,-138.29795,-136.86858,-136.35782,-134.90374,-133.44961,-131.99764,-130.55039,-129.94223,-128.48459,-127.03752,-126.37864,-124.92987,-124.23921,-122.79421,-121.36923,-120.63816,-119.22625,-118.46992,-117.69719,-116.29797,-115.50358,-114.13087,-113.31822,-112.49081,-111.14975,-110.30876,-109.45437,-108.15575,-107.29285,-106.41825,-105.53232,-104.29428,-103.40665,-102.50972,-101.604,-100.69004,-99.76843,-98.63528,-97.72225,-96.80388,-95.88083,-94.95377,-94.0234,-93.09042,-92.15555,-91.21952,-90.28306,-89.3469,-88.41179,-87.47844,-86.54759,-85.61994,-84.69618,-83.777,-82.86305,-81.74438,-80.82149,-79.90615,-78.99896,-78.10047,-77.2112,-75.98637,-75.09842,-74.22173,-73.35669,-72.07022,-71.21335,-70.36982,-69.03993,-68.20969,-67.39417,-66.03161,-65.23405,-63.84429,-63.06806,-62.3083,-60.9048,-60.17003,-58.75277,-58.04556,-56.62007,-55.1775,-54.51441,-53.07265,-51.61967,-51.00712,-49.56379,-48.11522,-46.66379,-46.12689,-44.69637,-43.2685,-41.84542,-40.42929,-39.02231,-37.62643,-36.61744,-35.22472,-33.84838,-32.49004,-31.43777,-30.09501,-28.77458,-27.69988,-26.4032,-25.31429,-24.04619,-22.94731,-21.71217,-20.60743,-19.40913,-18.30323,-17.14503,-16.04144,-14.93125,-13.81522,-12.72581,-11.61967,-10.51062,-9.39927,-8.28638,-7.29454,-6.19922,-5.10487,-4.01269,-2.92296,-1.83641,-0.7538,0.32416,1.39675,2.46279,3.52215,4.57421,5.61837,6.65408,8.03206,9.06258,10.08273,11.09205,12.09012,13.50165,14.48757,15.46072,16.88949,17.84606,18.78867,20.22636,21.14894,22.59468,23.49457,24.94352,25.81869,27.2674,28.72373,29.56038,31.00978,32.46258,33.91759,34.6957,36.1357,37.57421,39.00944,40.44014,41.86509,43.28294,44.69239,46.09231,46.86701,48.26425,49.6487,51.01932,51.82848,53.18975,54.53448,55.36498,56.69569,57.54015,58.85389,59.71059,61.00479,61.8719,63.14403,64.01964,64.90413,66.14959,67.03995,68.25769,69.15199,70.05348,71.23651,72.13925,73.04816,73.96299,75.09995,76.01266,76.93019,77.85225,78.77853,79.70871,80.77292,81.69606,82.62197,83.55031,84.48075,85.41295,86.34655,87.28121,88.21657,89.15228,90.08799,91.02335,91.95799,92.89156,93.82373,94.75413,95.68243,96.60829,97.53138,98.59106,99.5212,100.44743,101.36945,102.28694,103.1996,104.33205,105.24688,106.15579,107.05853,108.23712,109.13862,110.03294,111.24626,112.13671,113.01899,114.26243,115.13821,116.40614,117.2735,118.56363,119.42068,120.73056,121.57554,122.90249,123.73351,125.07474,126.43268,127.24267,128.61026,129.99189,130.77585,132.16213,133.55956,134.967,136.38313,137.80666,139.23629,140.67063,142.10826,143.54787,144.98828,146.42776,147.23329,148.6838,150.12954,150.97726,152.42808,153.87066,154.75539,156.19651,157.10495,158.54049,159.47033,160.41469,161.8457,162.8082,163.78404,165.20094,166.19081,167.19264,168.58729,169.5991,170.62122,171.65321,172.69457,173.74479,174.80329,176.14171,177.19959,178.26357,179.33299 0.10266,0.10082,0.09862,0.09619,0.09586,0.09314,0.09048,0.0879,0.08545,0.08308,0.08137,0.07888,0.07633,0.07371,0.06971,0.06667,0.06356,0.05751,0.05437,0.04731,0.0447,0.03751,0.03592,0.02921,0.02876,0.02247,0.01581,0.01658,0.00963,0.00206,-0.00599,-0.01424,-0.01168,-0.01887,-0.02524,-0.03057,-0.03494,-0.04501,-0.04867,-0.05253,-0.05709,-0.06259,-0.07358,-0.08031,-0.0874,-0.09919,-0.10578,-0.11727,-0.12186,-0.12451,-0.13342,-0.13239,-0.13882,-0.1441,-0.13764,-0.14019,-0.131,-0.13153,-0.13143,-0.12095,-0.12071,-0.12074,-0.11226,-0.11371,-0.11583,-0.11853,-0.11316,-0.11647,-0.11961,-0.12231,-0.12435,-0.12549,-0.11698,-0.11633,-0.11482,-0.11256,-0.1098,-0.10679,-0.10379,-0.101,-0.09852,-0.09636,-0.09448,-0.09283,-0.09136,-0.09007,-0.08896,-0.08805,-0.08731,-0.08665,-0.09116,-0.09021,-0.08878,-0.08669,-0.08389,-0.08045,-0.08081,-0.07673,-0.07277,-0.06917,-0.07036,-0.06809,-0.06642,-0.06991,-0.06924,-0.06863,-0.07282,-0.07179,-0.07535,-0.07328,-0.0706,-0.0729,-0.06937,-0.07168,-0.06787,-0.07095,-0.07467,-0.07135,-0.07555,-0.07938,-0.07619,-0.07907,-0.08083,-0.08155,-0.07765,-0.07752,-0.07707,-0.07651,-0.07597,-0.07543,-0.07477,-0.07801,-0.077,-0.07576,-0.07428,-0.07728,-0.07551,-0.07349,-0.07623,-0.07384,-0.07627,-0.07367,-0.07588,-0.07337,-0.07553,-0.07333,-0.07551,-0.07362,-0.0758,-0.07784,-0.0797,-0.07802,-0.07971,-0.08115,-0.0823,-0.08312,-0.08114,-0.08162,-0.08176,-0.0816,-0.08114,-0.08044,-0.07953,-0.07846,-0.07727,-0.07597,-0.07458,-0.0731,-0.07154,-0.06994,-0.06713,-0.0654,-0.06371,-0.0621,-0.06058,-0.05761,-0.05645,-0.05543,-0.05292,-0.05222,-0.05155,-0.04929,-0.04871,-0.04641,-0.04596,-0.04374,-0.0436,-0.0416,-0.03946,-0.03998,-0.0377,-0.0349,-0.0315,-0.03216,-0.02828,-0.02411,-0.02003,-0.01642,-0.0136,-0.01177,-0.01092,-0.01088,-0.00625,-0.00703,-0.00798,-0.00868,-0.00462,-0.00478,-0.00406,0.00044,0.00203,0.00679,0.00841,0.0128,0.0131,0.01652,0.01481,0.01717,0.01935,0.0154,0.01705,0.01258,0.01412,0.01585,0.01142,0.01327,0.01529,0.01742,0.01289,0.01474,0.01646,0.018,0.01933,0.02048,0.01367,0.01453,0.01553,0.01679,0.01835,0.02025,0.02241,0.02475,0.02714,0.02947,0.03163,0.03353,0.03515,0.03649,0.03758,0.03844,0.03908,0.03953,0.03978,0.04675,0.04636,0.04575,0.04495,0.04395,0.04276,0.04743,0.04588,0.04427,0.04259,0.0469,0.04509,0.0432,0.04732,0.04506,0.04254,0.04573,0.04252,0.04476,0.04095,0.04241,0.0384,0.03961,0.0358,0.03737,0.03401,0.03631,0.03918,0.0365,0.03993,0.04349,0.0406,0.04354,0.0458,0.04721,0.04785,0.048,0.04809,0.04848,0.04943,0.05095,0.0529,0.05509,0.06099,0.0631,0.06505,0.07042,0.07187,0.07293,0.07729,0.0774,0.0808,0.07975,0.08225,0.08444,0.08226,0.08431,0.0865,0.08455,0.08733,0.0904,0.08922,0.0927,0.09617,0.09948,0.10245,0.10494,0.10683,0.10417,0.10483,0.10476,0.10401
106.875 -179.00323,-177.97271,-176.93941,-175.90352,-174.86601,-173.82764,-172.8856,-171.83133,-170.77825,-169.72689,-168.67773,-167.6475,-166.58914,-165.5356,-164.48758,-163.39428,-162.34277,-161.21252,-160.16118,-159.1191,-157.949,-156.91223,-155.71291,-154.68469,-153.45999,-152.21304,-151.19817,-149.93205,-148.64685,-147.65449,-146.35722,-145.04478,-143.71854,-142.38014,-141.0312,-139.67331,-138.30849,-136.93863,-135.56558,-134.19134,-132.81785,-131.44723,-130.88682,-129.50467,-128.13045,-127.52278,-126.1443,-124.77868,-124.1288,-122.76666,-122.09017,-120.73635,-120.0352,-118.6946,-117.97107,-116.64848,-115.90518,-115.14772,-113.84491,-113.07126,-111.79765,-111.01086,-110.21178,-109.40059,-108.16583,-107.34688,-106.51726,-105.32991,-104.49708,-103.65525,-102.80482,-101.94623,-101.07993,-99.9802,-99.11946,-98.25296,-97.38125,-96.50488,-95.62442,-94.74048,-93.85365,-92.96456,-92.07382,-91.18209,-90.28998,-89.39815,-88.50724,-87.61787,-86.73069,-85.8463,-84.96531,-84.08833,-83.21592,-82.34867,-81.48709,-80.4005,-79.53308,-78.6733,-77.82161,-76.97848,-76.14431,-74.96904,-74.13777,-73.31712,-72.09391,-71.28073,-70.47963,-69.6908,-68.42776,-67.65183,-66.35894,-65.59898,-64.85318,-63.5396,-62.81338,-61.48123,-60.7771,-59.43118,-58.75151,-57.39663,-56.7434,-55.38434,-54.01177,-53.40062,-52.03157,-50.65407,-50.09001,-48.72341,-47.35352,-45.98228,-44.61172,-43.24375,-41.88033,-41.44624,-40.52347,-39.17495,-37.83651,-36.50989,-35.19668,-33.89826,-32.61601,-31.62072,-30.35232,-29.10375,-28.08801,-26.86024,-25.83142,-24.62855,-23.59011,-22.41599,-21.37136,-20.22936,-19.1827,-18.12795,-17.02996,-15.97771,-14.91953,-13.87203,-12.82134,-11.7673,-10.71041,-9.73273,-8.6887,-7.6439,-6.59922,-5.55551,-4.51314,-3.47272,-2.43492,-1.40041,-0.37011,0.65543,1.67584,2.69054,3.69898,4.70063,5.69496,6.68137,7.65929,8.62858,9.95046,10.91286,11.86506,12.80675,14.15227,15.08182,15.99965,17.35948,18.26192,19.15164,20.51788,21.38901,22.76156,23.61218,24.98777,25.81599,27.19096,28.57232,29.36582,30.74126,32.12015,32.87468,34.24254,35.61016,36.97676,38.3411,39.70197,41.05832,42.40859,43.75185,45.08711,46.41333,47.72952,48.47535,49.78726,51.08648,51.85533,53.1459,54.42159,55.20949,56.47265,57.27331,58.52156,59.33342,60.56442,61.38579,62.59731,63.42665,64.61676,65.45245,66.29565,67.45971,68.30703,69.16108,70.29502,71.15091,72.01266,73.11277,73.97411,74.84041,75.71141,76.58687,77.63491,78.50644,79.38148,80.25978,81.14105,82.02503,82.91141,83.8782,84.75593,85.63512,86.51548,87.39671,88.27853,89.16064,90.04274,90.92454,91.80574,92.68605,93.56518,94.44285,95.40563,96.29193,97.17581,98.05698,98.93517,99.81009,100.68149,101.5491,102.60078,103.47165,104.3378,105.19898,106.29499,107.15659,108.01233,108.86201,109.99608,110.8433,111.68362,112.84644,113.68207,114.8682,115.6976,116.90524,117.72673,118.53948,119.76587,120.56861,121.81128,123.07091,123.85917,125.13152,125.90563,127.18821,128.48432,129.23725,130.53973,131.85337,133.17725,134.51038,135.85175,136.55281,137.89095,139.23451,140.58262,141.27778,142.64387,144.01131,145.37888,146.74533,147.51089,148.88708,150.25925,151.06267,152.43933,153.80832,154.64501,156.01309,156.87144,158.23557,159.11354,160.00458,161.36508,162.27287,163.6205,164.54289,165.47663,166.42148,167.75292,168.70755,169.67193,170.64578,171.94825,172.92701,173.91354,174.90738,175.90802,176.91502,177.92822,178.94663,179.96968 0.09122,0.08989,0.08815,0.08611,0.08388,0.08158,0.08283,0.08054,0.07836,0.07629,0.07432,0.07513,0.07314,0.07114,0.06909,0.06821,0.06577,0.06324,0.0605,0.05783,0.054,0.0517,0.04759,0.04616,0.04239,0.03847,0.03864,0.03492,0.0307,0.03191,0.02739,0.0223,0.01678,0.01107,0.00543,0.00011,-0.00475,-0.00921,-0.01346,-0.01787,-0.02273,-0.02825,-0.03779,-0.04409,-0.05081,-0.06108,-0.06773,-0.07368,-0.08401,-0.08832,-0.09809,-0.09997,-0.10843,-0.10732,-0.11383,-0.10971,-0.11395,-0.11712,-0.10927,-0.11053,-0.10123,-0.10142,-0.10147,-0.10163,-0.09273,-0.09398,-0.09583,-0.08925,-0.09231,-0.09563,-0.09896,-0.10207,-0.10477,-0.09854,-0.10013,-0.10102,-0.10122,-0.10076,-0.09975,-0.0983,-0.09655,-0.09458,-0.09252,-0.09044,-0.08836,-0.08631,-0.08432,-0.0824,-0.0806,-0.079,-0.07764,-0.07651,-0.07556,-0.07466,-0.07363,-0.07809,-0.07618,-0.07361,-0.0704,-0.06667,-0.06266,-0.06371,-0.05991,-0.05656,-0.05883,-0.05678,-0.05526,-0.05414,-0.05853,-0.0576,-0.06166,-0.06002,-0.05781,-0.06018,-0.05681,-0.05821,-0.05402,-0.05536,-0.05101,-0.05325,-0.04927,-0.05286,-0.05716,-0.05393,-0.05857,-0.06274,-0.05938,-0.06241,-0.06433,-0.06527,-0.06553,-0.0654,-0.06512,-0.0613,-0.06479,-0.06434,-0.06365,-0.06258,-0.06111,-0.05928,-0.05721,-0.06003,-0.05788,-0.05569,-0.0585,-0.05626,-0.0589,-0.05665,-0.05918,-0.05703,-0.05956,-0.05763,-0.0602,-0.06273,-0.06095,-0.06341,-0.06578,-0.06377,-0.0659,-0.0679,-0.06975,-0.0671,-0.06864,-0.07,-0.07117,-0.07211,-0.07284,-0.07335,-0.07364,-0.07372,-0.0736,-0.0733,-0.07284,-0.0722,-0.07142,-0.07051,-0.06947,-0.06833,-0.06709,-0.06579,-0.06453,-0.06309,-0.06169,-0.06036,-0.05865,-0.05749,-0.05639,-0.05475,-0.05375,-0.05273,-0.05116,-0.05025,-0.04884,-0.04825,-0.04721,-0.04709,-0.04641,-0.04571,-0.04602,-0.04515,-0.04388,-0.04399,-0.04217,-0.03994,-0.03747,-0.03501,-0.03284,-0.0312,-0.03014,-0.02959,-0.02932,-0.02903,-0.02851,-0.02573,-0.02492,-0.02367,-0.02083,-0.0191,-0.01689,-0.01366,-0.01112,-0.00766,-0.00555,-0.00241,-0.00172,0.00058,-0.00051,0.00084,-0.00158,-0.00085,-0.00018,-0.00326,-0.00271,-0.00204,-0.00498,-0.00422,-0.00331,-0.00611,-0.00525,-0.00436,-0.0035,-0.00273,-0.00709,-0.00689,-0.00673,-0.00652,-0.00615,-0.00553,-0.00457,-0.00863,-0.00692,-0.00492,-0.00275,-0.00051,0.00167,0.00371,0.00553,0.00712,0.0085,0.00969,0.01075,0.01173,0.01863,0.01946,0.02023,0.02091,0.02146,0.02181,0.02191,0.02172,0.02608,0.02511,0.02388,0.02243,0.02581,0.02409,0.02229,0.02041,0.02374,0.02158,0.01924,0.02215,0.01932,0.0218,0.0185,0.02055,0.01702,0.01356,0.01527,0.01189,0.01357,0.01532,0.01221,0.0143,0.01143,0.01392,0.01666,0.01382,0.01643,0.01872,0.02049,0.02161,0.02213,0.01719,0.01723,0.01746,0.01816,0.02371,0.02526,0.02733,0.02969,0.03215,0.03815,0.04044,0.0425,0.04823,0.04989,0.05118,0.05631,0.05673,0.06105,0.06022,0.06352,0.06638,0.0639,0.06612,0.06318,0.06536,0.0677,0.07029,0.06825,0.07144,0.07486,0.07842,0.07704,0.08051,0.08374,0.08659,0.08894,0.0907,0.09182,0.09225,0.09203
112.5 -179.4388,-178.45492,-177.46816,-176.47906,-175.48819,-174.49606,-173.50286,-172.50961,-171.51692,-170.58739,-169.58279,-168.58059,-167.58083,-166.58759,-165.58075,-164.57878,-163.58234,-162.53406,-161.53556,-160.45474,-159.45726,-158.34628,-157.35292,-156.21458,-155.22843,-154.06578,-153.08984,-151.90646,-150.94405,-149.74367,-148.52621,-147.29257,-146.35584,-145.11372,-143.85899,-142.59305,-141.31726,-140.03295,-138.74184,-137.44552,-136.14558,-134.84366,-133.54144,-132.24072,-131.7223,-130.40943,-129.10241,-128.54008,-127.22705,-125.92409,-125.3218,-124.0194,-123.39188,-122.09413,-121.44283,-120.15401,-119.48074,-118.20511,-117.51193,-116.2536,-115.54285,-114.3058,-113.5799,-112.84188,-111.62957,-110.87977,-110.1188,-108.9393,-108.17023,-107.39117,-106.60236,-105.46874,-104.6768,-103.87654,-103.06832,-102.25249,-101.18689,-100.37431,-99.55576,-98.73169,-97.90256,-97.06886,-96.23106,-95.38968,-94.54525,-93.62546,-92.79535,-91.96391,-91.13165,-90.29909,-89.46677,-88.63521,-87.80494,-86.89806,-86.0533,-85.21154,-84.37329,-83.53908,-82.7094,-81.88472,-81.06552,-80.25223,-79.19864,-78.38188,-77.57269,-76.77143,-75.97846,-74.8562,-74.0661,-73.28573,-72.51534,-71.34659,-70.58405,-69.83265,-68.63058,-67.89076,-67.16304,-65.93558,-65.22283,-63.97347,-63.27817,-62.01095,-61.33537,-60.05452,-59.40066,-58.11041,-57.48018,-56.18468,-55.5796,-54.28294,-52.97563,-52.41039,-51.1085,-49.80031,-49.27885,-47.98228,-46.68383,-45.38515,-44.08804,-42.79406,-41.50487,-40.22208,-38.94736,-37.68208,-36.42765,-35.18549,-33.95681,-33.01713,-31.79857,-30.59686,-29.63536,-28.45001,-27.28433,-26.30943,-25.16564,-24.18145,-23.06289,-22.07247,-20.98208,-19.98885,-18.98796,-17.93593,-16.9363,-15.93077,-14.92291,-13.9229,-12.9193,-11.96023,-10.96577,-9.9693,-8.97142,-7.97296,-6.9746,-6.11099,-5.12853,-4.14755,-3.16861,-2.19225,-1.21917,-0.25007,0.71486,1.67514,2.63028,3.57982,4.52332,5.7542,6.69574,7.6297,8.55574,9.47349,10.38264,11.6502,12.55081,13.44163,14.32243,15.60652,16.47501,17.77178,18.62565,19.46792,20.76952,21.59479,22.90188,23.70841,25.01731,25.80337,27.11165,28.42604,29.18076,30.48987,31.80174,32.52139,33.82357,35.12617,36.42821,37.72845,39.02571,40.31922,41.60797,42.89099,44.16741,45.43615,46.69621,47.94696,48.65881,49.90531,51.14034,52.36322,53.1002,54.31391,55.06354,56.26588,57.45307,58.21609,59.38891,60.16124,61.31783,62.09814,62.88599,64.02358,64.8175,65.9345,66.73307,67.53805,68.62994,69.43772,70.2512,71.31465,72.12901,72.94834,73.77244,74.79867,75.62118,76.44766,77.27792,78.11172,79.08815,79.91737,80.74934,81.5838,82.42052,83.25927,84.0998,84.94185,85.78519,86.62954,87.47467,88.3203,89.16619,90.01206,90.85767,91.70275,92.54705,93.39032,94.23228,95.07271,95.91134,96.74793,97.58224,98.41403,99.24307,100.21582,101.04943,101.87948,102.70574,103.528,104.55048,105.37435,106.19343,107.00754,108.06721,108.88048,109.68805,110.77616,111.58097,112.37937,113.49264,114.28638,115.07307,116.20793,116.98809,118.14103,118.91331,120.08259,120.8456,122.02934,122.7818,123.97806,125.18842,125.92558,127.14535,128.37742,129.09555,130.33349,131.58169,132.83937,133.52774,134.78617,136.05189,137.32403,138.60156,139.88351,141.16891,142.45676,143.1364,144.43829,145.74038,147.04135,148.34008,149.08035,150.38585,151.68621,152.45887,153.76204,154.55583,155.85841,156.67182,157.97078,158.80219,160.09483,160.94259,161.80169,163.08782,163.96049,164.84366,166.11667,167.01069,167.91417,168.82684,170.07888,170.99796,171.92493,172.85954,173.8016,174.75042,175.7056,176.66669,177.63324,178.60476,179.78273 0.07812,0.07767,0.07669,0.07527,0.0735,0.07149,0.06934,0.06715,0.06498,0.06706,0.06511,0.06331,0.06167,0.06395,0.06242,0.06095,0.05953,0.06081,0.05913,0.05912,0.05719,0.05595,0.05406,0.05213,0.05079,0.0489,0.04845,0.04694,0.04735,0.04603,0.04437,0.0423,0.04362,0.04136,0.03876,0.03584,0.03264,0.02913,0.02532,0.02116,0.01656,0.01148,0.00588,-0.0002,-0.00805,-0.0145,-0.02108,-0.02944,-0.03579,-0.0415,-0.05016,-0.05469,-0.06352,-0.06645,-0.07507,-0.0761,-0.08395,-0.08286,-0.08938,-0.08604,-0.09073,-0.08512,-0.08783,-0.0897,-0.08111,-0.08161,-0.08182,-0.07224,-0.07271,-0.07367,-0.07524,-0.06849,-0.07145,-0.07482,-0.07839,-0.08194,-0.07772,-0.08091,-0.08364,-0.08583,-0.08742,-0.08842,-0.08882,-0.08868,-0.08799,-0.08201,-0.08049,-0.07858,-0.0764,-0.07405,-0.07161,-0.06916,-0.06676,-0.07009,-0.06816,-0.06649,-0.0651,-0.06391,-0.06282,-0.06164,-0.06022,-0.05837,-0.06202,-0.05899,-0.05543,-0.05154,-0.04757,-0.04936,-0.04587,-0.04288,-0.04044,-0.0443,-0.04294,-0.04183,-0.04659,-0.04538,-0.04382,-0.04724,-0.04454,-0.04649,-0.04266,-0.04348,-0.0389,-0.03943,-0.03472,-0.03602,-0.03172,-0.03446,-0.03078,-0.03491,-0.03964,-0.03655,-0.04127,-0.04543,-0.04199,-0.04499,-0.04708,-0.04841,-0.04927,-0.04975,-0.04997,-0.04982,-0.04918,-0.04797,-0.0462,-0.04394,-0.04146,-0.04425,-0.04189,-0.03972,-0.04274,-0.0408,-0.03898,-0.04183,-0.04003,-0.04274,-0.04097,-0.04364,-0.04203,-0.04472,-0.04738,-0.04592,-0.04846,-0.05088,-0.04916,-0.05125,-0.0532,-0.0509,-0.05251,-0.05403,-0.05549,-0.05689,-0.05823,-0.05521,-0.05647,-0.05766,-0.05877,-0.05976,-0.06062,-0.06135,-0.0619,-0.06228,-0.06247,-0.06247,-0.06227,-0.06404,-0.06334,-0.06251,-0.06157,-0.06057,-0.05953,-0.05955,-0.05844,-0.05738,-0.05634,-0.0557,-0.05463,-0.05362,-0.05256,-0.05159,-0.05058,-0.04992,-0.04918,-0.04898,-0.04858,-0.04868,-0.04842,-0.04811,-0.04806,-0.04746,-0.04662,-0.04597,-0.04469,-0.04321,-0.04166,-0.0402,-0.03903,-0.03832,-0.03806,-0.03808,-0.03808,-0.03774,-0.03683,-0.03534,-0.0335,-0.03142,-0.02911,-0.02673,-0.02471,-0.02235,-0.02015,-0.01793,-0.01607,-0.0139,-0.01288,-0.01112,-0.01119,-0.01006,-0.00914,-0.01048,-0.01004,-0.01167,-0.0115,-0.01137,-0.01305,-0.013,-0.01292,-0.01456,-0.01453,-0.0145,-0.01449,-0.01683,-0.01725,-0.01779,-0.01841,-0.01909,-0.02312,-0.02382,-0.02423,-0.02426,-0.02386,-0.02302,-0.02174,-0.02011,-0.01822,-0.01619,-0.01412,-0.01213,-0.01031,-0.0087,-0.00731,-0.00615,-0.00515,-0.00424,-0.00335,-0.00241,-0.00137,-0.00023,0.001,0.00223,0.00336,0.00823,0.00862,0.00862,0.00816,0.00726,0.00959,0.008,0.00623,0.00438,0.00641,0.00447,0.0025,0.00458,0.00233,-4e-05,0.00158,-0.00114,-0.00387,-0.00254,-0.00529,-0.00385,-0.00653,-0.00504,-0.00768,-0.00623,-0.00887,-0.00738,-0.00569,-0.00822,-0.00627,-0.00418,-0.00665,-0.00478,-0.00326,-0.00225,-0.00597,-0.00599,-0.00635,-0.00674,-0.00684,-0.00636,-0.0052,-0.00337,0.00232,0.00476,0.00734,0.00983,0.01209,0.01771,0.01953,0.02103,0.02644,0.02748,0.03273,0.03313,0.03792,0.03737,0.0414,0.0398,0.04298,0.04581,0.04317,0.04558,0.0479,0.04536,0.04791,0.05063,0.05357,0.05195,0.05524,0.05865,0.06208,0.06544,0.0686,0.07147,0.07391,0.07585,0.07722,0.0732
118.125 -179.63921,-178.71077,-177.77941,-176.84573,-175.91021,-174.97333,-174.14716,-173.19584,-172.24424,-171.2931,-170.34304,-169.39462,-168.48139,-167.52434,-166.57016,-165.61206,-164.65236,-163.69754,-162.69847,-161.7418,-160.79146,-159.75626,-158.8076,-157.74574,-156.80146,-155.71543,-154.7782,-153.67067,-152.74312,-151.61722,-150.47421,-149.56114,-148.4047,-147.23367,-146.04909,-145.16312,-143.97276,-142.77203,-141.56209,-140.3441,-139.1195,-137.88966,-136.65592,-135.41967,-134.18237,-133.71608,-132.4642,-131.21497,-129.96995,-129.44785,-128.19563,-126.95126,-126.39153,-125.14555,-123.91131,-123.31786,-122.08792,-121.47303,-120.25098,-119.61619,-118.4056,-117.75271,-117.08766,-115.888,-115.20723,-114.02765,-113.33331,-112.62796,-111.47159,-110.75562,-110.02947,-108.90336,-108.16982,-107.42713,-106.67551,-105.5912,-104.83653,-104.07417,-103.3044,-102.27288,-101.50459,-100.73028,-99.95031,-99.16506,-98.37492,-97.58032,-96.78167,-95.86109,-95.07262,-94.28161,-93.48853,-92.6938,-91.89791,-91.1013,-90.30443,-89.50778,-88.71181,-87.91697,-87.12373,-86.33254,-85.54384,-84.63504,-83.83604,-83.04105,-82.25049,-81.46477,-80.68431,-79.90946,-79.14061,-78.1202,-77.34972,-76.58661,-75.83119,-74.75759,-74.005,-73.26134,-72.52684,-71.41096,-70.68362,-69.96646,-68.81997,-68.11323,-67.4175,-66.2473,-65.565,-64.37423,-63.70754,-63.05296,-61.85065,-61.21409,-59.99982,-59.38304,-58.16042,-56.92345,-56.33761,-55.09825,-54.53621,-53.29795,-52.05134,-51.52681,-50.28692,-49.04243,-47.79494,-47.32601,-46.09259,-44.85984,-43.62917,-42.40205,-41.1798,-39.96381,-38.75541,-37.55593,-36.36649,-35.48372,-34.29942,-33.1284,-31.97163,-31.06024,-29.91632,-28.78929,-27.86253,-26.75345,-25.81625,-24.72818,-23.78327,-22.71901,-21.76919,-20.73129,-19.77933,-18.77002,-17.81834,-16.86087,-15.89039,-14.93683,-13.97958,-13.0522,-12.10218,-11.14978,-10.19548,-9.24001,-8.38374,-7.44089,-6.49825,-5.55631,-4.61555,-3.67648,-2.73983,-1.80605,-0.87539,0.0517,0.97477,1.89339,2.80714,3.71524,4.6177,5.51416,6.40427,7.28768,8.48051,9.35912,10.22988,11.0925,11.94675,13.16225,14.00742,14.84326,16.07157,16.8955,17.70935,18.94522,19.74497,20.98804,21.77195,23.01901,23.7857,25.03467,25.78279,27.03112,27.75949,29.00408,30.25265,30.95067,32.19216,33.43525,34.67867,35.92163,36.56354,37.79306,39.02001,40.24362,41.46289,42.67682,43.88486,44.53735,45.74573,46.94623,48.13805,49.32048,50.00663,51.18361,52.34946,53.05294,54.21047,55.35531,56.073,57.20667,57.93404,59.05476,59.79065,60.89686,61.64018,62.73034,63.47991,64.23603,65.30724,66.06798,67.11959,67.88375,68.65342,69.681,70.45242,71.22872,72.00976,73.006,73.7867,74.57147,75.36015,76.32041,77.10664,77.89608,78.68855,79.48383,80.28174,81.18712,81.97957,82.77393,83.57002,84.36761,85.16649,85.96645,86.76728,87.56875,88.37066,89.17277,89.97487,90.77674,91.57817,92.37892,93.1788,93.97757,94.77504,95.57097,96.36518,97.15744,98.05953,98.85723,99.65229,100.44451,101.23369,102.01966,102.97651,103.7649,104.5494,105.3298,106.32256,107.10331,107.87932,108.65044,109.67451,110.44385,111.20768,112.25577,113.01619,113.77051,114.83967,115.58897,116.67565,117.41873,118.52152,119.25721,120.37456,121.10176,122.23211,122.94969,124.09131,125.24572,125.94928,127.11218,128.28629,128.97266,130.15224,131.34128,132.00753,133.19913,134.3983,135.60432,136.81641,138.0338,139.2556,140.481,141.70938,142.9398,144.17127,144.83448,146.07704,147.31832,148.55735,149.26382,150.50934,151.75028,152.48614,153.72923,154.48427,155.72697,156.50007,157.7404,158.53008,159.76486,160.56957,161.38469,162.61434,163.44245,164.28028,165.49966,166.34781,167.20481,168.40778,169.27258,170.14522,171.02543,171.91291,172.80737,173.97833,174.87488,175.77725,176.68493,177.59753,178.51466,179.43589 0.05945,0.05994,0.05986,0.05927,0.05821,0.05676,0.05898,0.05698,0.05489,0.0528,0.05082,0.04898,0.05117,0.04971,0.04847,0.05117,0.0502,0.04937,0.05193,0.0511,0.05033,0.05197,0.05106,0.05177,0.05088,0.05094,0.05042,0.05037,0.05048,0.05061,0.05059,0.05137,0.05119,0.05068,0.04987,0.05065,0.0497,0.04852,0.04706,0.04514,0.04261,0.03934,0.03526,0.03041,0.0249,0.01971,0.01349,0.00704,0.00062,-0.00561,-0.01172,-0.01715,-0.02371,-0.02802,-0.03125,-0.03782,-0.03974,-0.0465,-0.0473,-0.05407,-0.05378,-0.06012,-0.06626,-0.0638,-0.06855,-0.06409,-0.06705,-0.06925,-0.06153,-0.06213,-0.06237,-0.05329,-0.05353,-0.05421,-0.05548,-0.04955,-0.05232,-0.05562,-0.0593,-0.05678,-0.06079,-0.06467,-0.06825,-0.07142,-0.07409,-0.07621,-0.07769,-0.07379,-0.07397,-0.07345,-0.07226,-0.07051,-0.06831,-0.06581,-0.06316,-0.06048,-0.05785,-0.05535,-0.05305,-0.05101,-0.04924,-0.05348,-0.05217,-0.05094,-0.04964,-0.04809,-0.04615,-0.04371,-0.04078,-0.04346,-0.0397,-0.03583,-0.03206,-0.03442,-0.03133,-0.02873,-0.02665,-0.03106,-0.02983,-0.02875,-0.03367,-0.03228,-0.0305,-0.03377,-0.03084,-0.03252,-0.02858,-0.02434,-0.02442,-0.01975,-0.01963,-0.01503,-0.01565,-0.01732,-0.0136,-0.0168,-0.0137,-0.01806,-0.02279,-0.01994,-0.02435,-0.02821,-0.03128,-0.02765,-0.02981,-0.03143,-0.03264,-0.03337,-0.03353,-0.03301,-0.03176,-0.02984,-0.02746,-0.0304,-0.02783,-0.0255,-0.02356,-0.02669,-0.02516,-0.02384,-0.02688,-0.02552,-0.02837,-0.02688,-0.02962,-0.02818,-0.03096,-0.02978,-0.03262,-0.03166,-0.0344,-0.03699,-0.03577,-0.03791,-0.03981,-0.03779,-0.03923,-0.04055,-0.04179,-0.04301,-0.04022,-0.04148,-0.04281,-0.04419,-0.04562,-0.04704,-0.04844,-0.04977,-0.05098,-0.05203,-0.0529,-0.05354,-0.05394,-0.05409,-0.05399,-0.05368,-0.05319,-0.05257,-0.05452,-0.0538,-0.0531,-0.05246,-0.05188,-0.05308,-0.05241,-0.05173,-0.05205,-0.05125,-0.05049,-0.05037,-0.04983,-0.04976,-0.0496,-0.04966,-0.04972,-0.04968,-0.04959,-0.04918,-0.04866,-0.04778,-0.04672,-0.04557,-0.04427,-0.04294,-0.04162,-0.04042,-0.0394,-0.03874,-0.03854,-0.03884,-0.03951,-0.04025,-0.04074,-0.0406,-0.04009,-0.03883,-0.03698,-0.03478,-0.03322,-0.03094,-0.02888,-0.0273,-0.02559,-0.02417,-0.02257,-0.02143,-0.01982,-0.01908,-0.01768,-0.01747,-0.01644,-0.01674,-0.01609,-0.01558,-0.01641,-0.01616,-0.0172,-0.01713,-0.01711,-0.0183,-0.01836,-0.01847,-0.01865,-0.02024,-0.02078,-0.02153,-0.02248,-0.02543,-0.0269,-0.02844,-0.02996,-0.03134,-0.03245,-0.0356,-0.03597,-0.03585,-0.0352,-0.03408,-0.03255,-0.03073,-0.02873,-0.02668,-0.02472,-0.02294,-0.02142,-0.0202,-0.01925,-0.01854,-0.01795,-0.01739,-0.01675,-0.01595,-0.01493,-0.01371,-0.00901,-0.00761,-0.00635,-0.00537,-0.00477,-0.00462,-0.00219,-0.00314,-0.00446,-0.00605,-0.00521,-0.00702,-0.00879,-0.01049,-0.00952,-0.01123,-0.01295,-0.01224,-0.01422,-0.01621,-0.0159,-0.01796,-0.01756,-0.01954,-0.01894,-0.02089,-0.02023,-0.02229,-0.02165,-0.02381,-0.02302,-0.02191,-0.02383,-0.02226,-0.02051,-0.02218,-0.02073,-0.01981,-0.02229,-0.02265,-0.02367,-0.02505,-0.02641,-0.02734,-0.02755,-0.02691,-0.02545,-0.02333,-0.02078,-0.01552,-0.01285,-0.01036,-0.00822,-0.00331,-0.00178,-0.00063,0.00402,0.00475,0.0094,0.00976,0.0143,0.01418,0.01836,0.01761,0.02125,0.02461,0.02296,0.02579,0.02845,0.02649,0.02899,0.03151,0.02982,0.03252,0.03535,0.03833,0.04144,0.04464,0.04344,0.04657,0.04957,0.05234,0.0548,0.05684,0.05842
123.75 -179.98753,-179.09756,-178.2048,-177.30965,-176.41212,-175.51304,-174.61283,-173.71195,-172.81082,-171.9913,-171.07861,-170.16673,-169.25635,-168.34797,-167.46307,-166.54774,-165.63552,-164.71072,-163.79429,-162.8827,-161.9216,-161.0091,-160.1027,-159.10968,-158.20546,-157.18876,-156.28907,-155.2509,-154.35805,-153.30077,-152.22672,-151.34343,-150.25435,-149.15051,-148.28297,-147.1686,-146.04189,-144.90373,-144.0641,-142.92236,-141.77199,-140.61405,-139.44974,-138.28023,-137.10666,-135.93025,-135.51022,-134.31777,-133.12547,-131.93475,-130.74698,-130.26071,-129.06492,-127.87525,-127.35364,-126.16073,-124.97734,-124.42352,-123.24204,-122.66769,-121.49125,-120.89759,-119.72936,-119.11781,-117.96091,-117.3331,-116.19067,-115.54827,-114.89527,-113.76833,-113.10306,-111.99815,-111.32264,-110.63771,-109.94348,-108.86636,-108.16537,-107.45596,-106.4126,-105.69944,-104.97889,-104.25119,-103.5166,-102.52563,-101.79208,-101.05285,-100.30826,-99.55863,-98.80431,-98.04566,-97.14285,-96.39196,-95.63805,-94.88152,-94.12274,-93.36212,-92.60006,-91.83696,-91.07322,-90.30927,-89.54552,-88.78237,-88.02023,-87.25951,-86.50062,-85.74394,-84.98987,-84.23879,-83.34691,-82.58797,-81.83334,-81.08338,-80.33844,-79.59884,-78.8649,-77.88445,-77.14936,-76.42114,-75.70005,-74.98633,-73.95302,-73.24294,-72.54127,-71.4739,-70.77882,-70.09308,-68.99744,-68.3211,-67.65485,-66.53705,-65.88285,-65.23931,-64.10559,-63.47648,-62.32788,-61.71498,-60.55459,-59.95947,-58.79047,-58.21455,-57.04012,-56.48464,-55.30789,-54.1214,-53.59788,-52.41415,-51.22393,-50.73564,-49.553,-48.3671,-47.17924,-45.99088,-45.56863,-44.3959,-43.22563,-42.05913,-40.89753,-39.74198,-38.59361,-37.45352,-36.61748,-35.48043,-34.35459,-33.24084,-32.3756,-31.27175,-30.18245,-29.3005,-28.22578,-27.16766,-26.27539,-25.2359,-24.33618,-23.31783,-22.41293,-21.41797,-20.51064,-19.54106,-18.6332,-17.71974,-16.78447,-15.87361,-14.95904,-14.06198,-13.15309,-12.24156,-11.32777,-10.48281,-9.57835,-8.67345,-7.76825,-6.86313,-5.9585,-5.05483,-4.30517,-3.41642,-2.53021,-1.64655,-0.76582,0.11161,0.98534,1.85502,2.72007,3.831,4.69621,5.55581,6.4095,7.25699,8.09775,8.93175,10.08139,10.90969,11.7303,12.54301,13.7096,14.51323,15.30818,16.48558,17.2694,18.04389,19.22725,19.98845,21.17756,21.92419,23.11712,23.84789,25.04218,25.75586,26.94903,27.64469,28.83493,30.02889,30.69699,31.88437,33.07312,34.26259,34.89046,36.06926,37.24686,38.42213,39.59451,40.76334,41.92788,43.0875,44.24143,45.38885,46.02221,47.16835,48.30641,49.43584,50.09335,51.21778,52.332,53.00502,54.11149,55.20637,55.89233,56.97713,57.67207,58.7453,59.4482,60.50839,61.21824,62.26399,62.97968,64.00976,64.73035,65.45659,66.46803,67.19776,67.93267,68.92281,69.65976,70.40134,71.36772,72.10991,72.85616,73.79658,74.54203,75.29096,76.04324,76.79871,77.69991,78.45235,79.20737,79.96482,80.72451,81.48627,82.24993,83.09169,83.84933,84.60826,85.36829,86.12924,86.89093,87.65317,88.41578,89.17856,89.94133,90.7039,91.46609,92.2277,92.98856,93.74847,94.50726,95.26474,96.10358,96.86704,97.62859,98.38805,99.14525,99.90001,100.65217,101.55027,102.30544,103.05741,103.80601,104.5511,105.48834,106.23421,106.976,107.93914,108.68032,109.41685,110.14862,111.1382,111.86752,112.87565,113.60151,114.3217,115.3485,116.06384,117.10633,117.81582,118.87273,119.57532,120.64531,121.33999,122.42165,123.10743,124.19926,124.87516,125.97563,127.08684,127.74833,128.86576,129.99251,131.12803,131.76741,132.90542,134.05055,135.20213,136.35952,137.52205,138.68924,139.8602,141.03418,142.2104,143.3881,144.56644,145.74494,146.39126,147.57851,148.76369,149.43935,150.62994,151.81625,152.51866,153.70748,154.42753,155.61623,156.35278,157.53909,158.29093,159.4728,160.23875,161.41396,162.19247,162.9801,164.14793,164.94606,165.75283,166.9091,167.72413,168.54679,169.37688,170.21418,171.3499,172.19179,173.03988,173.89389,174.75353,175.61848,176.48843,177.36319,178.24246,179.12568 0.04562,0.04672,0.04732,0.04741,0.04702,0.04619,0.04498,0.0435,0.04181,0.04364,0.04178,0.04001,0.03842,0.03706,0.03908,0.03813,0.03745,0.03998,0.03961,0.03941,0.04214,0.04203,0.04198,0.04442,0.04433,0.04631,0.04622,0.0478,0.04791,0.04931,0.0505,0.05104,0.05208,0.05278,0.05308,0.05322,0.05304,0.05263,0.05223,0.0516,0.05074,0.0495,0.04767,0.04511,0.04176,0.03765,0.0356,0.03052,0.02504,0.01943,0.01389,0.00991,0.00445,-0.00046,-0.00515,-0.00922,-0.01236,-0.01706,-0.01903,-0.02384,-0.02489,-0.02993,-0.03045,-0.03571,-0.03573,-0.04091,-0.04006,-0.0446,-0.04888,-0.04556,-0.04831,-0.04298,-0.04409,-0.04467,-0.04485,-0.03737,-0.03743,-0.03783,-0.03268,-0.03438,-0.03676,-0.03975,-0.04325,-0.04239,-0.0465,-0.05064,-0.05467,-0.05843,-0.06182,-0.06466,-0.06276,-0.06423,-0.06494,-0.06486,-0.064,-0.06243,-0.06026,-0.05765,-0.05481,-0.0519,-0.04906,-0.04638,-0.04392,-0.04171,-0.03978,-0.03814,-0.03671,-0.03541,-0.03951,-0.03809,-0.0364,-0.03432,-0.03179,-0.0288,-0.02543,-0.02769,-0.02395,-0.02029,-0.01688,-0.01383,-0.01695,-0.01477,-0.01302,-0.01763,-0.0165,-0.01546,-0.02036,-0.01888,-0.01707,-0.02025,-0.01743,-0.01432,-0.01535,-0.01157,-0.01148,-0.00734,-0.00671,-0.00259,-0.00227,0.00144,0.0007,0.00379,0.00163,-0.00161,0.00081,-0.00316,-0.00736,-0.00475,-0.00851,-0.01183,-0.01455,-0.0167,-0.01299,-0.01439,-0.01524,-0.01543,-0.01493,-0.01376,-0.01204,-0.01002,-0.01331,-0.01118,-0.00942,-0.00811,-0.01126,-0.01037,-0.00973,-0.01271,-0.01193,-0.01106,-0.0136,-0.01252,-0.015,-0.014,-0.01663,-0.01597,-0.0188,-0.01839,-0.0212,-0.02391,-0.02306,-0.02527,-0.02722,-0.02526,-0.02665,-0.02788,-0.029,-0.02624,-0.02737,-0.02859,-0.02993,-0.03139,-0.03296,-0.03461,-0.03307,-0.03485,-0.03656,-0.03815,-0.03954,-0.0407,-0.04157,-0.04213,-0.04237,-0.04522,-0.04493,-0.04445,-0.04388,-0.04329,-0.04279,-0.04244,-0.04498,-0.04485,-0.04485,-0.04491,-0.04687,-0.04667,-0.04638,-0.04737,-0.04686,-0.04637,-0.04711,-0.04677,-0.04767,-0.04748,-0.04832,-0.04797,-0.04831,-0.04749,-0.0471,-0.04575,-0.04479,-0.04365,-0.0421,-0.04101,-0.04001,-0.0391,-0.03824,-0.03775,-0.03753,-0.03766,-0.03818,-0.03898,-0.0399,-0.04061,-0.04084,-0.04041,-0.04001,-0.03863,-0.03688,-0.03504,-0.03394,-0.03228,-0.03096,-0.02984,-0.02887,-0.02805,-0.02682,-0.02596,-0.02463,-0.02378,-0.02254,-0.02187,-0.0209,-0.02061,-0.01998,-0.02013,-0.01985,-0.01966,-0.02048,-0.02051,-0.02056,-0.02172,-0.02177,-0.02181,-0.02307,-0.02322,-0.02353,-0.02526,-0.02603,-0.02708,-0.02841,-0.02997,-0.03288,-0.03475,-0.03661,-0.03832,-0.03973,-0.04074,-0.04124,-0.04211,-0.04153,-0.04046,-0.03898,-0.03722,-0.03532,-0.03341,-0.03162,-0.03006,-0.02881,-0.0279,-0.02732,-0.02701,-0.02688,-0.02681,-0.02668,-0.02638,-0.02341,-0.02248,-0.02133,-0.02001,-0.01865,-0.01738,-0.01631,-0.01293,-0.01274,-0.01297,-0.01359,-0.01453,-0.01399,-0.01545,-0.01693,-0.01678,-0.0182,-0.01954,-0.0208,-0.02051,-0.02184,-0.02175,-0.02322,-0.02469,-0.02495,-0.02646,-0.02671,-0.02821,-0.02843,-0.03004,-0.03032,-0.03211,-0.03242,-0.03428,-0.03427,-0.0359,-0.03517,-0.03391,-0.03492,-0.03335,-0.03204,-0.03141,-0.0335,-0.03446,-0.03627,-0.03855,-0.04081,-0.04259,-0.04358,-0.04362,-0.04273,-0.04105,-0.03877,-0.03617,-0.03348,-0.02922,-0.02679,-0.02474,-0.02076,-0.01939,-0.0184,-0.01475,-0.01414,-0.01045,-0.01002,-0.00624,-0.00596,-0.00221,-0.00218,0.00137,0.00106,0.00426,0.00732,0.00651,0.00922,0.01183,0.01083,0.01329,0.01574,0.01824,0.02081,0.02002,0.02274,0.02555,0.02845,0.03138,0.03429,0.0371,0.03971,0.04206,0.04405
129.375 -179.27357,-178.42648,-177.5771,-176.72579,-176.00361,-175.13843,-174.27216,-173.40536,-172.53842,-171.67175,-170.80554,-169.99604,-169.1208,-168.24739,-167.37623,-166.51854,-165.64182,-164.76835,-163.87502,-162.99844,-162.12661,-161.201,-160.329,-159.37946,-158.50889,-157.64529,-156.67021,-155.81124,-154.817,-153.80654,-152.95327,-151.9268,-151.08359,-150.04364,-148.99031,-147.92421,-147.09874,-146.0246,-144.93995,-143.84561,-142.74236,-141.63121,-140.84885,-139.7394,-138.62486,-138.25994,-137.12716,-135.99167,-134.85458,-133.71697,-132.58016,-131.44529,-130.991,-129.84762,-128.70895,-128.22153,-127.07845,-125.94307,-125.42504,-124.28972,-123.75213,-122.6196,-122.06343,-120.93649,-120.36287,-119.24429,-118.65457,-117.54712,-116.9427,-115.84926,-115.23165,-114.15498,-113.52582,-112.88742,-111.82953,-111.18184,-110.5255,-109.49174,-108.82859,-108.15751,-107.47868,-106.47767,-105.79529,-105.10606,-104.41019,-103.7079,-102.75467,-102.05305,-101.34608,-100.63403,-99.91718,-99.19583,-98.31242,-97.59687,-96.87799,-96.15609,-95.4315,-94.70458,-93.97566,-93.2451,-92.51326,-91.7805,-91.04718,-90.31367,-89.58034,-88.84755,-88.11567,-87.38506,-86.65608,-85.92908,-85.20441,-84.48241,-83.76342,-83.04776,-82.17453,-81.45299,-80.73594,-80.02367,-79.31648,-78.61463,-77.67138,-76.96876,-76.27256,-75.58298,-74.90025,-73.90889,-73.22962,-72.55811,-71.53545,-70.87002,-70.21313,-69.5649,-68.51598,-67.87692,-66.80724,-66.1791,-65.56073,-64.47577,-63.87042,-62.77125,-62.18048,-61.0698,-60.49509,-59.37566,-58.8183,-57.69295,-57.15409,-56.02561,-55.50621,-54.37731,-53.24045,-52.75149,-51.61863,-50.48076,-49.33895,-48.89509,-47.76313,-46.63009,-45.49715,-44.36553,-43.23632,-42.11064,-41.75817,-40.98952,-39.87403,-38.76518,-37.66404,-36.57146,-35.48831,-34.41546,-33.593,-32.52762,-31.47479,-30.43517,-29.59367,-28.56707,-27.71516,-26.70414,-25.7092,-24.85063,-23.87454,-23.01082,-22.05558,-21.18895,-20.31606,-19.3887,-18.51568,-17.61354,-16.74216,-15.86685,-14.99873,-14.12796,-13.25437,-12.37828,-11.55659,-10.68818,-9.81883,-8.94879,-8.07835,-7.31871,-6.45965,-5.60128,-4.74399,-3.88856,-3.03495,-2.18351,-1.33461,-0.48858,0.35423,1.19316,2.0282,2.85908,3.68548,4.50713,5.32375,6.13507,7.22075,8.02889,8.83081,9.62628,10.41511,11.5233,12.30539,13.08007,13.84719,14.96744,15.72541,16.47519,17.60308,18.3417,19.47661,20.20292,20.92019,22.05589,22.75936,23.89696,25.041,25.72342,26.86667,27.53257,28.67307,29.81662,30.45728,31.59517,32.73461,33.34791,34.479,35.60944,36.73891,37.86674,38.99232,40.11497,41.23385,42.34836,43.45801,44.56221,45.66041,46.75204,47.36664,48.45576,49.53682,50.60937,51.24411,52.31108,53.36826,54.01632,55.06568,55.7228,56.76289,57.79134,58.45778,59.47509,60.14832,61.15329,61.83246,62.5173,63.50811,64.19765,65.1733,65.86662,66.56486,67.52232,68.22312,68.92843,69.8655,70.57213,71.28279,72.19743,72.90817,73.62244,74.34013,75.22593,75.9421,76.66116,77.38298,78.10741,78.83431,79.67655,80.39963,81.12464,81.85144,82.57987,83.30977,84.04098,84.77334,85.50669,86.27627,87.00257,87.72935,88.45644,89.18368,89.91091,90.63796,91.36468,92.09091,92.85794,93.59117,94.32339,95.05444,95.78415,96.51237,97.23895,97.96372,98.68653,99.40724,100.25259,100.97669,101.69817,102.41687,103.13266,104.01555,104.73283,105.44669,106.157,107.06863,107.77885,108.48502,109.41903,110.12389,110.82426,111.77862,112.47643,113.1693,114.14182,114.83089,115.51461,116.50295,117.18167,118.18352,118.85634,119.87057,120.53664,121.56205,122.22051,123.25586,124.30218,124.94993,126.00422,127.06837,127.70301,128.77289,129.85135,130.47051,131.55237,132.64143,133.73718,134.83918,135.94684,136.53043,137.63628,138.74615,139.85935,140.9753,141.54763,142.67592,143.80552,144.93559,146.06545,146.68621,147.8237,148.95917,150.09231,150.74743,151.88432,152.55637,153.69517,154.82818,155.52209,156.65445,157.36284,158.08044,159.21381,159.94444,161.0718,161.81432,162.56533,163.68732,164.44837,165.21731,166.32905,167.10606,167.89046,168.68194,169.77875,170.57558,171.37862,172.18765,173.00244,173.823,174.64885,175.71174,176.53779,177.36806,178.20233,179.04051,179.88198 0.03018,0.03105,0.0315,0.03154,0.03506,0.03436,0.03334,0.0321,0.03073,0.02931,0.02797,0.03005,0.02889,0.02798,0.02734,0.0296,0.0293,0.0292,0.03161,0.03168,0.03182,0.03432,0.03446,0.03703,0.03713,0.03718,0.03974,0.03977,0.04232,0.04472,0.04491,0.04719,0.04732,0.04921,0.05061,0.05147,0.05065,0.05073,0.05047,0.05001,0.04936,0.04852,0.04639,0.04486,0.04276,0.0432,0.04014,0.03647,0.03238,0.0281,0.02385,0.01981,0.01783,0.01378,0.0101,0.00701,0.00359,0.00074,-0.00277,-0.00488,-0.0084,-0.00974,-0.01325,-0.01412,-0.01775,-0.01847,-0.0223,-0.02278,-0.02662,-0.02642,-0.02984,-0.02841,-0.03095,-0.03317,-0.02938,-0.03035,-0.03089,-0.02582,-0.02578,-0.02576,-0.02595,-0.02256,-0.02378,-0.0256,-0.02805,-0.03108,-0.0315,-0.03529,-0.03928,-0.04331,-0.04723,-0.0509,-0.05079,-0.0533,-0.05515,-0.05625,-0.05655,-0.05603,-0.05471,-0.05269,-0.0501,-0.04716,-0.04407,-0.04102,-0.03814,-0.03551,-0.03316,-0.03113,-0.02939,-0.0279,-0.02661,-0.02537,-0.02406,-0.02252,-0.0256,-0.02336,-0.02069,-0.01759,-0.0142,-0.01065,-0.0125,-0.00901,-0.00577,-0.00288,-0.00037,-0.00348,-0.0017,-0.00026,-0.00464,-0.00362,-0.00264,-0.00158,-0.00586,-0.00422,-0.00738,-0.00498,-0.00244,-0.00373,-0.00077,-0.00089,0.00229,0.00307,0.00628,0.00734,0.01029,0.01082,0.01334,0.01281,0.01492,0.01324,0.01067,0.01267,0.00962,0.00638,0.00319,0.00592,0.00338,0.00131,-0.00025,-0.00126,-0.00165,-0.0014,0.0035,-0.00056,0.00074,0.00225,0.00373,0.0049,0.00561,0.00582,0.00259,0.00251,0.00222,0.00189,-0.00063,-0.00057,-0.00271,-0.00228,-0.00185,-0.00366,-0.00331,-0.0053,-0.00524,-0.00749,-0.00993,-0.00981,-0.01213,-0.01144,-0.01333,-0.01505,-0.01314,-0.01437,-0.0155,-0.01657,-0.01408,-0.01526,-0.01657,-0.01803,-0.01963,-0.0185,-0.02046,-0.02247,-0.02448,-0.02643,-0.02826,-0.02991,-0.03133,-0.03248,-0.03331,-0.03382,-0.03401,-0.03391,-0.03358,-0.03311,-0.03259,-0.03214,-0.03444,-0.03434,-0.03452,-0.03498,-0.03568,-0.03851,-0.03918,-0.03976,-0.04014,-0.04167,-0.04143,-0.04096,-0.04173,-0.04101,-0.04188,-0.04119,-0.04046,-0.04167,-0.04084,-0.04184,-0.04246,-0.04108,-0.04102,-0.03939,-0.03897,-0.03847,-0.03716,-0.03696,-0.03687,-0.03638,-0.03664,-0.03693,-0.03727,-0.0377,-0.03823,-0.0389,-0.03956,-0.04005,-0.04017,-0.03976,-0.03883,-0.03749,-0.03706,-0.03551,-0.03411,-0.033,-0.03268,-0.03203,-0.03156,-0.03114,-0.03052,-0.02976,-0.02872,-0.02739,-0.0263,-0.02482,-0.02386,-0.02264,-0.02203,-0.02157,-0.02115,-0.02115,-0.02141,-0.02184,-0.02231,-0.02341,-0.02402,-0.02452,-0.02585,-0.02617,-0.02639,-0.02764,-0.02782,-0.02809,-0.0285,-0.02993,-0.03073,-0.03182,-0.0332,-0.03481,-0.03657,-0.03829,-0.03981,-0.04105,-0.04188,-0.04223,-0.04207,-0.04144,-0.0404,-0.03907,-0.03694,-0.03555,-0.0343,-0.03325,-0.03248,-0.03201,-0.03185,-0.03195,-0.03225,-0.0315,-0.0318,-0.03203,-0.03208,-0.03188,-0.03139,-0.03059,-0.02954,-0.02828,-0.02692,-0.02361,-0.02246,-0.02152,-0.02089,-0.02058,-0.01932,-0.01985,-0.02064,-0.02161,-0.0219,-0.0231,-0.02428,-0.02454,-0.02561,-0.02661,-0.02664,-0.02762,-0.02859,-0.02884,-0.0299,-0.03097,-0.03157,-0.03274,-0.03352,-0.03485,-0.03582,-0.03734,-0.03847,-0.04012,-0.04118,-0.04186,-0.0432,-0.04311,-0.04241,-0.0432,-0.04213,-0.04124,-0.0427,-0.04304,-0.0443,-0.04635,-0.04884,-0.05129,-0.05422,-0.05567,-0.05626,-0.05595,-0.05485,-0.05266,-0.05071,-0.04841,-0.04595,-0.04349,-0.0405,-0.03831,-0.03648,-0.03504,-0.03236,-0.03144,-0.0288,-0.02821,-0.02769,-0.02499,-0.02446,-0.02158,-0.01853,-0.01804,-0.01495,-0.01452,-0.01152,-0.00854,-0.00832,-0.00554,-0.00284,-0.00275,-0.00027,0.00214,0.00448,0.00447,0.00673,0.00901,0.01136,0.01377,0.01626,0.01882,0.01852,0.02092,0.02323,0.02538,0.0273,0.02892
135.0 -179.59006,-178.77479,-177.95722,-177.13766,-176.31644,-175.49388,-174.67004,-173.84538,-173.11429,-172.27904,-171.44411,-170.60985,-169.77646,-168.94417,-168.147,-167.30806,-166.47158,-165.63991,-164.79901,-163.9614,-163.09781,-162.25801,-161.42287,-160.53045,-159.69572,-158.78182,-157.94886,-157.01496,-156.18591,-155.23376,-154.41045,-153.44195,-152.62594,-151.64307,-150.64687,-149.84151,-148.83431,-147.81547,-146.78552,-145.99912,-144.96326,-143.91841,-142.86532,-141.80483,-140.73769,-139.66484,-138.58724,-137.50582,-136.42146,-135.33518,-134.24793,-133.16085,-132.74664,-131.64928,-130.55458,-129.46346,-129.00677,-127.9104,-126.82026,-126.33456,-125.24307,-124.73883,-123.64834,-122.56834,-122.03931,-120.96427,-120.41936,-119.35176,-118.79203,-117.73442,-117.16107,-116.57847,-115.53029,-114.93574,-113.90348,-113.29846,-112.68493,-111.67041,-111.04845,-110.41851,-109.42648,-108.79029,-108.14681,-107.49615,-106.53439,-105.88036,-105.21997,-104.55339,-103.62971,-102.96281,-102.29063,-101.61341,-100.93137,-100.24476,-99.38175,-98.69935,-98.0134,-97.32418,-96.63196,-95.93704,-95.23973,-94.54032,-93.83913,-93.13647,-92.43268,-91.72806,-91.02295,-90.31767,-89.61256,-88.90793,-88.20413,-87.50146,-86.80025,-86.10082,-85.40348,-84.70854,-84.0163,-83.32705,-82.64108,-81.95867,-81.10517,-80.41848,-79.73635,-79.05904,-78.38678,-77.71981,-76.80551,-76.13877,-75.47821,-74.82402,-73.87153,-73.22062,-72.57688,-71.94044,-70.95743,-70.32718,-69.7049,-68.69911,-68.08519,-67.47978,-66.45598,-65.86095,-64.82104,-64.23787,-63.18429,-62.61431,-62.05392,-60.99407,-60.44838,-59.38083,-58.30108,-57.77811,-56.6946,-56.18933,-55.10449,-54.61771,-53.53391,-52.44359,-51.98572,-50.90029,-49.81103,-48.71891,-48.30325,-47.22108,-46.13849,-45.05648,-43.97611,-42.8984,-41.82429,-40.75472,-39.69056,-38.6327,-37.58199,-36.53927,-35.50531,-34.72224,-33.69377,-32.67611,-31.66989,-30.86675,-29.87111,-28.88862,-28.07422,-27.1057,-26.28337,-25.33085,-24.50239,-23.56782,-22.735,-21.82013,-20.98505,-20.09143,-19.25562,-18.38463,-17.54975,-16.71075,-15.87017,-15.03483,-14.19651,-13.35554,-12.55646,-11.72181,-10.88575,-10.04876,-9.29553,-8.46761,-7.63955,-6.81167,-5.98434,-5.15823,-4.3334,-3.51011,-2.68868,-1.86945,-1.05274,-0.23918,0.57127,1.37832,2.1817,2.98111,3.77631,4.56703,5.35275,6.13354,6.90917,7.67942,8.73094,9.49722,10.2572,11.01079,11.75792,12.82577,13.56588,14.2989,15.37698,16.10106,16.81751,17.90176,18.60781,19.30582,20.39297,21.07905,22.16941,22.84264,23.935,24.59447,25.68715,26.78427,27.42286,28.51741,29.14011,30.23058,31.32329,32.41715,33.00758,34.09382,35.17998,36.26551,37.34977,38.43185,38.96756,40.03724,41.10364,41.66093,42.72976,43.79386,44.85255,45.9055,46.95223,47.99229,48.58825,49.62517,50.65418,51.26429,52.28795,53.30259,53.92476,54.93222,55.92969,56.56193,57.55039,58.18974,59.16806,59.8137,60.78078,61.43198,62.38684,63.04284,63.70385,64.64457,65.30931,66.23545,66.90313,67.57514,68.4837,69.15756,69.83534,70.72445,71.40297,72.08501,72.77047,73.63467,74.31948,75.00727,75.69791,76.53423,77.22284,77.91384,78.60712,79.30254,79.99997,80.7946,81.48801,82.18297,82.87934,83.57699,84.27577,84.97555,85.67619,86.37753,87.07944,87.78178,88.48439,89.18714,89.88988,90.59246,91.29474,91.99657,92.69781,93.39832,94.09795,94.79656,95.49401,96.19017,96.88489,97.57804,98.37016,99.0673,99.7624,100.45534,101.14599,101.83423,102.66788,103.35812,104.04549,104.72988,105.59131,106.27632,106.95792,107.63598,108.52223,109.19953,109.87288,110.77853,111.45003,112.11717,113.04037,113.70457,114.36406,115.3028,115.95828,116.91019,117.56088,118.52501,119.17014,120.14548,120.78434,121.76986,122.40167,123.39625,124.02026,125.02275,126.03463,126.64742,127.66533,128.69159,129.29114,130.32148,131.3591,132.4035,133.4542,134.02892,135.08003,136.13608,137.1966,138.26107,139.32913,140.40011,141.4734,142.54843,143.1106,144.19565,145.28092,146.36606,147.45037,148.05541,149.14565,150.23335,150.862,151.95299,153.04027,153.69049,154.77855,155.44299,156.53014,157.20793,158.29255,158.98287,159.68141,160.76518,161.47482,162.55165,163.27123,163.99826,165.06822,165.80374,166.54619,167.29544,168.35392,169.10921,169.87084,170.63842,171.41177,172.45061,173.22687,174.0081,174.79421,175.58496,176.37998,177.179,177.98177,178.78801,179.59743 0.01927,0.02023,0.02083,0.02106,0.02094,0.02049,0.01975,0.01881,0.0211,0.01995,0.01884,0.01786,0.01708,0.01654,0.01915,0.01901,0.0191,0.02185,0.02211,0.02243,0.02495,0.02515,0.02525,0.02747,0.02736,0.02957,0.02932,0.0317,0.03141,0.03407,0.03381,0.03671,0.03649,0.0394,0.04209,0.04158,0.04361,0.04502,0.04577,0.04398,0.04392,0.04352,0.0429,0.04209,0.04104,0.03963,0.03775,0.03538,0.03257,0.0295,0.02641,0.02355,0.02311,0.02035,0.01801,0.016,0.01431,0.01219,0.01023,0.00762,0.00565,0.00279,0.00109,-0.00046,-0.00314,-0.00452,-0.00711,-0.00842,-0.01099,-0.0121,-0.01459,-0.01722,-0.01736,-0.01967,-0.01874,-0.0205,-0.02211,-0.01964,-0.02052,-0.0211,-0.01797,-0.01811,-0.01819,-0.01834,-0.01639,-0.01724,-0.01856,-0.02042,-0.02127,-0.02409,-0.02728,-0.03076,-0.0344,-0.03805,-0.03922,-0.04217,-0.04469,-0.04666,-0.04797,-0.04853,-0.04831,-0.04731,-0.04556,-0.04317,-0.04032,-0.0372,-0.03403,-0.03099,-0.02819,-0.02569,-0.02351,-0.02166,-0.02012,-0.01882,-0.01766,-0.01651,-0.01522,-0.01363,-0.01165,-0.0092,-0.01077,-0.00758,-0.00416,-0.00068,0.0027,0.00585,0.00422,0.00685,0.00912,0.01107,0.00833,0.00976,0.01095,0.01198,0.00812,0.00904,0.01004,0.0062,0.00757,0.00906,0.00622,0.00804,0.00615,0.0081,0.00726,0.00927,0.01108,0.01167,0.01355,0.01492,0.01633,0.01821,0.0192,0.02093,0.02113,0.02281,0.02215,0.0207,0.02255,0.0207,0.01862,0.01653,0.01931,0.01783,0.01673,0.01608,0.01594,0.01629,0.01701,0.01794,0.01879,0.01934,0.01939,0.01887,0.01785,0.01451,0.01326,0.01186,0.01048,0.00799,0.00703,0.00622,0.00456,0.00414,0.00284,0.00259,0.00139,0.00115,-0.00017,-0.00038,-0.00182,-0.00169,-0.00308,-0.00229,-0.00343,-0.00455,-0.00283,-0.00371,-0.00461,-0.00554,-0.00382,-0.005,-0.00635,-0.00789,-0.00743,-0.00935,-0.01136,-0.01343,-0.01549,-0.01749,-0.01937,-0.0211,-0.02262,-0.02389,-0.02489,-0.0256,-0.02601,-0.02615,-0.02605,-0.02578,-0.02543,-0.02509,-0.02488,-0.02488,-0.02517,-0.02579,-0.02866,-0.02975,-0.03096,-0.03216,-0.0332,-0.03556,-0.03589,-0.0358,-0.03679,-0.03596,-0.03486,-0.03524,-0.03396,-0.03266,-0.03345,-0.03235,-0.03351,-0.03254,-0.03367,-0.0327,-0.03347,-0.03392,-0.03294,-0.03321,-0.03261,-0.03305,-0.03364,-0.03433,-0.03452,-0.03537,-0.03618,-0.0369,-0.03755,-0.03811,-0.03824,-0.03863,-0.03885,-0.03913,-0.03898,-0.03839,-0.03734,-0.0359,-0.03423,-0.03256,-0.03247,-0.03123,-0.0304,-0.03078,-0.03046,-0.03027,-0.03059,-0.03008,-0.0292,-0.02875,-0.02721,-0.02634,-0.02445,-0.02352,-0.02177,-0.02113,-0.01989,-0.01974,-0.01984,-0.01977,-0.02047,-0.02131,-0.02249,-0.02373,-0.02544,-0.02668,-0.02772,-0.02937,-0.03,-0.03038,-0.03058,-0.03148,-0.03147,-0.03152,-0.03171,-0.03249,-0.03303,-0.03383,-0.03484,-0.03599,-0.03714,-0.03745,-0.03804,-0.0383,-0.03819,-0.03772,-0.03695,-0.03598,-0.03491,-0.03387,-0.03298,-0.03234,-0.032,-0.03198,-0.03226,-0.03277,-0.03345,-0.03421,-0.03495,-0.03559,-0.03605,-0.03629,-0.03624,-0.03588,-0.03522,-0.03428,-0.03239,-0.03103,-0.02959,-0.02815,-0.02679,-0.02561,-0.02393,-0.02338,-0.02316,-0.02325,-0.02333,-0.02407,-0.02499,-0.026,-0.02688,-0.02791,-0.02886,-0.0294,-0.03016,-0.03083,-0.03113,-0.03179,-0.03245,-0.03296,-0.03376,-0.03454,-0.03552,-0.03658,-0.03774,-0.0391,-0.04039,-0.04191,-0.04318,-0.04463,-0.04565,-0.04666,-0.04726,-0.04772,-0.04785,-0.04782,-0.04846,-0.049,-0.05004,-0.05167,-0.05378,-0.05601,-0.0582,-0.05996,-0.06103,-0.06126,-0.06067,-0.05939,-0.05761,-0.05552,-0.05418,-0.05196,-0.04981,-0.04781,-0.046,-0.04445,-0.04294,-0.04168,-0.04015,-0.03921,-0.03842,-0.03696,-0.03629,-0.03468,-0.03401,-0.03217,-0.0314,-0.02931,-0.027,-0.0261,-0.02362,-0.02257,-0.01997,-0.0173,-0.0161,-0.01345,-0.01086,-0.00834,-0.00725,-0.00499,-0.00284,-0.00079,0.00119,0.00156,0.00337,0.0052,0.00707,0.00899,0.01093,0.01286,0.01473,0.01647,0.018
140.625 -179.70923,-178.93238,-178.1532,-177.51439,-176.72267,-175.92951,-175.13522,-174.34008,-173.54423,-172.74794,-171.95167,-171.2263,-170.42155,-169.61779,-168.8152,-168.01397,-167.23823,-166.43151,-165.62738,-164.82053,-164.01293,-163.20862,-162.37308,-161.56734,-160.76616,-159.90478,-159.10445,-158.2237,-157.42545,-156.52672,-155.73245,-154.8173,-154.02865,-153.09872,-152.15572,-151.37424,-150.41929,-149.45259,-148.68271,-147.70708,-146.72131,-145.72599,-144.97597,-143.97639,-142.96918,-141.955,-140.93457,-139.90871,-138.87823,-137.84393,-136.80657,-135.76705,-134.72626,-134.34817,-133.29593,-132.24463,-131.19519,-130.14839,-129.7194,-128.66678,-127.61921,-127.16276,-126.11275,-125.63877,-124.58839,-123.54683,-123.04887,-122.01045,-121.49713,-120.46403,-119.93622,-118.91074,-118.36942,-117.3538,-116.80011,-116.2379,-115.23165,-114.65857,-113.66741,-113.08484,-112.49439,-111.52,-110.92187,-110.3164,-109.36306,-108.7518,-108.13379,-107.50915,-106.58389,-105.95605,-105.32229,-104.68275,-103.79253,-103.15253,-102.50757,-101.85783,-101.20354,-100.54491,-99.71009,-99.05504,-98.39656,-97.73487,-97.07023,-96.4029,-95.73315,-95.06124,-94.38746,-93.71208,-93.03539,-92.32211,-91.65607,-90.98962,-90.32304,-89.65659,-88.99058,-88.28631,-87.60964,-86.93428,-86.26053,-85.58866,-84.91894,-84.25166,-83.58707,-82.92544,-82.26701,-81.61203,-80.78621,-80.1276,-79.47335,-78.82367,-78.17876,-77.53882,-76.65749,-76.01795,-75.3842,-74.75638,-73.83997,-73.21525,-72.59718,-71.98589,-71.04125,-70.43564,-69.83739,-68.87153,-68.28092,-67.69816,-66.71529,-66.14197,-65.14385,-64.58132,-64.02732,-63.01956,-62.47785,-61.46005,-60.93176,-59.90612,-59.39225,-58.36103,-57.86245,-56.82782,-55.78423,-55.30944,-54.26594,-53.21571,-52.76729,-51.72064,-50.66968,-50.24955,-49.20547,-48.15939,-47.11215,-46.73282,-45.69675,-44.66165,-43.62841,-42.59793,-41.57107,-40.54864,-39.53145,-38.52021,-37.51567,-36.51854,-35.77201,-34.7787,-33.79476,-32.82077,-32.05355,-31.088,-30.134,-29.35453,-28.41215,-27.48269,-26.69537,-25.78034,-24.98699,-24.08809,-23.29037,-22.40916,-21.60885,-20.74676,-19.94533,-19.13916,-18.30258,-17.49739,-16.68301,-15.88048,-15.07502,-14.26684,-13.48961,-12.68659,-11.88177,-11.07586,-10.33995,-9.54172,-8.743,-7.94406,-7.14522,-6.34703,-5.67523,-4.88809,-4.10221,-3.31786,-2.53532,-1.75486,-0.97685,-0.2017,0.57058,1.33974,2.10552,2.8677,3.62605,4.38024,5.37348,6.12623,6.87416,7.61708,8.3548,9.08713,10.10434,10.83176,11.55319,12.2685,13.2988,14.00707,14.70868,15.40355,16.44045,17.12654,18.17062,18.84685,19.51552,20.56125,21.21885,22.26783,22.91347,23.96415,24.59697,25.64735,26.26669,27.31571,28.36829,28.96723,30.01591,31.06643,31.64311,32.6877,33.73296,34.77832,35.82287,36.35944,37.3944,38.42757,39.45852,40.48667,41.51142,42.53229,43.54892,44.56087,45.11589,46.12742,47.13308,48.13235,49.12493,49.70273,50.69154,51.67271,52.26279,53.23842,54.20539,54.80583,55.76552,56.37317,57.32463,57.93892,58.88118,59.50145,60.43352,61.05906,61.98001,62.61013,63.51911,64.15305,65.04925,65.68639,66.3277,67.20871,67.85227,68.49966,69.36376,70.01242,70.66455,71.51014,72.16258,72.81812,73.47666,74.29866,74.95627,75.61649,76.2792,76.94431,77.73569,78.39839,79.06308,79.72964,80.39797,81.06793,81.73941,82.48538,83.15245,83.82063,84.4898,85.15984,85.83062,86.50203,87.17393,87.84619,88.5187,89.19132,89.86394,90.53641,91.20862,91.88043,92.55173,93.22239,93.89228,94.56128,95.22927,95.89612,96.63984,97.31107,97.98075,98.64877,99.31502,99.97937,100.64172,101.43067,102.09539,102.75769,103.41749,104.07466,104.89411,105.55216,106.2072,106.85914,107.70208,108.35368,109.0018,109.86318,110.51001,111.15301,112.03125,112.672,113.30858,114.20198,114.83536,115.74151,116.37106,117.28916,117.91415,118.53418,119.46309,120.07765,121.0163,121.96496,122.57214,123.52907,124.129,125.09318,126.06603,126.65564,127.63415,128.62041,129.19799,130.18812,131.18498,132.18815,132.74751,133.75201,134.76172,135.7763,136.79528,137.81814,138.84441,139.87358,140.90513,141.9386,142.97364,144.00968,144.56113,145.60541,146.64927,147.69206,148.27466,149.3229,150.369,150.97337,152.02259,153.06799,153.69221,154.73833,155.37578,156.42161,157.07148,158.11508,158.77655,159.8163,160.4885,161.16814,162.20544,162.89452,163.59057,164.62165,165.32571,166.03626,167.05834,167.77554,168.49872,169.22773,169.96243,170.96929,171.70803,172.4518,173.2004,173.95365,174.71136,175.4733,176.23926,177.21107,177.97645,178.74502,179.51655 0.00833,0.00943,0.01024,0.01283,0.01295,0.01272,0.01218,0.01139,0.01042,0.00938,0.00836,0.00987,0.0091,0.00858,0.00834,0.00838,0.01105,0.01149,0.01208,0.01502,0.01561,0.01614,0.01865,0.01883,0.01884,0.0207,0.02034,0.022,0.02142,0.02316,0.02255,0.02467,0.02416,0.02673,0.02956,0.0292,0.03205,0.03468,0.03387,0.03572,0.03693,0.03751,0.03547,0.03532,0.03487,0.03423,0.03343,0.03241,0.03112,0.02952,0.02765,0.02564,0.02369,0.0238,0.02195,0.02054,0.0196,0.019,0.01823,0.01751,0.01668,0.01505,0.01372,0.01155,0.00982,0.00794,0.00551,0.00355,0.00117,-0.00076,-0.00298,-0.00472,-0.00675,-0.00802,-0.00977,-0.01151,-0.01163,-0.01304,-0.01225,-0.01335,-0.01443,-0.01286,-0.01367,-0.01436,-0.01273,-0.01317,-0.01351,-0.01381,-0.0131,-0.01382,-0.01485,-0.01625,-0.01779,-0.01996,-0.02245,-0.02521,-0.02816,-0.0312,-0.0327,-0.03514,-0.0373,-0.03906,-0.0403,-0.04092,-0.04087,-0.04011,-0.03865,-0.03656,-0.03395,-0.0265,-0.02345,-0.02046,-0.01767,-0.01517,-0.01298,-0.01501,-0.01337,-0.01203,-0.01091,-0.00989,-0.00881,-0.00754,-0.00593,-0.00388,-0.00136,0.00159,0.00104,0.00445,0.00783,0.01102,0.01388,0.01636,0.01501,0.01694,0.01858,0.01999,0.01791,0.01907,0.02011,0.0211,0.01821,0.01916,0.02018,0.01694,0.01813,0.0193,0.01627,0.01743,0.01476,0.01577,0.01655,0.01472,0.01548,0.01495,0.0159,0.01672,0.01792,0.01966,0.02108,0.02308,0.02476,0.02634,0.02742,0.02775,0.02939,0.02913,0.02837,0.03046,0.02974,0.02903,0.02842,0.03166,0.03157,0.03169,0.03199,0.03234,0.03263,0.03264,0.0322,0.03118,0.0296,0.02754,0.02432,0.02208,0.01977,0.01754,0.01487,0.01301,0.01132,0.00937,0.00807,0.00693,0.00572,0.00494,0.00411,0.00373,0.00312,0.00319,0.00268,0.00331,0.00288,0.00237,0.00366,0.00319,0.00466,0.00411,0.00344,0.00265,0.00351,0.00238,0.00108,-0.00039,-0.0005,-0.00223,-0.00405,-0.00592,-0.0078,-0.00965,-0.00946,-0.01103,-0.01244,-0.01367,-0.01469,-0.0155,-0.01607,-0.01643,-0.01658,-0.0166,-0.01651,-0.01641,-0.01636,-0.01645,-0.01868,-0.01918,-0.01995,-0.02096,-0.02214,-0.02338,-0.0266,-0.02762,-0.02833,-0.02864,-0.03055,-0.02998,-0.02902,-0.02772,-0.02813,-0.02646,-0.02675,-0.02514,-0.02366,-0.02462,-0.02359,-0.02511,-0.02453,-0.02627,-0.02602,-0.02765,-0.02766,-0.02906,-0.03021,-0.03054,-0.03158,-0.03252,-0.033,-0.0338,-0.03449,-0.03514,-0.03573,-0.03569,-0.03617,-0.03659,-0.03689,-0.03699,-0.03678,-0.03619,-0.03515,-0.03368,-0.03352,-0.03161,-0.0296,-0.02772,-0.0262,-0.02657,-0.02585,-0.0256,-0.02653,-0.02664,-0.02671,-0.02732,-0.02686,-0.02687,-0.02566,-0.02507,-0.02333,-0.02242,-0.02061,-0.01978,-0.0184,-0.01797,-0.01738,-0.01762,-0.0181,-0.01907,-0.0203,-0.02216,-0.02385,-0.02557,-0.02788,-0.02941,-0.0307,-0.03231,-0.03301,-0.03341,-0.03355,-0.03401,-0.03386,-0.03369,-0.03357,-0.03359,-0.03406,-0.0343,-0.03466,-0.03507,-0.03546,-0.03573,-0.0358,-0.03501,-0.03448,-0.03374,-0.03284,-0.03187,-0.03095,-0.0302,-0.02972,-0.02959,-0.02983,-0.03044,-0.03135,-0.03245,-0.03363,-0.03475,-0.03571,-0.03643,-0.03688,-0.03703,-0.03686,-0.03642,-0.03584,-0.03491,-0.03378,-0.03251,-0.03116,-0.02979,-0.02846,-0.02699,-0.02591,-0.02507,-0.02451,-0.02426,-0.02417,-0.02459,-0.02526,-0.02611,-0.02707,-0.02805,-0.02897,-0.02986,-0.03057,-0.03116,-0.03176,-0.03226,-0.03276,-0.03338,-0.03401,-0.03473,-0.03552,-0.03638,-0.03728,-0.03819,-0.03927,-0.04015,-0.04135,-0.04265,-0.04324,-0.04442,-0.04457,-0.04548,-0.04628,-0.0459,-0.04662,-0.04744,-0.04723,-0.04862,-0.0504,-0.05254,-0.05315,-0.05555,-0.05777,-0.05951,-0.06056,-0.06082,-0.06029,-0.05908,-0.05737,-0.05539,-0.0533,-0.05131,-0.05077,-0.049,-0.04742,-0.046,-0.04546,-0.04414,-0.04288,-0.0423,-0.04114,-0.04003,-0.03955,-0.03857,-0.03806,-0.03715,-0.03649,-0.0355,-0.03459,-0.0334,-0.03217,-0.03067,-0.02918,-0.02738,-0.02535,-0.02361,-0.02136,-0.01899,-0.01721,-0.01484,-0.01253,-0.01031,-0.00823,-0.00739,-0.00573,-0.00422,-0.0028,-0.00142,-4e-05,0.00139,0.00288,0.00245,0.00399,0.00553,0.007
146.25 -179.9725,-179.22273,-178.47081,-177.71692,-176.96109,-176.20384,-175.44542,-174.6861,-174.02681,-173.25782,-172.48855,-171.71918,-170.95018,-170.18185,-169.4643,-168.68928,-167.91564,-167.14359,-166.38849,-165.61191,-164.83803,-164.0548,-163.27825,-162.50494,-161.69584,-160.92175,-160.09333,-159.31977,-158.55127,-157.70142,-156.93533,-156.06926,-155.18988,-154.42623,-153.53267,-152.77526,-151.86908,-150.95131,-150.20239,-149.27463,-148.33658,-147.59989,-146.65469,-145.70071,-144.73848,-143.76858,-143.05708,-142.0854,-141.10788,-140.1252,-139.13804,-138.14708,-137.15305,-136.15669,-135.811,-134.80247,-133.79352,-132.78498,-131.77764,-131.38293,-130.36818,-129.35656,-128.34902,-127.91904,-126.90825,-126.46172,-125.44948,-124.44466,-123.97508,-122.97192,-122.48756,-121.48802,-120.98958,-119.99569,-119.48401,-118.49779,-117.9738,-116.99724,-116.46196,-115.49695,-114.95154,-114.3985,-113.44548,-112.88378,-112.31484,-111.37773,-110.80172,-110.2189,-109.30158,-108.71343,-108.11902,-107.51844,-106.62721,-106.02362,-105.4145,-104.79999,-103.94107,-103.32599,-102.70623,-102.08197,-101.4534,-100.63864,-100.01253,-99.38288,-98.74991,-98.11383,-97.47486,-96.83323,-96.18918,-95.54294,-94.81568,-94.17718,-93.53732,-92.89635,-92.2545,-91.61204,-90.9692,-90.32624,-89.68342,-89.04098,-88.39917,-87.75825,-87.11846,-86.40937,-85.76127,-85.11512,-84.47116,-83.82964,-83.19079,-82.55484,-81.92201,-81.29251,-80.49291,-79.86034,-79.23191,-78.60781,-77.98822,-77.37331,-76.52289,-75.90853,-75.29956,-74.69614,-73.81334,-73.21288,-72.61859,-72.03058,-71.1216,-70.53885,-69.96292,-69.03409,-68.46514,-67.90346,-66.95857,-66.4055,-65.44618,-64.90294,-64.36758,-63.39877,-62.87461,-61.896,-61.38408,-60.39762,-59.89888,-58.90655,-58.42183,-57.42563,-56.95566,-55.95754,-54.95192,-54.50479,-53.50038,-52.49042,-52.06832,-51.06262,-50.05344,-49.65803,-48.65599,-47.65262,-46.64869,-45.64496,-44.64222,-44.30639,-43.31661,-42.32961,-41.34616,-40.36705,-39.39289,-38.69113,-37.717,-36.74972,-35.78996,-34.83828,-33.89519,-33.16158,-32.22522,-31.29899,-30.55242,-29.63581,-28.73064,-27.97501,-27.0821,-26.20172,-25.44084,-24.57499,-23.80979,-22.95991,-22.19174,-21.4185,-20.58965,-19.81553,-19.00582,-18.23217,-17.45478,-16.67063,-15.8959,-15.11834,-14.36212,-13.58879,-12.81348,-12.03666,-11.31777,-10.54761,-9.77666,-9.00517,-8.2334,-7.56378,-6.80104,-6.03912,-5.27806,-4.51805,-3.75935,-3.00222,-2.24697,-1.49404,-0.74342,0.00466,0.74997,1.49229,2.23139,2.9669,3.69869,4.42666,5.15062,5.8704,6.58582,7.55384,8.26628,8.97372,9.67603,10.37307,11.35751,12.04933,12.73522,13.41518,14.40887,15.08177,15.74834,16.74874,17.40689,18.05829,19.06184,19.7037,20.71149,21.34296,22.3535,22.97375,23.98536,24.59375,25.60541,26.2013,27.21179,28.22508,28.80205,29.81198,30.82388,31.38036,32.38697,33.39394,34.40106,34.92828,35.92746,36.92572,37.9225,38.91713,39.90933,40.89871,41.88488,42.8674,43.84581,44.8196,45.78847,46.32909,47.29666,48.25837,49.21383,49.7713,50.72313,51.66775,52.23634,53.1758,54.1073,54.68557,55.61043,56.19548,57.11278,58.02085,58.61279,59.51193,60.10904,60.99847,61.60018,62.20633,63.08482,63.69472,64.56156,65.1746,66.02912,66.64467,67.2639,68.10366,68.72454,69.34883,70.17237,70.79748,71.42566,72.05683,72.85978,73.49067,74.12421,74.7603,75.54028,76.17501,76.81195,77.45098,78.09203,78.8425,79.48087,80.12089,80.76245,81.40546,82.04979,82.69536,83.34205,83.98974,84.68576,85.32854,85.97197,86.61595,87.26036,87.90509,88.55003,89.19508,89.84011,90.48502,91.12969,91.77402,92.41789,93.0612,93.70383,94.39787,95.04538,95.69185,96.33718,96.98126,97.62398,98.26525,98.90495,99.54298,100.29123,100.9319,101.57053,102.20705,102.84134,103.61897,104.25459,104.88764,105.51803,106.31853,106.94917,107.57681,108.20137,109.02238,109.64609,110.26643,111.10359,111.72225,112.3372,113.18907,113.80149,114.66565,115.27494,115.88,116.75624,117.35734,118.24406,118.84059,119.73702,120.32838,121.23371,121.81931,122.73269,123.65485,124.23261,125.16147,125.73194,126.66655,127.60864,128.16856,129.11487,130.0678,131.02701,131.57123,132.5326,133.4993,134.47095,135.44719,136.42758,137.41172,138.39921,139.38962,140.38273,141.3779,142.37468,143.37259,144.37112,145.36986,145.91026,146.91599,147.92073,148.92401,149.49221,150.49949,151.50405,152.09163,153.09857,153.69896,154.70667,155.31928,156.32641,156.95056,157.95602,158.5911,159.59345,160.23859,160.89059,161.89058,162.55149,163.54522,164.21429,164.88958,165.571,166.55805,167.2458,167.93925,168.63838,169.61412,170.31771,171.0263,171.73974,172.45787,173.41469,174.13498,174.85931,175.5875,176.31935,177.05467,177.79343,178.53535,179.28011 0.00161,0.00302,0.00423,0.00514,0.00571,0.0059,0.00574,0.00526,0.00585,0.00492,0.00391,0.00293,0.00207,0.00142,0.00247,0.00233,0.00249,0.0029,0.00518,0.00593,0.00677,0.00938,0.01012,0.01074,0.01296,0.0132,0.01495,0.01479,0.0145,0.01564,0.01513,0.01619,0.01744,0.01692,0.01858,0.01824,0.02037,0.02281,0.0226,0.02504,0.02729,0.02658,0.02809,0.02906,0.02952,0.02957,0.02779,0.0275,0.02708,0.02652,0.02582,0.02496,0.02396,0.02292,0.02314,0.02201,0.02117,0.02073,0.02066,0.02038,0.02045,0.02051,0.0203,0.0195,0.01871,0.01748,0.016,0.01409,0.01233,0.01006,0.00806,0.00568,0.00361,0.00135,-0.00062,-0.00249,-0.00421,-0.00537,-0.00669,-0.00691,-0.00778,-0.0086,-0.00773,-0.00837,-0.00908,-0.00808,-0.00887,-0.00968,-0.00921,-0.00999,-0.01068,-0.0113,-0.01174,-0.01259,-0.0136,-0.01481,-0.01702,-0.0187,-0.02057,-0.02261,-0.02477,-0.0268,-0.02857,-0.03024,-0.03172,-0.03293,-0.03379,-0.03417,-0.03402,-0.03329,-0.02799,-0.02591,-0.02344,-0.02069,-0.0178,-0.01492,-0.01217,-0.00967,-0.00746,-0.00558,-0.00403,-0.00277,-0.00176,-0.00402,-0.00312,-0.00212,-0.00086,0.00077,0.00286,0.0054,0.00835,0.01155,0.01166,0.01489,0.01783,0.02036,0.02245,0.0241,0.02299,0.02424,0.0253,0.02628,0.02505,0.02608,0.02714,0.02826,0.02653,0.02767,0.02887,0.0264,0.02752,0.02857,0.02545,0.02615,0.02279,0.0231,0.02319,0.02008,0.0201,0.01811,0.01842,0.01802,0.01885,0.01996,0.02127,0.02334,0.02489,0.02719,0.02929,0.03077,0.03244,0.03363,0.03516,0.03612,0.03681,0.03895,0.03976,0.04041,0.04094,0.04134,0.04161,0.04442,0.04426,0.04372,0.04277,0.04132,0.03938,0.03664,0.03426,0.03163,0.02893,0.02627,0.02375,0.02107,0.01881,0.01669,0.01431,0.01247,0.01081,0.00898,0.0078,0.00699,0.00596,0.00589,0.00539,0.00608,0.00597,0.00593,0.00733,0.00735,0.00895,0.00884,0.00859,0.00983,0.00924,0.00848,0.00905,0.00796,0.00674,0.00541,0.0055,0.00402,0.00247,0.00086,-0.00078,-0.00057,-0.00216,-0.00368,-0.00512,-0.00643,-0.00759,-0.00856,-0.00935,-0.00994,-0.01034,-0.01057,-0.01067,-0.0107,-0.01071,-0.01075,-0.01089,-0.01116,-0.01159,-0.01219,-0.01293,-0.01593,-0.01692,-0.01784,-0.01862,-0.01918,-0.02183,-0.02176,-0.02133,-0.02058,-0.02156,-0.02016,-0.0186,-0.01879,-0.01706,-0.0154,-0.01585,-0.01457,-0.01577,-0.01509,-0.01713,-0.01705,-0.01965,-0.02002,-0.0228,-0.02347,-0.02609,-0.02835,-0.02911,-0.03087,-0.03217,-0.03254,-0.03319,-0.03351,-0.03364,-0.03325,-0.03329,-0.03343,-0.03365,-0.03386,-0.03394,-0.03375,-0.03321,-0.03222,-0.0308,-0.02898,-0.02691,-0.02658,-0.02447,-0.02264,-0.02129,-0.02161,-0.02115,-0.02123,-0.0222,-0.02271,-0.02325,-0.02409,-0.02421,-0.02456,-0.02398,-0.02306,-0.02252,-0.02118,-0.02035,-0.019,-0.01824,-0.01759,-0.017,-0.01689,-0.01726,-0.01788,-0.01922,-0.02052,-0.02203,-0.02415,-0.02591,-0.02766,-0.0294,-0.03084,-0.03207,-0.03307,-0.03363,-0.03419,-0.03453,-0.0347,-0.03472,-0.03474,-0.03471,-0.03468,-0.03466,-0.03465,-0.03464,-0.03464,-0.0346,-0.03448,-0.03424,-0.03383,-0.03326,-0.03254,-0.03159,-0.03079,-0.03002,-0.02938,-0.02896,-0.02881,-0.02898,-0.02948,-0.03026,-0.03123,-0.03228,-0.03329,-0.03415,-0.03479,-0.03517,-0.03598,-0.03583,-0.03543,-0.03484,-0.03409,-0.03323,-0.03228,-0.03128,-0.03025,-0.029,-0.02794,-0.027,-0.02622,-0.02565,-0.02502,-0.02501,-0.02529,-0.02583,-0.02639,-0.02726,-0.02814,-0.02896,-0.02964,-0.03021,-0.03064,-0.03114,-0.03146,-0.0318,-0.03261,-0.03318,-0.03426,-0.03508,-0.03597,-0.03711,-0.038,-0.03889,-0.03958,-0.0402,-0.04054,-0.04092,-0.04078,-0.04095,-0.04116,-0.04028,-0.04042,-0.03919,-0.03951,-0.04011,-0.03895,-0.04006,-0.04158,-0.04348,-0.04283,-0.04513,-0.04753,-0.04984,-0.05185,-0.05336,-0.05424,-0.05444,-0.05403,-0.0531,-0.05182,-0.05036,-0.04886,-0.04742,-0.04608,-0.04601,-0.04474,-0.04348,-0.04219,-0.04197,-0.04056,-0.0391,-0.03888,-0.03747,-0.03735,-0.03609,-0.03609,-0.03494,-0.03496,-0.03376,-0.03367,-0.03226,-0.03195,-0.03147,-0.02974,-0.02901,-0.02718,-0.02625,-0.0251,-0.0237,-0.02201,-0.02043,-0.01867,-0.0168,-0.01572,-0.01404,-0.01244,-0.01098,-0.00965,-0.00998,-0.00894,-0.00792,-0.00686,-0.00571,-0.00444,-0.00302,-0.0015,7e-05
151.875 -179.4896,-178.76284,-178.03419,-177.30386,-176.57207,-175.83877,-175.10444,-174.36935,-173.63373,-172.89783,-172.24136,-171.49735,-170.75356,-170.0104,-169.26818,-168.5669,-167.81899,-167.07261,-166.32803,-165.5927,-164.84442,-164.09889,-163.33807,-162.59047,-161.84621,-161.062,-160.31741,-159.51568,-158.77201,-157.95375,-157.21209,-156.37838,-155.64014,-154.79224,-154.05872,-153.19799,-152.47041,-151.59824,-150.71547,-149.99604,-149.10418,-148.20288,-147.2925,-146.58702,-145.67106,-144.74748,-143.81671,-142.87933,-141.93591,-140.98698,-140.03324,-139.07532,-138.11387,-137.14951,-136.18293,-135.21488,-134.2461,-133.27733,-132.30922,-131.93651,-130.96089,-129.98772,-129.58994,-128.61178,-127.63802,-127.2164,-126.24037,-125.27058,-124.82688,-123.85757,-123.39972,-122.43263,-121.96119,-120.99814,-120.04548,-119.55661,-119.06015,-118.11061,-117.6029,-116.66277,-116.14478,-115.21573,-114.68845,-114.15416,-113.23672,-112.69445,-112.14548,-111.24318,-110.68771,-110.12594,-109.24222,-108.67551,-108.10299,-107.24111,-106.66531,-106.08421,-105.49794,-104.90664,-104.07707,-103.48512,-102.88876,-102.28815,-101.68345,-100.89453,-100.2919,-99.68588,-99.07666,-98.46443,-97.84938,-97.23172,-96.61166,-95.89436,-95.28061,-94.6652,-94.04834,-93.43025,-92.81116,-92.19128,-91.57084,-90.95007,-90.32919,-89.70844,-89.08803,-88.46821,-87.84918,-87.23118,-86.61443,-85.99914,-85.29839,-84.67627,-84.05636,-83.43887,-82.82401,-82.21198,-81.60297,-80.99718,-80.39479,-79.61404,-79.00958,-78.40922,-77.81312,-77.22144,-76.40004,-75.80899,-75.22301,-74.64219,-73.79088,-73.21288,-72.64063,-72.0742,-71.19853,-70.637,-70.08177,-69.18746,-68.63869,-68.09662,-67.18707,-66.65292,-65.7297,-65.20451,-64.68662,-63.75411,-63.24644,-62.30442,-61.80793,-60.85811,-60.37368,-59.41785,-58.94625,-57.98619,-57.52812,-56.56559,-56.12167,-55.15839,-54.18883,-53.76678,-52.79928,-51.82722,-51.42889,-50.46157,-49.49154,-48.51955,-48.15548,-47.19178,-46.22799,-45.26477,-44.3028,-43.34277,-42.38538,-41.43136,-40.48136,-39.53601,-38.59593,-37.66168,-36.73382,-35.8129,-34.89944,-34.19732,-33.28909,-32.38977,-31.49974,-30.78286,-29.90154,-29.17613,-28.30517,-27.44542,-26.71357,-25.86638,-25.12941,-24.29615,-23.55543,-22.73733,-21.9942,-21.19242,-20.44815,-19.6637,-18.9195,-18.17152,-17.4102,-16.66409,-15.91522,-15.17912,-14.43371,-13.68617,-12.97717,-12.23457,-11.49088,-10.74622,-10.00077,-9.33531,-8.59721,-7.85902,-7.12116,-6.38387,-5.64725,-4.91151,-4.17689,-3.58561,-2.8616,-2.13942,-1.41939,-0.70151,0.014,0.72695,1.43714,2.14438,3.05486,3.76215,4.46584,5.16575,5.86173,6.55359,7.24102,7.92408,8.86368,9.54329,10.218,10.88767,11.55221,12.50425,13.16308,13.81634,14.77681,15.42328,16.06377,17.02943,17.66186,18.28804,19.25675,19.87393,20.84625,21.4536,22.4281,23.02503,24.00076,24.58665,25.5623,26.13651,27.11067,27.67276,28.64457,29.61878,30.16255,31.1324,32.10326,33.07484,33.59238,34.55752,35.5223,36.48603,37.44853,38.40941,39.36835,40.32485,41.27845,42.22871,43.17539,44.11814,45.05665,45.9905,46.91937,47.44588,48.37266,49.2936,50.20841,50.74949,51.6604,52.56437,53.11524,54.01389,54.90485,55.46396,56.34833,56.91343,57.79044,58.36097,59.22983,59.80526,60.66521,61.245,62.09531,62.67886,63.5189,64.10571,64.69633,65.52441,66.11754,66.93377,67.52887,68.12726,68.92924,69.52885,70.13148,70.73705,71.52101,72.1268,72.73525,73.50206,74.11,74.72029,75.33284,75.94758,76.68906,77.3021,77.917,78.53368,79.15204,79.772,80.48068,81.09756,81.71572,82.33505,82.95546,83.57687,84.19916,84.82224,85.44602,86.07039,86.69526,87.33976,87.95918,88.57878,89.19846,89.81814,90.43771,91.05707,91.69986,92.32462,92.94887,93.5725,94.19541,94.81751,95.4387,96.05888,96.67795,97.29583,97.91241,98.61909,99.23871,99.85672,100.47302,101.08752,101.70015,102.43946,103.05375,103.66584,104.27565,104.8831,105.64763,106.25556,106.86083,107.46336,108.24744,108.84948,109.44849,110.24803,110.84581,111.44028,112.25402,112.84651,113.67204,114.26201,114.8482,115.68567,116.26859,117.11632,117.69542,118.55274,119.12752,119.99375,120.56367,121.43807,122.00258,122.88437,123.44292,124.33133,125.22738,125.77765,126.67904,127.22202,128.1279,129.0403,129.95889,130.48837,131.40956,132.33607,133.2676,134.20384,134.71275,135.64898,136.58911,137.53269,138.47933,139.42866,140.38022,141.3337,142.28869,142.78353,143.74697,144.71092,145.67496,146.6386,147.16786,148.13687,149.10464,149.65318,150.62478,151.5938,152.16027,153.13113,153.70948,154.68125,155.27103,156.24259,156.84316,157.81308,158.4238,159.39081,160.01107,160.97436,161.60333,162.23847,163.19813,163.84092,164.48953,165.44335,166.09862,166.75935,167.42544,168.37027,169.04125,169.71728,170.39813,171.08364,172.01379,172.70203,173.39439,174.09075,174.79109,175.49507,176.20253,176.91328,177.62714,178.34392,179.06343,179.78575 -0.00275,-0.00122,0.00011,0.00116,0.00187,0.00222,0.00222,0.00191,0.00133,0.00058,0.00061,-0.00027,-0.00105,-0.00165,-0.00204,-0.00131,-0.00116,-0.00076,-0.00014,0.00166,0.00254,0.00344,0.00549,0.00627,0.00692,0.00869,0.00902,0.01045,0.01044,0.0115,0.01124,0.01202,0.01162,0.01236,0.01196,0.01291,0.01266,0.01402,0.01572,0.01567,0.01759,0.01953,0.0213,0.02074,0.02193,0.02275,0.02324,0.02346,0.0235,0.02343,0.02326,0.02299,0.0226,0.02214,0.02167,0.02131,0.02119,0.02135,0.02176,0.02162,0.02203,0.02223,0.02187,0.02152,0.02059,0.02005,0.01851,0.01651,0.01575,0.01345,0.01239,0.00995,0.00859,0.00624,0.00413,0.00257,0.00093,-0.00064,-0.00213,-0.00298,-0.00409,-0.00402,-0.00468,-0.00523,-0.00434,-0.00476,-0.00526,-0.00471,-0.00553,-0.00645,-0.00689,-0.00799,-0.00906,-0.01037,-0.01155,-0.01273,-0.01396,-0.01525,-0.01805,-0.01952,-0.021,-0.0225,-0.02396,-0.02587,-0.0268,-0.02762,-0.02828,-0.02876,-0.02896,-0.02885,-0.02835,-0.02424,-0.02249,-0.02035,-0.01789,-0.01519,-0.01239,-0.00959,-0.00691,-0.00446,-0.0023,-0.00046,0.00108,0.0023,0.00328,0.00409,0.00482,0.00559,0.00382,0.00507,0.00672,0.00881,0.01133,0.01421,0.01727,0.02033,0.02316,0.0233,0.02545,0.0271,0.02828,0.0291,0.0282,0.02887,0.02952,0.03026,0.02993,0.03105,0.03233,0.03376,0.0333,0.03481,0.03633,0.03474,0.03594,0.03694,0.03398,0.03437,0.03062,0.03048,0.03013,0.02613,0.02572,0.0225,0.02249,0.02076,0.02142,0.02139,0.02268,0.02395,0.02551,0.02738,0.02883,0.03081,0.03283,0.034,0.03606,0.0381,0.0396,0.04185,0.04395,0.0458,0.04808,0.04964,0.05063,0.05102,0.05077,0.04992,0.0485,0.04662,0.04431,0.04173,0.039,0.03627,0.03366,0.03123,0.02898,0.02667,0.02453,0.02247,0.02048,0.01806,0.01622,0.01395,0.0125,0.01144,0.00984,0.00957,0.00858,0.0092,0.00881,0.01017,0.01021,0.01202,0.0122,0.01407,0.01408,0.01393,0.01536,0.01484,0.01412,0.01504,0.01402,0.01288,0.01359,0.0123,0.01093,0.00949,0.00798,0.00832,0.00666,0.00497,0.00329,0.00167,0.00013,-0.00128,-0.00254,-0.00224,-0.00313,-0.0038,-0.00424,-0.00449,-0.00457,-0.00453,-0.00441,-0.00424,-0.00576,-0.00581,-0.00594,-0.0062,-0.00659,-0.00709,-0.00768,-0.00832,-0.01139,-0.01197,-0.01239,-0.01264,-0.01268,-0.01444,-0.01382,-0.01295,-0.01345,-0.01208,-0.01058,-0.01044,-0.00889,-0.00745,-0.00776,-0.00678,-0.00797,-0.00764,-0.00984,-0.01014,-0.01315,-0.01391,-0.01735,-0.01835,-0.02177,-0.02277,-0.02577,-0.02825,-0.02867,-0.03016,-0.03098,-0.03122,-0.03043,-0.03008,-0.02963,-0.02927,-0.02907,-0.02902,-0.02904,-0.029,-0.02876,-0.0282,-0.02727,-0.02597,-0.02439,-0.02264,-0.02093,-0.02053,-0.01913,-0.01823,-0.01787,-0.0182,-0.01854,-0.01915,-0.01996,-0.02063,-0.02112,-0.02179,-0.0218,-0.02212,-0.02155,-0.02146,-0.02048,-0.02007,-0.01895,-0.01845,-0.01757,-0.01724,-0.01691,-0.01701,-0.01733,-0.01795,-0.01883,-0.01984,-0.02115,-0.0226,-0.0236,-0.0251,-0.02659,-0.02802,-0.02837,-0.0296,-0.03073,-0.03076,-0.03173,-0.03255,-0.03321,-0.03368,-0.03342,-0.03365,-0.03374,-0.03373,-0.03366,-0.03356,-0.03277,-0.03266,-0.03257,-0.03246,-0.03231,-0.03208,-0.03175,-0.03132,-0.03081,-0.03025,-0.0297,-0.0292,-0.02877,-0.02846,-0.02832,-0.02834,-0.02852,-0.02882,-0.03045,-0.03099,-0.03145,-0.0318,-0.03204,-0.03217,-0.03222,-0.0322,-0.0321,-0.03193,-0.03167,-0.03138,-0.03075,-0.03004,-0.02929,-0.02853,-0.02781,-0.02679,-0.02636,-0.02615,-0.02617,-0.02641,-0.02685,-0.0275,-0.02818,-0.02882,-0.02953,-0.02991,-0.0301,-0.03037,-0.03032,-0.03019,-0.03067,-0.03079,-0.03192,-0.03249,-0.03317,-0.03504,-0.03589,-0.03761,-0.03828,-0.03938,-0.03959,-0.0399,-0.03948,-0.03906,-0.03798,-0.03707,-0.03548,-0.03443,-0.03361,-0.03184,-0.0315,-0.02992,-0.0302,-0.03092,-0.03203,-0.03095,-0.03245,-0.0342,-0.03616,-0.03823,-0.03712,-0.0391,-0.04089,-0.04236,-0.04342,-0.04408,-0.04433,-0.04424,-0.04388,-0.04465,-0.04391,-0.0431,-0.04225,-0.04133,-0.04142,-0.0403,-0.03905,-0.03886,-0.03741,-0.03591,-0.0356,-0.03412,-0.03388,-0.03251,-0.03239,-0.03112,-0.03108,-0.02973,-0.02967,-0.0281,-0.02795,-0.02612,-0.02592,-0.02571,-0.0239,-0.02376,-0.0236,-0.0223,-0.02219,-0.02191,-0.02143,-0.02079,-0.02014,-0.0193,-0.01832,-0.01724,-0.01741,-0.01648,-0.01556,-0.01465,-0.01374,-0.01278,-0.01173,-0.01054,-0.00919,-0.00769,-0.00608,-0.0044
157.5 -179.58229,-178.88608,-178.18808,-177.48847,-176.78747,-176.08518,-175.49295,-174.78135,-174.06904,-173.35632,-172.6434,-171.9305,-171.21765,-170.56584,-169.84636,-169.12775,-168.41028,-167.72476,-167.00248,-166.28184,-165.56316,-164.8467,-164.12504,-163.40619,-162.66656,-161.94614,-161.18924,-160.4683,-159.75133,-158.97458,-158.25886,-157.4671,-156.75349,-155.9477,-155.23763,-154.41895,-153.71355,-152.88319,-152.04244,-151.34279,-150.49236,-149.63249,-148.94173,-148.0743,-147.19851,-146.31477,-145.63886,-144.75086,-143.85621,-142.95541,-142.04891,-141.13727,-140.22106,-139.30083,-138.37712,-137.45051,-136.52163,-135.59116,-134.65974,-133.72801,-133.3837,-132.44355,-131.50453,-130.56743,-130.19091,-129.24852,-128.30975,-127.91067,-126.96899,-126.03254,-125.61241,-124.67551,-124.24187,-123.30607,-122.37828,-121.9263,-121.00225,-120.53838,-119.61968,-119.1446,-118.23276,-117.74729,-117.2549,-116.34882,-115.84701,-114.95167,-114.44132,-113.92448,-113.04035,-112.51619,-111.98582,-111.11606,-110.57971,-110.03751,-109.18521,-108.63845,-108.08626,-107.25435,-106.69909,-106.13889,-105.57386,-105.00411,-104.20217,-103.63169,-103.05707,-102.47844,-101.89594,-101.13153,-100.55076,-99.96675,-99.37967,-98.78967,-98.19694,-97.60166,-96.89554,-96.30536,-95.7133,-95.11953,-94.52426,-93.92767,-93.32998,-92.73137,-92.13206,-91.53224,-90.93212,-90.33191,-89.73182,-89.13204,-88.53279,-87.93427,-87.33669,-86.74023,-86.14511,-85.55152,-84.95964,-84.2686,-83.67117,-83.07612,-82.48364,-81.89391,-81.30712,-80.72342,-80.14298,-79.38633,-78.80415,-78.22586,-77.6516,-77.08151,-76.28739,-75.71801,-75.15335,-74.59354,-73.77173,-73.21459,-72.6628,-72.11643,-71.27192,-70.73009,-70.19412,-69.33212,-68.80209,-68.27828,-67.40184,-66.8853,-66.37527,-65.48751,-64.98597,-64.08738,-63.59523,-62.6874,-62.20545,-61.28997,-60.81906,-59.89748,-59.43834,-58.51228,-58.06556,-57.13662,-56.7029,-55.77264,-55.35241,-54.42236,-53.48695,-53.08766,-52.15497,-51.21859,-50.27912,-49.91036,-48.97694,-48.04208,-47.10648,-46.77072,-45.84419,-44.91855,-43.99434,-43.07218,-42.15266,-41.23639,-40.32396,-39.41601,-38.51301,-37.6155,-36.72397,-36.05498,-35.16641,-34.28527,-33.41191,-32.54671,-31.85887,-31.00087,-30.15218,-29.45487,-28.61559,-27.91141,-27.08293,-26.26528,-25.55676,-24.75173,-24.03941,-23.24815,-22.53316,-21.7567,-21.04039,-20.3199,-19.56298,-18.84266,-18.10285,-17.38367,-16.66179,-15.94487,-15.22572,-14.5044,-13.81211,-13.0949,-12.37623,-11.65652,-10.93581,-10.28311,-9.56875,-8.85401,-8.13916,-7.42465,-6.81532,-6.10911,-5.40361,-4.699,-3.99551,-3.29335,-2.59297,-1.89431,-1.19756,-0.5029,0.18948,0.87939,1.56648,2.2507,2.93194,3.61006,4.28489,4.95628,5.85008,6.51977,7.18549,7.8471,8.50449,9.15755,10.06941,10.71837,11.36256,12.00187,12.92367,13.55753,14.18614,14.80944,15.73687,16.35322,16.96394,17.89555,18.49847,19.43441,20.02874,20.61702,21.55291,22.13187,23.06955,23.63864,24.57667,25.51849,26.07272,27.01344,27.55641,28.49504,29.43551,29.96142,30.89811,31.83602,32.34374,33.27638,34.20895,35.14122,36.0729,36.54823,37.47213,38.3945,39.31487,40.2329,41.14835,42.06094,42.97029,43.87606,44.36965,45.2752,46.17632,47.07276,47.96424,48.47685,49.36589,50.24916,51.12636,51.65154,52.52457,53.39094,53.92475,54.78577,55.32564,56.18055,56.726,57.57406,58.41408,58.96511,59.79729,60.35268,60.91201,61.73559,62.29859,63.11272,63.67889,64.48301,65.05186,65.62407,66.41642,66.99064,67.77164,68.34739,68.9261,69.50771,70.27291,70.85516,71.44005,72.19001,72.77486,73.36208,73.95161,74.68233,75.27095,75.86159,76.45417,77.04861,77.75474,78.34723,78.94131,79.53688,80.13388,80.73221,81.40686,82.00202,82.59823,83.19539,83.79344,84.39227,84.99181,85.59196,86.19264,86.79375,87.39522,87.99694,88.59883,89.2008,89.80276,90.40462,91.00628,91.60767,92.20868,92.80924,93.40925,94.00862,94.60726,95.2051,95.80204,96.39799,96.99288,97.66571,98.26372,98.86039,99.45561,100.04931,100.64142,101.34556,101.93958,102.53172,103.1219,103.71004,104.43865,105.02766,105.61436,106.19867,106.94641,107.53073,108.1124,108.69135,109.45632,110.03441,110.60953,111.38818,111.96176,112.53214,113.32329,113.89147,114.69313,115.25865,116.07029,116.63264,117.19119,118.01237,118.56708,119.39675,119.94715,120.78466,121.33029,122.17498,123.02734,123.56654,124.42502,124.95822,125.82213,126.69273,127.21747,128.09228,128.97311,129.48801,130.37181,131.26092,132.15506,133.05396,133.55107,134.45077,135.35444,136.26173,137.17232,138.0859,139.00215,139.92079,140.84151,141.76386,142.68748,143.61192,144.09907,145.03043,145.96185,146.89301,147.40543,148.34152,149.27617,150.20895,150.74442,151.68015,152.22714,153.16476,154.09892,154.66117,155.5953,156.16774,157.10122,157.68339,158.61484,159.20608,159.80331,160.73394,161.33939,162.26566,162.87878,163.49743,164.41902,165.04423,165.67465,166.31021,167.22553,167.86643,168.51211,169.16247,170.06688,170.72099,171.3794,172.04194,172.70847,173.37886,174.05298,174.93616,175.61133,176.28967,176.97104,177.65527,178.3422,179.03164,179.72349 -0.00944,-0.00782,-0.00632,-0.005,-0.00391,-0.0031,-0.00135,-0.00119,-0.00132,-0.0017,-0.00227,-0.00294,-0.00365,-0.00344,-0.004,-0.00437,-0.00451,-0.00359,-0.00323,-0.00264,-0.00189,-0.00022,0.00068,0.00153,0.00315,0.00379,0.00525,0.0056,0.00579,0.00697,0.00691,0.00789,0.00759,0.00837,0.0079,0.00856,0.00803,0.00878,0.00968,0.00936,0.01059,0.01203,0.01185,0.0134,0.01489,0.01625,0.01554,0.01648,0.01724,0.01784,0.01835,0.01881,0.01924,0.01958,0.01986,0.02003,0.02015,0.02032,0.02064,0.02117,0.02154,0.02218,0.02274,0.0229,0.02281,0.02212,0.02063,0.02026,0.01807,0.01547,0.01531,0.01273,0.01264,0.01033,0.00834,0.00811,0.0065,0.00587,0.00462,0.00363,0.00273,0.0015,0.00022,-0.00012,-0.0012,-0.00095,-0.00168,-0.00224,-0.00152,-0.00197,-0.00246,-0.00235,-0.00324,-0.00428,-0.00537,-0.00675,-0.00815,-0.0102,-0.0118,-0.01339,-0.01499,-0.01656,-0.01967,-0.02118,-0.02255,-0.02376,-0.0248,-0.02629,-0.0266,-0.02671,-0.02663,-0.02638,-0.02592,-0.02521,-0.02197,-0.02029,-0.01829,-0.01596,-0.01336,-0.01058,-0.00771,-0.00489,-0.00222,0.00021,0.00235,0.00415,0.00563,0.00682,0.00776,0.00851,0.00916,0.0098,0.01055,0.01152,0.0128,0.01203,0.01411,0.01657,0.01931,0.02217,0.02496,0.02745,0.02951,0.02942,0.03063,0.03135,0.0317,0.03182,0.03109,0.03137,0.03181,0.0325,0.03307,0.03444,0.03609,0.03797,0.0388,0.04073,0.04261,0.04197,0.04325,0.04419,0.0416,0.04174,0.04153,0.03756,0.03691,0.03263,0.03201,0.02823,0.02809,0.02549,0.02608,0.02497,0.0262,0.02632,0.02777,0.02854,0.02974,0.03079,0.03164,0.03302,0.03491,0.03575,0.03836,0.04135,0.04449,0.0462,0.04934,0.05196,0.05381,0.05503,0.05559,0.05515,0.05382,0.05178,0.04928,0.04652,0.04373,0.04106,0.03864,0.03649,0.03458,0.03293,0.03112,0.02936,0.02758,0.02577,0.02364,0.02184,0.02019,0.0181,0.01688,0.01508,0.01453,0.01446,0.01345,0.01416,0.01372,0.01509,0.01512,0.01691,0.01717,0.01741,0.01927,0.01936,0.02098,0.02075,0.02032,0.02151,0.02075,0.01983,0.02063,0.01947,0.01817,0.01676,0.01523,0.01517,0.01338,0.01152,0.00962,0.00773,0.007,0.00524,0.00363,0.00223,0.00106,0.00014,-0.0005,-0.00088,-0.001,-0.00088,-0.00057,-0.00013,0.00039,0.00092,0.00142,0.00182,0.00208,0.00216,-0.00023,-0.0006,-0.00111,-0.00175,-0.00245,-0.00315,-0.00597,-0.00632,-0.00646,-0.00632,-0.00774,-0.00694,-0.0059,-0.00464,-0.0048,-0.00332,-0.00188,-0.00196,-0.00084,-0.00136,-0.00084,-0.00066,-0.00224,-0.00268,-0.00502,-0.00592,-0.00886,-0.01215,-0.01332,-0.01674,-0.0178,-0.02091,-0.02362,-0.02395,-0.02568,-0.02668,-0.02594,-0.02588,-0.02532,-0.02448,-0.02358,-0.02187,-0.02115,-0.02074,-0.02064,-0.02079,-0.02108,-0.02134,-0.02146,-0.02133,-0.02178,-0.02104,-0.02015,-0.01923,-0.01838,-0.01799,-0.01746,-0.01722,-0.0172,-0.01742,-0.01765,-0.0178,-0.01832,-0.0183,-0.01886,-0.01852,-0.019,-0.01836,-0.01755,-0.0178,-0.01689,-0.01701,-0.01701,-0.01618,-0.01618,-0.01562,-0.01576,-0.01551,-0.01588,-0.0164,-0.01649,-0.01729,-0.01744,-0.01845,-0.01958,-0.0208,-0.02091,-0.02217,-0.02346,-0.02359,-0.0249,-0.02619,-0.02746,-0.02762,-0.02871,-0.02964,-0.03038,-0.03091,-0.03021,-0.03034,-0.03031,-0.03019,-0.03004,-0.02991,-0.02869,-0.02872,-0.02885,-0.02905,-0.02926,-0.02944,-0.02951,-0.02943,-0.02919,-0.02879,-0.02827,-0.02767,-0.02704,-0.02645,-0.02592,-0.0255,-0.02519,-0.025,-0.02493,-0.02498,-0.02516,-0.02546,-0.0259,-0.02647,-0.02713,-0.02786,-0.02858,-0.03006,-0.03035,-0.03047,-0.0304,-0.03014,-0.02973,-0.02892,-0.02829,-0.02769,-0.02716,-0.02675,-0.02644,-0.02644,-0.02656,-0.02677,-0.0276,-0.02791,-0.02811,-0.02816,-0.02876,-0.02848,-0.02806,-0.02823,-0.0277,-0.02718,-0.02791,-0.02776,-0.0294,-0.02968,-0.03203,-0.0325,-0.03289,-0.03512,-0.03517,-0.03645,-0.03587,-0.03592,-0.03461,-0.03361,-0.0322,-0.03023,-0.02865,-0.02676,-0.02556,-0.02477,-0.02348,-0.02331,-0.02348,-0.02258,-0.02305,-0.02374,-0.02471,-0.02599,-0.02519,-0.02688,-0.02885,-0.03096,-0.03304,-0.03492,-0.03648,-0.03764,-0.0384,-0.03876,-0.03883,-0.03867,-0.03934,-0.03893,-0.03841,-0.03778,-0.038,-0.03711,-0.03608,-0.03493,-0.03467,-0.03336,-0.03298,-0.03163,-0.03032,-0.02993,-0.02866,-0.02831,-0.02699,-0.02659,-0.02508,-0.02458,-0.02409,-0.02226,-0.02175,-0.01998,-0.01967,-0.01953,-0.01845,-0.01872,-0.01914,-0.01964,-0.01977,-0.02039,-0.02089,-0.02121,-0.02173,-0.02179,-0.02163,-0.0213,-0.02083,-0.02025,-0.01957,-0.01992,-0.01906,-0.01809,-0.01696,-0.01569,-0.01427,-0.01272,-0.01109
163.125 -179.81262,-179.13835,-178.46209,-177.78422,-177.10494,-176.42443,-175.74288,-175.06043,-174.37709,-173.69325,-173.09354,-172.40227,-171.7111,-171.02022,-170.32962,-169.69003,-168.99371,-168.29846,-167.60452,-166.93413,-166.23614,-165.53987,-164.84572,-164.14716,-163.45064,-162.75697,-162.03734,-161.34251,-160.60713,-159.91226,-159.16183,-158.46789,-157.77836,-157.01128,-156.32411,-155.5443,-154.75398,-154.0691,-153.26752,-152.58782,-151.77615,-150.95517,-150.28225,-149.45303,-148.61543,-147.95197,-147.10818,-146.25706,-145.39898,-144.53432,-143.88966,-143.02263,-142.15031,-141.27317,-140.39168,-139.50635,-138.61758,-137.72601,-136.83218,-135.93666,-135.04003,-134.72136,-133.8157,-132.91024,-132.00555,-131.10232,-130.74491,-129.83621,-128.93046,-128.55176,-127.64263,-126.73789,-126.33917,-125.43325,-125.02166,-124.11595,-123.21718,-122.78781,-121.89161,-121.45073,-120.55853,-120.10673,-119.21993,-118.75788,-117.87794,-117.4063,-116.92827,-116.05421,-115.56752,-114.70383,-114.2093,-113.70874,-112.85585,-112.34856,-111.83552,-110.99628,-110.47771,-109.95373,-109.13091,-108.60269,-108.06943,-107.26572,-106.72954,-106.18876,-105.64346,-104.86435,-104.31789,-103.7674,-103.213,-102.65482,-102.09298,-101.35183,-100.79144,-100.22795,-99.66151,-99.09226,-98.52038,-97.946,-97.25853,-96.68867,-96.11692,-95.54346,-94.96845,-94.39208,-93.81452,-93.23595,-92.65656,-92.07652,-91.49604,-90.91528,-90.33444,-89.75371,-89.17327,-88.59331,-88.01402,-87.43557,-86.85816,-86.28196,-85.70715,-85.1339,-84.5624,-83.9928,-83.31255,-82.73848,-82.1669,-81.598,-81.03192,-80.46881,-79.90881,-79.17506,-78.61363,-78.05588,-77.50193,-76.95191,-76.18354,-75.63428,-75.08946,-74.54918,-73.75508,-73.21732,-72.68455,-72.15684,-71.34156,-70.81806,-70.3,-69.46828,-68.95571,-68.4489,-67.60349,-67.10338,-66.60929,-65.75303,-65.26674,-64.40005,-63.92239,-63.04667,-62.57842,-62.11669,-61.237,-60.78551,-59.90028,-59.45965,-58.57033,-57.6731,-57.24912,-56.35011,-55.93855,-55.03916,-54.13424,-53.742,-52.83898,-51.93208,-51.56041,-50.65762,-49.75235,-49.40243,-48.50331,-47.60317,-46.70262,-45.80227,-44.90278,-44.60113,-43.71197,-42.8249,-41.94047,-41.05919,-40.18158,-39.30815,-38.4394,-37.80276,-36.93516,-36.07354,-35.21834,-34.36995,-33.71172,-32.86845,-32.03312,-31.20606,-30.53577,-29.71661,-28.90662,-28.22915,-27.42897,-26.74601,-25.95682,-25.26942,-24.49231,-23.80164,-23.03764,-22.34465,-21.59468,-20.90055,-20.16544,-19.4711,-18.75157,-18.05795,-17.3614,-16.66267,-15.96839,-15.27184,-14.59555,-13.90243,-13.20763,-12.51156,-11.86505,-11.17412,-10.48244,-9.79012,-9.09739,-8.48988,-7.8041,-7.11874,-6.43378,-5.74938,-5.06573,-4.38303,-3.70169,-3.02173,-2.34328,-1.66651,-0.9916,-0.31871,0.3518,1.01988,1.68544,2.34833,3.0084,3.6655,4.31948,4.97012,5.6173,6.26098,6.90105,7.7728,8.41038,9.04386,9.67306,10.29801,11.18242,11.80311,12.41916,13.03052,13.92275,14.52841,15.12906,16.02685,16.62096,17.2098,18.11106,18.6924,19.26825,20.17072,20.73837,21.64347,22.20239,23.10869,23.65827,24.56503,25.10487,26.01128,26.92063,27.44584,28.35298,28.86732,29.77161,30.67753,31.58448,32.07694,32.97886,33.88104,34.78322,35.25185,36.14738,37.04182,37.93489,38.82637,39.716,40.60339,41.48821,42.37001,43.24865,44.12385,44.99539,45.47765,46.34848,47.21483,48.07635,48.93292,49.4318,50.28564,51.13385,51.64195,52.48625,53.32431,53.84034,54.67336,55.49959,56.02248,56.84274,57.3706,58.18422,58.71662,59.523,60.05951,60.85803,61.39817,62.1883,62.7317,63.51292,64.05912,64.60859,65.37946,65.93112,66.48584,67.24523,67.80153,68.36066,69.10748,69.66756,70.23026,70.96349,71.52656,72.092,72.8107,73.3759,73.94322,74.5126,75.08398,75.78139,76.35156,76.92348,77.49706,78.07225,78.74586,79.3189,79.89329,80.46894,81.04579,81.62375,82.20275,82.84195,83.41755,83.99394,84.57103,85.14875,85.72702,86.30575,86.88488,87.46432,88.04398,88.6238,89.20368,89.78356,90.36334,90.94295,91.52231,92.10134,92.67996,93.25809,93.83565,94.41256,94.98874,95.56412,96.20167,96.78041,97.35808,97.93462,98.50995,99.08399,99.65668,100.32845,100.90324,101.4764,102.04788,102.61761,103.1855,103.88394,104.45282,105.01962,105.58429,106.30091,106.86578,107.42828,108.15935,108.72146,109.28097,109.8378,110.58407,111.13974,111.6925,112.4509,113.0019,113.77044,114.31923,114.86474,115.64359,116.1863,116.97404,117.51352,118.30963,118.84544,119.64936,120.18106,120.99221,121.51942,122.33723,122.85949,123.68333,124.51393,125.02938,125.865,126.37439,127.21434,128.06014,128.56089,129.40995,130.26429,131.12364,131.61185,132.47287,133.33818,134.20754,135.08068,135.95732,136.83721,137.72013,138.60568,139.49357,140.38341,141.27493,142.16782,143.06185,143.95669,144.85192,145.33116,146.23215,147.13259,148.03222,148.53432,149.43814,150.34022,150.85845,151.76302,152.66484,153.19804,154.10119,154.64442,155.54772,156.1005,157.0029,157.56472,158.46533,159.03576,159.93379,160.5122,161.09604,161.99209,162.58309,163.17929,164.07169,164.67431,165.28187,166.16811,166.78101,167.39851,168.02061,168.89871,169.52493,170.15531,170.78975,171.42816,172.07043,172.93354,173.57791,174.22567,174.87671,175.53089,176.18807,176.84824,177.51124,178.1768,178.84479,179.51504 -0.01402,-0.01257,-0.01116,-0.00985,-0.00868,-0.00769,-0.00691,-0.00638,-0.0061,-0.00606,-0.00511,-0.00553,-0.00608,-0.00669,-0.00729,-0.00679,-0.00716,-0.00733,-0.00726,-0.0059,-0.00533,-0.00458,-0.00373,-0.00186,-0.00102,-0.00032,0.00112,0.00146,0.00257,0.00257,0.00353,0.00327,0.00287,0.00372,0.00311,0.00389,0.00463,0.00384,0.0046,0.00382,0.00477,0.00586,0.00536,0.00667,0.00804,0.00759,0.00885,0.00998,0.01095,0.01177,0.01058,0.01119,0.01182,0.01251,0.01327,0.01407,0.01486,0.01559,0.01624,0.01686,0.01752,0.01879,0.01956,0.02042,0.0212,0.02158,0.02214,0.02145,0.01972,0.01947,0.01662,0.01318,0.0129,0.00956,0.00968,0.00706,0.00511,0.00585,0.00485,0.00546,0.00509,0.0053,0.00529,0.00497,0.0051,0.00428,0.00325,0.00335,0.00224,0.00253,0.00158,0.00078,0.00117,0.0005,-0.00019,-0.00046,-0.0015,-0.0027,-0.00414,-0.00574,-0.00744,-0.00982,-0.01177,-0.01375,-0.01571,-0.01875,-0.02064,-0.02234,-0.0238,-0.02497,-0.02584,-0.02661,-0.02659,-0.02629,-0.02571,-0.02493,-0.02395,-0.02277,-0.01928,-0.01737,-0.0152,-0.01275,-0.01007,-0.00721,-0.00428,-0.00141,0.00131,0.00377,0.00591,0.00772,0.0092,0.01037,0.01129,0.01204,0.01268,0.01329,0.01395,0.01474,0.01577,0.0171,0.01875,0.02075,0.02108,0.02364,0.02624,0.02871,0.03084,0.03253,0.03368,0.03328,0.03361,0.03357,0.03331,0.03296,0.03236,0.03245,0.03285,0.03363,0.03498,0.03667,0.03869,0.04097,0.04303,0.04528,0.04736,0.04773,0.04893,0.04969,0.04771,0.04753,0.047,0.04348,0.04259,0.03871,0.03797,0.03438,0.03421,0.03434,0.03201,0.03283,0.03142,0.03256,0.0317,0.03122,0.03199,0.0317,0.03199,0.03213,0.03306,0.03334,0.03547,0.03846,0.03948,0.04334,0.04726,0.04849,0.05181,0.05421,0.0555,0.05565,0.05474,0.05349,0.05142,0.04892,0.04629,0.04376,0.04152,0.03962,0.03804,0.03697,0.03558,0.03422,0.03283,0.03134,0.0297,0.02803,0.02639,0.02487,0.02309,0.02189,0.02102,0.01953,0.01917,0.018,0.01819,0.01746,0.0182,0.01799,0.01918,0.01941,0.02089,0.02137,0.0229,0.02338,0.02472,0.02501,0.0251,0.02596,0.02571,0.02522,0.02545,0.02461,0.02357,0.02233,0.0217,0.02013,0.0184,0.01654,0.0146,0.01329,0.01134,0.00947,0.00771,0.00613,0.00476,0.00365,0.00284,0.00233,0.00214,0.00227,0.00269,0.00335,0.00419,0.00513,0.00609,0.00698,0.00774,0.00831,0.00863,0.00867,0.00843,0.00793,0.00722,0.00431,0.00346,0.00267,0.00203,0.00164,-0.00036,-9e-05,0.00049,0.00135,0.00064,0.00189,0.00316,0.00275,0.00383,0.00463,0.00384,0.00403,0.00381,0.00242,0.00165,-3e-05,-0.00113,-0.00307,-0.0043,-0.0065,-0.00776,-0.01024,-0.01292,-0.01396,-0.01649,-0.01717,-0.01918,-0.02074,-0.02173,-0.02118,-0.0212,-0.02067,-0.01976,-0.01848,-0.01734,-0.01627,-0.01546,-0.01501,-0.01498,-0.01536,-0.01605,-0.01691,-0.01777,-0.01848,-0.01893,-0.01931,-0.01917,-0.01879,-0.01823,-0.01758,-0.01734,-0.01678,-0.01625,-0.01628,-0.01582,-0.01525,-0.01548,-0.01478,-0.01396,-0.01427,-0.01346,-0.01387,-0.01321,-0.01368,-0.01321,-0.01363,-0.0133,-0.0136,-0.01334,-0.01354,-0.01329,-0.01345,-0.01363,-0.01338,-0.01363,-0.01397,-0.01381,-0.01433,-0.01499,-0.0151,-0.01597,-0.01696,-0.01745,-0.01859,-0.01979,-0.02057,-0.02176,-0.02293,-0.02404,-0.02508,-0.02524,-0.0259,-0.02641,-0.02675,-0.02693,-0.02582,-0.0257,-0.02551,-0.02529,-0.02509,-0.02496,-0.02494,-0.02364,-0.02378,-0.024,-0.02425,-0.02447,-0.0246,-0.02458,-0.02439,-0.02403,-0.02354,-0.02295,-0.0223,-0.02164,-0.021,-0.02042,-0.01993,-0.01956,-0.01933,-0.01929,-0.01945,-0.01986,-0.0205,-0.02137,-0.02376,-0.02489,-0.02602,-0.02709,-0.028,-0.02872,-0.02921,-0.02974,-0.02961,-0.02931,-0.02887,-0.02832,-0.02771,-0.02684,-0.02625,-0.0257,-0.02519,-0.02519,-0.02494,-0.0247,-0.02544,-0.02521,-0.02488,-0.02441,-0.02485,-0.02406,-0.02314,-0.02323,-0.02225,-0.02279,-0.02211,-0.02158,-0.02344,-0.02344,-0.02609,-0.02635,-0.02897,-0.02902,-0.03073,-0.03019,-0.03057,-0.02936,-0.02858,-0.02699,-0.02568,-0.02431,-0.023,-0.02201,-0.02126,-0.02076,-0.02041,-0.02016,-0.01984,-0.01951,-0.01927,-0.01884,-0.01886,-0.01939,-0.02052,-0.02225,-0.02442,-0.02681,-0.02914,-0.03117,-0.03276,-0.03384,-0.03447,-0.03473,-0.03477,-0.0347,-0.03459,-0.0352,-0.03499,-0.03471,-0.0343,-0.03444,-0.03371,-0.03281,-0.03257,-0.03148,-0.03033,-0.02993,-0.02875,-0.02831,-0.02714,-0.02667,-0.02547,-0.02493,-0.0236,-0.02292,-0.02144,-0.02062,-0.01979,-0.01833,-0.01764,-0.01712,-0.01639,-0.01637,-0.01662,-0.01708,-0.01782,-0.0187,-0.01965,-0.0209,-0.02177,-0.02249,-0.02303,-0.02337,-0.0235,-0.02387,-0.02366,-0.02329,-0.02278,-0.02214,-0.02135,-0.02043,-0.01936,-0.01817,-0.01686,-0.01546
168.75 -179.8817,-179.23384,-178.58429,-177.93305,-177.28047,-176.7428,-176.0817,-175.41971,-174.757,-174.09372,-173.42985,-172.76575,-172.10164,-171.50391,-170.8336,-170.16382,-169.49453,-168.82607,-168.19253,-167.51955,-166.84805,-166.19209,-165.51717,-164.8441,-164.17324,-163.49159,-162.81891,-162.12189,-161.44823,-160.77768,-160.06244,-159.3922,-158.66324,-157.99421,-157.25227,-156.58533,-155.83125,-155.16745,-154.40213,-153.74236,-152.96681,-152.18219,-151.52733,-150.73405,-149.93245,-149.28508,-148.47655,-147.66057,-147.02323,-146.20229,-145.3749,-144.54138,-143.70209,-142.85747,-142.2434,-141.39821,-140.54892,-139.69588,-138.83962,-137.98063,-137.11941,-136.83195,-135.96068,-135.08834,-134.21546,-133.34245,-132.46998,-132.13708,-131.25826,-130.3813,-129.50676,-129.14637,-128.26811,-127.39353,-127.01414,-126.13783,-125.74623,-124.86942,-123.99862,-123.58987,-122.72067,-122.30086,-121.43455,-121.00415,-120.142,-119.70159,-118.84494,-118.39506,-117.54525,-117.08655,-116.24489,-115.77806,-115.30548,-114.47159,-113.9918,-113.50643,-112.68292,-112.19135,-111.38084,-110.88391,-110.38191,-109.87487,-109.07983,-108.56884,-108.05316,-107.27607,-106.75765,-106.23492,-105.70798,-104.95382,-104.42571,-103.89381,-103.35824,-102.8191,-102.0958,-101.55748,-101.01609,-100.47174,-99.92456,-99.3747,-98.82228,-98.14678,-97.59796,-97.04712,-96.49441,-95.94,-95.38402,-94.82664,-94.26802,-93.70832,-93.14771,-92.58635,-92.02441,-91.46206,-90.89947,-90.3368,-89.77424,-89.21194,-88.65008,-88.08883,-87.52835,-86.96882,-86.41039,-85.85322,-85.29749,-84.74334,-84.19093,-83.64041,-82.97777,-82.42329,-81.87125,-81.32179,-80.77504,-80.23113,-79.6902,-78.97825,-78.43613,-77.89749,-77.36244,-76.83109,-76.0871,-75.55656,-75.03017,-74.50803,-73.7401,-73.22036,-72.70526,-72.19488,-71.40713,-70.90068,-70.39928,-69.59603,-69.09971,-68.60874,-67.7925,-67.3077,-66.82848,-66.00182,-65.52977,-64.6931,-64.22898,-63.77078,-62.92809,-62.47867,-61.62907,-61.18906,-60.33385,-59.90384,-59.04432,-58.62486,-57.76236,-56.89296,-56.48968,-55.6194,-55.22794,-54.35803,-53.48338,-53.11036,-52.23812,-51.36254,-51.00908,-50.13786,-49.26475,-48.39018,-48.06467,-47.19702,-46.32924,-45.46184,-44.59537,-43.73046,-42.8675,-42.00699,-41.14942,-40.29529,-39.44504,-38.5992,-37.75814,-36.92227,-36.09197,-35.2676,-34.63592,-33.81552,-33.00216,-32.19611,-31.55172,-30.75227,-29.96101,-29.30863,-28.52578,-27.75187,-27.09419,-26.33026,-25.66825,-24.91531,-24.24988,-23.50887,-22.84104,-22.1128,-21.44353,-20.72882,-20.059,-19.38587,-18.6891,-18.01667,-17.33515,-16.66438,-15.99132,-15.31616,-14.66004,-13.98805,-13.31448,-12.68062,-12.01152,-11.34149,-10.67066,-9.99918,-9.40097,-8.73553,-8.07019,-7.40502,-6.74014,-6.07571,-5.4119,-4.8663,-4.21064,-3.55627,-2.90322,-2.25158,-1.60152,-0.95319,-0.30674,0.33752,0.97953,1.61922,2.25647,2.89112,3.52306,4.15216,4.98213,5.61015,6.23487,6.8562,7.47403,8.08825,8.69874,9.54693,10.15409,10.7572,11.35616,12.21404,12.80841,13.39833,13.98375,14.84744,15.42724,16.00226,16.87038,17.43888,18.31129,18.87276,19.42908,20.30278,20.85139,21.72703,22.26734,23.14433,23.67594,24.55353,25.07604,25.95293,26.46588,27.34144,28.21941,28.71809,29.59351,30.4701,30.95345,31.82614,32.69956,33.57337,34.0351,34.90317,35.77068,36.63744,37.50324,38.36767,39.2304,40.09104,40.94945,41.80541,42.65861,43.50875,44.35557,45.1987,46.03801,46.8733,47.347,48.18073,49.00978,49.83393,50.31945,51.14049,51.95607,52.44974,53.26132,54.06692,54.56766,55.36827,55.8741,56.66911,57.17958,57.96844,58.48328,59.26546,59.78423,60.55917,61.08147,61.84867,62.3741,63.13305,63.6612,64.41144,64.94191,65.47536,66.21543,66.75068,67.28869,68.01758,68.55683,69.09865,69.81541,70.3579,70.90276,71.60649,72.15147,72.69859,73.24779,73.93519,74.48381,75.0343,75.58658,76.25618,76.8072,77.35978,77.91386,78.46938,79.02628,79.66991,80.22453,80.78029,81.33711,81.89495,82.45371,83.01334,83.57376,84.13491,84.73712,85.29455,85.85247,86.41082,86.96951,87.52849,88.08766,88.64698,89.20635,89.76571,90.32499,90.88412,91.44302,92.00162,92.55985,93.11764,93.67492,94.27565,94.83659,95.3968,95.95619,96.5147,97.07226,97.62879,98.18424,98.73853,99.38046,99.93698,100.49211,101.04579,101.59795,102.14853,102.81628,103.36809,103.91809,104.46622,105.15167,105.70034,106.24691,106.79134,107.49303,108.0373,108.5792,109.11868,109.83504,110.37366,110.90965,111.63774,112.17233,112.91017,113.44296,113.97277,114.72074,115.24821,116.00485,116.52958,117.05104,117.81606,118.33426,119.10675,119.62126,120.40071,120.91117,121.69704,122.48968,122.99482,123.79304,124.29311,125.09632,125.90552,126.39859,127.21189,128.03068,128.51569,129.33753,130.16429,130.64013,131.46893,132.30205,133.13925,133.98035,134.82512,135.28117,136.12566,136.97305,137.82312,138.67559,139.53018,140.38678,141.24496,142.10442,142.5475,143.41371,144.28044,145.14741,146.01453,146.4858,147.35773,148.2288,149.09859,149.59054,150.46342,150.96567,151.84113,152.71405,153.23031,154.10413,154.62971,155.50362,156.0382,156.91164,157.45473,158.32649,158.87763,159.74668,160.3054,160.86923,161.7371,162.30776,163.17077,163.74766,164.32924,164.91546,165.77473,166.36628,166.96221,167.81402,168.41421,169.01846,169.62684,170.23911,171.08034,171.69534,172.31385,172.93578,173.56108,174.1897,174.82142,175.4561,176.27423,176.90894,177.54631,178.1861,178.82812,179.47224 -0.01745,-0.01648,-0.01549,-0.0145,-0.01353,-0.01176,-0.01089,-0.01015,-0.00959,-0.0092,-0.009,-0.00901,-0.00918,-0.00888,-0.00938,-0.00991,-0.01041,-0.01081,-0.0103,-0.01031,-0.01009,-0.00858,-0.00789,-0.00705,-0.00616,-0.00414,-0.00338,-0.00176,-0.00143,-0.00133,-0.00049,-0.00081,-0.00025,-0.00084,-0.00036,-0.00115,-0.00065,-0.00161,-0.00107,-0.0021,-0.00142,-0.00055,-0.00135,-0.00016,0.00117,0.00068,0.00208,0.00338,0.00279,0.00379,0.00459,0.00519,0.00565,0.00606,0.00467,0.00509,0.00569,0.00645,0.00734,0.00831,0.00928,0.01144,0.01232,0.01324,0.01425,0.01535,0.01642,0.01812,0.01868,0.01848,0.01723,0.01753,0.01473,0.01106,0.01059,0.00652,0.00623,0.00279,0.00021,0.00098,-8e-05,0.00122,0.00144,0.00283,0.00381,0.00487,0.00612,0.00654,0.00765,0.00735,0.00806,0.00717,0.00611,0.00634,0.00517,0.00406,0.00412,0.00307,0.00273,0.00154,0.00026,-0.00112,-0.00263,-0.00442,-0.00633,-0.00865,-0.01085,-0.01309,-0.01533,-0.01797,-0.02006,-0.02194,-0.02356,-0.02483,-0.02525,-0.02556,-0.02545,-0.02498,-0.0242,-0.02316,-0.0219,-0.01822,-0.01649,-0.01457,-0.01245,-0.01011,-0.00757,-0.00487,-0.00207,0.00071,0.00336,0.00578,0.00791,0.00972,0.01121,0.01242,0.0134,0.01422,0.01492,0.0156,0.01631,0.0171,0.01805,0.0192,0.02058,0.02223,0.02413,0.02622,0.02706,0.02936,0.03148,0.03326,0.03462,0.0355,0.0359,0.03525,0.03495,0.03443,0.0338,0.03322,0.0327,0.03274,0.03316,0.03402,0.03599,0.03791,0.04016,0.04262,0.04569,0.04802,0.05005,0.05137,0.05234,0.05278,0.05157,0.05104,0.0502,0.04747,0.04642,0.04338,0.04265,0.04221,0.03976,0.03999,0.03805,0.03881,0.03723,0.03808,0.03653,0.03698,0.0352,0.0336,0.03322,0.03194,0.03134,0.03112,0.03211,0.03218,0.03485,0.03846,0.03925,0.04335,0.04716,0.05026,0.05,0.05156,0.05205,0.05154,0.05021,0.04836,0.04625,0.04416,0.04226,0.04066,0.03939,0.03834,0.03742,0.03646,0.0354,0.03421,0.03285,0.03147,0.03011,0.02888,0.0273,0.02629,0.02553,0.02408,0.02356,0.02315,0.02202,0.02182,0.02104,0.02114,0.02083,0.02128,0.02148,0.02221,0.02279,0.02363,0.02438,0.0251,0.02579,0.02635,0.02665,0.0269,0.02693,0.02673,0.02629,0.02569,0.02486,0.0239,0.0227,0.0213,0.01973,0.01801,0.01664,0.01485,0.01308,0.01137,0.00978,0.00836,0.00716,0.00714,0.00655,0.0063,0.00639,0.00684,0.00761,0.00866,0.00989,0.01123,0.01255,0.01375,0.01474,0.01545,0.01582,0.01583,0.014,0.01338,0.01249,0.01142,0.01028,0.00918,0.00823,0.0064,0.00608,0.00607,0.00637,0.00593,0.00675,0.00761,0.00839,0.00824,0.00868,0.00872,0.00785,0.00717,0.00579,0.00449,0.00287,0.00128,-0.00046,-0.00187,-0.00344,-0.00466,-0.00602,-0.00725,-0.00844,-0.00985,-0.01094,-0.01251,-0.01418,-0.01498,-0.01641,-0.01763,-0.01794,-0.01859,-0.01883,-0.01867,-0.01847,-0.0179,-0.01711,-0.01621,-0.01532,-0.01453,-0.01397,-0.0137,-0.01379,-0.01425,-0.01497,-0.01583,-0.01661,-0.01718,-0.0174,-0.01723,-0.01745,-0.0168,-0.01595,-0.01502,-0.01497,-0.01406,-0.01319,-0.0132,-0.01236,-0.01155,-0.01153,-0.01077,-0.0108,-0.0103,-0.01049,-0.01045,-0.01082,-0.01118,-0.01158,-0.01209,-0.01234,-0.0127,-0.01275,-0.01284,-0.01274,-0.01261,-0.01248,-0.0124,-0.01223,-0.01226,-0.01238,-0.01252,-0.01291,-0.01345,-0.01416,-0.015,-0.01595,-0.01718,-0.01825,-0.01931,-0.02033,-0.02135,-0.02207,-0.02266,-0.02313,-0.02303,-0.02313,-0.02314,-0.02307,-0.02294,-0.02276,-0.02165,-0.02132,-0.02095,-0.02055,-0.02015,-0.01977,-0.01944,-0.01918,-0.01902,-0.01716,-0.01705,-0.01703,-0.01709,-0.01719,-0.01729,-0.01738,-0.01743,-0.01744,-0.0174,-0.01729,-0.01713,-0.01692,-0.01667,-0.01643,-0.01624,-0.01613,-0.01688,-0.01725,-0.01785,-0.01866,-0.01966,-0.0208,-0.02202,-0.02325,-0.02442,-0.0267,-0.02748,-0.02804,-0.02837,-0.02847,-0.02832,-0.0281,-0.02744,-0.0266,-0.02564,-0.02473,-0.02375,-0.0228,-0.02189,-0.02178,-0.02114,-0.02054,-0.01992,-0.02036,-0.01959,-0.01867,-0.01869,-0.01747,-0.01733,-0.01609,-0.01497,-0.01557,-0.01507,-0.01681,-0.01707,-0.01764,-0.0204,-0.02118,-0.0236,-0.02397,-0.02526,-0.02491,-0.02498,-0.02449,-0.02342,-0.02263,-0.02181,-0.02134,-0.0211,-0.0211,-0.0212,-0.02121,-0.02151,-0.02118,-0.02054,-0.02056,-0.01972,-0.01906,-0.01884,-0.01929,-0.02044,-0.02153,-0.02341,-0.02548,-0.02742,-0.02897,-0.03002,-0.03058,-0.03074,-0.03067,-0.03127,-0.0312,-0.03119,-0.0313,-0.03147,-0.03213,-0.03217,-0.03201,-0.03161,-0.03169,-0.03091,-0.03077,-0.02978,-0.02874,-0.02845,-0.02742,-0.02707,-0.02608,-0.02568,-0.02474,-0.02426,-0.02335,-0.02274,-0.02184,-0.02107,-0.02022,-0.01933,-0.01846,-0.0179,-0.01725,-0.01681,-0.01661,-0.01715,-0.0175,-0.01809,-0.01939,-0.02027,-0.0212,-0.0221,-0.0229,-0.02382,-0.02422,-0.02444,-0.02447,-0.02433,-0.02404,-0.02363,-0.02312,-0.02235,-0.02168,-0.02094,-0.02015,-0.0193,-0.0184
174.375 -179.45918,-178.82859,-178.19654,-177.56318,-176.92843,-176.29266,-175.65601,-175.01866,-174.47167,-173.82722,-173.18248,-172.53743,-171.8924,-171.24759,-170.60319,-170.00845,-169.35895,-168.71012,-168.06233,-167.44055,-166.78891,-166.13887,-165.49655,-164.84363,-164.19274,-163.531,-162.87833,-162.22836,-161.54851,-160.89792,-160.25053,-159.55408,-158.90724,-158.19827,-157.5529,-156.83209,-156.18895,-155.45707,-154.81713,-154.075,-153.32415,-152.68764,-151.92787,-151.2969,-150.52925,-149.75396,-149.13011,-148.34847,-147.55999,-146.76491,-146.15278,-145.35376,-144.54906,-143.73905,-142.92407,-142.10449,-141.2807,-140.45309,-139.62207,-138.78794,-137.95129,-137.11256,-136.27219,-135.43067,-134.5884,-133.74587,-133.43501,-132.58552,-131.73703,-130.89001,-130.55261,-129.70092,-128.85191,-128.00604,-127.64397,-126.79596,-126.42239,-125.57328,-124.72941,-124.33936,-123.4963,-123.09567,-122.25456,-121.84374,-121.00577,-120.58522,-119.75159,-119.32178,-118.49372,-118.0552,-117.2339,-116.78727,-115.97391,-115.5198,-115.06037,-114.25464,-113.78854,-112.99357,-112.52157,-112.04461,-111.26122,-110.7793,-110.29267,-109.80136,-109.03261,-108.53763,-108.03828,-107.28638,-106.78446,-106.27851,-105.76862,-105.03816,-104.52711,-104.01251,-103.49445,-102.97303,-102.27122,-101.75045,-101.22676,-100.70026,-100.17107,-99.6393,-99.10508,-98.44741,-97.91636,-97.38334,-96.84848,-96.31192,-95.77381,-95.23428,-94.69347,-94.15153,-93.60862,-93.06487,-92.52044,-91.97549,-91.43017,-90.88463,-90.33903,-89.79352,-89.24825,-88.70339,-88.15908,-87.61548,-87.07274,-86.53101,-85.99043,-85.45116,-84.91333,-84.37709,-83.84258,-83.30993,-82.77927,-82.12811,-81.59432,-81.06301,-80.5343,-80.00831,-79.48516,-78.79397,-78.26984,-77.74899,-77.23153,-76.71755,-75.99668,-75.48354,-74.97428,-74.469,-73.72583,-73.22282,-72.72415,-72.22985,-71.46814,-70.97751,-70.49157,-69.71524,-69.23401,-68.75774,-67.96906,-67.49849,-67.03308,-66.23438,-65.7756,-64.96726,-64.51577,-64.06976,-63.25542,-62.81748,-61.99634,-61.56706,-60.7403,-60.32023,-59.48903,-59.07866,-58.24421,-57.84399,-57.00746,-56.1649,-55.78032,-54.93761,-54.56426,-53.7225,-52.87666,-52.52085,-51.67779,-50.83191,-49.98377,-49.65321,-48.81028,-47.96632,-47.12173,-46.81806,-45.98092,-45.14432,-44.30874,-43.47465,-42.64261,-41.81296,-40.98613,-40.16255,-39.34265,-38.52681,-37.71542,-36.90893,-36.30573,-35.50152,-34.70316,-33.91096,-33.12521,-32.50574,-31.72548,-30.95251,-30.32454,-29.5587,-28.80087,-28.16675,-27.4176,-26.77864,-26.03911,-25.30859,-24.66716,-23.94749,-23.30357,-22.59554,-21.94989,-21.30055,-20.60779,-19.95799,-19.27863,-18.62924,-17.97698,-17.31549,-16.66489,-16.01205,-15.36978,-14.71961,-14.06769,-13.44581,-12.79759,-12.14833,-11.49813,-10.90311,-10.25785,-9.61208,-8.96603,-8.31999,-7.67399,-7.12002,-6.48072,-5.84189,-5.20367,-4.56634,-3.93009,-3.29492,-2.66099,-2.02844,-1.39743,-0.76821,-0.1409,0.48447,1.10776,1.72885,2.3476,2.9639,3.5775,4.18837,4.79645,5.40164,6.00383,6.81486,7.41516,8.01207,8.60552,9.19543,9.78172,10.60587,11.18869,11.76743,12.34218,13.17377,13.74391,14.3098,15.14726,15.70765,16.26356,17.10461,17.65437,18.19946,19.04282,19.58112,20.42707,20.95799,21.80606,22.32923,23.17872,23.69375,24.54329,25.04972,25.89891,26.39643,27.24463,28.09496,28.5791,29.42685,30.27612,30.74598,31.5918,32.43826,32.89304,33.73463,34.57621,35.41761,36.25842,37.0983,37.52079,38.35363,39.18494,40.01457,40.84216,41.66745,42.49013,43.30995,43.75313,44.57324,45.38995,46.20302,47.01224,47.81735,48.27919,49.08238,49.88099,50.35153,51.14726,51.93787,52.41607,53.20286,53.98403,54.46885,55.24542,56.01594,56.50649,57.27155,57.76633,58.52542,59.02408,59.77669,60.27883,61.02452,61.52986,62.26817,62.77631,63.28747,64.01738,64.53084,65.25229,65.7677,66.28581,66.99729,67.51684,68.03891,68.73955,69.26257,69.78793,70.47687,71.00267,71.53061,72.20708,72.73497,73.26479,73.79651,74.45735,74.98838,75.52108,76.05541,76.59132,77.23236,77.7668,78.3026,78.8397,79.37804,79.91755,80.53349,81.07064,81.60876,82.14778,82.68765,83.22829,83.76965,84.31167,84.85426,85.39738,85.94095,86.48491,87.04843,87.58832,88.1284,88.6686,89.20885,89.74909,90.28926,90.82929,91.36911,91.93131,92.47516,93.0186,93.56157,94.104,94.64582,95.18697,95.72739,96.26701,96.80577,97.34361,97.88046,98.4948,99.03398,99.57197,100.10869,100.6441,101.17814,101.81745,102.35291,102.88679,103.41903,103.94957,104.60856,105.13976,105.66906,106.19641,106.87093,107.3983,107.92352,108.61046,109.13521,109.65762,110.17764,110.87763,111.39654,112.1059,112.62336,113.13811,113.85738,114.37018,114.88008,115.60834,116.11579,116.85185,117.3565,118.09992,118.6014,119.35173,119.8497,120.60647,121.10057,121.8633,122.35317,123.12137,123.89563,124.37988,125.15878,125.63785,126.42086,127.20916,127.68102,128.47256,129.2689,129.73259,130.53128,131.33429,132.14138,132.95234,133.40141,134.21298,135.02784,135.84575,136.66649,137.48992,138.31573,139.14365,139.97337,140.80467,141.6373,142.471,143.30568,143.74337,144.58388,145.42448,146.26483,147.10473,147.56808,148.41207,149.25496,149.73282,150.57851,151.42214,151.91362,152.75891,153.25949,154.1059,154.61522,155.46171,155.97943,156.82508,157.35078,158.19517,158.72853,159.57063,160.1111,160.94991,161.497,162.04874,162.88534,163.44313,164.00534,164.8376,165.40502,165.97662,166.55241,167.37918,167.95926,168.54321,169.13095,169.94866,170.5396,171.13403,171.73184,172.33296,172.93729,173.74014,174.34582,174.95443,175.56575,176.17968,176.79611,177.4149,178.03595,178.65917,179.28456,179.91183 -0.0184,-0.0178,-0.01716,-0.01647,-0.01574,-0.01496,-0.01415,-0.01333,-0.01187,-0.01125,-0.01077,-0.01043,-0.01026,-0.01027,-0.01044,-0.01082,-0.01126,-0.01172,-0.01213,-0.01221,-0.01226,-0.01214,-0.011,-0.01039,-0.00969,-0.0077,-0.00693,-0.00625,-0.00457,-0.00426,-0.00412,-0.00338,-0.00365,-0.00345,-0.004,-0.00409,-0.00482,-0.00501,-0.00585,-0.00599,-0.0059,-0.00671,-0.00624,-0.00678,-0.00585,-0.00465,-0.00487,-0.0035,-0.00218,-0.001,-0.0014,-0.00059,-3e-05,0.00029,0.00044,0.00051,0.00062,0.00087,0.00132,0.00199,0.00283,0.00377,0.00479,0.00587,0.00702,0.00825,0.01036,0.01156,0.01251,0.0129,0.01439,0.01348,0.01145,0.00838,0.00823,0.00419,0.00372,-0.00028,-0.0036,-0.00346,-0.00526,-0.00431,-0.00441,-0.00275,-0.0015,0.00047,0.00249,0.00433,0.00651,0.00778,0.00961,0.01002,0.01115,0.01071,0.0099,0.01008,0.00886,0.00867,0.00733,0.00599,0.0054,0.00395,0.00247,0.0009,-0.00051,-0.00241,-0.00443,-0.00644,-0.00873,-0.0111,-0.01346,-0.01547,-0.01764,-0.01961,-0.0213,-0.02266,-0.02218,-0.02254,-0.02248,-0.02202,-0.02122,-0.02012,-0.01881,-0.01452,-0.01287,-0.01111,-0.00922,-0.00721,-0.00506,-0.00279,-0.00045,0.00192,0.00423,0.0064,0.00836,0.01006,0.01151,0.01273,0.01377,0.01469,0.01554,0.01638,0.01724,0.01818,0.01923,0.0204,0.02172,0.02321,0.02485,0.02664,0.02852,0.0304,0.03221,0.03326,0.03475,0.03586,0.03657,0.03686,0.03677,0.03597,0.03533,0.03456,0.03377,0.03308,0.03258,0.03259,0.03299,0.03384,0.03616,0.0381,0.04033,0.04269,0.04648,0.04862,0.05038,0.05249,0.05313,0.05324,0.05284,0.05204,0.05103,0.04926,0.04823,0.04627,0.04575,0.04557,0.04419,0.04466,0.0434,0.04415,0.04271,0.04326,0.04132,0.04125,0.03871,0.03793,0.03505,0.03253,0.03131,0.02972,0.02879,0.02884,0.03027,0.03035,0.0333,0.0369,0.0406,0.0405,0.04343,0.04559,0.04688,0.04532,0.04558,0.04525,0.04452,0.04353,0.04247,0.04148,0.04063,0.03994,0.03936,0.03883,0.03822,0.03754,0.03661,0.03567,0.03471,0.03381,0.03299,0.03154,0.03084,0.03022,0.0287,0.02808,0.02737,0.02593,0.02517,0.02396,0.02329,0.02264,0.02206,0.02174,0.02167,0.02169,0.02207,0.02263,0.02299,0.02373,0.02409,0.0248,0.02544,0.02558,0.02596,0.02617,0.02602,0.02587,0.0255,0.02508,0.02431,0.02332,0.02212,0.02126,0.01979,0.01822,0.01662,0.01504,0.01353,0.01298,0.01181,0.01084,0.01011,0.00966,0.00952,0.0097,0.01021,0.01101,0.01208,0.01331,0.01463,0.01593,0.01711,0.01806,0.0187,0.01897,0.01886,0.01834,0.01747,0.01629,0.01491,0.01298,0.01157,0.01029,0.0092,0.00836,0.00778,0.00762,0.00765,0.00778,0.0079,0.00864,0.0086,0.00821,0.00835,0.00726,0.0057,0.00478,0.00262,0.00024,-0.0011,-0.00345,-0.00455,-0.0065,-0.00715,-0.00861,-0.00893,-0.01005,-0.01036,-0.01135,-0.01193,-0.01296,-0.0138,-0.0148,-0.01583,-0.01679,-0.01766,-0.01842,-0.01899,-0.01939,-0.01983,-0.01998,-0.02001,-0.01989,-0.0196,-0.01909,-0.01953,-0.01872,-0.01768,-0.01656,-0.01553,-0.01473,-0.01429,-0.01415,-0.01444,-0.01464,-0.01473,-0.01457,-0.01414,-0.01351,-0.01373,-0.01292,-0.01217,-0.01227,-0.01164,-0.01121,-0.0112,-0.0109,-0.01076,-0.01055,-0.01052,-0.01074,-0.0105,-0.0111,-0.01109,-0.0121,-0.01225,-0.01334,-0.01344,-0.01419,-0.01408,-0.01431,-0.01398,-0.01363,-0.01336,-0.01298,-0.01264,-0.01238,-0.01221,-0.01215,-0.01221,-0.01239,-0.01287,-0.01338,-0.01403,-0.01509,-0.01603,-0.01705,-0.01835,-0.01937,-0.0203,-0.02108,-0.02171,-0.02206,-0.02221,-0.02222,-0.02209,-0.02167,-0.02138,-0.02106,-0.02071,-0.02033,-0.0199,-0.01909,-0.01846,-0.01773,-0.01691,-0.01601,-0.01508,-0.01416,-0.01333,-0.01265,-0.01219,-0.01199,-0.01206,-0.01126,-0.01188,-0.01268,-0.01355,-0.0144,-0.01515,-0.01573,-0.01607,-0.01616,-0.01604,-0.01574,-0.01535,-0.01493,-0.01456,-0.01431,-0.01425,-0.01441,-0.01482,-0.01545,-0.01629,-0.01728,-0.01989,-0.02106,-0.02218,-0.02321,-0.02407,-0.02471,-0.02618,-0.02614,-0.02579,-0.02516,-0.02427,-0.02371,-0.02248,-0.0212,-0.01994,-0.01928,-0.01825,-0.01732,-0.01722,-0.01648,-0.01573,-0.01493,-0.0148,-0.01376,-0.01336,-0.01216,-0.01104,-0.0108,-0.01014,-0.00987,-0.01094,-0.01157,-0.01372,-0.015,-0.01758,-0.01887,-0.02093,-0.0216,-0.02252,-0.0224,-0.02229,-0.02168,-0.02116,-0.02072,-0.02034,-0.02045,-0.02055,-0.0212,-0.02194,-0.02236,-0.02288,-0.023,-0.02302,-0.02262,-0.02203,-0.02149,-0.02121,-0.02168,-0.02216,-0.02311,-0.02439,-0.02577,-0.02701,-0.02792,-0.02837,-0.02839,-0.02805,-0.02753,-0.02698,-0.02657,-0.02736,-0.02734,-0.0275,-0.02777,-0.02798,-0.02892,-0.02882,-0.02844,-0.02887,-0.02814,-0.02731,-0.02743,-0.0266,-0.02659,-0.02584,-0.02575,-0.0251,-0.02493,-0.02441,-0.02416,-0.02379,-0.02347,-0.02322,-0.02274,-0.02253,-0.02189,-0.02115,-0.02089,-0.02013,-0.01941,-0.01942,-0.01901,-0.01882,-0.01887,-0.0196,-0.02006,-0.02069,-0.02145,-0.02244,-0.02319,-0.02385,-0.02435,-0.02465,-0.02473,-0.0248,-0.02447,-0.02399,-0.0234,-0.02274,-0.02206,-0.02139,-0.02074,-0.02013,-0.01954,-0.01897
180.0 -179.5429,-179.06219,-178.44807,-177.83266,-177.21612,-176.59857,-175.97999,-175.36062,-174.74066,-174.12026,-173.49958,-172.87867,-172.32489,-171.69808,-171.07152,-170.4454,-169.81989,-169.23399,-168.60402,-167.97497,-167.3471,-166.73635,-166.10522,-165.47582,-164.84625,-164.21447,-163.58487,-162.93753,-162.30656,-161.67837,-161.01448,-160.38601,-159.70973,-159.08178,-158.39367,-157.76689,-157.14413,-156.44288,-155.733,-155.11125,-154.39158,-153.77345,-153.04479,-152.43124,-151.69446,-150.95023,-150.34241,-149.59139,-148.83357,-148.23344,-147.47041,-146.70132,-145.92642,-145.146,-144.56054,-143.77769,-142.99022,-142.19848,-141.4028,-140.60353,-139.80096,-138.99552,-138.18768,-137.37781,-136.56632,-135.75361,-134.94,-134.64866,-133.82771,-133.00709,-132.18717,-131.36841,-131.04512,-130.22163,-129.40035,-129.05965,-128.23517,-127.41417,-127.0567,-126.23414,-125.41617,-125.04294,-124.22513,-123.84184,-123.02522,-122.21505,-121.81784,-121.01065,-120.60444,-119.8013,-119.38653,-118.96658,-118.16567,-117.73771,-116.94346,-116.50803,-115.72157,-115.27923,-114.83197,-114.05296,-113.59959,-112.83087,-112.37203,-111.9086,-111.15095,-110.68293,-110.21056,-109.46607,-108.99001,-108.50988,-108.02569,-107.29777,-106.81113,-106.32073,-105.82667,-105.11879,-104.62359,-104.12507,-103.6233,-103.11837,-102.43708,-101.93265,-101.42546,-100.9156,-100.40318,-99.88829,-99.243,-98.73058,-98.21614,-97.69979,-97.18165,-96.66184,-96.14048,-95.6177,-95.09362,-94.56839,-94.04214,-93.51499,-92.95001,-92.42908,-91.9077,-91.386,-90.86411,-90.34217,-89.82031,-89.29867,-88.77739,-88.22509,-87.69734,-87.17038,-86.64434,-86.11935,-85.59556,-85.07309,-84.55206,-84.0326,-83.51485,-82.99891,-82.48492,-81.85062,-81.33387,-80.81951,-80.30763,-79.79833,-79.29172,-78.6204,-78.113,-77.60872,-77.10763,-76.60978,-75.91089,-75.41391,-74.92057,-74.43094,-73.71126,-73.22378,-72.74033,-72.26096,-71.52392,-71.04796,-70.57635,-69.82552,-69.35827,-68.89561,-68.13306,-67.67566,-67.22305,-66.45088,-66.00437,-65.22292,-64.78314,-64.3484,-63.56099,-63.1337,-62.33958,-61.92027,-61.12052,-60.70968,-59.90541,-59.50351,-58.69579,-58.30323,-57.49314,-57.11029,-56.29889,-55.48216,-55.11438,-54.29808,-53.94088,-53.126,-52.30758,-51.4861,-51.15165,-50.33389,-49.5142,-49.19753,-48.38307,-47.56784,-46.75225,-45.9367,-45.12167,-44.84448,-44.03775,-43.23251,-42.42917,-41.62822,-40.83,-40.0348,-39.24305,-38.45509,-37.87984,-37.0928,-36.31054,-35.53337,-34.76159,-33.99547,-33.40008,-32.63839,-31.88322,-31.27899,-30.5298,-29.78779,-29.17659,-28.44203,-27.71523,-27.0995,-26.38147,-25.76171,-25.05325,-24.4303,-23.73218,-23.10704,-22.41995,-21.79325,-21.11782,-20.49039,-19.82719,-19.19983,-18.56961,-17.92272,-17.29358,-16.66216,-16.03284,-15.4036,-14.77253,-14.16186,-13.53384,-12.90458,-12.27423,-11.6882,-11.06217,-10.43541,-9.8081,-9.18055,-8.62643,-8.0046,-7.38285,-6.7613,-6.14009,-5.51941,-4.89956,-4.28051,-3.7794,-3.16788,-2.55751,-1.94843,-1.34076,-0.73475,-0.13049,0.47199,1.07257,1.67112,2.26755,3.03522,3.63164,4.22553,4.81679,5.40533,5.99104,6.57385,7.15353,7.94285,8.52039,9.0946,9.66542,10.23281,11.03278,11.59656,12.15661,12.71288,13.51983,14.07166,14.61937,15.16302,15.97372,16.51201,17.3275,17.85997,18.38806,19.20516,19.7267,20.54658,21.06124,21.5713,22.39058,22.89319,23.71306,24.53635,25.028,25.85115,26.33446,27.1563,27.63096,28.45105,29.27302,29.73471,30.55391,31.3739,31.82182,32.63795,33.45455,34.27128,35.08778,35.51136,36.32212,37.1321,37.94114,38.74888,39.55508,40.35936,41.16162,41.96171,42.75937,43.55435,44.34643,45.13536,45.57166,46.35997,47.14466,47.92553,48.3736,49.15261,49.92727,50.69737,51.1553,51.92243,52.68461,53.14946,53.9078,54.66076,55.13156,55.87991,56.35504,57.09831,57.57754,58.31527,58.79823,59.52997,60.01632,60.74162,61.23104,61.94949,62.44163,63.15282,63.64737,64.35094,64.84757,65.34685,66.04152,66.54241,67.04579,67.73073,68.23526,68.74211,69.41653,69.92408,70.43376,71.09692,71.60685,72.11874,72.63254,73.28164,73.7951,74.31028,74.82712,75.46094,75.97687,76.49428,77.01312,77.53334,78.14788,78.66648,79.18626,79.70716,80.22914,80.75214,81.27609,81.86298,82.38437,82.90653,83.42939,83.9529,84.477,85.00163,85.52673,86.05225,86.57812,87.10428,87.63067,88.15724,88.68392,89.21064,89.73736,90.26401,90.79053,91.31685,91.84293,92.36869,92.89409,93.41905,93.94352,94.46744,94.99075,95.5134,96.03532,96.55646,97.14187,97.66553,98.18822,98.70988,99.23045,99.74988,100.26811,100.88101,101.40082,101.91924,102.43622,102.95171,103.58376,104.10013,104.61482,105.12777,105.77503,106.28829,106.79964,107.30901,107.97025,108.47935,108.98631,109.65874,110.16498,110.6689,111.35179,111.85453,112.35478,113.04735,113.54597,114.04195,114.74336,115.23726,115.94628,116.43776,117.154,117.64275,118.12846,118.8515,119.33404,120.06329,120.79878,121.27735,122.01836,122.49288,123.23897,123.70913,124.45982,125.21589,125.68012,126.44003,126.89906,127.66234,128.43031,129.20281,129.65252,130.42719,131.20589,131.98846,132.42708,133.21065,133.99756,134.78768,135.58075,136.37654,137.17478,137.97531,138.77791,139.58233,140.38842,141.19596,142.00463,142.8141,143.62417,144.43461,144.86685,145.68232,146.49765,147.31245,147.76371,148.582,149.39905,149.86385,150.68359,151.50154,151.97914,152.79854,153.28461,154.10463,154.92171,155.41916,156.23601,156.74106,157.55673,158.069,158.58585,159.40187,159.92554,160.73884,161.26881,161.80312,162.61407,163.15404,163.69818,164.50559,165.05487,165.60811,166.40995,166.96747,167.5287,168.09371,168.88852,169.45688,170.02864,170.60371,171.18205,171.96568,172.54614,173.12953,173.71576,174.30474,174.89638,175.49058,176.08734,176.68652,177.28796,177.89155,178.64443,179.2469,179.8512 -0.0211,-0.01999,-0.01962,-0.01923,-0.01877,-0.0182,-0.01753,-0.01673,-0.01583,-0.01487,-0.01388,-0.01293,-0.0115,-0.01091,-0.01053,-0.01037,-0.01046,-0.01082,-0.01132,-0.01195,-0.01261,-0.01309,-0.01349,-0.01378,-0.01313,-0.0129,-0.01254,-0.01075,-0.01012,-0.00948,-0.00758,-0.00706,-0.00571,-0.00547,-0.00486,-0.00489,-0.0049,-0.00514,-0.00565,-0.00598,-0.00673,-0.0071,-0.00784,-0.00812,-0.00856,-0.00859,-0.00861,-0.00812,-0.00729,-0.00715,-0.00609,-0.00496,-0.0039,-0.00299,-0.003,-0.0024,-0.00207,-0.00198,-0.00205,-0.00219,-0.00227,-0.0022,-0.00191,-0.00138,-0.00065,0.00027,0.00133,0.0027,0.00391,0.00514,0.00621,0.00686,0.00828,0.008,0.00674,0.00743,0.00477,0.00139,0.00122,-0.00258,-0.00602,-0.00623,-0.00863,-0.00836,-0.00924,-0.00906,-0.00762,-0.00617,-0.00407,-0.00173,0.00073,0.00313,0.00585,0.0079,0.01022,0.01146,0.01294,0.01317,0.01289,0.01308,0.01214,0.01175,0.01044,0.00903,0.00822,0.00669,0.0051,0.00392,0.00214,0.00025,-0.00177,-0.00344,-0.00566,-0.00795,-0.01028,-0.01169,-0.01375,-0.01564,-0.0173,-0.01864,-0.01746,-0.01784,-0.01783,-0.01744,-0.0167,-0.01568,-0.01124,-0.00984,-0.00837,-0.00684,-0.00528,-0.00369,-0.00206,-0.0004,0.00129,0.00298,0.00467,0.0063,0.00802,0.00912,0.01014,0.0111,0.01203,0.01299,0.014,0.01511,0.01634,0.01776,0.01904,0.02041,0.02187,0.02341,0.02503,0.02669,0.02838,0.03008,0.03173,0.03327,0.03465,0.03555,0.0365,0.03714,0.03744,0.03742,0.0371,0.03613,0.03535,0.03448,0.0336,0.03282,0.03224,0.03216,0.03245,0.03315,0.03553,0.03727,0.03923,0.04126,0.04532,0.0471,0.04848,0.05115,0.05146,0.05131,0.05172,0.05083,0.04985,0.04915,0.04838,0.04763,0.04752,0.04783,0.04756,0.0484,0.04788,0.04871,0.04746,0.04776,0.04558,0.04508,0.04203,0.04078,0.03723,0.03554,0.03216,0.02945,0.0281,0.02683,0.02607,0.02652,0.02817,0.03069,0.03062,0.03339,0.03606,0.03523,0.0372,0.03871,0.03977,0.04045,0.04077,0.03948,0.03976,0.03986,0.03985,0.03975,0.03959,0.03943,0.03921,0.03896,0.03876,0.03835,0.03791,0.03748,0.0371,0.03678,0.03575,0.03539,0.03499,0.03358,0.03289,0.03197,0.03028,0.02907,0.0277,0.02613,0.02481,0.02362,0.02261,0.02192,0.02136,0.02118,0.02111,0.02136,0.02172,0.02225,0.02295,0.02358,0.02421,0.02509,0.02559,0.02599,0.02685,0.02695,0.02687,0.02739,0.02684,0.02607,0.02508,0.02464,0.02324,0.02175,0.0202,0.01866,0.01776,0.01641,0.01521,0.01419,0.01337,0.01278,0.01241,0.0123,0.0131,0.01344,0.01399,0.01472,0.01558,0.01651,0.01743,0.01826,0.01892,0.01932,0.01942,0.01945,0.01887,0.01794,0.01673,0.0153,0.01375,0.01215,0.01059,0.00922,0.00797,0.00688,0.00594,0.00509,0.00533,0.00474,0.00406,0.00323,0.00394,0.00275,0.00126,-0.00047,-0.00073,-0.00288,-0.0037,-0.00598,-0.00809,-0.00903,-0.01075,-0.01135,-0.01254,-0.01341,-0.01346,-0.01408,-0.01405,-0.01411,-0.01488,-0.01528,-0.01625,-0.0169,-0.01794,-0.0186,-0.01918,-0.01987,-0.02014,-0.0203,-0.02034,-0.02036,-0.02047,-0.0207,-0.02104,-0.02092,-0.02131,-0.02145,-0.02118,-0.0204,-0.01917,-0.01767,-0.01612,-0.01479,-0.01376,-0.01304,-0.01255,-0.01213,-0.01228,-0.01179,-0.01119,-0.01056,-0.01068,-0.01021,-0.01002,-0.01019,-0.01053,-0.0111,-0.01196,-0.01211,-0.01302,-0.01398,-0.01371,-0.01458,-0.01418,-0.0151,-0.01476,-0.01572,-0.01548,-0.01623,-0.016,-0.01628,-0.01594,-0.0157,-0.01523,-0.01464,-0.01413,-0.01345,-0.01302,-0.01266,-0.01224,-0.0121,-0.01207,-0.01212,-0.01237,-0.01274,-0.01326,-0.0139,-0.01465,-0.01549,-0.01644,-0.01746,-0.01849,-0.01927,-0.02014,-0.02086,-0.02138,-0.02152,-0.02172,-0.02177,-0.02169,-0.02151,-0.02135,-0.02104,-0.02065,-0.02018,-0.01961,-0.01892,-0.01812,-0.01722,-0.01613,-0.01494,-0.01369,-0.01245,-0.01131,-0.01035,-0.00968,-0.00937,-0.00945,-0.00994,-0.01076,-0.01183,-0.01301,-0.01417,-0.01518,-0.01594,-0.01638,-0.01648,-0.01622,-0.0157,-0.01497,-0.01415,-0.01334,-0.01263,-0.01213,-0.01187,-0.01188,-0.01216,-0.01321,-0.01398,-0.01489,-0.0159,-0.01694,-0.01796,-0.01889,-0.0208,-0.02137,-0.02168,-0.0217,-0.02143,-0.02184,-0.02101,-0.02002,-0.01894,-0.01839,-0.01725,-0.0162,-0.01523,-0.01481,-0.01401,-0.01327,-0.01303,-0.01226,-0.01146,-0.01104,-0.01016,-0.00935,-0.00892,-0.00844,-0.00831,-0.00871,-0.00937,-0.01069,-0.0121,-0.01412,-0.0158,-0.01739,-0.01919,-0.02022,-0.02118,-0.02159,-0.0215,-0.02114,-0.02071,-0.02013,-0.01978,-0.01953,-0.01967,-0.01977,-0.02039,-0.02056,-0.02128,-0.02189,-0.02226,-0.02189,-0.02191,-0.02184,-0.0218,-0.02156,-0.02194,-0.02256,-0.02339,-0.02432,-0.0252,-0.02586,-0.02621,-0.02617,-0.02573,-0.02495,-0.02395,-0.02287,-0.02187,-0.02111,-0.02065,-0.02181,-0.02184,-0.02202,-0.02218,-0.02353,-0.02346,-0.02321,-0.02415,-0.02369,-0.02326,-0.02389,-0.02354,-0.02401,-0.02375,-0.02363,-0.0239,-0.02386,-0.02402,-0.02409,-0.02418,-0.02421,-0.02438,-0.0243,-0.02443,-0.02417,-0.02378,-0.02358,-0.02299,-0.02232,-0.0219,-0.02124,-0.02066,-0.02032,-0.02004,-0.01997,-0.02013,-0.02041,-0.02102,-0.02178,-0.02267,-0.02357,-0.0246,-0.02539,-0.02597,-0.02627,-0.02628,-0.02603,-0.02555,-0.02489,-0.02415,-0.02337,-0.02261,-0.0227,-0.02206,-0.02153
185.625 -179.7558,-179.16509,-178.57306,-177.97985,-177.38559,-176.79039,-176.19438,-175.59752,-175.08658,-174.48327,-173.87962,-173.27579,-172.67192,-172.06808,-171.46437,-170.91088,-170.30227,-169.69431,-169.08715,-168.50942,-167.8984,-167.2885,-166.67993,-166.07938,-165.46808,-164.85864,-164.24084,-163.62949,-163.02045,-162.38639,-161.77637,-161.16918,-160.52001,-159.9129,-159.25242,-158.6461,-157.97482,-157.36991,-156.6884,-156.08578,-155.39467,-154.79511,-154.09508,-153.4991,-152.79089,-152.07549,-151.48399,-150.7616,-150.03255,-149.44729,-148.71248,-147.97163,-147.39479,-146.64972,-145.89932,-145.14382,-144.38339,-143.6184,-143.05987,-142.29396,-141.52439,-140.75144,-139.97536,-139.1967,-138.41573,-137.63281,-136.8483,-136.06255,-135.78808,-134.9948,-134.20111,-133.40762,-132.61464,-132.30978,-131.5115,-130.71472,-129.91979,-129.59239,-128.79413,-127.99891,-127.65564,-126.85853,-126.06545,-125.70718,-124.91374,-124.54595,-123.7531,-122.96603,-122.58476,-121.79989,-121.40997,-120.62828,-120.23007,-119.45254,-119.04646,-118.27413,-117.86056,-117.44233,-116.67391,-116.24875,-115.48793,-115.05646,-114.30411,-113.86685,-113.42521,-112.68148,-112.23479,-111.78386,-111.05069,-110.59552,-110.13632,-109.41571,-108.95307,-108.48661,-108.01642,-107.31139,-106.83891,-106.36295,-105.88356,-105.1972,-104.7167,-104.2331,-103.74645,-103.25683,-102.59521,-102.10597,-101.61412,-101.11975,-100.62295,-100.12381,-99.49555,-98.99856,-98.49963,-97.99885,-97.49634,-96.9922,-96.48654,-95.97947,-95.4711,-94.96157,-94.39503,-93.89053,-93.38526,-92.87934,-92.37289,-91.86602,-91.35887,-90.85155,-90.34418,-89.83689,-89.3298,-88.82304,-88.31672,-87.81096,-87.30589,-86.75083,-86.24049,-85.73124,-85.22319,-84.71647,-84.21118,-83.70744,-83.20536,-82.70505,-82.20662,-81.71016,-81.08775,-80.58917,-80.09295,-79.59919,-79.10797,-78.61939,-77.96389,-77.47496,-76.98902,-76.50614,-75.8283,-75.34633,-74.86771,-74.39253,-73.92085,-73.22216,-72.75283,-72.28721,-71.57365,-71.11125,-70.65292,-69.92629,-69.47197,-69.02189,-68.28414,-67.83892,-67.39811,-66.65116,-66.21596,-65.7853,-65.0311,-64.60675,-63.845,-63.42749,-62.65916,-62.24899,-61.47501,-61.07269,-60.29409,-59.89998,-59.11778,-58.73228,-57.94746,-57.57091,-56.78445,-56.41712,-55.62997,-54.83809,-54.48521,-53.6942,-52.89953,-52.56201,-51.76973,-50.97476,-50.65338,-49.86224,-49.06949,-48.27555,-47.97714,-47.18891,-46.40057,-45.61236,-44.82472,-44.03806,-43.25278,-42.46924,-41.68799,-40.90916,-40.13314,-39.3603,-38.59098,-37.82549,-37.06414,-36.30728,-35.55516,-34.9855,-34.23627,-33.49253,-32.75451,-32.17341,-31.44044,-30.71385,-30.12529,-29.40503,-28.69173,-28.09775,-27.39209,-26.69386,-26.09649,-25.40695,-24.80625,-24.12611,-23.52301,-22.85293,-22.24813,-21.58866,-20.98282,-20.37372,-19.72834,-19.11938,-18.48593,-17.87761,-17.26689,-16.64949,-16.04044,-15.42952,-14.82919,-14.22079,-13.6109,-12.99975,-12.42206,-11.81467,-11.20639,-10.59735,-10.04375,-9.43942,-8.83491,-8.23028,-7.6256,-7.02101,-6.41665,-5.90545,-5.30749,-4.71027,-4.1138,-3.51818,-2.92355,-2.33003,-1.73785,-1.14711,-0.55784,0.02985,0.61584,1.20003,1.78231,2.36241,2.94041,3.51621,4.0897,4.66081,5.41407,5.98414,6.55149,7.11604,7.67771,8.23644,8.79215,9.56049,10.11343,10.66309,11.20941,11.98595,12.52868,13.06784,13.60333,14.38526,14.91621,15.44334,16.22972,16.75177,17.26984,18.05873,18.57101,19.36328,19.86948,20.37147,21.16412,21.65944,22.45343,22.9418,23.73679,24.21791,25.01315,25.81096,26.28115,27.07812,27.54028,28.33588,29.1331,29.58305,30.37758,31.17329,31.6104,32.4027,33.19542,33.98816,34.4072,35.19521,35.98297,36.77011,37.55636,38.34138,39.12511,39.90742,40.68799,41.46659,42.24298,43.0169,43.7883,44.55699,45.32273,46.08533,46.5115,47.27311,48.03106,48.78526,49.22196,49.97414,50.72207,51.46562,51.91122,52.65164,53.10217,53.83903,54.57085,55.02714,55.75466,56.21515,56.93794,57.65511,58.11995,58.83173,59.29995,60.00598,60.47731,61.17717,61.65128,62.12821,62.82119,63.30049,63.98637,64.46773,65.14619,65.6293,66.11489,66.78461,67.27153,67.76074,68.421,68.91112,69.40338,70.05345,70.54621,71.04093,71.68017,72.17497,72.67157,73.16992,73.79563,74.29353,74.79303,75.29405,75.79656,76.40519,76.9066,77.40931,77.91329,78.41847,79.00837,79.51181,80.01629,80.52175,81.02813,81.53539,82.04347,82.55232,83.11214,83.61828,84.12501,84.63227,85.14003,85.64821,86.15678,86.66566,87.17481,87.68417,88.19369,88.70331,89.21298,89.72263,90.23223,90.7417,91.251,91.76007,92.26886,92.7773,93.28536,93.79296,94.30006,94.80661,95.31254,95.87096,96.37957,96.8874,97.39439,97.90048,98.40564,98.9098,99.41291,100.00124,100.50605,101.00964,101.51196,102.01295,102.6199,103.12196,103.62253,104.12155,104.61898,105.2429,105.74075,106.23684,106.73112,107.36849,107.86267,108.35486,109.00301,109.49469,109.98423,110.64249,111.1311,111.61741,112.28509,112.77005,113.25255,113.92893,114.40966,115.09343,115.5721,116.04806,116.73923,117.21269,117.91037,118.38104,119.08488,119.55246,120.26206,120.72626,121.44122,121.90174,122.62165,123.34695,123.80263,124.53223,124.98347,125.71694,126.45517,126.90021,127.64157,128.38732,128.82539,129.57352,130.32562,131.08153,131.50964,132.2669,133.02751,133.79124,134.55795,135.32747,135.7382,136.50723,137.27856,138.05206,138.82744,139.60443,140.38284,141.1625,141.56099,142.34661,143.13301,143.91996,144.70715,145.49421,145.92107,146.71228,147.50288,148.29284,148.73711,149.52995,150.32122,150.77784,151.57093,152.03573,152.83028,153.62237,154.09837,154.89066,155.37409,156.16581,156.65639,157.44732,157.94478,158.7339,159.23783,159.74593,160.53425,161.04834,161.8335,162.3532,162.87683,163.65886,164.18743,164.71977,165.49732,166.03412,166.57449,167.11838,167.88998,168.43731,168.98795,169.54194,170.09911,170.86162,171.42108,171.98344,172.54861,173.11657,173.68729,174.2606,175.0063,175.58012,176.15618,176.73447,177.31489,177.89726,178.48149,179.06746,179.65506 -0.02415,-0.02359,-0.02314,-0.02276,-0.02242,-0.02205,-0.02161,-0.02106,-0.01959,-0.01874,-0.01778,-0.01676,-0.01573,-0.01478,-0.01396,-0.01233,-0.01199,-0.01193,-0.01217,-0.01195,-0.01269,-0.01357,-0.01454,-0.01484,-0.01564,-0.0163,-0.01583,-0.01597,-0.01588,-0.01425,-0.01368,-0.01296,-0.01074,-0.00984,-0.00785,-0.007,-0.00564,-0.00495,-0.00436,-0.00384,-0.00398,-0.00363,-0.00438,-0.00417,-0.00532,-0.00651,-0.00648,-0.00752,-0.0082,-0.00814,-0.00832,-0.00804,-0.00782,-0.00706,-0.00606,-0.00493,-0.00383,-0.00285,-0.00221,-0.00149,-0.00107,-0.00093,-0.001,-0.00118,-0.00133,-0.00135,-0.00115,-0.00069,-0.00075,0.00011,0.00111,0.00214,0.00307,0.00364,0.00415,0.00403,0.00308,0.00334,0.00124,-0.0016,-0.00177,-0.00508,-0.00822,-0.0084,-0.01081,-0.01077,-0.01205,-0.0124,-0.01169,-0.01099,-0.00974,-0.00818,-0.00629,-0.00404,-0.00156,0.00118,0.00393,0.00655,0.00916,0.01117,0.01296,0.01396,0.0147,0.01472,0.01427,0.01382,0.01281,0.01159,0.01059,0.00918,0.00767,0.00642,0.00477,0.00302,0.00115,-0.00032,-0.00231,-0.00437,-0.00647,-0.0075,-0.0093,-0.01096,-0.01241,-0.0136,-0.01208,-0.01238,-0.01234,-0.01198,-0.01131,-0.01039,-0.00603,-0.0048,-0.00352,-0.00226,-0.00103,0.00015,0.00127,0.00235,0.00337,0.00433,0.00597,0.00652,0.00706,0.00761,0.00818,0.00881,0.00952,0.01035,0.01133,0.01251,0.01388,0.01544,0.01716,0.019,0.02092,0.02266,0.02445,0.02622,0.02796,0.02963,0.03121,0.0327,0.03407,0.03531,0.03637,0.03724,0.03761,0.03798,0.0381,0.03794,0.03751,0.03687,0.03542,0.03446,0.03348,0.03259,0.0318,0.03155,0.03163,0.03207,0.03283,0.03555,0.03706,0.03858,0.04252,0.04382,0.04475,0.04773,0.04778,0.04749,0.0487,0.04792,0.04719,0.04766,0.04738,0.04752,0.0484,0.04932,0.0502,0.05148,0.05169,0.05266,0.05164,0.05178,0.04938,0.04858,0.04512,0.04354,0.03953,0.03757,0.03362,0.03168,0.02845,0.02613,0.02493,0.02415,0.02448,0.024,0.02538,0.02726,0.02666,0.0285,0.03025,0.03184,0.03063,0.03201,0.0333,0.03452,0.03562,0.03656,0.03729,0.03782,0.03808,0.03819,0.03819,0.03813,0.03805,0.03799,0.03798,0.03804,0.03816,0.03823,0.03832,0.03837,0.03831,0.03757,0.03704,0.03616,0.03465,0.03323,0.03155,0.02971,0.02792,0.0262,0.02473,0.02347,0.0225,0.02191,0.02147,0.02164,0.02168,0.02253,0.02291,0.0234,0.02488,0.02547,0.02722,0.02776,0.02825,0.02991,0.0301,0.03011,0.03107,0.03053,0.02974,0.0287,0.02807,0.02653,0.02488,0.02319,0.02161,0.01999,0.01853,0.01724,0.01617,0.01531,0.01466,0.01435,0.01415,0.01411,0.01422,0.01447,0.01483,0.01529,0.0158,0.01635,0.01688,0.01735,0.01769,0.01788,0.01788,0.01766,0.01721,0.01654,0.01566,0.01461,0.01349,0.01205,0.01055,0.00899,0.0074,0.0058,0.0042,0.00306,0.00164,0.00023,-0.00117,-0.00135,-0.00267,-0.004,-0.00534,-0.00531,-0.00669,-0.00795,-0.00833,-0.00956,-0.01059,-0.01134,-0.01211,-0.01292,-0.0134,-0.01364,-0.01427,-0.01436,-0.01489,-0.01505,-0.01566,-0.01603,-0.01684,-0.01765,-0.01835,-0.01918,-0.0197,-0.02019,-0.02037,-0.02005,-0.01962,-0.01896,-0.01765,-0.01688,-0.01637,-0.01625,-0.01477,-0.01523,-0.016,-0.01679,-0.01735,-0.01745,-0.01701,-0.01611,-0.01492,-0.01372,-0.01265,-0.01183,-0.01123,-0.01076,-0.01031,-0.00979,-0.00978,-0.00915,-0.00858,-0.00823,-0.0085,-0.00877,-0.00952,-0.0107,-0.01164,-0.01322,-0.01406,-0.01564,-0.01712,-0.01746,-0.01857,-0.01852,-0.01925,-0.01967,-0.01924,-0.01916,-0.01862,-0.01809,-0.01752,-0.0167,-0.01616,-0.01565,-0.01477,-0.01429,-0.01349,-0.01308,-0.01244,-0.01213,-0.01189,-0.01159,-0.01158,-0.01168,-0.01181,-0.01214,-0.01256,-0.01296,-0.01353,-0.0142,-0.01467,-0.01547,-0.01633,-0.01726,-0.01774,-0.01864,-0.01946,-0.02017,-0.02075,-0.02095,-0.02133,-0.02157,-0.02166,-0.02161,-0.02145,-0.02114,-0.02069,-0.02011,-0.01939,-0.01856,-0.01763,-0.0166,-0.01581,-0.01481,-0.01385,-0.01297,-0.01226,-0.01176,-0.01154,-0.01163,-0.01203,-0.0127,-0.01356,-0.01449,-0.01538,-0.0161,-0.01657,-0.01671,-0.01652,-0.01602,-0.01528,-0.0144,-0.01351,-0.01269,-0.01206,-0.01167,-0.01156,-0.01161,-0.01194,-0.01249,-0.01318,-0.01396,-0.01476,-0.01555,-0.01626,-0.017,-0.01756,-0.01794,-0.01812,-0.01809,-0.01862,-0.01823,-0.01769,-0.01703,-0.01631,-0.01612,-0.01529,-0.0145,-0.01376,-0.01333,-0.01261,-0.0119,-0.01142,-0.01066,-0.00988,-0.00944,-0.00868,-0.00801,-0.00787,-0.00756,-0.00754,-0.00814,-0.0088,-0.01004,-0.01135,-0.01288,-0.01473,-0.01633,-0.018,-0.01921,-0.02031,-0.02089,-0.02131,-0.02132,-0.02117,-0.02086,-0.02041,-0.0199,-0.01955,-0.01919,-0.01893,-0.01883,-0.01894,-0.01866,-0.01886,-0.01908,-0.0185,-0.01859,-0.01866,-0.01878,-0.01815,-0.01853,-0.01911,-0.01986,-0.02069,-0.02151,-0.02119,-0.0218,-0.02217,-0.02227,-0.02207,-0.02152,-0.02063,-0.01944,-0.01935,-0.01796,-0.01666,-0.0156,-0.01488,-0.01452,-0.01549,-0.01556,-0.0157,-0.01583,-0.01703,-0.01703,-0.01703,-0.01815,-0.01824,-0.01933,-0.01957,-0.01997,-0.02092,-0.02137,-0.02211,-0.02255,-0.0231,-0.02353,-0.02394,-0.02435,-0.02463,-0.02483,-0.02503,-0.02503,-0.02492,-0.02468,-0.02432,-0.02368,-0.02309,-0.02244,-0.02143,-0.02074,-0.02013,-0.01963,-0.01879,-0.01871,-0.0189,-0.01939,-0.02017,-0.02081,-0.02212,-0.02354,-0.02496,-0.02626,-0.02732,-0.02808,-0.02909,-0.02931,-0.02918,-0.02875,-0.0281,-0.0273,-0.02645,-0.0256,-0.02482
191.25 -179.96559,-179.39083,-178.81483,-178.23766,-177.65935,-177.08014,-176.50015,-175.91949,-175.3383,-174.75658,-174.17449,-173.59222,-173.07268,-172.48509,-171.89768,-171.31058,-170.72382,-170.17574,-169.58468,-168.99445,-168.40521,-167.81707,-167.24229,-166.65108,-166.06134,-165.47001,-164.87801,-164.288,-163.68088,-163.08944,-162.5004,-161.87842,-161.28877,-160.65577,-160.06625,-159.47994,-158.83388,-158.24861,-157.5927,-157.00905,-156.34384,-155.76269,-155.08878,-154.51079,-153.82875,-153.13985,-152.56494,-151.86897,-151.16655,-150.59691,-149.88853,-149.17419,-148.6112,-147.89213,-147.16772,-146.43817,-145.88605,-145.15353,-144.41653,-143.67539,-142.93039,-142.18172,-141.42968,-140.90164,-140.15028,-139.39657,-138.64068,-137.88293,-137.62929,-136.86354,-136.0967,-135.32904,-134.56103,-133.79309,-133.02552,-132.73065,-131.95792,-131.18644,-130.41657,-130.10053,-129.32725,-128.55666,-128.22568,-127.45296,-126.68379,-126.33861,-125.5687,-124.80337,-124.44474,-123.68016,-123.31303,-122.55,-122.17463,-121.41404,-121.03072,-120.27347,-119.88253,-119.12953,-118.73135,-117.98365,-117.57856,-116.83695,-116.42547,-116.00977,-115.2734,-114.85186,-114.12371,-113.69685,-113.26596,-112.54609,-112.11055,-111.67112,-110.96146,-110.51802,-110.07089,-109.37313,-108.92284,-108.46905,-108.01177,-107.32857,-106.86916,-106.40652,-105.94069,-105.27496,-104.80806,-104.33825,-103.86561,-103.22011,-102.74746,-102.27231,-101.79471,-101.31473,-100.83245,-100.21685,-99.73618,-99.25357,-98.76909,-98.28284,-97.79491,-97.30541,-96.81442,-96.32205,-95.75648,-95.26812,-94.77873,-94.28844,-93.79733,-93.30553,-92.81314,-92.32027,-91.82702,-91.33351,-90.83986,-90.34616,-89.85254,-89.3591,-88.86596,-88.37322,-87.881,-87.3894,-86.89853,-86.40851,-85.91942,-85.36417,-84.87088,-84.3789,-83.88834,-83.39929,-82.91185,-82.42611,-81.94218,-81.46015,-80.85383,-80.36994,-79.88829,-79.40896,-78.93204,-78.45759,-77.82067,-77.34598,-76.87409,-76.40507,-75.93896,-75.27923,-74.81422,-74.35241,-73.89384,-73.21677,-72.76036,-72.30744,-71.61637,-71.16648,-70.72024,-70.01679,-69.57437,-69.13584,-68.42174,-67.9877,-67.55775,-66.83481,-66.41,-65.98935,-65.2594,-64.84456,-64.10728,-63.69873,-62.95501,-62.5532,-62.15575,-61.40928,-61.01903,-60.26828,-59.8856,-59.13143,-58.37082,-57.99995,-57.23743,-56.87505,-56.11149,-55.75783,-54.99407,-54.2261,-53.88619,-53.11945,-52.34947,-52.02405,-51.25665,-50.48687,-50.17663,-49.4107,-48.6434,-47.87513,-47.10625,-46.82361,-46.06075,-45.29829,-44.5363,-43.77528,-43.01559,-42.25758,-41.50156,-40.74803,-39.99708,-39.24902,-38.5042,-37.76291,-37.02543,-36.292,-35.74591,-35.01467,-34.28823,-33.56681,-33.00844,-32.29108,-31.57945,-30.87364,-30.30706,-29.60695,-28.91317,-28.34099,-27.6541,-27.07771,-26.39846,-25.81819,-25.14722,-24.56385,-23.9018,-23.31634,-22.66377,-22.07661,-21.43405,-20.84587,-20.21378,-19.62541,-19.00417,-18.41615,-17.82556,-17.21899,-16.62962,-16.03826,-15.44729,-14.85801,-14.26705,-13.67465,-13.10444,-12.51522,-11.92498,-11.33378,-10.78571,-10.19861,-9.61104,-9.02315,-8.43501,-7.91532,-7.33238,-6.74952,-6.1669,-5.58476,-5.00312,-4.42206,-3.8417,-3.26218,-2.68369,-2.10636,-1.53019,-0.95532,-0.38183,0.19017,0.76052,1.32905,1.89579,2.46064,3.02352,3.58433,4.14298,4.6994,5.25337,5.80495,6.35405,7.08872,7.63634,8.18124,8.72321,9.26229,9.79845,10.54453,11.07784,11.60801,12.13502,12.88806,13.41125,13.93103,14.68958,15.20511,15.71706,16.47948,16.98644,17.48969,18.25471,18.75259,19.24665,20.01293,20.50102,21.26937,21.75124,22.52134,22.99671,23.76761,24.23609,25.00711,25.46849,26.23933,27.01264,27.46333,28.235,28.67795,29.44777,30.21915,30.65036,31.41893,32.18805,32.95775,33.37241,34.13829,34.90416,35.66975,36.43475,37.19915,37.96276,38.3457,39.10333,39.85959,40.61416,41.36694,42.11789,42.51411,43.26584,44.01512,44.7617,45.50543,46.24627,46.984,47.39972,48.13624,48.86918,49.5984,50.02361,50.75063,51.47354,51.90556,52.62555,53.34105,53.779,54.49091,54.93316,55.64106,56.34395,56.79093,57.48919,57.93975,58.633,59.08686,59.77473,60.23159,60.91372,61.37332,62.04937,62.51145,63.18108,63.64531,64.11207,64.77432,65.24285,65.89788,66.36791,66.8402,67.48669,67.96009,68.43564,69.07291,69.54918,70.02742,70.65486,71.13343,71.61382,72.09599,72.71117,73.19318,73.6768,74.162,74.76388,75.24842,75.73439,76.22172,76.71037,77.29552,77.78293,78.2715,78.76119,79.25195,79.74372,80.30782,80.79765,81.28834,81.77983,82.27207,82.76502,83.25863,83.75284,84.24762,84.77875,85.27059,85.76282,86.2554,86.74827,87.24139,87.7347,88.22815,88.7217,89.2153,89.70888,90.2024,90.69582,91.18907,91.68212,92.1749,92.66737,93.15947,93.65117,94.18097,94.67557,95.16959,95.66299,96.15572,96.64773,97.13896,97.62938,98.11892,98.68151,99.17297,99.66339,100.15273,100.64095,101.12799,101.7115,102.19976,102.68669,103.17223,103.65635,104.25649,104.74123,105.22439,105.70591,106.31928,106.80094,107.28082,107.75888,108.38442,108.86212,109.33784,109.97317,110.44815,110.92101,111.56549,112.03722,112.50665,113.15965,113.62758,114.28776,114.75391,115.21752,115.88505,116.3465,117.02042,117.47942,118.15941,118.61568,119.3014,119.75466,120.44574,120.89571,121.59179,122.03821,122.7389,123.18143,123.88634,124.59608,125.03348,125.74681,126.17964,126.89614,127.6169,128.04338,128.76663,129.49379,130.22469,130.6421,131.37446,132.11015,132.84899,133.59085,133.99518,134.73722,135.48188,136.22892,136.97808,137.72923,138.48219,139.23678,139.99279,140.75013,141.50854,142.26773,143.02746,143.42766,144.19225,144.95693,145.72159,146.48596,146.90768,147.67543,148.44216,148.87604,149.64535,150.4133,150.8588,151.62851,152.39599,152.85238,153.62049,154.08412,154.85257,155.32325,156.0913,156.56869,157.33551,157.81929,158.58436,159.07432,159.83718,160.3329,160.83242,161.59365,162.09841,162.60685,163.36544,163.87874,164.39558,165.14989,165.67088,166.19521,166.94389,167.4719,168.00308,168.53737,169.27869,169.81565,170.35557,170.89838,171.44396,171.99224,172.7217,173.27135,173.82339,174.37793,174.93473,175.49373,176.05482,176.61794,177.18298,177.74985,178.31858,178.88901,179.46099 -0.02657,-0.02575,-0.025,-0.02435,-0.02378,-0.02328,-0.02281,-0.02234,-0.02184,-0.02129,-0.0207,-0.02009,-0.01914,-0.0184,-0.01773,-0.01717,-0.01679,-0.01541,-0.01538,-0.01559,-0.01601,-0.01662,-0.01628,-0.01717,-0.01806,-0.01806,-0.01883,-0.0194,-0.01896,-0.01905,-0.01885,-0.01745,-0.01671,-0.01463,-0.01348,-0.01217,-0.00976,-0.00839,-0.00626,-0.005,-0.00346,-0.0024,-0.0016,-0.00079,-0.0008,-0.00136,-0.0011,-0.00234,-0.00383,-0.00404,-0.0056,-0.00689,-0.00717,-0.00788,-0.00802,-0.00759,-0.00719,-0.00608,-0.00467,-0.00315,-0.00168,-0.0004,0.00058,0.0017,0.0023,0.00259,0.00262,0.00253,0.00139,0.00136,0.00154,0.00196,0.00259,0.00334,0.00405,0.00365,0.00404,0.00389,0.00303,0.00232,0.0004,-0.00226,-0.00319,-0.00635,-0.00947,-0.01009,-0.01249,-0.01407,-0.01395,-0.01437,-0.01392,-0.01345,-0.01278,-0.01177,-0.01083,-0.00942,-0.00798,-0.0061,-0.00397,-0.00149,0.0012,0.00396,0.00673,0.00928,0.01133,0.01304,0.01405,0.01471,0.01489,0.01447,0.01392,0.01308,0.01196,0.01081,0.00953,0.00812,0.0067,0.00519,0.00359,0.00207,0.00042,-0.00129,-0.00302,-0.00398,-0.00539,-0.00667,-0.00778,-0.00684,-0.00718,-0.00725,-0.00707,-0.00663,-0.00596,-0.00221,-0.00117,-0.0001,0.00096,0.00196,0.00287,0.00368,0.00439,0.00498,0.00644,0.00654,0.00656,0.00652,0.00646,0.00643,0.00647,0.00664,0.00698,0.00753,0.00833,0.0094,0.01077,0.0124,0.01428,0.01634,0.01852,0.02076,0.023,0.02517,0.02723,0.02884,0.03057,0.03215,0.03359,0.0349,0.03608,0.03712,0.03802,0.03876,0.0388,0.03907,0.03906,0.0388,0.03827,0.0375,0.03574,0.03465,0.03354,0.0325,0.0316,0.0309,0.03072,0.03081,0.03114,0.03322,0.03414,0.03503,0.03846,0.03921,0.03967,0.04275,0.0426,0.04226,0.04425,0.04375,0.04343,0.04516,0.04548,0.04626,0.04854,0.05007,0.05218,0.0539,0.05494,0.05608,0.05684,0.05544,0.05502,0.05191,0.05045,0.04628,0.04189,0.03967,0.03531,0.03301,0.0292,0.02709,0.02432,0.02251,0.02114,0.02072,0.02117,0.02036,0.02149,0.02286,0.02208,0.02346,0.02478,0.02614,0.02753,0.02677,0.02831,0.02988,0.03136,0.03264,0.0336,0.03424,0.03457,0.03466,0.03466,0.03464,0.0347,0.03487,0.0352,0.03569,0.03686,0.03741,0.03796,0.0384,0.0388,0.03871,0.03822,0.03731,0.0363,0.03468,0.03279,0.03115,0.02914,0.02755,0.02593,0.0247,0.02383,0.02312,0.02316,0.02298,0.02386,0.0241,0.02561,0.02612,0.02801,0.02866,0.03065,0.03128,0.03184,0.03347,0.03372,0.03375,0.03427,0.03371,0.03284,0.03169,0.03028,0.02856,0.02672,0.02482,0.0224,0.0206,0.01897,0.01757,0.01641,0.01502,0.01445,0.01412,0.01398,0.014,0.01413,0.01433,0.01458,0.01484,0.0151,0.01535,0.01555,0.01573,0.01585,0.01592,0.01592,0.01585,0.0157,0.01545,0.01508,0.01458,0.01392,0.01305,0.01198,0.01069,0.00917,0.00749,0.00565,0.00372,0.00174,-0.00024,-0.00217,-0.00349,-0.00514,-0.00663,-0.00793,-0.00838,-0.00931,-0.00999,-0.01003,-0.01039,-0.01048,-0.01053,-0.01041,-0.01009,-0.01051,-0.01013,-0.00967,-0.01052,-0.01014,-0.01126,-0.01104,-0.01236,-0.01236,-0.01382,-0.014,-0.01551,-0.0157,-0.01701,-0.01801,-0.01766,-0.01795,-0.01685,-0.01617,-0.015,-0.01275,-0.01102,-0.00935,-0.00798,-0.00547,-0.00482,-0.0048,-0.00536,-0.00629,-0.00734,-0.00824,-0.00649,-0.00703,-0.00723,-0.00723,-0.00715,-0.00713,-0.00825,-0.00822,-0.00825,-0.00824,-0.00809,-0.00773,-0.00721,-0.0073,-0.00675,-0.00643,-0.00648,-0.00715,-0.00796,-0.0092,-0.01054,-0.01226,-0.01409,-0.01554,-0.01725,-0.01838,-0.01963,-0.02049,-0.02082,-0.02092,-0.02071,-0.02009,-0.01951,-0.01841,-0.0177,-0.0165,-0.01587,-0.01488,-0.01442,-0.01372,-0.01337,-0.01303,-0.01257,-0.01225,-0.01189,-0.01163,-0.01143,-0.01131,-0.0113,-0.01139,-0.01149,-0.01173,-0.01205,-0.01219,-0.0126,-0.01308,-0.01366,-0.01389,-0.01463,-0.01544,-0.01632,-0.01671,-0.01761,-0.01847,-0.01927,-0.01997,-0.02021,-0.02069,-0.02101,-0.02115,-0.02109,-0.02086,-0.02027,-0.01978,-0.01922,-0.01861,-0.01798,-0.01736,-0.01676,-0.0162,-0.01567,-0.01595,-0.01569,-0.01549,-0.01537,-0.01535,-0.01543,-0.01557,-0.01576,-0.01591,-0.016,-0.01595,-0.01571,-0.01526,-0.01463,-0.01384,-0.01299,-0.01215,-0.01141,-0.01088,-0.01117,-0.0111,-0.01133,-0.01183,-0.01254,-0.01341,-0.01433,-0.01525,-0.01609,-0.01648,-0.01701,-0.01734,-0.01747,-0.01739,-0.01713,-0.01686,-0.01641,-0.01588,-0.01531,-0.01473,-0.01462,-0.01407,-0.01357,-0.01311,-0.01292,-0.01246,-0.01202,-0.01154,-0.01094,-0.01025,-0.00947,-0.00855,-0.00767,-0.00682,-0.0063,-0.00579,-0.00551,-0.00616,-0.00658,-0.00815,-0.00926,-0.01061,-0.01296,-0.01451,-0.01664,-0.01788,-0.0193,-0.01993,-0.02056,-0.02059,-0.02065,-0.0203,-0.0201,-0.01957,-0.01929,-0.01871,-0.0184,-0.01807,-0.01747,-0.01717,-0.01655,-0.01633,-0.01616,-0.01556,-0.01541,-0.01525,-0.01514,-0.01453,-0.01455,-0.01478,-0.01524,-0.01591,-0.0156,-0.01643,-0.01727,-0.01804,-0.01871,-0.01922,-0.01955,-0.0196,-0.0193,-0.01861,-0.01758,-0.01628,-0.01492,-0.01421,-0.01307,-0.01226,-0.01178,-0.01158,-0.01181,-0.01183,-0.01188,-0.01241,-0.01247,-0.01259,-0.01341,-0.01377,-0.01436,-0.01552,-0.01641,-0.01764,-0.01864,-0.01976,-0.0207,-0.0216,-0.02241,-0.02309,-0.02373,-0.02419,-0.02459,-0.02483,-0.02496,-0.02485,-0.0247,-0.02444,-0.02376,-0.02324,-0.02264,-0.02145,-0.02067,-0.01988,-0.01848,-0.01776,-0.01719,-0.01684,-0.01608,-0.01632,-0.01692,-0.01788,-0.01917,-0.02072,-0.02183,-0.02366,-0.02544,-0.02706,-0.02841,-0.02941,-0.03004,-0.03028,-0.03017,-0.02976,-0.02911,-0.02832,-0.02744
196.875 -179.50714,-178.95076,-178.39338,-177.83508,-177.27586,-176.71593,-176.23685,-175.67099,-175.10473,-174.53818,-173.97143,-173.40452,-172.83764,-172.27095,-171.74888,-171.17769,-170.60705,-170.03699,-169.46766,-168.9197,-168.34689,-167.77526,-167.20493,-166.63687,-166.06399,-165.49276,-164.90956,-164.33648,-163.76553,-163.1679,-162.59598,-162.02661,-161.41542,-160.84573,-160.22454,-159.65529,-159.02446,-158.45634,-157.89174,-157.24973,-156.68692,-156.03649,-155.3794,-154.81814,-154.15339,-153.5957,-152.92383,-152.37026,-151.69204,-151.00797,-150.45977,-149.77032,-149.07544,-148.53375,-147.83467,-147.13074,-146.42214,-145.70905,-145.17975,-144.46439,-143.74532,-143.02272,-142.29677,-141.56772,-140.83584,-140.10135,-139.36445,-138.6258,-137.88546,-137.14375,-136.40099,-135.65743,-134.91353,-134.16967,-133.88856,-133.13926,-132.39069,-131.6432,-130.89712,-130.59052,-129.84103,-129.09396,-128.77336,-128.024,-127.27781,-126.94383,-126.1966,-125.45351,-125.10674,-124.36399,-124.00921,-123.2675,-122.90493,-122.16504,-121.7949,-121.05766,-120.32701,-119.94646,-119.56205,-118.83272,-118.44153,-117.7175,-117.32007,-116.60197,-116.19867,-115.48735,-115.07861,-114.6661,-113.96112,-113.54372,-113.12263,-112.42575,-112.00027,-111.57133,-110.88419,-110.45156,-110.0155,-109.33957,-108.9006,-108.4584,-107.79515,-107.35075,-106.90334,-106.45295,-105.80534,-105.3537,-104.89932,-104.44224,-103.98253,-103.35558,-102.89577,-102.43361,-101.96916,-101.5025,-101.03369,-100.43441,-99.96699,-99.49773,-99.02669,-98.55396,-98.07962,-97.60376,-97.12647,-96.56859,-96.09464,-95.61958,-95.14351,-94.66651,-94.18869,-93.71015,-93.23096,-92.75125,-92.2711,-91.79061,-91.30989,-90.82903,-90.34814,-89.86732,-89.38667,-88.90629,-88.42628,-87.94674,-87.46776,-86.98946,-86.51192,-86.03524,-85.55951,-85.08483,-84.61128,-84.05809,-83.58126,-83.1059,-82.63209,-82.15993,-81.68949,-81.22085,-80.75409,-80.15982,-79.69167,-79.22572,-78.76203,-78.30066,-77.68159,-77.22006,-76.76115,-76.3049,-75.85136,-75.21112,-74.75865,-74.30914,-73.86262,-73.20619,-72.7617,-72.32043,-71.6509,-71.21238,-70.77728,-70.3456,-69.66449,-69.23643,-68.81194,-68.12127,-67.70108,-67.00119,-66.58584,-66.1743,-65.46754,-65.06131,-64.34747,-63.94702,-63.55049,-62.8326,-62.4423,-61.71926,-61.33557,-60.60819,-60.23145,-59.50055,-59.13106,-58.39745,-58.03547,-57.29988,-56.55903,-56.20899,-55.46758,-55.12571,-54.3845,-53.63952,-53.31066,-52.56714,-51.82075,-51.50549,-50.7618,-50.01594,-49.26842,-48.97282,-48.22959,-47.48553,-46.74098,-45.99638,-45.72686,-44.98836,-44.25053,-43.51349,-42.7777,-42.04346,-41.31108,-40.58087,-39.85326,-39.12824,-38.40612,-37.68722,-37.16664,-36.44871,-35.73483,-35.02512,-34.31968,-33.78406,-33.08179,-32.3845,-31.69233,-31.14788,-30.46061,-29.77891,-29.2281,-28.55229,-27.88251,-27.32753,-26.66468,-26.10588,-25.45048,-24.88835,-24.24101,-23.67655,-23.03783,-22.47156,-21.84189,-21.27424,-20.65406,-20.08585,-19.51483,-18.90742,-18.33661,-17.73964,-17.1696,-16.5974,-16.01466,-15.44416,-14.87182,-14.29781,-13.73409,-13.16272,-12.59021,-12.01654,-11.47313,-10.903,-10.33215,-9.76074,-9.23861,-8.67164,-8.10438,-7.53696,-6.96952,-6.40229,-5.83531,-5.26866,-4.78939,-4.22858,-3.6684,-3.10896,-2.5505,-1.99299,-1.43652,-0.88119,-0.32711,0.22563,0.77682,1.32646,1.87449,2.42084,2.96542,3.50813,4.20528,4.74771,5.28799,5.82604,6.36179,6.89518,7.42618,7.95462,8.66925,9.19571,9.71945,10.24042,10.7586,11.48234,11.99747,12.5096,13.23984,13.74845,14.25389,14.75612,15.49048,15.98835,16.48286,17.22075,17.71057,18.45225,18.93685,19.41789,20.16062,20.63612,21.38134,21.85103,22.59752,23.061,23.80845,24.26556,25.01364,25.46411,26.21177,26.65532,27.40212,28.15118,28.58435,29.3318,30.08048,30.50259,31.24874,31.99601,32.74395,33.15056,33.89478,34.63903,35.38334,36.12745,36.51325,37.25243,37.99079,38.72809,39.46436,40.19935,40.93282,41.66458,42.39441,43.12213,43.84777,44.23769,44.96348,45.68661,46.40691,47.12421,47.83841,48.24347,48.95636,49.66574,50.07798,50.78529,51.48873,51.90737,52.60813,53.30468,53.72913,54.42233,55.111,55.54043,56.22516,56.65835,57.33876,57.77548,58.45128,58.89122,59.562,60.0049,60.67032,61.11591,61.77566,62.22367,62.87742,63.3276,63.97509,64.4272,64.88168,65.52187,65.97788,66.43611,67.06835,67.52776,68.1526,68.61291,69.07522,69.69111,70.15396,70.61867,71.08519,71.68997,72.15658,72.62486,73.09474,73.68739,74.15691,74.62789,75.1003,75.67988,76.15147,76.62432,77.09841,77.57368,78.13689,78.6108,79.08573,79.56166,80.03853,80.5163,80.99493,81.5348,82.01132,82.48854,82.96642,83.4449,83.92395,84.40351,84.88354,85.364,85.84482,86.32597,86.8074,87.28906,87.77091,88.26095,88.73929,89.21767,89.69604,90.17436,90.66315,91.14494,91.62654,92.10788,92.58893,93.06964,93.54996,94.02984,94.50924,94.98811,95.46641,95.94408,96.42108,96.89737,97.43576,97.91412,98.39162,98.8682,99.34383,99.81846,100.29205,100.85364,101.32856,101.80228,102.27477,102.74597,103.32384,103.79583,104.2664,104.73549,105.20306,105.79578,106.26358,106.72972,107.33264,107.79866,108.26287,108.72523,109.3392,109.80098,110.26078,110.88366,111.34252,111.79926,112.43044,112.88589,113.52404,113.97794,114.42948,115.07489,115.52453,116.1762,116.62367,117.28131,117.72636,118.16872,118.83202,119.27156,119.94001,120.3765,121.04979,121.72807,122.16074,122.84333,123.27226,123.95879,124.38373,125.07381,125.76821,126.18776,126.88514,127.5865,127.99989,128.70355,129.41086,130.12168,130.5264,131.23864,131.95402,132.67238,133.06706,133.78593,134.5073,135.23109,135.95712,136.68525,137.4153,138.14708,138.88054,139.6154,140.35135,141.08831,141.82609,142.56449,143.30339,144.04261,144.43978,145.18312,145.92606,146.66852,147.08166,147.82722,148.57196,148.99653,149.74358,150.48888,150.9243,151.67103,152.41573,152.86145,153.60684,154.05934,154.80464,155.26365,156.00827,156.47361,157.21738,157.68881,158.4308,158.90798,159.64734,160.12992,160.61607,161.35431,161.84552,162.57979,163.07561,163.57474,164.30526,164.80863,165.31518,165.82489,166.55102,167.06416,167.58022,168.09922,168.81861,169.34042,169.86495,170.39216,170.922,171.6312,172.16278,172.69673,173.233,173.77152,174.31223,174.85506,175.39992,176.09011,176.63493,177.18149,177.72969,178.27945,178.83074,179.38352,179.93759 -0.02442,-0.02355,-0.02267,-0.02182,-0.02101,-0.02027,-0.02079,-0.02021,-0.01971,-0.01929,-0.01895,-0.01871,-0.01857,-0.01852,-0.0188,-0.01875,-0.01879,-0.01891,-0.01909,-0.01875,-0.01905,-0.0194,-0.01976,-0.01967,-0.02014,-0.02051,-0.02058,-0.02082,-0.02085,-0.02062,-0.02028,-0.01968,-0.01871,-0.01769,-0.01606,-0.01468,-0.01254,-0.011,-0.00947,-0.00716,-0.00572,-0.00361,-0.00181,-0.00072,0.00043,0.00118,0.00147,0.00176,0.00107,-0.00021,-0.0007,-0.00255,-0.00444,-0.00515,-0.00664,-0.00756,-0.00781,-0.00736,-0.00669,-0.00534,-0.00363,-0.00175,0.00011,0.00178,0.00317,0.00422,0.00493,0.00532,0.00547,0.0055,0.00554,0.0057,0.00602,0.00652,0.00587,0.00644,0.00681,0.00679,0.00619,0.00495,0.00334,0.00098,-0.00086,-0.00398,-0.00726,-0.00901,-0.01184,-0.01394,-0.01464,-0.01538,-0.01532,-0.01489,-0.01439,-0.01332,-0.01273,-0.01153,-0.01035,-0.00972,-0.00884,-0.00734,-0.00581,-0.00372,-0.00145,0.00111,0.00377,0.00626,0.00869,0.01081,0.01208,0.01329,0.01402,0.01378,0.01371,0.01329,0.01213,0.0113,0.0103,0.0087,0.00751,0.00625,0.00444,0.00315,0.00184,0.00051,-0.00089,-0.00194,-0.00289,-0.00372,-0.00439,-0.00368,-0.00364,-0.00339,-0.00292,-0.00228,-0.00148,0.00174,0.00275,0.00373,0.00461,0.00538,0.006,0.00647,0.00681,0.00772,0.00757,0.00732,0.00698,0.00656,0.0061,0.00565,0.00525,0.00499,0.0049,0.00508,0.00557,0.00641,0.00762,0.00917,0.01104,0.01318,0.0155,0.01793,0.0204,0.02285,0.02522,0.02746,0.02954,0.03144,0.03315,0.03439,0.03572,0.03691,0.03798,0.03891,0.03971,0.04034,0.04077,0.04038,0.04026,0.03984,0.03915,0.03822,0.03624,0.03502,0.03378,0.03259,0.03153,0.03039,0.02989,0.02956,0.02937,0.03056,0.03079,0.03097,0.03361,0.03377,0.03375,0.03359,0.03644,0.03615,0.03593,0.03867,0.03884,0.04178,0.0427,0.04408,0.04774,0.04978,0.05317,0.05522,0.05709,0.05854,0.05931,0.05842,0.05784,0.05486,0.05315,0.04882,0.04641,0.04157,0.03878,0.034,0.0296,0.02682,0.02328,0.02074,0.01851,0.0173,0.01567,0.01586,0.0167,0.01587,0.01724,0.01867,0.02003,0.01958,0.02095,0.02235,0.02383,0.0254,0.02522,0.0267,0.02799,0.02898,0.02961,0.02992,0.02997,0.02987,0.02975,0.02972,0.02986,0.03022,0.03178,0.03245,0.0333,0.03422,0.0351,0.0365,0.03693,0.03699,0.03661,0.03665,0.03542,0.03376,0.03281,0.03074,0.02868,0.02763,0.0261,0.02539,0.02477,0.02456,0.02492,0.02515,0.02628,0.02681,0.02837,0.02906,0.03073,0.03146,0.03218,0.03361,0.03421,0.03503,0.03529,0.03535,0.03489,0.03435,0.03351,0.03238,0.03007,0.02839,0.02654,0.0246,0.02158,0.01975,0.01808,0.01661,0.01457,0.01372,0.01315,0.01286,0.01279,0.0129,0.01314,0.01344,0.0134,0.01367,0.01385,0.01393,0.0139,0.01378,0.01359,0.01339,0.01319,0.01302,0.01289,0.0128,0.01272,0.0126,0.01237,0.01199,0.012,0.01109,0.00989,0.0084,0.00664,0.00467,0.00255,0.00037,-0.0013,-0.00334,-0.00522,-0.00687,-0.00827,-0.00915,-0.01004,-0.01064,-0.01086,-0.01093,-0.01072,-0.01023,-0.00967,-0.00881,-0.00779,-0.00723,-0.00616,-0.00606,-0.00515,-0.00429,-0.00502,-0.00447,-0.00579,-0.00554,-0.00725,-0.00718,-0.00904,-0.00896,-0.01072,-0.0104,-0.01176,-0.01098,-0.01168,-0.01185,-0.01019,-0.00941,-0.00806,-0.0057,-0.00375,-0.00168,0.00025,0.00249,0.00384,0.0046,0.00474,0.00432,0.00552,0.00461,0.00357,0.00256,0.00171,0.00099,0.00033,-0.00037,-0.00116,-0.00205,-0.00294,-0.00426,-0.0048,-0.00507,-0.00505,-0.00477,-0.00436,-0.00456,-0.00427,-0.00431,-0.00495,-0.00569,-0.00686,-0.00819,-0.00988,-0.01171,-0.01332,-0.01511,-0.0167,-0.01799,-0.01902,-0.01981,-0.0201,-0.02027,-0.01983,-0.01945,-0.01854,-0.01783,-0.01685,-0.01611,-0.0154,-0.01481,-0.01447,-0.01403,-0.01393,-0.01354,-0.01315,-0.01304,-0.01261,-0.01222,-0.01205,-0.01172,-0.01153,-0.01128,-0.01113,-0.01081,-0.01076,-0.01082,-0.01099,-0.01063,-0.01103,-0.01156,-0.01221,-0.01221,-0.01308,-0.01402,-0.01499,-0.01531,-0.01632,-0.01728,-0.01815,-0.0189,-0.01896,-0.0194,-0.01964,-0.01968,-0.01955,-0.01929,-0.01894,-0.01826,-0.018,-0.01782,-0.01773,-0.01772,-0.01777,-0.01784,-0.0179,-0.01793,-0.0179,-0.01781,-0.01766,-0.01743,-0.01714,-0.017,-0.01632,-0.01551,-0.01458,-0.01355,-0.01316,-0.01214,-0.0111,-0.01013,-0.00929,-0.00865,-0.00828,-0.00823,-0.00849,-0.00907,-0.00992,-0.01098,-0.01217,-0.0134,-0.01506,-0.01608,-0.01689,-0.01747,-0.01777,-0.0178,-0.01756,-0.01717,-0.01655,-0.01585,-0.01511,-0.01437,-0.01386,-0.01331,-0.01287,-0.01253,-0.0123,-0.01224,-0.01209,-0.01197,-0.01174,-0.01147,-0.0111,-0.01059,-0.0095,-0.00864,-0.0077,-0.00633,-0.00547,-0.00477,-0.00429,-0.00422,-0.00498,-0.00571,-0.00676,-0.00902,-0.01059,-0.01323,-0.01477,-0.01692,-0.01789,-0.01856,-0.01925,-0.01919,-0.01913,-0.01862,-0.01824,-0.01786,-0.01714,-0.01681,-0.01606,-0.01577,-0.01502,-0.01478,-0.01457,-0.01394,-0.01386,-0.01382,-0.01341,-0.01336,-0.0132,-0.01294,-0.01248,-0.01218,-0.01199,-0.01203,-0.01161,-0.01202,-0.01272,-0.01361,-0.01461,-0.01564,-0.01665,-0.01755,-0.01827,-0.01868,-0.01872,-0.01834,-0.0176,-0.01661,-0.01554,-0.01457,-0.01375,-0.01306,-0.01259,-0.01227,-0.01181,-0.01159,-0.01134,-0.01111,-0.01091,-0.01077,-0.01097,-0.01121,-0.01175,-0.01261,-0.01364,-0.01482,-0.01612,-0.01737,-0.01864,-0.01976,-0.02082,-0.02173,-0.0225,-0.02319,-0.02364,-0.02407,-0.02437,-0.0243,-0.0243,-0.0238,-0.0235,-0.02308,-0.02204,-0.02137,-0.02061,-0.01979,-0.01833,-0.01746,-0.01663,-0.0159,-0.01477,-0.0144,-0.01429,-0.01449,-0.01502,-0.0153,-0.01644,-0.01786,-0.01948,-0.02121,-0.02292,-0.02453,-0.02593,-0.02578,-0.02656,-0.02701,-0.02715,-0.02699,-0.02659,-0.026,-0.02525
202.5 -179.74368,-179.20144,-178.65827,-178.11426,-177.56952,-177.02415,-176.47821,-175.93173,-175.38492,-174.83788,-174.34754,-173.79554,-173.2436,-172.6918,-172.14024,-171.58905,-171.03841,-170.51369,-169.95932,-169.40582,-168.85329,-168.30922,-167.75365,-167.19944,-166.64672,-166.08424,-165.52949,-164.97661,-164.40033,-163.84595,-163.29384,-162.70442,-162.15177,-161.60186,-161.00012,-160.45018,-159.83939,-159.29017,-158.67066,-158.12293,-157.49512,-156.94923,-156.31346,-155.76984,-155.12663,-154.58639,-153.93634,-153.39983,-152.74334,-152.08134,-151.54877,-150.88138,-150.20883,-149.68229,-149.00524,-148.32334,-147.8039,-147.11875,-146.42937,-145.73595,-145.03865,-144.53217,-143.83338,-143.13148,-142.42655,-141.71881,-141.00851,-140.29587,-139.58094,-138.86448,-138.14652,-137.4273,-136.7071,-135.98621,-135.26488,-134.54369,-134.26834,-133.542,-132.81628,-132.09152,-131.36797,-131.06891,-130.34203,-129.6174,-129.30526,-128.57827,-127.85413,-127.52948,-126.80409,-126.08241,-125.74573,-125.02408,-124.67981,-123.9589,-123.2429,-122.88773,-122.17356,-121.8115,-121.09988,-120.73117,-120.02303,-119.64776,-118.94387,-118.56254,-117.86342,-117.47632,-117.0857,-116.39022,-115.99424,-115.30536,-114.90439,-114.5,-113.8173,-113.40843,-112.73442,-112.3214,-111.9051,-111.23983,-110.8201,-110.39727,-109.74204,-109.31635,-108.88769,-108.45607,-107.81307,-107.37941,-106.94298,-106.5038,-105.87548,-105.43508,-104.99219,-104.54681,-103.93564,-103.48991,-103.04194,-102.59177,-102.13947,-101.68509,-101.09859,-100.64523,-100.19006,-99.73315,-99.27457,-98.81438,-98.35266,-97.79916,-97.33998,-96.87957,-96.41799,-95.95534,-95.49169,-95.02712,-94.56172,-94.09557,-93.62876,-93.16139,-92.69353,-92.22528,-91.75672,-91.28796,-90.81907,-90.35016,-89.88131,-89.41262,-88.94417,-88.47606,-88.00838,-87.54122,-87.07466,-86.6088,-86.14372,-85.6795,-85.21623,-84.75399,-84.29286,-83.83292,-83.28774,-82.8251,-82.36396,-81.90439,-81.44645,-80.99021,-80.53572,-80.08306,-79.50116,-79.04756,-78.59607,-78.14676,-77.69966,-77.09546,-76.64848,-76.20396,-75.76197,-75.14045,-74.69947,-74.26122,-73.82573,-73.18911,-72.75551,-72.32487,-71.89719,-71.24784,-70.82287,-70.40103,-69.74119,-69.32268,-68.90743,-68.23853,-67.8272,-67.41922,-66.7427,-66.33919,-65.65479,-65.25635,-64.86129,-64.17173,-63.78211,-63.08667,-62.70272,-62.00219,-61.62428,-60.91939,-60.54784,-59.83932,-59.4744,-58.76302,-58.40496,-57.69143,-57.34048,-56.62543,-56.28186,-55.56605,-54.84603,-54.51408,-53.79456,-53.07164,-52.75191,-52.03061,-51.30671,-50.99968,-50.2785,-49.55538,-48.83075,-48.54207,-47.82157,-47.10034,-46.37869,-45.65695,-44.93547,-44.67652,-43.96126,-43.24661,-42.53311,-41.82102,-41.11063,-40.40218,-39.69607,-38.99243,-38.49806,-37.79405,-37.09319,-36.39569,-35.70186,-35.01184,-34.49912,-33.81136,-33.12793,-32.44897,-31.92647,-31.25157,-30.58162,-30.05235,-29.38728,-28.72754,-28.19325,-27.5395,-27.00119,-26.35389,-25.71246,-25.17134,-24.53716,-23.99348,-23.36708,-22.82146,-22.2032,-21.65587,-21.10517,-20.4979,-19.9468,-19.34869,-18.79746,-18.24345,-17.65784,-17.10458,-16.52884,-15.97691,-15.42298,-14.86716,-14.3088,-13.75512,-13.20013,-12.65625,-12.10404,-11.55072,-10.99643,-10.44136,-9.92113,-9.36995,-8.81825,-8.26615,-7.71381,-7.16139,-6.67092,-6.12343,-5.57608,-5.02898,-4.48224,-3.93602,-3.39045,-2.84557,-2.30145,-1.7582,-1.21592,-0.67474,-0.1348,0.4039,0.94128,1.47725,2.01175,2.54469,3.07591,3.60536,4.13303,4.65884,5.18272,5.70461,6.38533,6.90624,7.42492,7.9413,8.45534,8.96699,9.6603,10.16978,10.67667,11.18092,11.88208,12.38349,12.88214,13.37796,14.08478,14.57693,15.0661,15.77764,16.26284,16.74493,17.4597,17.93718,18.41145,19.12835,19.59778,20.31774,20.78186,21.50377,21.96239,22.68613,23.13905,23.86397,24.31083,25.03596,25.4766,26.20185,26.63614,27.36096,28.08772,28.51216,29.23742,29.96449,30.37865,31.10353,31.82929,32.23261,32.95532,33.67877,34.40253,35.12639,35.51056,36.23004,36.9492,37.66796,38.38597,39.10305,39.81897,40.53354,41.24684,41.95852,42.66842,43.37637,44.08221,44.78573,45.16589,45.86945,46.57036,47.26847,47.96366,48.35591,49.04977,49.74046,50.42774,50.82849,51.51362,52.19501,52.60173,53.28038,53.95497,54.36704,55.0384,55.4544,56.12209,56.54177,57.20544,57.86443,58.28786,58.94233,59.36882,60.01851,60.44779,61.09233,61.52412,61.95847,62.59728,63.03379,63.66673,64.10516,64.73197,65.17208,65.61447,66.23411,66.67784,67.12367,67.73551,68.18233,68.63112,69.23461,69.68405,70.13532,70.72991,71.1815,71.63478,72.08973,72.67325,73.12809,73.58445,74.04231,74.61385,75.07116,75.5298,75.98974,76.54847,77.00744,77.46757,77.9288,78.39111,78.85443,79.39464,79.85641,80.31905,80.78254,81.24682,81.71186,82.17761,82.64402,83.15819,83.62226,84.08686,84.55195,85.01746,85.48338,85.94964,86.41621,86.88304,87.35008,87.8173,88.28465,88.75207,89.21954,89.68699,90.1544,90.62171,91.08888,91.55586,92.02261,92.48909,92.95525,93.42105,93.88644,94.35138,94.81583,95.27974,95.79241,96.25863,96.72417,97.18899,97.65304,98.11628,98.57868,99.04018,99.57876,100.04179,100.50379,100.96471,101.42451,101.88315,102.44015,102.89972,103.35798,103.81489,104.27043,104.84208,105.29803,105.75245,106.20532,106.78864,107.24149,107.69264,108.28532,108.73614,109.18511,109.78664,110.23495,110.68128,111.29112,111.73645,112.17968,112.79727,113.23915,113.6788,114.30356,114.74153,115.37239,115.80843,116.24198,116.87897,117.31024,117.95265,118.38141,119.02893,119.45494,120.10728,120.53028,121.18714,121.60688,122.26793,122.93347,123.34906,124.01828,124.42996,125.10245,125.779,126.18537,126.86466,127.54771,127.94814,128.63335,129.32198,129.7158,130.40598,131.09926,131.79546,132.17989,132.87671,133.57609,134.27789,134.98198,135.68819,136.39638,137.10648,137.81819,138.53132,139.24578,139.9614,140.67799,141.3954,142.11355,142.83211,143.55079,144.26951,144.66014,145.38262,146.10473,146.82634,147.23198,147.95631,148.67936,149.40106,149.82073,150.54424,151.26599,151.69564,152.41819,152.85432,153.57711,154.01958,154.74237,155.19103,155.91328,156.36786,157.08872,157.54892,158.26787,158.73356,159.45039,159.9212,160.63495,161.11052,161.58927,162.3006,162.78386,163.27021,163.97818,164.46846,164.9617,165.66462,166.16136,166.66091,167.16325,167.86044,168.36552,168.87318,169.38337,170.07234,170.58466,171.09934,171.61632,172.13556,172.65699,173.18055,173.85539,174.37968,174.90585,175.43384,175.96358,176.495,177.02815,177.56284,178.09896,178.63645,179.17522,179.71519 -0.02073,-0.02005,-0.0193,-0.01853,-0.01775,-0.01699,-0.01627,-0.01562,-0.01509,-0.0147,-0.01563,-0.01553,-0.0156,-0.01584,-0.01621,-0.01667,-0.01716,-0.01824,-0.01861,-0.01891,-0.01911,-0.01964,-0.01971,-0.01969,-0.01959,-0.02002,-0.0199,-0.01966,-0.02008,-0.01972,-0.01922,-0.01937,-0.01864,-0.01778,-0.01738,-0.01629,-0.01535,-0.0141,-0.01266,-0.01135,-0.00949,-0.00821,-0.00611,-0.00488,-0.00278,-0.00166,0.00014,0.00102,0.00214,0.0026,0.00274,0.00211,0.00082,0.00019,-0.0017,-0.00364,-0.00419,-0.00561,-0.00642,-0.00652,-0.00592,-0.00467,-0.00322,-0.00146,0.0004,0.00217,0.00373,0.00503,0.00603,0.00675,0.00723,0.00754,0.00776,0.00797,0.00829,0.00873,0.00851,0.00907,0.00959,0.00991,0.00985,0.00891,0.00797,0.0064,0.00447,0.0019,-0.00107,-0.00367,-0.00681,-0.00958,-0.01166,-0.01333,-0.01447,-0.0147,-0.0141,-0.01397,-0.01258,-0.01217,-0.01069,-0.01036,-0.00916,-0.00893,-0.00781,-0.00733,-0.0059,-0.00478,-0.00321,-0.00096,0.00122,0.00357,0.00584,0.00802,0.00949,0.011,0.01145,0.01214,0.01245,0.01166,0.01135,0.01078,0.00915,0.00823,0.00719,0.00607,0.00392,0.00281,0.00172,0.00069,-0.001,-0.00167,-0.0022,-0.00258,-0.00264,-0.00237,-0.0019,-0.00125,-0.00042,0.00053,0.00314,0.00434,0.00546,0.00645,0.00726,0.00787,0.00826,0.00917,0.00897,0.00863,0.00818,0.00765,0.00706,0.00643,0.00575,0.00507,0.00442,0.00387,0.00347,0.00331,0.00348,0.00402,0.00498,0.00633,0.00807,0.01012,0.01241,0.01485,0.01739,0.01994,0.02246,0.0249,0.02722,0.02939,0.03137,0.03315,0.03472,0.0361,0.03739,0.03846,0.0394,0.0402,0.04085,0.04131,0.04155,0.04157,0.04106,0.04048,0.03965,0.03862,0.03744,0.03539,0.03409,0.03283,0.03164,0.03007,0.02922,0.02844,0.0277,0.02786,0.0274,0.0269,0.02637,0.02816,0.02778,0.02742,0.03003,0.02989,0.02994,0.03321,0.03383,0.03482,0.03912,0.04096,0.04577,0.04815,0.05059,0.0549,0.05684,0.05932,0.06004,0.05997,0.05926,0.05677,0.05485,0.05069,0.04796,0.04291,0.0397,0.03442,0.03093,0.02596,0.02246,0.01839,0.01533,0.01268,0.01132,0.0111,0.00987,0.011,0.01259,0.01235,0.01428,0.01609,0.01774,0.01799,0.01958,0.0211,0.02255,0.02391,0.02509,0.02506,0.02573,0.02612,0.02623,0.02613,0.02591,0.0257,0.02556,0.02559,0.02657,0.02697,0.02762,0.02846,0.02943,0.03041,0.032,0.03274,0.03314,0.03312,0.03394,0.0331,0.03173,0.03161,0.0296,0.02743,0.02698,0.02509,0.02488,0.02384,0.02342,0.02411,0.02467,0.0257,0.02687,0.02797,0.02933,0.03033,0.03122,0.03233,0.03304,0.03362,0.03408,0.03443,0.03397,0.03392,0.03248,0.03194,0.03118,0.03018,0.02739,0.02599,0.02443,0.02138,0.01975,0.01813,0.01658,0.01518,0.01319,0.01229,0.01164,0.01125,0.01111,0.01118,0.01082,0.01114,0.01149,0.01181,0.01203,0.01213,0.0121,0.01195,0.01169,0.01137,0.01103,0.01071,0.01046,0.01026,0.01013,0.01002,0.00989,0.00967,0.0093,0.00871,0.00784,0.00666,0.00519,0.00344,0.00248,0.00039,-0.00173,-0.00377,-0.00565,-0.00728,-0.0081,-0.00926,-0.01012,-0.01069,-0.01088,-0.011,-0.01086,-0.0105,-0.00997,-0.00917,-0.00816,-0.00705,-0.00574,-0.00435,-0.00319,-0.00184,-0.00058,-0.00014,0.00077,0.00041,0.00089,-0.00018,-1e-05,-0.00151,-0.00141,-0.00297,-0.00269,-0.00404,-0.00344,-0.00445,-0.00354,-0.00416,-0.00446,-0.00318,-0.00289,-0.0021,-0.00059,0.00081,0.00255,0.00405,0.00587,0.00751,0.00878,0.00956,0.01011,0.01017,0.00981,0.00917,0.0084,0.00764,0.00692,0.00625,0.00551,0.00463,0.00356,0.00233,0.00103,-0.00019,-0.00138,-0.00213,-0.00256,-0.00269,-0.00262,-0.00276,-0.00268,-0.00286,-0.00341,-0.00411,-0.00529,-0.00679,-0.00801,-0.00974,-0.01142,-0.01276,-0.01427,-0.01555,-0.01676,-0.01779,-0.01859,-0.01918,-0.0195,-0.01966,-0.01945,-0.01934,-0.01877,-0.01861,-0.01791,-0.01721,-0.01724,-0.01661,-0.01675,-0.01614,-0.01618,-0.01552,-0.01488,-0.01466,-0.01399,-0.01333,-0.01288,-0.01221,-0.01155,-0.0107,-0.01003,-0.00945,-0.00824,-0.00786,-0.0077,-0.0078,-0.00691,-0.00746,-0.00822,-0.00916,-0.00906,-0.01028,-0.01152,-0.01277,-0.01302,-0.01417,-0.01519,-0.01606,-0.01676,-0.01728,-0.01675,-0.01695,-0.01703,-0.01703,-0.017,-0.01701,-0.0171,-0.01731,-0.01752,-0.01808,-0.01868,-0.01926,-0.01975,-0.02009,-0.02024,-0.02018,-0.01987,-0.01934,-0.01857,-0.0176,-0.01644,-0.01512,-0.01368,-0.01217,-0.01065,-0.00918,-0.00785,-0.00671,-0.00582,-0.00524,-0.00499,-0.00507,-0.00545,-0.00611,-0.00699,-0.00871,-0.00991,-0.01116,-0.01241,-0.01355,-0.01453,-0.01529,-0.0158,-0.01669,-0.01661,-0.01629,-0.0158,-0.01517,-0.01447,-0.01401,-0.01333,-0.01275,-0.01229,-0.01195,-0.01192,-0.0118,-0.01173,-0.0117,-0.01184,-0.01179,-0.01169,-0.01142,-0.01104,-0.01052,-0.00938,-0.00855,-0.00768,-0.00618,-0.0055,-0.00506,-0.00447,-0.00477,-0.00545,-0.00653,-0.00799,-0.01003,-0.01186,-0.01371,-0.01571,-0.01705,-0.01815,-0.01867,-0.01874,-0.01858,-0.01799,-0.01747,-0.01664,-0.01599,-0.01516,-0.01445,-0.01375,-0.01319,-0.01255,-0.01222,-0.01208,-0.01173,-0.01185,-0.01204,-0.01188,-0.012,-0.01196,-0.01159,-0.01123,-0.01072,-0.01017,-0.0095,-0.00909,-0.00897,-0.00922,-0.00983,-0.01073,-0.01182,-0.013,-0.0142,-0.01531,-0.01623,-0.01689,-0.01722,-0.01722,-0.01696,-0.01654,-0.01607,-0.01565,-0.01524,-0.01484,-0.01448,-0.01409,-0.01351,-0.013,-0.01239,-0.01172,-0.01123,-0.01073,-0.01047,-0.01047,-0.01078,-0.01125,-0.01215,-0.01303,-0.0143,-0.01538,-0.01664,-0.01771,-0.0187,-0.01965,-0.0203,-0.02112,-0.02146,-0.02213,-0.02216,-0.0226,-0.0229,-0.02244,-0.02243,-0.02225,-0.0213,-0.02085,-0.02027,-0.01899,-0.01825,-0.01745,-0.01663,-0.01537,-0.01464,-0.01399,-0.01347,-0.01281,-0.01266,-0.01274,-0.01309,-0.01369,-0.01456,-0.01564,-0.01603,-0.01721,-0.0184,-0.01952,-0.0205,-0.02128,-0.02184,-0.02216,-0.02225,-0.02212,-0.0218,-0.02133
208.125 -179.89985,-179.37531,-178.84996,-178.32382,-177.87015,-177.33855,-176.80648,-176.27403,-175.7413,-175.20837,-174.67531,-174.14223,-173.60928,-173.07658,-172.57562,-172.03886,-171.50262,-170.96698,-170.43204,-169.90837,-169.37023,-168.83317,-168.29735,-167.75598,-167.2177,-166.68085,-166.14569,-165.58751,-165.05075,-164.51614,-163.94545,-163.40979,-162.87646,-162.29386,-161.76031,-161.16914,-160.63604,-160.10594,-159.50406,-158.9748,-158.36511,-157.83761,-157.22051,-156.69527,-156.07109,-155.54819,-154.91729,-154.39791,-153.76095,-153.11886,-152.603,-151.95537,-151.4439,-150.79152,-150.13457,-149.62939,-148.96847,-148.30335,-147.63396,-147.13694,-146.46514,-145.78973,-145.11085,-144.42868,-143.94524,-143.26231,-142.57679,-141.88876,-141.19843,-140.50603,-139.8117,-139.11568,-138.41858,-137.72036,-137.02128,-136.32159,-135.62146,-135.35531,-134.64999,-133.94529,-133.24116,-132.53791,-131.83582,-131.54227,-130.83689,-130.13355,-129.82795,-129.12235,-128.41936,-128.10214,-127.39777,-126.69671,-126.36828,-125.66688,-124.96993,-124.63066,-123.9344,-123.58853,-122.89366,-122.54134,-121.84851,-121.48992,-120.79982,-120.43516,-119.74863,-119.37799,-118.69587,-118.31968,-117.6423,-117.26083,-116.58893,-116.20252,-115.813,-115.14574,-114.75167,-114.09163,-113.69325,-113.292,-112.63917,-112.23408,-111.82604,-111.18156,-110.77039,-110.35639,-109.72141,-109.30479,-108.88547,-108.26132,-107.83995,-107.41604,-106.98959,-106.37867,-105.95086,-105.52075,-105.08835,-104.65367,-104.05993,-103.62487,-103.18773,-102.74858,-102.30744,-101.73389,-101.29344,-100.85125,-100.40737,-99.96186,-99.51478,-98.96735,-98.52213,-98.07559,-97.62781,-97.17884,-96.72875,-96.27762,-95.82552,-95.37251,-94.91868,-94.4641,-94.00885,-93.51716,-93.06603,-92.61449,-92.16261,-91.71048,-91.25817,-90.80576,-90.35333,-89.90095,-89.44871,-88.99669,-88.54495,-88.09359,-87.60998,-87.15439,-86.69942,-86.24517,-85.7917,-85.33909,-84.88741,-84.43673,-83.98712,-83.53866,-83.09141,-82.64545,-82.10538,-81.65744,-81.21105,-80.76625,-80.32308,-79.88162,-79.44193,-78.87262,-78.43235,-77.99409,-77.55787,-77.12368,-76.5344,-76.10063,-75.66918,-75.24008,-74.63516,-74.20717,-73.78171,-73.35883,-72.74042,-72.31942,-71.90112,-71.27161,-70.8558,-70.44284,-70.03272,-69.39353,-68.98658,-68.33854,-67.93518,-67.53486,-66.87953,-66.48328,-66.09012,-65.42878,-65.0402,-64.37214,-63.9886,-63.60812,-62.93634,-62.56115,-61.88459,-61.51488,-60.83424,-60.47032,-59.78624,-59.42834,-58.7415,-58.38982,-57.70088,-57.00675,-56.66522,-55.96998,-55.63522,-54.93959,-54.24019,-53.91629,-53.21759,-52.51581,-52.2033,-51.50323,-50.80078,-50.50001,-49.80022,-49.09857,-48.39558,-48.11187,-47.41281,-46.71307,-46.01294,-45.31275,-44.61271,-43.91295,-43.21391,-42.96843,-42.27567,-41.58417,-40.89417,-40.2059,-39.73862,-39.04908,-38.36195,-37.67744,-36.99573,-36.31702,-35.64162,-35.15202,-34.47816,-33.808,-33.1417,-32.47938,-31.97837,-31.31965,-30.66533,-30.15748,-29.50741,-28.86208,-28.34914,-27.70916,-27.19214,-26.55787,-26.0366,-25.40862,-24.78601,-24.26313,-23.64749,-23.12245,-22.59335,-21.98694,-21.45635,-20.85789,-20.32662,-19.73637,-19.20461,-18.66984,-18.09088,-17.55654,-16.98645,-16.45303,-15.91742,-15.37968,-14.82542,-14.28939,-13.75187,-13.21074,-12.6755,-12.13894,-11.60115,-11.07757,-10.54295,-10.00754,-9.47137,-8.93457,-8.39728,-7.90074,-7.36765,-6.83438,-6.30101,-5.76762,-5.23435,-4.70137,-4.16874,-3.63651,-3.18265,-2.65582,-2.12961,-1.60414,-1.07956,-0.55591,-0.03324,0.48837,1.00883,1.52811,2.04608,2.68379,3.20243,3.71949,4.23492,4.74864,5.26058,5.77063,6.2788,6.78504,7.44487,7.95005,8.45308,8.95382,9.45233,9.94857,10.61945,11.11352,11.60521,12.0944,12.77245,13.25867,13.74226,14.42628,14.9066,15.38414,16.07254,16.54615,17.0169,17.70879,18.17539,18.63906,19.33301,19.79195,20.48877,20.94287,21.64237,22.09135,22.79233,23.23584,23.93802,24.37601,25.07918,25.51137,26.2145,26.64064,27.34332,28.04853,28.46558,29.16965,29.87521,30.28252,30.98617,31.69124,32.08852,32.79097,33.49399,34.19738,34.90128,35.28055,35.98069,36.68067,37.38022,38.07916,38.77765,39.47526,40.17183,40.86719,41.56111,42.25358,42.94449,43.63357,44.32068,45.00568,45.68842,46.05806,46.74062,47.42057,48.09778,48.47708,49.15311,49.82607,50.49582,50.88344,51.55133,52.21574,52.60919,53.27105,53.92912,54.32776,54.98275,55.38534,56.03702,56.44328,57.09121,57.73477,58.14475,58.78409,59.19707,59.83192,60.24766,60.87775,61.2961,61.92115,62.34177,62.76486,63.38415,63.80919,64.42274,64.84949,65.27848,65.8853,66.31569,66.91619,67.34777,67.78139,68.37428,68.80873,69.24506,69.82981,70.26666,70.70525,71.14555,71.72016,72.16057,72.60256,73.04608,73.60969,74.05292,74.49756,74.94356,75.49535,75.94067,76.38723,76.83497,77.28386,77.82084,78.26856,78.71728,79.16697,79.61759,80.06909,80.58759,81.03736,81.48788,81.93912,82.39103,82.84356,83.29668,83.75035,84.20452,84.65915,85.11421,85.59785,86.05018,86.5028,86.95567,87.40874,87.86197,88.31533,88.76876,89.22223,89.67569,90.12911,90.58243,91.03562,91.48864,91.94144,92.39399,92.84624,93.29814,93.7833,94.2378,94.69184,95.14536,95.59832,96.05069,96.50241,96.95346,97.40378,97.85334,98.37016,98.82142,99.27178,99.72121,100.16966,100.6171,101.15232,101.60089,102.04832,102.49455,102.93954,103.4895,103.93516,104.37945,104.82234,105.26379,105.82722,106.26884,106.70888,107.28154,107.72145,108.15965,108.5961,109.17884,109.61476,110.04879,110.63964,111.07283,111.504,112.10244,112.53245,113.13721,113.56579,113.99213,114.60356,115.02816,115.64531,116.06796,116.48814,117.11102,117.52893,118.15686,118.57225,119.20497,119.61761,120.25482,120.66446,121.30587,121.71229,122.3576,123.00707,123.40931,124.0622,124.46057,125.11654,125.77629,126.16952,126.83183,127.49764,127.88506,128.55288,129.22389,129.60482,130.27718,130.95242,131.63041,132.0022,132.68078,133.36176,134.04501,134.7304,135.41785,136.10706,136.46076,137.14887,137.83844,138.5293,139.2213,139.91434,140.60824,140.97073,141.66914,142.36795,143.06699,143.76609,144.46512,145.16392,145.55283,146.25461,146.95553,147.65545,148.05811,148.76025,149.46106,149.87355,150.5757,151.27569,151.69746,152.3981,152.82594,153.52702,153.96081,154.66156,155.35882,155.80067,156.49678,156.94406,157.39443,158.09108,158.54652,159.2405,159.70068,160.39154,160.85635,161.32409,162.01283,162.48471,162.95944,163.64438,164.1228,164.60403,165.28456,165.76906,166.25617,166.93054,167.42034,167.91273,168.40754,169.07462,169.57153,170.07067,170.572,171.07545,171.58113,172.23683,172.74354,173.25215,173.7626,174.27484,174.78883,175.30457,175.82192,176.34082,176.86118,177.49206,178.01146,178.53205,179.05375,179.57647 -0.01487,-0.01452,-0.01413,-0.01374,-0.01448,-0.01398,-0.01349,-0.01304,-0.01265,-0.01235,-0.01215,-0.0121,-0.0122,-0.01243,-0.01338,-0.01384,-0.01436,-0.01486,-0.01528,-0.01647,-0.01668,-0.01674,-0.01663,-0.01746,-0.01715,-0.01673,-0.01624,-0.01698,-0.01644,-0.01586,-0.01657,-0.01593,-0.01526,-0.01576,-0.01499,-0.01521,-0.01436,-0.01355,-0.01335,-0.01255,-0.01194,-0.01114,-0.01005,-0.0092,-0.00759,-0.0066,-0.00459,-0.00349,-0.00138,0.00053,0.00145,0.00269,0.0032,0.00343,0.00293,0.00273,0.00142,-0.00018,-0.0018,-0.00176,-0.00275,-0.0032,-0.00303,-0.00228,-0.00053,0.00075,0.00213,0.00345,0.00458,0.00547,0.00612,0.00657,0.00687,0.00711,0.00734,0.00761,0.008,0.00842,0.00898,0.00968,0.01046,0.0112,0.01175,0.01154,0.01147,0.0109,0.0097,0.0082,0.00619,0.00385,0.00117,-0.00158,-0.00441,-0.00681,-0.00859,-0.0106,-0.01111,-0.01217,-0.0114,-0.01165,-0.01013,-0.00999,-0.00837,-0.00828,-0.00696,-0.00702,-0.00591,-0.00594,-0.00471,-0.00431,-0.00274,-0.00171,-0.00026,0.00171,0.00351,0.00523,0.00692,0.00847,0.00917,0.01007,0.01065,0.01008,0.00997,0.00959,0.00793,0.00706,0.00606,0.00366,0.0025,0.00138,0.00035,-0.00186,-0.00251,-0.00292,-0.00313,-0.00315,-0.00333,-0.00268,-0.00182,-0.00078,0.00041,0.0026,0.00414,0.00562,0.00696,0.0081,0.00898,0.01032,0.01044,0.01027,0.00986,0.00928,0.00858,0.00782,0.00703,0.00621,0.00539,0.00458,0.00382,0.0026,0.0021,0.00185,0.0019,0.00232,0.00316,0.00442,0.00605,0.00798,0.01012,0.01238,0.01469,0.017,0.01947,0.02186,0.02418,0.02642,0.02852,0.03047,0.0322,0.03374,0.03506,0.03618,0.03711,0.03789,0.0395,0.04007,0.04049,0.04074,0.04081,0.04069,0.04038,0.04016,0.03935,0.03839,0.03734,0.03623,0.03436,0.03311,0.03187,0.03062,0.02878,0.0276,0.02639,0.02517,0.02448,0.02347,0.02255,0.02328,0.02271,0.0223,0.02207,0.02437,0.02465,0.02795,0.02889,0.03018,0.03497,0.03703,0.03936,0.04508,0.04758,0.05272,0.05462,0.05608,0.05868,0.05878,0.05879,0.0575,0.05511,0.05271,0.04854,0.04535,0.04006,0.03637,0.03063,0.02501,0.02114,0.01626,0.01288,0.0095,0.00744,0.00567,0.00558,0.00655,0.00639,0.00844,0.01076,0.01136,0.01375,0.01597,0.01796,0.01881,0.0205,0.02191,0.02303,0.02387,0.02442,0.02469,0.02475,0.02443,0.02428,0.02407,0.02388,0.02375,0.02396,0.02404,0.02431,0.02477,0.02541,0.02614,0.02688,0.02793,0.02854,0.02886,0.02883,0.02835,0.02898,0.02773,0.02597,0.02601,0.02372,0.02136,0.0214,0.01952,0.02005,0.01917,0.02034,0.02058,0.02138,0.02329,0.02463,0.02648,0.0281,0.02932,0.03053,0.03123,0.03194,0.03187,0.03208,0.03213,0.03088,0.03053,0.02853,0.02786,0.0271,0.02623,0.02364,0.0226,0.02146,0.01903,0.01783,0.01658,0.0153,0.0134,0.01229,0.01131,0.0105,0.00989,0.0095,0.00871,0.00868,0.0088,0.00899,0.00921,0.00938,0.00948,0.00946,0.00933,0.00792,0.00756,0.00714,0.00671,0.0063,0.00593,0.00561,0.00534,0.00509,0.00482,0.00448,0.00551,0.00487,0.00397,0.0028,0.00136,-0.0003,-0.00214,-0.00407,-0.00598,-0.00664,-0.00831,-0.00971,-0.01081,-0.01159,-0.01208,-0.01175,-0.01181,-0.01167,-0.01136,-0.01069,-0.01012,-0.00939,-0.00832,-0.00725,-0.00603,-0.00444,-0.00298,-0.00149,0.0001,0.00143,0.00259,0.00337,0.00402,0.00398,0.00412,0.00347,0.00335,0.00246,0.00239,0.00162,0.00181,0.00128,0.00171,0.0013,0.0018,0.00137,0.00094,0.00139,0.00119,0.00133,0.00194,0.00268,0.00382,0.00466,0.00605,0.00742,0.00858,0.00941,0.00932,0.00952,0.00941,0.00911,0.00873,0.00837,0.00808,0.00785,0.0076,0.00721,0.00656,0.00559,0.0043,0.00281,0.00127,-0.00012,-0.00079,-0.00163,-0.0021,-0.00227,-0.00225,-0.0023,-0.00251,-0.00303,-0.00357,-0.00467,-0.00601,-0.00704,-0.00853,-0.00997,-0.01106,-0.0124,-0.01352,-0.01482,-0.01593,-0.01719,-0.01843,-0.01925,-0.02025,-0.02064,-0.02125,-0.02119,-0.02145,-0.02109,-0.02118,-0.02069,-0.02013,-0.02011,-0.01947,-0.0192,-0.01846,-0.01769,-0.01713,-0.01633,-0.01562,-0.01478,-0.01391,-0.01287,-0.01182,-0.0107,-0.00909,-0.00783,-0.00665,-0.00562,-0.00387,-0.00325,-0.00299,-0.0031,-0.00246,-0.00325,-0.00432,-0.00559,-0.00607,-0.00749,-0.00886,-0.01015,-0.01131,-0.01143,-0.01226,-0.01296,-0.01352,-0.01397,-0.01432,-0.01386,-0.01417,-0.01451,-0.01494,-0.01549,-0.01619,-0.01702,-0.01795,-0.0189,-0.01979,-0.02053,-0.02124,-0.02152,-0.02148,-0.0211,-0.02039,-0.01938,-0.0181,-0.01658,-0.01491,-0.01313,-0.01132,-0.00957,-0.00795,-0.00654,-0.00542,-0.00463,-0.00419,-0.0041,-0.00422,-0.00466,-0.00531,-0.00611,-0.00698,-0.00789,-0.00882,-0.00973,-0.01059,-0.01136,-0.01273,-0.01325,-0.01356,-0.01366,-0.01355,-0.01325,-0.01353,-0.01295,-0.01231,-0.01168,-0.01108,-0.01116,-0.01075,-0.01044,-0.01019,-0.01001,-0.01051,-0.01042,-0.01034,-0.01084,-0.01075,-0.01062,-0.01045,-0.01043,-0.01002,-0.00955,-0.00871,-0.00815,-0.00769,-0.0068,-0.00682,-0.00663,-0.00744,-0.0086,-0.00982,-0.01159,-0.01338,-0.01526,-0.01699,-0.01833,-0.01941,-0.01981,-0.02014,-0.01966,-0.01946,-0.01846,-0.018,-0.01678,-0.01621,-0.01496,-0.01381,-0.01323,-0.0123,-0.01188,-0.01131,-0.01101,-0.01091,-0.01088,-0.01094,-0.01081,-0.01074,-0.01056,-0.01002,-0.00956,-0.00897,-0.00832,-0.00749,-0.00692,-0.00649,-0.00631,-0.00641,-0.00677,-0.00735,-0.00692,-0.00758,-0.00834,-0.00918,-0.01005,-0.01091,-0.01172,-0.01321,-0.01376,-0.01419,-0.01454,-0.01482,-0.01504,-0.01515,-0.01532,-0.0151,-0.01468,-0.01404,-0.01364,-0.0128,-0.01194,-0.01152,-0.0109,-0.01057,-0.01053,-0.01076,-0.01105,-0.01182,-0.01241,-0.01344,-0.0144,-0.01511,-0.01576,-0.01643,-0.01714,-0.01738,-0.01808,-0.01813,-0.01886,-0.01883,-0.01952,-0.02012,-0.01991,-0.02027,-0.02047,-0.01993,-0.01982,-0.01955,-0.01875,-0.01823,-0.01762,-0.01673,-0.016,-0.01526,-0.01453,-0.01376,-0.01313,-0.0126,-0.01218,-0.01192,-0.01183,-0.01152,-0.0117,-0.01206,-0.01258,-0.01322,-0.01394,-0.01469,-0.0154,-0.01604,-0.01654,-0.01526,-0.01544,-0.01547,-0.01537,-0.01516
213.75 -179.65869,-179.14611,-178.63294,-178.11924,-177.60512,-177.09062,-176.5758,-176.06082,-175.54577,-175.06845,-174.54905,-174.02983,-173.51087,-172.99223,-172.47406,-171.95647,-171.44922,-170.92828,-170.40824,-169.88921,-169.37116,-168.84344,-168.32287,-167.80373,-167.2862,-166.74269,-166.22344,-165.70589,-165.15062,-164.63188,-164.1154,-163.5489,-163.03207,-162.5177,-161.94045,-161.42608,-160.84118,-160.32753,-159.81729,-159.2229,-158.7138,-158.11239,-157.60499,-156.99701,-156.49239,-155.87821,-155.37644,-154.75626,-154.25762,-153.63208,-153.00214,-152.50756,-151.87283,-151.23383,-150.74377,-150.10056,-149.45364,-148.97048,-148.32039,-147.66669,-147.19097,-146.53493,-145.87593,-145.21389,-144.54894,-144.0869,-143.42124,-142.75327,-142.08341,-141.41154,-140.73785,-140.06254,-139.38582,-138.70771,-138.02906,-137.34968,-136.66981,-135.98968,-135.30953,-135.04012,-134.35541,-133.67164,-132.98871,-132.30686,-132.017,-131.33204,-130.64881,-129.96782,-129.66262,-128.97982,-128.29968,-127.98398,-127.3028,-126.62493,-126.29908,-125.6211,-125.28911,-124.61189,-123.93919,-123.59756,-122.92631,-122.57889,-121.90968,-121.55661,-120.89006,-120.53151,-119.86839,-119.50441,-118.84559,-118.47656,-117.82216,-117.44833,-116.79905,-116.4207,-116.03963,-115.39457,-115.0093,-114.37091,-113.9817,-113.5899,-112.95819,-112.56278,-112.16476,-111.54064,-111.13967,-110.73615,-110.12061,-109.71458,-109.30611,-108.70037,-108.2899,-107.87711,-107.46201,-106.86803,-106.45156,-106.03296,-105.61223,-105.03222,-104.61078,-104.18737,-103.76204,-103.33482,-102.77225,-102.34527,-101.91659,-101.48626,-101.05431,-100.6208,-100.08085,-99.64863,-99.21507,-98.78021,-98.34412,-97.90685,-97.46845,-97.02899,-96.58853,-96.08539,-95.64777,-95.20939,-94.7703,-94.33058,-93.89028,-93.44948,-93.00825,-92.56665,-92.12475,-91.68262,-91.24033,-90.79796,-90.35557,-89.91323,-89.47102,-89.029,-88.58724,-88.14582,-87.7048,-87.26425,-86.82424,-86.38483,-85.94609,-85.50809,-85.01189,-84.57096,-84.131,-83.69207,-83.25422,-82.81752,-82.38204,-81.94782,-81.51492,-80.98139,-80.54712,-80.1144,-79.68323,-79.25369,-78.82583,-78.26914,-77.84098,-77.41471,-76.99037,-76.5679,-75.99335,-75.57148,-75.15176,-74.73419,-74.14562,-73.72924,-73.31519,-72.90349,-72.30287,-71.89302,-71.48562,-70.87498,-70.46999,-70.06756,-69.44797,-69.04844,-68.65155,-68.02416,-67.63063,-67.2398,-66.60582,-66.21877,-65.57781,-65.19505,-64.81489,-64.16923,-63.7938,-63.14256,-62.77177,-62.11594,-61.75015,-61.09019,-60.72965,-60.06617,-59.71109,-59.04471,-58.69527,-58.0266,-57.68297,-57.01252,-56.6749,-56.00313,-55.32714,-54.99931,-54.32321,-54.00162,-53.32594,-52.64717,-52.33587,-51.65843,-50.97855,-50.29628,-50.00014,-49.32037,-48.63907,-47.9565,-47.67585,-46.99696,-46.31741,-45.63747,-44.95745,-44.27728,-43.59746,-42.91825,-42.23987,-41.56255,-40.88672,-40.21219,-39.53926,-38.86824,-38.19932,-37.5327,-36.86853,-36.20711,-35.5486,-35.08013,-34.42267,-33.76847,-33.11766,-32.63908,-31.99113,-31.34696,-30.86086,-30.22004,-29.58332,-29.09163,-28.45945,-27.83164,-27.33576,-26.71288,-26.21272,-25.59539,-25.09214,-24.4809,-23.97485,-23.36989,-22.86116,-22.26291,-21.7526,-21.16145,-20.65004,-20.06617,-19.55374,-19.03826,-18.46448,-17.94922,-17.38335,-16.86847,-16.35114,-15.79636,-15.27992,-14.76171,-14.24167,-13.70197,-13.18375,-12.66391,-12.1427,-11.61892,-11.10043,-10.58083,-10.06026,-9.53879,-9.03564,-8.51763,-7.99913,-7.48017,-6.96084,-6.44126,-5.9638,-5.44851,-4.93328,-4.41815,-3.90319,-3.38852,-2.87421,-2.36044,-1.84723,-1.33465,-0.82277,-0.31168,0.19854,0.70775,1.21595,1.72308,2.22904,2.73378,3.23724,3.73935,4.24,4.73915,5.36218,5.86123,6.35858,6.85424,7.34803,7.83995,8.47774,8.96842,9.45708,9.94374,10.42834,11.076,11.55838,12.03852,12.51638,13.17139,13.6466,14.11932,14.58964,15.24943,15.71647,16.18107,16.84546,17.3063,17.97483,18.43168,18.88588,19.55696,20.00697,20.68099,21.12632,21.8027,22.24326,22.92195,23.35759,24.0375,24.46783,25.14849,25.57351,26.25491,26.67446,27.35572,28.03913,28.44998,29.13275,29.8175,30.21942,30.90254,31.5868,31.97923,32.66148,33.34468,34.02855,34.71283,35.08837,35.7692,36.45034,37.13134,37.81204,38.49225,39.17171,39.85066,40.52866,41.20554,41.88116,42.55534,43.22799,43.89913,44.56843,45.23578,45.90104,46.25749,46.92251,47.58524,48.24547,48.61142,49.2706,49.92692,50.58027,50.95429,51.60588,52.25432,52.63425,53.28034,53.92291,54.30797,54.94769,55.33665,55.9732,56.36589,56.9991,57.62824,58.02467,58.64988,59.04933,59.67035,60.07259,60.68914,61.09393,61.70579,62.11299,62.5227,63.12923,63.54093,64.1421,64.55557,64.9713,65.56617,65.98336,66.57229,66.99072,67.4112,67.99301,68.41444,68.83781,69.41199,69.83598,70.26175,70.82782,71.25391,71.68164,72.11098,72.6669,73.09618,73.52693,73.95912,74.50411,74.93585,75.3689,75.80323,76.23878,76.77006,77.2047,77.64046,78.07727,78.51511,79.03154,79.46801,79.90537,80.34358,80.7826,81.22238,81.66289,82.10409,82.59677,83.03592,83.47562,83.91584,84.35655,84.7977,85.23924,85.68114,86.12337,86.56587,87.00861,87.45155,87.89465,88.33786,88.78115,89.22447,89.66779,90.11106,90.55425,90.99731,91.4402,91.88289,92.32532,92.76747,93.20929,93.65074,94.09179,94.53238,94.97248,95.41205,95.85106,96.34197,96.783,97.22334,97.66294,98.10176,98.53977,98.97692,99.41318,99.92774,100.36533,100.80189,101.2374,101.6718,102.20115,102.63643,103.07049,103.50327,103.93474,104.47775,104.90965,105.34011,105.76909,106.32298,106.75201,107.17943,107.6052,108.16918,108.59462,109.01829,109.59035,110.01338,110.4345,111.01417,111.43434,111.85247,112.43927,112.85612,113.27081,113.86421,114.27734,114.87631,115.28766,115.89198,116.30133,116.7082,117.31787,117.72243,118.33682,118.73883,119.35768,119.75692,120.37996,120.77616,121.40306,121.79595,122.42646,123.06088,123.4497,124.08729,124.47224,125.11268,125.75666,126.13651,126.78284,127.43244,127.80655,128.45789,129.11219,129.4798,130.13539,130.79365,131.45447,131.81315,132.47446,133.138,133.80367,134.47125,135.14062,135.81172,136.15273,136.82275,137.4941,138.16665,138.84029,139.51479,140.18989,140.86557,141.22525,141.90516,142.58526,143.26543,143.94553,144.62516,145.30417,145.68868,146.37042,147.0512,147.73095,148.12844,148.81006,149.48978,149.89633,150.57718,151.25589,151.67124,152.35057,152.77153,153.45066,153.87701,154.55545,155.2306,155.66468,156.33866,156.77772,157.44963,157.89335,158.33981,159.01099,159.46206,160.13029,160.58559,161.04354,161.70909,162.17084,162.83188,163.29736,163.76533,164.42207,164.89323,165.36668,165.84252,166.49394,166.97255,167.4534,167.93648,168.58063,169.06562,169.55271,170.04195,170.53319,171.16724,171.65963,172.15383,172.64974,173.14744,173.64686,174.14791,174.76536,175.26625,175.76853,176.27214,176.77709,177.28323,177.7905,178.29883,178.80812,179.31831,179.82942 -0.01075,-0.01064,-0.01053,-0.01044,-0.01037,-0.01034,-0.01032,-0.01033,-0.01035,-0.01085,-0.01085,-0.0109,-0.01102,-0.01118,-0.01137,-0.01158,-0.01241,-0.01264,-0.01279,-0.0128,-0.01268,-0.01352,-0.01319,-0.01273,-0.01219,-0.01288,-0.01226,-0.01164,-0.01235,-0.01174,-0.01114,-0.01188,-0.0113,-0.01074,-0.01143,-0.0109,-0.01147,-0.011,-0.01062,-0.01103,-0.01075,-0.01089,-0.01061,-0.01028,-0.00986,-0.00885,-0.00809,-0.00638,-0.00528,-0.00313,-0.00095,0.00023,0.00202,0.0033,0.00387,0.00425,0.00401,0.00398,0.00318,0.0022,0.00237,0.00173,0.00142,0.00149,0.00198,0.00355,0.00442,0.0053,0.00606,0.00659,0.00685,0.00684,0.00665,0.00634,0.00605,0.00584,0.00581,0.00602,0.00647,0.00727,0.00811,0.00914,0.01027,0.01137,0.01188,0.01256,0.01288,0.01277,0.01216,0.01127,0.00992,0.00825,0.00625,0.0041,0.00166,-0.00046,-0.00297,-0.00442,-0.0052,-0.00687,-0.00653,-0.00747,-0.00622,-0.00659,-0.00497,-0.00514,-0.00357,-0.00382,-0.00255,-0.00295,-0.00187,-0.00224,-0.00124,-0.00132,-0.00107,0.00019,0.00099,0.00233,0.00354,0.00488,0.00596,0.00708,0.00803,0.00812,0.00842,0.00843,0.00721,0.00656,0.00569,0.00339,0.00213,0.00083,-0.00043,-0.003,-0.00392,-0.00457,-0.00496,-0.00595,-0.00555,-0.00487,-0.00393,-0.00277,-0.00109,0.00062,0.00242,0.00422,0.00597,0.00755,0.00972,0.01065,0.01121,0.01137,0.01118,0.0107,0.00998,0.00913,0.0082,0.00698,0.00596,0.00497,0.00405,0.00321,0.0025,0.00198,0.00168,0.00167,0.00203,0.00277,0.00392,0.00543,0.00723,0.00922,0.01128,0.01333,0.01531,0.01722,0.01904,0.02081,0.02256,0.02428,0.02594,0.02747,0.03019,0.03154,0.03266,0.03356,0.03427,0.03481,0.03521,0.03552,0.03577,0.03802,0.03816,0.03822,0.03819,0.03808,0.03791,0.03823,0.03761,0.03692,0.03614,0.03526,0.03347,0.03225,0.03091,0.02945,0.02716,0.02564,0.02412,0.02267,0.02125,0.02018,0.01928,0.01931,0.0189,0.01869,0.02023,0.02054,0.02107,0.02439,0.02567,0.02723,0.03252,0.03479,0.04085,0.04329,0.04559,0.05082,0.0523,0.0556,0.05582,0.05668,0.05557,0.05402,0.05177,0.04822,0.0451,0.04005,0.03631,0.03047,0.02647,0.02058,0.01687,0.01188,0.0079,0.00574,0.00372,0.00291,0.00288,0.0039,0.00465,0.00672,0.00918,0.01179,0.01308,0.01561,0.01791,0.01987,0.02079,0.02211,0.02301,0.02353,0.02378,0.02385,0.02382,0.02377,0.02372,0.02367,0.02364,0.02366,0.02375,0.02395,0.02427,0.02466,0.02509,0.02545,0.02566,0.02602,0.02597,0.02561,0.0249,0.02512,0.0238,0.02201,0.02185,0.01949,0.01695,0.01672,0.01446,0.01267,0.01338,0.01276,0.01433,0.01493,0.01718,0.01864,0.02112,0.02289,0.02512,0.0266,0.02821,0.02896,0.02976,0.02953,0.02955,0.02931,0.02778,0.02709,0.02505,0.02419,0.02333,0.02129,0.02049,0.0197,0.01889,0.01719,0.01634,0.01541,0.0144,0.01275,0.01169,0.01065,0.00968,0.00884,0.00748,0.00696,0.00661,0.00642,0.00634,0.00632,0.00521,0.00509,0.00491,0.00464,0.0043,0.00388,0.0034,0.00289,0.00237,0.00187,0.00139,0.00095,0.00054,0.00014,-0.00027,-0.00074,-0.00131,-0.00202,-0.0029,-0.00396,-0.0052,-0.0066,-0.00656,-0.00823,-0.00986,-0.01136,-0.01266,-0.0137,-0.01355,-0.01408,-0.01431,-0.01428,-0.01404,-0.01308,-0.0126,-0.01203,-0.01139,-0.01027,-0.00948,-0.00859,-0.00759,-0.00594,-0.00467,-0.00334,-0.00133,-1e-05,0.00178,0.00276,0.00349,0.00433,0.00445,0.00453,0.0042,0.00386,0.00342,0.00312,0.00288,0.0029,0.00297,0.00319,0.00339,0.00351,0.00359,0.00338,0.003,0.00278,0.00243,0.00233,0.00236,0.00287,0.00373,0.00418,0.00523,0.00616,0.00682,0.00716,0.0066,0.00633,0.00587,0.00536,0.00493,0.00467,0.00462,0.00476,0.005,0.0052,0.00519,0.00483,0.00401,0.00277,0.00125,-0.00032,-0.00169,-0.0019,-0.00268,-0.00297,-0.00286,-0.00263,-0.00239,-0.00228,-0.00248,-0.003,-0.00387,-0.00505,-0.00609,-0.00749,-0.00887,-0.00986,-0.01115,-0.01211,-0.01339,-0.01444,-0.01581,-0.01717,-0.01829,-0.01948,-0.0204,-0.02109,-0.02164,-0.02179,-0.02202,-0.02189,-0.02194,-0.02185,-0.02152,-0.02122,-0.02061,-0.02008,-0.01944,-0.01851,-0.01778,-0.01678,-0.01604,-0.01526,-0.01417,-0.01324,-0.01218,-0.01071,-0.00935,-0.00787,-0.00609,-0.00456,-0.00316,-0.00198,-0.00095,-0.00044,-0.00036,-0.00069,-0.00145,-0.00237,-0.00349,-0.0047,-0.00593,-0.00694,-0.00791,-0.00879,-0.00958,-0.01029,-0.01064,-0.01118,-0.01167,-0.01211,-0.01251,-0.01292,-0.01339,-0.01396,-0.01462,-0.01549,-0.0165,-0.01762,-0.01875,-0.0198,-0.02067,-0.02128,-0.02157,-0.02151,-0.02108,-0.02031,-0.01922,-0.01787,-0.01631,-0.0146,-0.01282,-0.01106,-0.00939,-0.0079,-0.00667,-0.00574,-0.00516,-0.00494,-0.00506,-0.00546,-0.00607,-0.00682,-0.00761,-0.00838,-0.00908,-0.00914,-0.00973,-0.01023,-0.01065,-0.01097,-0.01119,-0.01128,-0.01124,-0.01144,-0.01115,-0.01073,-0.01021,-0.00963,-0.00961,-0.00902,-0.00849,-0.00803,-0.00764,-0.00802,-0.00778,-0.00759,-0.00744,-0.00808,-0.00798,-0.00789,-0.00781,-0.00855,-0.00848,-0.0084,-0.00893,-0.00877,-0.00861,-0.0086,-0.00846,-0.00845,-0.00846,-0.00893,-0.00968,-0.01066,-0.01198,-0.01357,-0.01516,-0.01692,-0.01832,-0.01946,-0.02055,-0.02111,-0.02138,-0.02141,-0.02095,-0.02065,-0.01968,-0.01919,-0.01791,-0.0173,-0.01591,-0.01457,-0.01405,-0.01298,-0.01267,-0.012,-0.01153,-0.01151,-0.0111,-0.01065,-0.01028,-0.00957,-0.00883,-0.00796,-0.00715,-0.00643,-0.00582,-0.00496,-0.00464,-0.00449,-0.00447,-0.00451,-0.00457,-0.00459,-0.0043,-0.00415,-0.00399,-0.00396,-0.00412,-0.00451,-0.00512,-0.00591,-0.00759,-0.00853,-0.00948,-0.0104,-0.01125,-0.01199,-0.01254,-0.01342,-0.01348,-0.01325,-0.01275,-0.0127,-0.01191,-0.01113,-0.01094,-0.01041,-0.01016,-0.01032,-0.01056,-0.01097,-0.01158,-0.01214,-0.01278,-0.01319,-0.01368,-0.01365,-0.01405,-0.01365,-0.01408,-0.01458,-0.01422,-0.01492,-0.01483,-0.01571,-0.01658,-0.01681,-0.01759,-0.01787,-0.01841,-0.01876,-0.01884,-0.01886,-0.0187,-0.01839,-0.01805,-0.01749,-0.01682,-0.01608,-0.01546,-0.01464,-0.01384,-0.01307,-0.01236,-0.01149,-0.01084,-0.01029,-0.00986,-0.00957,-0.00943,-0.00945,-0.00822,-0.0084,-0.0087,-0.0091,-0.00953,-0.00995,-0.01032,-0.0106,-0.01077,-0.01083,-0.01082
219.375 -179.96324,-179.46291,-178.96207,-178.46081,-177.95915,-177.45723,-176.95515,-176.45299,-175.95083,-175.44877,-174.94686,-174.4452,-173.94392,-173.45268,-172.94788,-172.44371,-171.94031,-171.43769,-170.93595,-170.42166,-169.91725,-169.41406,-168.9123,-168.38324,-167.87943,-167.37713,-166.87658,-166.33324,-165.83139,-165.33182,-164.77809,-164.27762,-163.77946,-163.21559,-162.71726,-162.22201,-161.64872,-161.15394,-160.57383,-160.07971,-159.58897,-159.00051,-158.51181,-157.91729,-157.43053,-156.83007,-156.3457,-155.73989,-155.25917,-154.64834,-154.17121,-153.55545,-152.93581,-152.46227,-151.83879,-151.21161,-150.74351,-150.11285,-149.47855,-149.01653,-148.37992,-147.7402,-147.28645,-146.6449,-146.00037,-145.35321,-144.70397,-144.05235,-143.61376,-142.96223,-142.30871,-141.65341,-140.99698,-140.33918,-139.68021,-139.02025,-138.35949,-137.69805,-137.03665,-136.3751,-135.71362,-135.44436,-134.7788,-134.11382,-133.44971,-132.78696,-132.1255,-131.8334,-131.1694,-130.50727,-130.20544,-129.54145,-128.88022,-128.22182,-127.90645,-127.24733,-126.92637,-126.26702,-125.61135,-125.28138,-124.62633,-124.29096,-123.63754,-122.98878,-122.64494,-121.99823,-121.64935,-121.00524,-120.65144,-120.01049,-119.65195,-119.01505,-118.65174,-118.01945,-117.65189,-117.28191,-116.65257,-116.27853,-115.65475,-115.2769,-114.65922,-114.27783,-113.8941,-113.28228,-112.89523,-112.50599,-111.90145,-111.50928,-111.11485,-110.51817,-110.1214,-109.72243,-109.13456,-108.73367,-108.33069,-107.92562,-107.34824,-106.94182,-106.53344,-106.1231,-105.55804,-105.14692,-104.734,-104.31934,-103.90291,-103.35368,-102.93724,-102.51922,-102.09965,-101.67855,-101.14724,-100.72698,-100.30538,-99.8825,-99.45836,-99.03303,-98.60653,-98.10092,-97.67634,-97.25081,-96.82437,-96.39709,-95.96901,-95.54019,-95.11069,-94.68055,-94.24985,-93.81864,-93.38698,-92.95493,-92.52256,-92.08991,-91.65707,-91.22409,-90.79103,-90.35795,-89.92493,-89.49202,-89.05929,-88.62679,-88.1946,-87.76278,-87.33137,-86.90046,-86.47009,-86.04032,-85.61121,-85.18281,-84.75519,-84.3284,-83.90249,-83.47751,-82.9777,-82.55074,-82.12492,-81.70029,-81.27686,-80.8547,-80.43386,-79.90793,-79.4862,-79.06599,-78.64733,-78.23023,-77.81471,-77.26875,-76.85329,-76.43961,-76.02774,-75.46764,-75.05637,-74.64709,-74.23979,-73.66723,-73.26114,-72.85715,-72.45528,-71.87197,-71.47192,-71.07407,-70.48166,-70.0861,-69.69283,-69.09232,-68.70175,-68.31354,-67.70597,-67.32086,-66.93814,-66.32458,-65.94532,-65.32509,-64.94983,-64.5769,-63.9523,-63.58352,-62.95398,-62.5894,-61.9555,-61.59543,-60.95762,-60.60227,-59.9611,-59.61065,-58.96666,-58.62126,-57.97501,-57.63478,-56.98647,-56.65184,-56.0021,-55.34844,-55.02241,-54.36843,-53.71098,-53.39408,-52.73716,-52.07736,-51.76992,-51.11138,-50.45027,-50.15271,-49.49371,-48.83304,-48.17089,-47.50754,-47.22816,-46.56818,-45.90758,-45.24632,-44.58478,-43.92327,-43.262,-42.60118,-41.94104,-41.28198,-40.62359,-39.96648,-39.31081,-38.65678,-38.00454,-37.35429,-36.70642,-36.06056,-35.61515,-34.96981,-34.32717,-33.68735,-33.05054,-32.59396,-31.95919,-31.32767,-30.86324,-30.23475,-29.60982,-29.14015,-28.51916,-27.90171,-27.42686,-26.8138,-26.33495,-25.72688,-25.24483,-24.64189,-24.15622,-23.55872,-23.07054,-22.47905,-21.9892,-21.40384,-20.91217,-20.33306,-19.84007,-19.34422,-18.77421,-18.27802,-17.7149,-17.21851,-16.71944,-16.16613,-15.66795,-15.16759,-14.66515,-14.12544,-13.62417,-13.12126,-12.59238,-12.0915,-11.58918,-11.08554,-10.58058,-10.07009,-9.56797,-9.06498,-8.56116,-8.05663,-7.55147,-7.06416,-6.56261,-6.06075,-5.55862,-5.05632,-4.55394,-4.0516,-3.54941,-3.04742,-2.5457,-2.04433,-1.5434,-1.04303,-0.54329,-0.04422,0.45411,0.95168,1.44837,1.94412,2.43878,2.93238,3.42484,3.91612,4.40616,4.8949,5.38235,5.86831,6.46922,6.9549,7.43899,7.92144,8.40231,8.88141,9.49591,9.97364,10.44951,10.92349,11.39565,12.01945,12.48942,12.95734,13.58811,14.05354,14.51692,14.97814,15.61399,16.07201,16.52779,17.16807,17.62058,18.26572,18.71438,19.1607,19.808,20.25036,20.90133,21.33957,21.993,22.42667,23.08217,23.51137,24.1689,24.59332,25.25182,25.67117,26.33018,26.74461,27.40422,28.06641,28.47279,29.13416,29.79772,30.19575,30.85832,31.52244,31.91171,32.57372,33.23697,33.90135,34.56644,34.93988,35.60195,36.26416,36.92677,37.58941,38.25183,38.91386,39.5753,40.23613,40.8963,41.55547,42.21351,42.87028,43.52561,44.17955,44.83193,45.48251,45.82287,46.47357,47.12214,47.76848,48.4127,48.76457,49.40788,50.04856,50.40714,51.04637,51.68267,52.31607,52.6819,53.31326,53.68344,54.31234,54.93783,55.31276,55.93532,56.31396,56.93339,57.31563,57.93165,58.54377,58.92936,59.53758,59.92602,60.53007,60.92113,61.31486,61.91426,62.31035,62.90506,63.30326,63.89299,64.29303,64.6954,65.2792,65.6831,66.26135,66.66658,67.07391,67.64542,68.0538,68.46416,69.02851,69.43961,69.85256,70.40931,70.82269,71.23777,71.65451,72.20166,72.61846,73.03678,73.45659,73.9934,74.41291,74.83377,75.25596,75.78171,76.20324,76.62597,77.04984,77.47483,77.98671,78.41062,78.83551,79.26136,79.68811,80.11573,80.54417,81.0363,81.46305,81.8905,82.31862,82.74737,83.1767,83.60659,84.03698,84.46784,84.89913,85.33081,85.78981,86.2189,86.64826,87.07785,87.50763,87.93756,88.36761,88.79773,89.22789,89.65804,90.08815,90.51818,90.94809,91.37784,91.80739,92.2367,92.66573,93.09444,93.55443,93.98563,94.4164,94.84669,95.27647,95.7057,96.13432,96.56232,96.98964,97.41626,97.90636,98.33464,98.76209,99.18867,99.61433,100.03905,100.46277,100.97256,101.39736,101.82104,102.24357,102.66491,103.18853,103.61051,104.03117,104.45047,104.98513,105.40472,105.82282,106.23939,106.78435,107.20085,107.61569,108.02884,108.58335,108.99605,109.40692,109.96903,110.37916,110.78732,111.35661,111.76374,112.16876,112.74472,113.1484,113.72991,114.13204,114.53186,115.11926,115.51723,116.10963,116.50553,116.89889,117.49632,117.88729,118.48912,118.87749,119.48347,119.86898,120.4788,120.86118,121.47458,122.09177,122.47042,123.09082,123.46578,124.08911,124.46015,125.08611,125.71532,126.08126,126.71263,127.34695,127.70704,128.34293,128.98158,129.33525,129.97502,130.61726,131.26186,131.60666,132.25162,132.89863,133.54745,134.19805,134.85035,135.50421,135.83158,136.48429,137.1382,137.79319,138.44913,139.10565,139.7628,140.42043,141.07838,141.43671,142.09845,142.76025,143.42178,144.08273,144.7431,145.1214,145.78439,146.44638,147.10735,147.49803,148.1606,148.82138,149.4803,149.88252,150.54232,150.94998,151.61037,152.26792,152.68339,153.34045,153.76094,154.4173,154.8428,155.49807,156.14931,156.58155,157.01622,157.66709,158.10621,158.75454,159.19788,159.8428,160.28994,160.73943,161.38144,161.8347,162.47225,162.92886,163.3877,164.02053,164.48221,164.94607,165.57339,166.03994,166.50853,166.97914,167.59947,168.07197,168.54649,169.02291,169.50116,170.11228,170.59177,171.0729,171.55563,172.04012,172.52617,173.12345,173.60971,174.09734,174.58627,175.07651,175.56801,176.06068,176.55445,177.04927,177.54508,178.04181,178.53945,179.03787,179.53699 -0.00645,-0.00661,-0.00676,-0.00691,-0.0071,-0.00731,-0.00756,-0.00781,-0.00805,-0.00826,-0.00843,-0.00854,-0.0086,-0.00941,-0.00944,-0.00945,-0.00942,-0.00935,-0.00923,-0.01005,-0.00982,-0.0095,-0.0091,-0.00973,-0.0092,-0.00863,-0.00804,-0.00858,-0.00801,-0.00747,-0.00804,-0.00754,-0.00709,-0.00771,-0.00732,-0.00699,-0.00768,-0.00745,-0.00819,-0.00808,-0.00809,-0.00888,-0.00903,-0.00971,-0.00981,-0.0101,-0.00998,-0.00951,-0.00896,-0.00763,-0.0066,-0.00459,-0.00241,-0.00114,0.00085,0.00249,0.00312,0.00401,0.00444,0.00431,0.00424,0.00402,0.00385,0.00384,0.00404,0.00446,0.0051,0.00589,0.00685,0.00761,0.00818,0.00848,0.00846,0.00814,0.00757,0.00683,0.00602,0.00526,0.00468,0.00435,0.00439,0.00489,0.00555,0.00655,0.00781,0.00919,0.01053,0.01141,0.01239,0.01298,0.01321,0.01313,0.0126,0.01169,0.01084,0.0094,0.00801,0.00629,0.00467,0.00285,0.0016,-0.00021,-0.00072,-0.00063,-0.00181,-0.00092,-0.00168,-0.00026,-0.00074,0.00083,0.00041,0.00184,0.00132,0.00243,0.00174,0.00105,0.00169,0.00106,0.00153,0.00125,0.00182,0.00211,0.00273,0.00368,0.00459,0.00553,0.00613,0.00669,0.00702,0.00645,0.00609,0.00545,0.00364,0.00241,0.00104,-0.0004,-0.00295,-0.0043,-0.00543,-0.00627,-0.00748,-0.00747,-0.00707,-0.00631,-0.00522,-0.0034,-0.00168,0.00019,0.00216,0.00413,0.0071,0.00877,0.01015,0.01119,0.01183,0.01209,0.01195,0.01156,0.01078,0.00985,0.00884,0.00779,0.00674,0.00572,0.00476,0.00388,0.00313,0.00257,0.00223,0.00219,0.00251,0.00322,0.00432,0.00578,0.00753,0.00943,0.01138,0.01325,0.01497,0.0165,0.01788,0.01914,0.02035,0.02153,0.02271,0.02386,0.02494,0.02591,0.02669,0.02727,0.02763,0.02781,0.03034,0.03045,0.03052,0.03061,0.03076,0.03103,0.03144,0.03435,0.03476,0.03521,0.03566,0.03607,0.03637,0.03655,0.03616,0.03556,0.0347,0.03273,0.03134,0.02981,0.02817,0.02555,0.02396,0.02249,0.02116,0.01941,0.01853,0.0178,0.01724,0.01688,0.01661,0.01754,0.01775,0.01816,0.02133,0.02261,0.02421,0.02973,0.03206,0.0383,0.04065,0.04286,0.04787,0.04916,0.05217,0.05224,0.05292,0.05172,0.05012,0.04779,0.04425,0.041,0.03602,0.03225,0.02656,0.02283,0.01736,0.01433,0.00997,0.00654,0.00556,0.00399,0.0035,0.0044,0.00521,0.00668,0.0083,0.01026,0.01249,0.01403,0.01623,0.01828,0.02004,0.02135,0.02154,0.02206,0.02224,0.02225,0.02226,0.02237,0.02263,0.02297,0.02333,0.02369,0.024,0.02428,0.02455,0.02483,0.02508,0.02528,0.02534,0.02522,0.02516,0.02475,0.02408,0.02314,0.02192,0.02147,0.01972,0.01766,0.01681,0.01433,0.01183,0.01104,0.00898,0.00749,0.00777,0.00754,0.00886,0.00994,0.01213,0.01418,0.01681,0.01923,0.0217,0.02379,0.02562,0.02682,0.0277,0.02773,0.02766,0.02727,0.02588,0.02494,0.02316,0.02209,0.02109,0.01942,0.0186,0.01785,0.01716,0.01582,0.01509,0.01432,0.01272,0.01172,0.01066,0.00956,0.00848,0.00655,0.00563,0.00486,0.00425,0.00378,0.00343,0.00187,0.00155,0.00123,0.00088,0.00049,5e-05,-0.00043,-0.00095,-0.0015,-0.00208,-0.00266,-0.00324,-0.00382,-0.00439,-0.00496,-0.00552,-0.0061,-0.0067,-0.00733,-0.00801,-0.00876,-0.00958,-0.01048,-0.01143,-0.01241,-0.01338,-0.01429,-0.01443,-0.01527,-0.01589,-0.01625,-0.01637,-0.01624,-0.01579,-0.01534,-0.01476,-0.01409,-0.01338,-0.0125,-0.01179,-0.01107,-0.00995,-0.00911,-0.00821,-0.00721,-0.00545,-0.00427,-0.00307,-0.00111,-5e-05,0.00157,0.0022,0.00261,0.00321,0.00309,0.00306,0.00267,0.00242,0.00211,0.00208,0.00205,0.00237,0.00257,0.00301,0.00313,0.00329,0.00306,0.00274,0.00225,0.00154,0.00112,0.00104,0.0007,0.00133,0.00229,0.00245,0.00348,0.00424,0.00458,0.00446,0.00358,0.00279,0.00181,0.00081,-4e-05,-0.00062,-0.00085,-0.00076,-0.00041,5e-05,0.00046,0.00062,0.00038,-0.0003,-0.00134,-0.00254,-0.00362,-0.00355,-0.00415,-0.00419,-0.0037,-0.00284,-0.00245,-0.00162,-0.00108,-0.00132,-0.00162,-0.00252,-0.00392,-0.00504,-0.00674,-0.00779,-0.00934,-0.01072,-0.01145,-0.01255,-0.01331,-0.01427,-0.01518,-0.01601,-0.01656,-0.01757,-0.01773,-0.01863,-0.01841,-0.01918,-0.01985,-0.01952,-0.02008,-0.01971,-0.02004,-0.01946,-0.01945,-0.01923,-0.01826,-0.01781,-0.01676,-0.01623,-0.01567,-0.01473,-0.01412,-0.01341,-0.01244,-0.01148,-0.01034,-0.00918,-0.00781,-0.00637,-0.00494,-0.00434,-0.0033,-0.00252,-0.00206,-0.0032,-0.00336,-0.00376,-0.00434,-0.00613,-0.00671,-0.0073,-0.00791,-0.00853,-0.00979,-0.01037,-0.01095,-0.01152,-0.01205,-0.0125,-0.01289,-0.01399,-0.01425,-0.01454,-0.01491,-0.01542,-0.01608,-0.01688,-0.01778,-0.0187,-0.01956,-0.02025,-0.02041,-0.02045,-0.02018,-0.01959,-0.0187,-0.01754,-0.01617,-0.01465,-0.01308,-0.01151,-0.01005,-0.00875,-0.0077,-0.00695,-0.00652,-0.00644,-0.00668,-0.00721,-0.00735,-0.00817,-0.00907,-0.00997,-0.01079,-0.01149,-0.01205,-0.01245,-0.01271,-0.01283,-0.0121,-0.01205,-0.01191,-0.01168,-0.01136,-0.01097,-0.01051,-0.00966,-0.00911,-0.00856,-0.00802,-0.00752,-0.00696,-0.00658,-0.00627,-0.00602,-0.00599,-0.00584,-0.0057,-0.00558,-0.00585,-0.00572,-0.00559,-0.00547,-0.00605,-0.006,-0.006,-0.00683,-0.0069,-0.00703,-0.00781,-0.00804,-0.00839,-0.00928,-0.00994,-0.0112,-0.01217,-0.01317,-0.01493,-0.01588,-0.01761,-0.01827,-0.01869,-0.0199,-0.02,-0.02071,-0.02056,-0.02073,-0.02039,-0.01999,-0.01948,-0.01857,-0.01741,-0.01676,-0.01555,-0.01503,-0.01407,-0.01378,-0.01316,-0.01263,-0.01246,-0.01173,-0.01073,-0.00992,-0.00847,-0.00699,-0.00567,-0.00432,-0.00329,-0.00265,-0.00178,-0.00185,-0.0023,-0.00295,-0.00362,-0.0041,-0.00423,-0.00422,-0.00376,-0.00298,-0.00209,-0.00128,-0.00073,-0.00051,-0.00065,-0.00109,-0.00233,-0.00317,-0.00413,-0.00515,-0.00621,-0.00724,-0.00878,-0.00955,-0.01008,-0.01032,-0.01091,-0.01057,-0.01002,-0.00938,-0.00941,-0.00886,-0.00904,-0.00883,-0.0088,-0.00942,-0.00959,-0.01033,-0.01038,-0.01104,-0.01067,-0.00988,-0.01028,-0.01064,-0.00956,-0.01004,-0.0092,-0.01002,-0.00976,-0.01097,-0.01223,-0.0128,-0.01416,-0.015,-0.0162,-0.0172,-0.01786,-0.01849,-0.01889,-0.01907,-0.01906,-0.01886,-0.01847,-0.0179,-0.01722,-0.01643,-0.01556,-0.01464,-0.01341,-0.01237,-0.01132,-0.01029,-0.00927,-0.0083,-0.00649,-0.00558,-0.00481,-0.00422,-0.00385,-0.00371,-0.00377,-0.00401,-0.00438,-0.00481,-0.00525,-0.00565,-0.00599,-0.00625
225.0 -179.76639,-179.28091,-178.7952,-178.30933,-177.82336,-177.33739,-176.8515,-176.37879,-175.88913,-175.39973,-174.91068,-174.42207,-173.934,-173.4466,-172.95992,-172.45829,-171.9687,-171.48008,-170.99252,-170.50617,-170.02122,-169.49908,-169.01196,-168.5264,-168.04249,-167.50732,-167.02217,-166.53909,-165.99452,-165.51032,-165.02839,-164.54884,-163.99233,-163.51298,-162.95045,-162.47116,-161.99468,-161.42361,-160.94803,-160.47609,-159.89745,-159.42693,-158.84267,-158.37377,-157.78429,-157.31822,-156.72406,-156.26092,-155.66199,-155.20173,-154.59828,-154.14232,-153.53523,-152.92486,-152.47301,-151.85888,-151.24161,-150.79482,-150.17513,-149.55251,-149.11248,-148.48762,-147.85987,-147.42745,-146.79884,-146.16792,-145.53479,-144.89954,-144.47954,-143.84439,-143.20774,-142.56954,-141.92992,-141.28904,-140.64695,-140.00397,-139.36058,-138.71661,-138.07222,-137.4276,-136.78295,-136.13859,-135.49486,-134.85171,-134.57305,-133.92673,-133.28146,-132.63748,-131.99539,-131.70016,-131.05604,-130.41391,-130.11004,-129.46649,-128.82546,-128.18732,-127.87129,-127.23322,-126.59833,-126.27414,-125.6396,-125.31061,-124.67688,-124.04729,-123.71064,-123.08302,-122.7416,-122.11641,-121.77057,-121.14776,-120.79756,-120.17779,-119.82336,-119.20714,-118.84864,-118.23645,-117.87408,-117.2671,-116.90089,-116.53262,-115.92923,-115.55756,-114.95971,-114.58484,-114.20791,-113.6153,-113.23546,-112.85359,-112.26718,-111.88274,-111.49629,-110.91738,-110.52864,-110.13794,-109.56743,-109.17493,-108.78055,-108.21883,-107.82304,-107.42546,-107.02611,-106.47493,-106.07469,-105.67279,-105.26923,-104.73007,-104.32617,-103.92076,-103.51385,-103.10547,-102.58168,-102.17361,-101.76422,-101.35355,-100.94162,-100.52846,-100.11412,-99.61205,-99.19899,-98.78492,-98.36987,-97.95388,-97.537,-97.11927,-96.70074,-96.22699,-95.81081,-95.39401,-94.97663,-94.55872,-94.14033,-93.72152,-93.30233,-92.88281,-92.46302,-92.04301,-91.62283,-91.20254,-90.78218,-90.36182,-89.9415,-89.52128,-89.10122,-88.68136,-88.26175,-87.84246,-87.42353,-87.00501,-86.58696,-86.16942,-85.75245,-85.33607,-84.86727,-84.44849,-84.0305,-83.61334,-83.19707,-82.78172,-82.36735,-81.95399,-81.54167,-81.04179,-80.62823,-80.21589,-79.80481,-79.39502,-78.98655,-78.4671,-78.05819,-77.65077,-77.24484,-76.84043,-76.30573,-75.90156,-75.49905,-75.09822,-74.55137,-74.15133,-73.75308,-73.35663,-72.79902,-72.4039,-72.01067,-71.44396,-71.05247,-70.66295,-70.2754,-69.70063,-69.31527,-68.93193,-68.35014,-67.96936,-67.38038,-67.00262,-66.62688,-66.03212,-65.65961,-65.05907,-64.68988,-64.32282,-63.71855,-63.35511,-62.74617,-62.38659,-61.77345,-61.41791,-60.80106,-60.44973,-59.82965,-59.48267,-58.85954,-58.51734,-57.89158,-57.55389,-56.92655,-56.59347,-55.96487,-55.33232,-55.00704,-54.37395,-53.73745,-53.42033,-52.78405,-52.14439,-51.83589,-51.19727,-50.55632,-50.25639,-49.61704,-48.97588,-48.3331,-47.68893,-47.40534,-46.76382,-46.12115,-45.47779,-44.83394,-44.18981,-43.54558,-43.28683,-42.64676,-42.00722,-41.3677,-40.72885,-40.09083,-39.68811,-39.04826,-38.40997,-37.77302,-37.13741,-36.50356,-35.87158,-35.2416,-34.81619,-34.1872,-33.56042,-32.93577,-32.50019,-31.87729,-31.25714,-30.81478,-30.19739,-29.58284,-29.13406,-28.52242,-27.91395,-27.46068,-26.85618,-26.39903,-25.79832,-25.33675,-24.74046,-24.27573,-23.68441,-23.21725,-22.63095,-22.16095,-21.57969,-21.10779,-20.53214,-20.05922,-19.583,-19.01521,-18.53776,-17.97577,-17.49808,-17.0179,-16.46471,-15.98469,-15.50207,-14.9578,-14.47588,-13.99212,-13.5064,-12.97475,-12.49044,-12.00426,-11.51664,-10.99803,-10.51258,-10.02585,-9.53796,-9.04892,-8.54723,-8.06101,-7.57402,-7.08632,-6.59799,-6.10914,-5.61983,-5.13027,-4.65741,-4.17149,-3.68543,-3.19932,-2.71323,-2.22728,-1.74153,-1.25602,-0.77085,-0.28607,0.19825,0.68204,1.16524,1.64778,2.12961,2.61065,3.09086,3.57021,4.12812,4.60827,5.08731,5.5652,6.0419,6.51745,6.99161,7.46447,8.04251,8.51483,8.98567,9.45514,9.92302,10.51276,10.97923,11.44403,11.90716,12.50593,12.96721,13.42664,13.88428,14.48947,14.94471,15.39823,16.00942,16.45996,16.90856,17.52405,17.96957,18.59035,19.03261,19.47272,20.09584,20.53224,21.15911,21.59187,22.2219,22.65048,23.28264,23.70695,24.34136,24.76154,25.39749,25.81312,26.44975,27.08964,27.49815,28.13858,28.54228,29.18243,29.82472,30.2205,30.86233,31.50598,32.15126,32.53601,33.17929,33.82399,34.46986,35.11651,35.48628,36.13011,36.77418,37.41888,38.06365,38.70832,39.35273,39.99669,40.64022,41.28323,41.9254,42.56659,43.20665,43.84547,44.48315,45.11944,45.44242,46.07917,46.71411,47.34713,47.97817,48.31319,48.94394,49.57238,50.19841,50.54185,51.16662,51.78872,52.13836,52.75898,53.3767,53.73192,54.3474,54.70686,55.3198,55.92947,56.29337,56.9002,57.26779,57.87152,58.24247,58.84271,59.21675,59.81323,60.19013,60.78263,61.16216,61.75048,62.13247,62.71645,63.10066,63.4874,64.06617,64.45477,65.02854,65.41878,65.81131,66.37902,66.77289,67.33512,67.73015,68.12725,68.68273,69.08068,69.48058,69.88235,70.42934,70.83157,71.23553,71.77473,72.17887,72.58462,72.99195,73.52129,73.92843,74.33701,74.74699,75.26582,75.67528,76.086,76.49796,76.9111,77.41667,77.82888,78.24215,78.65644,79.07171,79.48792,79.97693,80.39168,80.80725,81.2236,81.64069,82.05848,82.47693,82.89599,83.31564,83.77873,84.1962,84.61414,85.0325,85.45125,85.87035,86.28975,86.70942,87.12932,87.54941,87.96965,88.39001,88.81044,89.2309,89.65137,90.07179,90.49214,90.91236,91.33243,91.7523,92.17194,92.59131,93.01036,93.42907,93.84738,94.26527,94.68269,95.14351,95.56308,95.98207,96.40044,96.81814,97.23514,97.6514,98.06687,98.48153,98.9682,99.38428,99.79943,100.21359,100.62674,101.03882,101.54204,101.95505,102.36689,102.77749,103.18683,103.70328,104.11313,104.52159,104.92862,105.45559,105.86277,106.2684,106.67243,107.20921,107.61304,108.01514,108.41546,108.96134,109.3611,109.75895,110.312,110.709,111.10395,111.66379,112.0576,112.62289,113.01534,113.40551,113.9768,114.36533,114.75143,115.32829,115.71244,116.29396,116.67595,117.26192,117.64152,118.23172,118.6087,119.20289,119.57704,120.1749,120.54592,121.1472,121.51489,122.11938,122.4835,123.09095,123.45127,124.06141,124.67469,125.03022,125.64574,126.26419,126.61429,127.23441,127.85711,128.20103,128.82501,129.45142,129.78857,130.41573,131.04504,131.6764,132.00425,132.63562,133.26855,133.90306,134.53908,135.1765,135.8152,136.45504,136.76213,137.40023,138.03914,138.67843,139.31822,139.95835,140.31013,140.954,141.59787,142.24165,142.88512,143.52785,144.16991,144.81114,145.1886,145.83204,146.47434,147.11524,147.50408,148.14603,148.78607,149.18291,149.82371,150.46229,150.86696,151.50557,152.14099,152.55285,153.18762,153.60404,154.23795,154.65896,155.29133,155.71647,156.34643,156.77575,157.40323,157.8367,158.46129,158.89858,159.51931,159.96001,160.40274,161.02066,161.46689,162.07996,162.52927,162.98045,163.58849,164.04231,164.49816,165.10063,165.55885,166.01884,166.48061,167.07592,167.53946,168.00476,168.47171,169.05837,169.52658,169.99627,170.46734,170.93997,171.51474,171.98791,172.46236,172.93806,173.41497,173.89298,174.37225,174.85261,175.40696,175.8864,176.3667,176.84779,177.3297,177.81232,178.29559,178.77943,179.26374,179.74848 -0.00012,-0.00048,-0.00087,-0.00131,-0.00179,-0.00231,-0.00284,-0.00457,-0.00497,-0.00529,-0.00552,-0.00563,-0.00565,-0.00558,-0.00546,-0.00647,-0.00632,-0.00616,-0.00599,-0.0058,-0.00558,-0.00632,-0.00595,-0.00552,-0.00505,-0.00549,-0.00495,-0.00443,-0.0049,-0.00444,-0.00404,-0.00369,-0.00428,-0.00403,-0.00463,-0.00448,-0.00442,-0.0051,-0.00517,-0.00535,-0.00612,-0.00644,-0.00731,-0.00773,-0.0086,-0.009,-0.00961,-0.00977,-0.00972,-0.00939,-0.00842,-0.00753,-0.00577,-0.00375,-0.00256,-0.00067,0.00091,0.00133,0.00217,0.00265,0.0021,0.00218,0.00227,0.00153,0.00194,0.0026,0.0035,0.00457,0.00477,0.00597,0.00703,0.00785,0.00838,0.0086,0.00854,0.00819,0.0076,0.00684,0.00598,0.00512,0.00441,0.00395,0.00382,0.00409,0.00448,0.00538,0.00655,0.00785,0.00909,0.01008,0.01109,0.01171,0.01232,0.01233,0.01193,0.01118,0.011,0.00988,0.00867,0.00809,0.00695,0.00613,0.00531,0.00492,0.00409,0.00432,0.00353,0.00436,0.00367,0.00494,0.00436,0.00585,0.00531,0.00675,0.00615,0.00727,0.00647,0.00702,0.00598,0.00492,0.00477,0.00376,0.0035,0.00291,0.00267,0.00305,0.0034,0.00396,0.00474,0.00533,0.0058,0.00583,0.00575,0.00541,0.00423,0.00325,0.00205,2e-05,-0.00148,-0.00299,-0.00445,-0.00593,-0.0069,-0.00748,-0.00766,-0.00668,-0.00588,-0.00468,-0.00317,-0.0014,0.0021,0.0041,0.00605,0.00788,0.0095,0.01083,0.01183,0.01297,0.01299,0.01271,0.01217,0.01145,0.01061,0.0097,0.00877,0.00799,0.00722,0.00648,0.0058,0.0052,0.00474,0.00449,0.0045,0.00484,0.00557,0.00668,0.00816,0.00989,0.01177,0.01364,0.01536,0.01683,0.01801,0.0189,0.01957,0.02009,0.02052,0.02091,0.02133,0.02171,0.02204,0.02228,0.02357,0.0237,0.02365,0.02345,0.02312,0.02276,0.02247,0.02233,0.02243,0.02544,0.02611,0.0271,0.02837,0.02985,0.03142,0.03408,0.03513,0.03592,0.03638,0.03644,0.03581,0.03496,0.03382,0.03242,0.03013,0.02853,0.02698,0.02555,0.02318,0.02203,0.02102,0.01911,0.01831,0.01751,0.01666,0.01554,0.01485,0.01422,0.01497,0.01517,0.01818,0.01956,0.02138,0.02707,0.02969,0.03589,0.03842,0.04076,0.04532,0.04661,0.04906,0.04898,0.04918,0.04771,0.04581,0.04319,0.0396,0.0362,0.03153,0.02794,0.02303,0.01995,0.01567,0.01377,0.01079,0.00858,0.00891,0.00813,0.00796,0.00964,0.0101,0.01088,0.01264,0.01359,0.0148,0.01602,0.01717,0.01829,0.01921,0.0198,0.01921,0.01913,0.0189,0.01873,0.01881,0.01923,0.01996,0.01958,0.02073,0.02187,0.02287,0.02365,0.0242,0.02459,0.02487,0.02503,0.02506,0.02496,0.02471,0.02428,0.0237,0.0235,0.02264,0.02161,0.0204,0.01952,0.01785,0.01594,0.01447,0.01226,0.01013,0.00868,0.00703,0.006,0.00562,0.00589,0.00658,0.00821,0.00986,0.0125,0.01473,0.01772,0.01996,0.02254,0.02425,0.02583,0.02665,0.02698,0.02686,0.0264,0.02519,0.02415,0.02248,0.02129,0.02015,0.01853,0.0176,0.01676,0.01542,0.01468,0.01392,0.01309,0.01143,0.01037,0.00922,0.00802,0.0059,0.00468,0.00354,0.00251,0.0016,-0.00036,-0.00113,-0.00182,-0.00245,-0.00304,-0.0036,-0.00414,-0.00466,-0.0069,-0.00738,-0.00783,-0.00829,-0.00875,-0.00926,-0.00982,-0.01044,-0.01112,-0.01185,-0.01259,-0.01333,-0.01401,-0.0146,-0.01507,-0.01539,-0.01558,-0.01564,-0.01491,-0.01509,-0.01521,-0.01526,-0.01523,-0.0151,-0.01486,-0.01449,-0.01519,-0.01473,-0.01415,-0.01349,-0.0128,-0.01311,-0.01245,-0.01185,-0.01133,-0.01122,-0.0107,-0.01018,-0.0096,-0.00867,-0.0078,-0.0068,-0.00515,-0.00395,-0.00271,-0.00102,5e-05,0.00129,0.00196,0.00247,0.00272,0.00284,0.0026,0.00257,0.00225,0.00231,0.00222,0.00246,0.00261,0.00287,0.00294,0.0029,0.00252,0.00188,0.00104,4e-05,-0.00104,-0.00177,-0.00199,-0.00251,-0.00182,-0.00073,0.00048,0.00048,0.00133,0.00171,0.00156,0.00093,-0.00014,-0.00126,-0.00248,-0.00364,-0.00459,-0.00524,-0.00553,-0.00549,-0.00519,-0.00477,-0.0044,-0.00421,-0.00429,-0.00463,-0.00507,-0.00543,-0.00531,-0.00534,-0.00486,-0.00391,-0.00261,-0.0022,-0.00086,0.00016,0.0006,0.00025,-0.00045,-0.00195,-0.00304,-0.00519,-0.00743,-0.00836,-0.01013,-0.01072,-0.01179,-0.0124,-0.01264,-0.01276,-0.01309,-0.01292,-0.01344,-0.01308,-0.01378,-0.01331,-0.01414,-0.0137,-0.01464,-0.0144,-0.01541,-0.01534,-0.01625,-0.01701,-0.01673,-0.01711,-0.01653,-0.01653,-0.01636,-0.01552,-0.01522,-0.01447,-0.01418,-0.01386,-0.01333,-0.01294,-0.01242,-0.01174,-0.01129,-0.01045,-0.00951,-0.00958,-0.00879,-0.00807,-0.00746,-0.00891,-0.00869,-0.00858,-0.00857,-0.01058,-0.01057,-0.0106,-0.01068,-0.01082,-0.01255,-0.01285,-0.01328,-0.0138,-0.01437,-0.01492,-0.01689,-0.01723,-0.01742,-0.01749,-0.01749,-0.01746,-0.01747,-0.01758,-0.01781,-0.01868,-0.01891,-0.01917,-0.01937,-0.01944,-0.01934,-0.019,-0.01841,-0.01756,-0.01647,-0.01517,-0.01373,-0.01222,-0.01073,-0.00933,-0.00811,-0.00715,-0.00649,-0.00618,-0.00622,-0.00658,-0.00724,-0.00811,-0.00913,-0.01021,-0.01128,-0.01228,-0.01284,-0.01359,-0.01418,-0.01461,-0.01489,-0.01504,-0.01508,-0.01501,-0.01487,-0.01385,-0.01353,-0.01317,-0.01278,-0.01235,-0.01189,-0.01041,-0.00991,-0.0094,-0.00891,-0.00842,-0.00723,-0.00686,-0.00653,-0.00624,-0.00567,-0.00547,-0.00527,-0.00505,-0.00474,-0.00451,-0.00429,-0.00407,-0.00416,-0.00411,-0.00414,-0.00484,-0.00507,-0.00537,-0.00647,-0.00688,-0.00812,-0.00866,-0.00922,-0.01069,-0.01131,-0.01187,-0.01342,-0.01381,-0.01524,-0.0154,-0.01667,-0.01665,-0.01779,-0.01769,-0.01862,-0.01843,-0.01892,-0.01857,-0.01845,-0.01792,-0.01731,-0.01671,-0.01589,-0.01537,-0.01464,-0.01399,-0.01365,-0.01305,-0.01228,-0.01152,-0.01014,-0.00839,-0.00685,-0.00479,-0.00288,-0.00125,0.00012,0.00089,0.001,0.00142,0.00048,-0.00087,-0.00235,-0.00362,-0.00441,-0.00458,-0.00411,-0.00377,-0.00262,-0.0013,-6e-05,0.00091,0.00152,0.00141,0.00141,0.00112,0.00064,-3e-05,-0.00085,-0.00181,-0.0029,-0.00429,-0.00537,-0.00628,-0.00692,-0.00776,-0.00776,-0.00744,-0.00765,-0.00695,-0.00617,-0.00635,-0.00567,-0.00504,-0.00563,-0.00513,-0.00592,-0.0053,-0.00606,-0.00507,-0.00565,-0.00426,-0.00471,-0.00318,-0.00371,-0.00251,-0.00342,-0.00294,-0.00439,-0.00602,-0.00668,-0.00864,-0.00977,-0.01173,-0.01352,-0.01454,-0.01593,-0.01704,-0.01741,-0.018,-0.01833,-0.01841,-0.01771,-0.01737,-0.01684,-0.01617,-0.01468,-0.01379,-0.01282,-0.01179,-0.01069,-0.00885,-0.00764,-0.0064,-0.00514,-0.00389,-0.00273,-0.00169,-0.00083,0.00079,0.00129,0.00158,0.00167,0.00159,0.0014,0.00113,0.00083,0.00052,0.0002
230.625 -179.68538,-179.21074,-178.73606,-178.26141,-177.78687,-177.31252,-176.83841,-176.36463,-175.89126,-175.41839,-174.9461,-174.45185,-173.9768,-173.50249,-173.02903,-172.55653,-172.0851,-171.61482,-171.09863,-170.62651,-170.15563,-169.68624,-169.21846,-168.68746,-168.21837,-167.75137,-167.2863,-166.74416,-166.27817,-165.81445,-165.26431,-164.80061,-164.33955,-163.78185,-163.32076,-162.86254,-162.29727,-161.84012,-161.27025,-160.81446,-160.36185,-159.78501,-159.33406,-158.75283,-158.3046,-157.71926,-157.27367,-156.68386,-156.24091,-155.64726,-155.20843,-154.61157,-154.17672,-153.57642,-152.97321,-152.54211,-151.93661,-151.51131,-150.90336,-150.29299,-149.87336,-149.26074,-148.64654,-148.03018,-147.61936,-147.00203,-146.38275,-145.76133,-145.36108,-144.74041,-144.11829,-143.49481,-142.87011,-142.24399,-141.61742,-140.99014,-140.36216,-139.73363,-139.10469,-138.47542,-137.84646,-137.21775,-136.58931,-135.96132,-135.33397,-134.70747,-134.08248,-133.79471,-133.16738,-132.54149,-131.91723,-131.61836,-130.99252,-130.36896,-129.74809,-129.43824,-128.81657,-128.19766,-127.88037,-127.26138,-126.64563,-126.32111,-125.70635,-125.09555,-124.76401,-124.15437,-123.81875,-123.21078,-122.87114,-122.26528,-121.92169,-121.31835,-120.9709,-120.37122,-120.01995,-119.42363,-119.06878,-118.47618,-118.11787,-117.52954,-117.16795,-116.5843,-116.21962,-115.85317,-115.27382,-114.90445,-114.33122,-113.95919,-113.5854,-113.01736,-112.64119,-112.26328,-111.70147,-111.32147,-110.93976,-110.38501,-110.00154,-109.61641,-109.06968,-108.68312,-108.29496,-107.90521,-107.368,-106.97726,-106.58502,-106.19127,-105.6644,-105.27014,-104.87449,-104.47745,-103.9622,-103.56513,-103.1668,-102.76722,-102.36643,-101.96443,-101.46541,-101.06409,-100.66172,-100.25831,-99.8539,-99.44851,-98.96846,-98.56446,-98.15965,-97.75405,-97.3477,-96.94063,-96.53289,-96.12452,-95.71554,-95.30602,-94.89598,-94.45112,-94.0437,-93.63592,-93.22783,-92.81947,-92.41088,-92.00211,-91.5932,-91.18419,-90.77514,-90.36608,-89.95706,-89.54813,-89.13933,-88.7307,-88.32229,-87.91415,-87.50632,-87.09883,-86.65805,-86.2479,-85.83825,-85.42915,-85.02063,-84.61275,-84.20553,-83.79903,-83.39327,-82.98829,-82.58413,-82.10796,-81.70235,-81.29771,-80.89407,-80.49146,-80.08992,-79.59491,-79.19262,-78.79152,-78.39166,-77.99304,-77.59569,-77.08427,-76.68688,-76.29088,-75.89629,-75.37311,-74.97895,-74.58631,-74.19519,-73.66144,-73.27123,-72.88263,-72.49564,-71.95261,-71.56697,-71.18302,-70.63177,-70.24961,-69.86918,-69.31045,-68.93205,-68.55543,-67.99031,-67.61598,-67.24348,-66.67289,-66.30296,-65.72663,-65.35953,-64.99424,-64.41374,-64.05151,-63.46621,-63.10723,-62.51755,-62.16199,-61.8082,-61.21625,-60.86614,-60.27026,-59.92388,-59.32516,-58.72174,-58.3814,-57.77573,-57.43942,-56.83193,-56.49971,-55.89079,-55.27805,-54.95276,-54.33884,-54.01801,-53.4036,-52.78628,-52.47263,-51.85561,-51.236,-50.61398,-50.31107,-49.69021,-49.06719,-48.44227,-48.15053,-47.52758,-46.90332,-46.27794,-45.65159,-45.02447,-44.75099,-44.12699,-43.50231,-42.87737,-42.25241,-41.62758,-41.00305,-40.37895,-39.75572,-39.13277,-38.5106,-38.12289,-37.49939,-36.87718,-36.25647,-35.63758,-35.01968,-34.6153,-33.99768,-33.38199,-32.76829,-32.35472,-31.74256,-31.13221,-30.52415,-30.10243,-29.49646,-29.06947,-28.46636,-27.86579,-27.43351,-26.83555,-26.3989,-25.80437,-25.3643,-24.7737,-24.18577,-23.74273,-23.29555,-22.71271,-22.26337,-21.68521,-21.23373,-20.65985,-20.2061,-19.63689,-19.18203,-18.72414,-18.1622,-17.70346,-17.24149,-16.68673,-16.22471,-15.76031,-15.21355,-14.74943,-14.28286,-13.74391,-13.27806,-12.81044,-12.34096,-11.81338,-11.34526,-10.87535,-10.40398,-9.93137,-9.41856,-8.94801,-8.4763,-8.00349,-7.52965,-7.05508,-6.56081,-6.08897,-5.61648,-5.14341,-4.66981,-4.19587,-3.72162,-3.24712,-2.77245,-2.29768,-1.8229,-1.3482,-0.87362,-0.39922,0.07491,0.5488,1.02232,1.49537,1.96793,2.43994,2.91135,3.38211,3.85216,4.32151,4.79002,5.25771,5.79279,6.26102,6.72824,7.19453,7.65961,8.12359,8.67508,9.13861,9.6009,10.06208,10.52187,11.08502,11.54357,12.0007,12.45644,13.02873,13.48286,13.93539,14.38644,14.96527,15.41418,15.86172,16.44682,16.89163,17.48249,17.92449,18.36496,18.96021,19.39779,19.99739,20.43149,20.86392,21.46592,21.89519,22.50067,22.92618,23.53415,23.95578,24.56638,24.98444,25.59692,26.21309,26.62445,27.24156,27.64906,28.26713,28.88816,29.28857,29.90921,30.53251,30.92585,31.54862,32.17334,32.79972,33.18231,33.80724,34.43366,35.06118,35.68962,36.0583,36.68401,37.31073,37.93784,38.56515,39.19252,39.81976,40.4469,41.0739,41.70036,42.32616,42.95117,43.57524,44.19861,44.49999,45.12453,45.74769,46.36936,46.98943,47.60793,47.9243,48.54294,49.1596,49.48359,50.09956,50.71329,51.32469,51.65674,52.26714,52.87502,53.21303,53.81906,54.16169,54.76556,55.36653,55.71398,56.31258,56.66404,57.25998,57.61511,58.20795,58.56649,59.15597,59.51767,60.10357,60.46818,61.05038,61.41771,61.99601,62.36583,62.93995,63.31197,63.88163,64.25564,64.63222,65.19643,65.57469,66.13398,66.51373,66.89579,67.44898,67.83222,68.21763,68.76436,69.15063,69.53892,70.07863,70.46749,70.85822,71.25077,71.78153,72.1743,72.56875,72.96484,73.48603,73.88199,74.27945,74.67837,75.18928,75.58773,75.98751,76.38858,76.79088,77.28892,77.69031,78.09282,78.49641,78.90102,79.30662,79.78835,80.19256,80.59763,81.00353,81.41021,81.81764,82.22577,82.63456,83.09344,83.50022,83.90754,84.31536,84.72365,85.13237,85.54148,85.95094,86.3607,86.77074,87.181,87.59146,88.00208,88.41281,88.82361,89.23446,89.6453,90.0561,90.46683,90.87744,91.28789,91.69815,92.10817,92.51793,92.92737,93.33646,93.74516,94.15344,94.56124,94.96855,95.3753,95.83155,96.24031,96.64841,97.0558,97.46245,97.86832,98.27337,98.67755,99.15661,99.56216,99.96673,100.37028,100.77276,101.17413,101.66939,102.07164,102.47266,102.8724,103.27082,103.77904,104.17793,104.57537,104.97132,105.48982,105.88589,106.28034,106.67312,107.20121,107.59376,107.98451,108.3734,108.91039,109.2987,109.68501,110.22901,110.61445,110.99775,111.54834,111.93048,112.31033,112.86702,113.2454,113.80705,114.18376,114.55793,115.12487,115.49705,116.06845,116.43842,117.01407,117.38162,117.74625,118.3262,118.68807,119.27172,119.63059,120.2177,120.57333,121.16358,121.75697,122.10881,122.70493,123.05289,123.65158,123.99539,124.59638,125.20015,125.53878,126.14441,126.75261,127.08541,127.69496,128.30662,128.63282,129.24536,129.85998,130.47659,130.79391,131.41071,132.02923,132.64936,132.9564,133.57583,134.19637,134.81811,135.44092,136.0647,136.6893,137.31462,137.94052,138.56676,139.19313,139.81966,140.4462,141.07259,141.69869,142.32435,142.94947,143.57345,143.94601,144.57222,145.19723,145.82086,146.44296,146.8296,147.45293,148.074,148.4678,149.08952,149.70874,150.10982,150.72924,151.34563,151.75348,152.36882,152.98059,153.39507,154.00553,154.42416,155.03281,155.45512,156.06102,156.48697,157.08998,157.51971,158.11955,158.55273,159.14848,159.58464,160.02244,160.61492,161.05594,161.64334,162.08715,162.53253,163.11466,163.5623,164.01159,164.58789,165.03943,165.49243,165.94692,166.51601,166.97197,167.4295,167.88844,168.44873,168.90879,169.37012,169.83259,170.38162,170.84474,171.30897,171.77428,172.24066,172.70807,173.17641,173.7082,174.17603,174.64467,175.11408,175.58422,176.05504,176.52647,176.99854,177.47114,177.94423,178.41773,178.8916,179.36573,179.84008 0.00477,0.00442,0.00396,0.0034,0.00275,0.00204,0.00131,0.00062,2e-05,-0.00044,-0.00075,-0.0021,-0.00209,-0.00198,-0.00181,-0.00164,-0.0015,-0.00143,-0.00257,-0.00255,-0.00255,-0.00252,-0.00244,-0.00298,-0.00265,-0.00223,-0.00174,-0.00189,-0.00136,-0.00086,-0.00129,-0.00097,-0.00076,-0.00155,-0.00156,-0.0017,-0.00261,-0.00293,-0.00377,-0.00421,-0.00474,-0.00548,-0.00602,-0.00674,-0.00727,-0.00802,-0.00847,-0.00911,-0.00933,-0.00953,-0.00931,-0.00873,-0.00798,-0.00662,-0.00493,-0.00391,-0.00232,-0.00182,-0.00095,-0.00051,-0.00124,-0.00147,-0.00176,-0.00192,-0.00312,-0.00278,-0.00199,-0.00081,-0.00105,0.00059,0.00225,0.00377,0.00503,0.00601,0.00671,0.00715,0.00735,0.00733,0.00709,0.00665,0.00604,0.00537,0.00474,0.00428,0.00408,0.00421,0.00465,0.00498,0.0058,0.0067,0.00751,0.00831,0.00896,0.00931,0.00932,0.00998,0.00953,0.0088,0.00909,0.0081,0.00709,0.00718,0.00637,0.00588,0.00604,0.00612,0.00626,0.00701,0.00706,0.00833,0.0082,0.00979,0.00945,0.01113,0.0106,0.01213,0.01141,0.01252,0.01155,0.01195,0.01069,0.01024,0.00876,0.00734,0.00636,0.00517,0.00446,0.00386,0.00359,0.00388,0.00417,0.00458,0.00514,0.00541,0.00552,0.00521,0.00479,0.00414,0.00286,0.00178,0.00057,-0.00074,-0.00204,-0.00322,-0.00427,-0.00516,-0.00459,-0.00471,-0.00446,-0.00383,-0.00066,0.00074,0.00238,0.00417,0.00602,0.00783,0.01132,0.01248,0.01333,0.01383,0.01396,0.01377,0.0134,0.01259,0.01175,0.01094,0.0102,0.00957,0.00903,0.00857,0.00815,0.00776,0.00741,0.00828,0.0082,0.00824,0.00848,0.00899,0.0098,0.01092,0.01232,0.0139,0.01555,0.01714,0.01855,0.01971,0.02059,0.02119,0.02156,0.02177,0.02186,0.02187,0.02146,0.02149,0.02145,0.02131,0.02103,0.0206,0.02002,0.01932,0.01857,0.01786,0.01729,0.01824,0.01831,0.01879,0.01976,0.02121,0.02307,0.02655,0.02869,0.03079,0.03266,0.03416,0.03516,0.03609,0.03594,0.03535,0.03438,0.03321,0.03182,0.03041,0.02907,0.02733,0.02622,0.02529,0.0245,0.02257,0.02174,0.0208,0.01848,0.01728,0.01595,0.01402,0.01296,0.01216,0.01253,0.013,0.01412,0.01798,0.02054,0.02618,0.02938,0.03262,0.03795,0.04035,0.04395,0.04491,0.04633,0.04569,0.04444,0.04299,0.04052,0.03765,0.03452,0.03084,0.02686,0.02393,0.0203,0.01837,0.01577,0.01526,0.01397,0.01323,0.01456,0.01461,0.01643,0.01659,0.01662,0.0181,0.01783,0.01758,0.01746,0.01781,0.01755,0.01736,0.01711,0.01614,0.01548,0.01479,0.01423,0.01396,0.01418,0.01343,0.01452,0.01607,0.01783,0.01953,0.021,0.02207,0.02271,0.02298,0.02295,0.02275,0.02332,0.02308,0.02282,0.02257,0.02234,0.02214,0.02224,0.02183,0.02134,0.02072,0.01973,0.01859,0.01723,0.01573,0.0137,0.01212,0.01016,0.00907,0.00858,0.00762,0.00837,0.00842,0.01043,0.01142,0.01425,0.0172,0.0188,0.02049,0.02296,0.02431,0.02574,0.02641,0.02661,0.02646,0.02548,0.02467,0.02365,0.02178,0.0206,0.01945,0.0177,0.01676,0.0159,0.01459,0.01382,0.013,0.01165,0.01064,0.00952,0.00831,0.00651,0.00512,0.00373,0.00236,0.00103,-0.00093,-0.00224,-0.00347,-0.00463,-0.0057,-0.00669,-0.00897,-0.00985,-0.0106,-0.01121,-0.01171,-0.01211,-0.01244,-0.01275,-0.01307,-0.01345,-0.01393,-0.01451,-0.0152,-0.01596,-0.01674,-0.01747,-0.01808,-0.01849,-0.01861,-0.01844,-0.01795,-0.01719,-0.01618,-0.015,-0.01372,-0.01239,-0.01245,-0.01141,-0.01038,-0.00936,-0.00836,-0.00742,-0.00893,-0.00821,-0.00761,-0.00717,-0.00693,-0.00852,-0.00846,-0.00853,-0.00867,-0.00939,-0.00925,-0.00896,-0.00848,-0.00767,-0.00666,-0.00547,-0.00387,-0.00246,-0.00083,0.00049,0.0017,0.00267,0.00347,0.00375,0.00412,0.00435,0.00398,0.00405,0.00364,0.00374,0.00354,0.0037,0.00361,0.00365,0.00331,0.00266,0.00203,0.00075,-0.00032,-0.0019,-0.00328,-0.00423,-0.0048,-0.00467,-0.00473,-0.00378,-0.00261,-0.0015,-0.0014,-0.00082,-0.00071,-0.00105,-0.00177,-0.00238,-0.0034,-0.00453,-0.00563,-0.00661,-0.00735,-0.0078,-0.00791,-0.00776,-0.00742,-0.007,-0.00658,-0.0062,-0.00583,-0.00578,-0.00539,-0.00476,-0.00379,-0.00251,-0.00104,-0.00087,0.00056,0.00167,0.00159,0.00177,0.00105,-0.0006,-0.00174,-0.00427,-0.00698,-0.00808,-0.01026,-0.01089,-0.0121,-0.01258,-0.0125,-0.01219,-0.01198,-0.01121,-0.01106,-0.01017,-0.01021,-0.00942,-0.00971,-0.00916,-0.00972,-0.0095,-0.01031,-0.01045,-0.01144,-0.0118,-0.0128,-0.0131,-0.01388,-0.01451,-0.01431,-0.01456,-0.01406,-0.01404,-0.01395,-0.01337,-0.01331,-0.01326,-0.01302,-0.01304,-0.01301,-0.01309,-0.01301,-0.01284,-0.0126,-0.01329,-0.0132,-0.01311,-0.01304,-0.01484,-0.01494,-0.01497,-0.01493,-0.01689,-0.01668,-0.01643,-0.01617,-0.01597,-0.01772,-0.01774,-0.01793,-0.01827,-0.01871,-0.0192,-0.02113,-0.02142,-0.02157,-0.02156,-0.0214,-0.02113,-0.0208,-0.02046,-0.02082,-0.02043,-0.02007,-0.01973,-0.01937,-0.01896,-0.01846,-0.01782,-0.01703,-0.01605,-0.01489,-0.01357,-0.01211,-0.01059,-0.00906,-0.00761,-0.00633,-0.0053,-0.00458,-0.00423,-0.00426,-0.00466,-0.00537,-0.00633,-0.00744,-0.0086,-0.00974,-0.0108,-0.01174,-0.01254,-0.01323,-0.01435,-0.01485,-0.01526,-0.0156,-0.01587,-0.01608,-0.01623,-0.01632,-0.01585,-0.01572,-0.01554,-0.01531,-0.01505,-0.01473,-0.01321,-0.01272,-0.01216,-0.01154,-0.01089,-0.00922,-0.00864,-0.00812,-0.00767,-0.00668,-0.0064,-0.00614,-0.0059,-0.00516,-0.0049,-0.00464,-0.00439,-0.00384,-0.00371,-0.00365,-0.00371,-0.00385,-0.00405,-0.00476,-0.00509,-0.00546,-0.00662,-0.00709,-0.00847,-0.00898,-0.00948,-0.01078,-0.01112,-0.01219,-0.0123,-0.01321,-0.01316,-0.01308,-0.01404,-0.01395,-0.01503,-0.0149,-0.01587,-0.01563,-0.01619,-0.01635,-0.01587,-0.01563,-0.01512,-0.01466,-0.01414,-0.01356,-0.01287,-0.01211,-0.01107,-0.00972,-0.00826,-0.00628,-0.00407,-0.00218,1e-05,0.00185,0.00315,0.0042,0.00431,0.00361,0.00221,0.00166,-0.00039,-0.00234,-0.00385,-0.00467,-0.00472,-0.00407,-0.00293,-0.00155,-0.00019,0.00094,0.00174,0.00218,0.00232,0.00223,0.00194,0.00149,0.00087,0.00029,-0.00066,-0.00174,-0.00286,-0.00388,-0.00466,-0.00523,-0.00538,-0.00563,-0.00513,-0.00427,-0.00415,-0.00299,-0.00173,-0.00181,-0.00066,0.00045,-4e-05,0.00098,0.00038,0.00149,0.00099,0.00225,0.00189,0.00318,0.00283,0.00381,0.00323,0.00359,0.00251,0.00112,0.00039,-0.00154,-0.00286,-0.00507,-0.00729,-0.00865,-0.01062,-0.01237,-0.01298,-0.01419,-0.0151,-0.01574,-0.01501,-0.01512,-0.015,-0.0147,-0.01309,-0.01255,-0.01191,-0.01119,-0.00953,-0.00875,-0.00786,-0.00687,-0.00578,-0.0046,-0.00334,-0.00162,-0.00034,0.00089,0.00202,0.00299,0.0038,0.0044,0.00484,0.00512,0.00528,0.00533,0.0053,0.0052,0.00503
236.25 -179.67744,-179.2167,-178.75619,-178.29598,-177.83614,-177.34962,-176.88699,-176.42487,-175.96335,-175.5025,-175.04242,-174.58325,-174.12493,-173.6676,-173.15548,-172.69609,-172.23795,-171.78124,-171.32582,-170.87185,-170.34377,-169.88841,-169.43483,-168.98323,-168.53349,-167.9929,-167.54233,-167.09393,-166.54667,-166.09825,-165.65226,-165.20863,-164.65226,-164.20896,-163.76862,-163.20631,-162.76701,-162.20046,-161.76209,-161.32702,-160.75487,-160.32189,-159.74624,-159.31506,-158.73534,-158.30665,-157.8823,-157.29836,-156.87714,-156.28993,-155.70104,-155.28167,-154.69076,-154.27553,-153.6813,-153.27123,-152.67413,-152.0761,-151.67074,-151.07115,-150.46829,-150.06949,-149.46557,-148.86098,-148.46924,-147.86339,-147.25646,-146.64713,-146.26554,-145.65712,-145.04759,-144.43743,-143.82574,-143.21271,-142.84754,-142.23699,-141.6259,-141.01437,-140.40277,-139.79052,-139.17875,-138.56726,-137.95601,-137.34515,-136.73483,-136.12524,-135.84181,-135.23034,-134.6199,-134.01068,-133.40282,-132.7965,-132.49711,-131.88978,-131.28457,-130.68146,-130.37255,-129.7688,-129.16757,-128.85216,-128.25094,-127.65301,-127.33125,-126.73383,-126.13977,-125.8118,-125.21878,-124.88723,-124.29562,-123.70834,-123.37102,-122.78593,-122.44522,-121.86253,-121.51847,-120.93854,-120.59123,-120.01443,-119.66398,-119.09088,-118.73761,-118.16835,-117.81202,-117.24733,-116.88826,-116.5277,-115.96652,-115.60339,-115.04732,-114.68181,-114.31515,-113.76362,-113.39444,-113.02394,-112.47814,-112.10554,-111.73145,-111.19229,-110.81654,-110.43933,-109.90706,-109.52848,-109.14848,-108.62377,-108.24271,-107.86029,-107.47676,-106.96069,-106.57624,-106.19061,-105.80359,-105.29756,-104.91029,-104.52184,-104.13223,-103.74145,-103.24794,-102.85739,-102.46579,-102.07316,-101.67951,-101.19975,-100.80685,-100.41306,-100.0184,-99.62289,-99.22657,-98.82953,-98.369,-97.97334,-97.57701,-97.18006,-96.7825,-96.38439,-95.98576,-95.5866,-95.18699,-94.78695,-94.38652,-93.98574,-93.58464,-93.16238,-92.76395,-92.36534,-91.96657,-91.56768,-91.16872,-90.76972,-90.37072,-89.97176,-89.57287,-89.17409,-88.77546,-88.37701,-87.958,-87.55688,-87.15607,-86.75561,-86.35554,-85.95589,-85.55671,-85.15802,-84.75987,-84.36228,-83.96528,-83.56892,-83.17322,-82.71595,-82.31876,-81.92237,-81.52679,-81.13206,-80.73821,-80.34525,-79.8686,-79.47486,-79.08214,-78.69044,-78.2998,-77.91024,-77.4183,-77.02856,-76.64003,-76.25267,-75.74964,-75.3625,-74.97673,-74.59217,-74.07909,-73.69516,-73.31277,-72.93158,-72.40954,-72.02961,-71.65087,-71.12118,-70.74403,-70.36809,-69.99364,-69.45736,-69.08456,-68.71326,-68.17086,-67.80149,-67.25303,-66.88577,-66.52007,-65.9667,-65.60334,-65.0445,-64.68369,-64.32454,-63.7618,-63.40553,-62.8384,-62.48507,-61.91396,-61.56364,-60.98892,-60.64174,-60.06417,-59.71984,-59.13927,-58.79829,-58.21512,-57.87755,-57.29186,-56.95799,-56.37075,-55.77932,-55.45146,-54.85921,-54.5346,-53.94151,-53.34525,-53.02688,-52.43023,-51.83043,-51.228,-50.91918,-50.31714,-49.71316,-49.41085,-48.80785,-48.20304,-47.5966,-46.98844,-46.69873,-46.0923,-45.48476,-44.87629,-44.26702,-43.65712,-43.04674,-42.43603,-41.8249,-41.21362,-40.60244,-39.99149,-39.38089,-38.77077,-38.16124,-37.55248,-36.94415,-36.33673,-35.96284,-35.35465,-34.74767,-34.142,-33.75736,-33.15173,-32.5475,-31.94486,-31.5509,-30.94922,-30.34937,-29.94896,-29.35073,-28.75409,-28.34767,-27.75304,-27.34174,-26.74952,-26.15954,-25.74451,-25.15695,-24.73771,-24.15301,-23.73037,-23.14897,-22.72354,-22.14559,-21.71738,-21.1426,-20.71195,-20.27772,-19.7085,-19.27282,-18.70749,-18.27041,-17.82998,-17.27034,-16.82917,-16.38498,-15.83225,-15.38813,-14.94146,-14.39461,-13.94783,-13.49893,-13.04754,-12.51066,-12.0604,-11.60824,-11.15387,-10.69821,-10.17346,-9.71916,-9.26338,-8.80597,-8.34755,-7.83575,-7.37916,-6.92157,-6.463,-6.0034,-5.54311,-5.08208,-4.62038,-4.15803,-3.69523,-3.21207,-2.75208,-2.29173,-1.83109,-1.37022,-0.90921,-0.44809,0.01305,0.47425,0.93539,1.39639,1.85722,2.31781,2.79937,3.26197,3.72412,4.18576,4.64694,5.10751,5.56746,6.02677,6.48542,6.99376,7.4529,7.91136,8.36883,8.82542,9.28113,9.80494,10.2602,10.71468,11.16818,11.70309,12.15539,12.60658,13.05667,13.60071,14.04964,14.49733,15.04896,15.4946,15.93902,16.49726,16.93991,17.38137,17.9451,18.38376,18.82119,19.38906,19.82429,20.39767,20.83003,21.40746,21.8364,22.41754,22.84381,23.42895,23.85196,24.43875,24.85898,25.44862,25.86486,26.4572,27.05248,27.46372,28.06012,28.46691,29.06485,29.66633,30.06661,30.66807,31.27132,31.87778,32.26851,32.87443,33.48224,34.09112,34.47273,35.08037,35.68934,36.30003,36.91165,37.52358,38.13659,38.75002,39.10839,39.71923,40.33018,40.94109,41.55183,41.81994,42.43329,43.04625,43.65881,44.27056,44.8814,45.49123,46.09998,46.39124,47.00102,47.60956,48.21657,48.82198,49.12536,49.73048,50.33373,50.64455,51.24773,51.84862,52.16632,52.76591,53.36318,53.68689,54.28241,54.87542,55.20445,55.79617,56.12958,56.71851,57.05601,57.64224,57.98355,58.56683,58.91132,59.49177,59.83975,60.41695,60.76815,61.34193,61.69587,62.26558,62.62205,63.18771,63.54648,63.90779,64.46874,64.83213,65.38842,65.75382,66.12181,66.67277,67.04216,67.41397,67.95861,68.33151,68.70667,69.24463,69.6206,69.9984,70.52965,70.90825,71.28865,71.81243,72.19323,72.57584,72.96021,73.47485,73.85911,74.24498,74.63241,75.13686,75.52382,75.91221,76.30197,76.69306,77.18455,77.57477,77.96618,78.35875,78.75232,79.14706,79.62247,80.01586,80.41018,80.80539,81.20144,81.59831,81.99595,82.39431,82.84703,83.24342,83.64041,84.03797,84.43604,84.83459,85.23358,85.63297,86.03272,86.43278,86.83312,87.2337,87.63447,88.03541,88.43646,88.83759,89.23876,89.63993,90.04107,90.44212,90.84306,91.24384,91.64442,92.04477,92.44484,92.84459,93.24399,93.643,94.04157,94.43966,94.83724,95.23425,95.63067,96.08019,96.47854,96.87621,97.27312,97.66923,98.06449,98.45887,98.85232,99.32457,99.71935,100.11309,100.50572,100.89722,101.28753,101.77594,102.16711,102.55696,102.94545,103.33253,103.83381,104.22134,104.60731,104.9917,105.50312,105.88761,106.27036,106.65133,107.17216,107.5529,107.93172,108.45968,108.83796,109.21407,109.58816,110.12449,110.49743,110.86831,111.41092,111.78057,112.32857,112.69651,113.06219,113.61565,113.97961,114.34082,114.89963,115.2588,115.82185,116.17875,116.74586,117.10026,117.67086,118.02255,118.37084,118.94542,119.29037,119.86812,120.21004,120.79086,121.37495,121.7128,122.29926,122.63342,123.22233,123.55217,124.14321,124.73638,125.06075,125.65599,125.97531,126.57173,127.17034,127.48354,128.08315,128.68471,129.28815,129.59283,130.19629,130.80124,131.40775,131.70237,132.30846,132.91581,133.52432,134.13385,134.74412,135.02259,135.63094,136.23989,136.84933,137.45911,138.06912,138.67922,139.28942,139.89893,140.50811,141.11678,141.72479,142.33198,142.70355,143.31305,143.92094,144.52745,145.1324,145.51651,146.1228,146.72752,147.3297,147.72331,148.3256,148.92523,149.32548,149.92533,150.52211,150.92914,151.52417,152.11577,152.52846,153.1187,153.53541,154.12396,154.54393,155.12911,155.55316,156.13468,156.56131,157.14093,157.57067,158.14577,158.57796,159.14862,159.58401,160.14996,160.58807,161.02731,161.58824,162.02948,162.47308,163.02811,163.47307,163.91929,164.4682,164.91577,165.36529,165.90602,166.35652,166.80809,167.26074,167.79265,168.24604,168.70099,169.15652,169.67716,170.1331,170.58977,171.04749,171.50594,171.96521,172.47032,172.92909,173.38851,173.84853,174.30914,174.77032,175.23201,175.69419,176.1568,176.63497,177.09554,177.55633,178.01729,178.47838,178.93953,179.40064,179.86166 0.01049,0.01021,0.00975,0.0091,0.0083,0.00624,0.00535,0.00449,0.00375,0.00316,0.00279,0.00262,0.00264,0.00278,0.00184,0.002,0.00207,0.002,0.00179,0.00144,0.00019,-0.00015,-0.00044,-0.00062,-0.00063,-0.00076,-0.00033,0.00026,0.00054,0.00124,0.00193,0.00255,0.00209,0.0023,0.0023,0.00096,0.00049,-0.00106,-0.00182,-0.00266,-0.004,-0.00478,-0.00568,-0.00626,-0.00684,-0.00718,-0.00738,-0.00779,-0.00777,-0.00817,-0.00849,-0.00812,-0.008,-0.0073,-0.0066,-0.00577,-0.0048,-0.00383,-0.00366,-0.00333,-0.00339,-0.00445,-0.00514,-0.0059,-0.00741,-0.0079,-0.00792,-0.00738,-0.00788,-0.00644,-0.00462,-0.00264,-0.0007,0.00102,0.00112,0.00241,0.00341,0.00417,0.00476,0.00519,0.00544,0.00547,0.0053,0.00495,0.00452,0.00416,0.00423,0.00413,0.00429,0.00469,0.00519,0.00563,0.00594,0.00622,0.00625,0.00603,0.0065,0.0061,0.00548,0.00604,0.00524,0.00432,0.00482,0.00388,0.00309,0.0037,0.0034,0.0042,0.0047,0.00589,0.00714,0.00923,0.01036,0.01297,0.01366,0.01629,0.01637,0.01858,0.01805,0.01953,0.01846,0.01895,0.01742,0.01678,0.01492,0.01309,0.01143,0.00962,0.00782,0.00643,0.00533,0.00447,0.0041,0.00403,0.00422,0.00454,0.00488,0.00496,0.00503,0.00491,0.00415,0.00362,0.00295,0.00188,0.00115,0.0004,-0.00037,-0.00024,-0.00061,-0.00089,-0.00102,0.00132,0.0018,0.0025,0.00345,0.00463,0.00889,0.01028,0.01168,0.01299,0.01413,0.01679,0.01701,0.01686,0.01637,0.0156,0.01461,0.01352,0.01248,0.0115,0.01076,0.01029,0.01008,0.01008,0.01022,0.01042,0.01061,0.01078,0.01091,0.01103,0.01118,0.01281,0.01313,0.01362,0.0143,0.01518,0.01622,0.01737,0.01855,0.01969,0.02073,0.02161,0.02231,0.02282,0.02283,0.02296,0.02297,0.02289,0.02272,0.02244,0.02204,0.02151,0.02084,0.02004,0.01917,0.01827,0.01744,0.01646,0.01609,0.0161,0.01658,0.01755,0.01902,0.0209,0.02349,0.02586,0.02814,0.03013,0.03167,0.03266,0.03406,0.03393,0.03335,0.0324,0.03216,0.03091,0.02972,0.02869,0.02818,0.02748,0.02698,0.02666,0.02574,0.02524,0.02458,0.0224,0.02115,0.01968,0.01809,0.01517,0.01383,0.01288,0.01182,0.01229,0.01374,0.01593,0.01881,0.02326,0.02689,0.03191,0.03506,0.03767,0.04083,0.04182,0.04299,0.04232,0.04161,0.03967,0.03755,0.03491,0.03203,0.02933,0.0263,0.02413,0.02159,0.02043,0.01889,0.01895,0.01855,0.01862,0.02009,0.02067,0.02233,0.02271,0.02269,0.02362,0.02281,0.02166,0.02033,0.0199,0.01833,0.01687,0.01579,0.01433,0.013,0.01182,0.01086,0.00979,0.00943,0.00962,0.01044,0.01187,0.01378,0.01586,0.01783,0.01942,0.02044,0.02082,0.02066,0.02014,0.01948,0.01891,0.01857,0.01859,0.01897,0.01996,0.02058,0.02135,0.02219,0.02238,0.02287,0.02319,0.02325,0.02194,0.02133,0.02051,0.0183,0.01729,0.01649,0.01443,0.01432,0.01296,0.01386,0.01528,0.01522,0.01727,0.01787,0.02001,0.02094,0.02272,0.02365,0.02468,0.0253,0.0253,0.02535,0.02514,0.02372,0.02298,0.02092,0.01996,0.01899,0.0171,0.01635,0.01566,0.01451,0.01398,0.0134,0.01252,0.01177,0.01085,0.00979,0.00845,0.00711,0.00567,0.00416,0.0026,0.00062,-0.00106,-0.00276,-0.00443,-0.00606,-0.0087,-0.0103,-0.01176,-0.01307,-0.01418,-0.0151,-0.01582,-0.01634,-0.01671,-0.01697,-0.01893,-0.01908,-0.01927,-0.01954,-0.01993,-0.0204,-0.02092,-0.02143,-0.02183,-0.02202,-0.02187,-0.02134,-0.02038,-0.01884,-0.01727,-0.01541,-0.01334,-0.01114,-0.00891,-0.0067,-0.00458,-0.00257,-0.00272,-0.00122,7e-05,0.0011,0.00182,0.00217,-0.00023,-0.00051,-0.00115,-0.00209,-0.00466,-0.0056,-0.0065,-0.00724,-0.00809,-0.00805,-0.00769,-0.00697,-0.00593,-0.00468,-0.00308,-0.00159,-0.00012,0.00149,0.00273,0.00378,0.00468,0.00525,0.00547,0.0056,0.00532,0.0052,0.00477,0.0046,0.0043,0.00421,0.00407,0.00396,0.00368,0.00337,0.00258,0.00138,0.00053,-0.00118,-0.0021,-0.00377,-0.00503,-0.00539,-0.00569,-0.00533,-0.00447,-0.00392,-0.00284,-0.00191,-0.00131,-0.00105,-0.00102,-0.00136,-0.00201,-0.0029,-0.00393,-0.00502,-0.00605,-0.00622,-0.00693,-0.0073,-0.00733,-0.00702,-0.00717,-0.00656,-0.00582,-0.00501,-0.00414,-0.00317,-0.00209,-0.00087,-0.00104,0.00034,0.00174,0.003,0.00391,0.00364,0.00373,0.00294,0.00193,-0.00013,-0.00289,-0.00445,-0.00739,-0.00994,-0.01091,-0.01235,-0.01296,-0.01294,-0.01253,-0.01213,-0.01114,-0.01064,-0.00955,-0.00914,-0.00827,-0.00803,-0.00753,-0.00749,-0.00736,-0.00754,-0.00772,-0.00814,-0.00854,-0.00918,-0.00966,-0.01043,-0.01124,-0.01152,-0.01218,-0.01216,-0.01255,-0.0128,-0.01236,-0.01242,-0.01244,-0.01206,-0.01222,-0.01243,-0.01254,-0.01289,-0.01321,-0.01369,-0.01406,-0.01442,-0.01538,-0.01595,-0.01655,-0.01717,-0.01908,-0.01977,-0.02032,-0.02067,-0.02249,-0.02249,-0.02231,-0.02202,-0.02169,-0.02293,-0.02268,-0.02254,-0.02254,-0.02266,-0.02288,-0.02383,-0.02396,-0.02402,-0.02397,-0.02382,-0.02354,-0.02317,-0.02271,-0.02229,-0.02169,-0.02101,-0.02026,-0.01944,-0.01856,-0.0176,-0.01656,-0.01545,-0.01425,-0.01297,-0.01161,-0.01017,-0.00869,-0.0072,-0.00576,-0.00443,-0.0033,-0.00242,-0.00186,-0.00167,-0.00185,-0.00237,-0.00318,-0.00418,-0.00528,-0.00636,-0.00736,-0.00824,-0.00898,-0.00961,-0.01018,-0.01072,-0.01252,-0.0131,-0.0137,-0.01433,-0.01497,-0.01557,-0.01613,-0.01661,-0.01699,-0.01717,-0.0173,-0.01738,-0.01738,-0.0173,-0.01611,-0.01567,-0.01509,-0.0144,-0.01362,-0.01162,-0.01087,-0.01019,-0.00961,-0.00833,-0.00801,-0.00775,-0.00753,-0.00663,-0.00641,-0.00617,-0.00526,-0.00503,-0.00484,-0.00466,-0.00409,-0.00405,-0.00405,-0.00405,-0.00424,-0.00476,-0.00517,-0.00569,-0.00678,-0.00746,-0.00817,-0.00926,-0.0098,-0.01052,-0.01072,-0.0111,-0.011,-0.01133,-0.01109,-0.01078,-0.0114,-0.01109,-0.01204,-0.01177,-0.01282,-0.01372,-0.01343,-0.01396,-0.01361,-0.0137,-0.01323,-0.01286,-0.01221,-0.01137,-0.01026,-0.00907,-0.00746,-0.00556,-0.00388,-0.00165,0.00061,0.00273,0.00421,0.00569,0.00647,0.0064,0.00646,0.00504,0.00296,0.00056,-0.00173,-0.00355,-0.00419,-0.00496,-0.00495,-0.00428,-0.00318,-0.00191,-0.00072,0.00022,0.00084,0.00113,0.00117,0.00102,0.00073,0.0009,0.00038,-0.00031,-0.00121,-0.00228,-0.0026,-0.00371,-0.00463,-0.00519,-0.00506,-0.00487,-0.00415,-0.00353,-0.00215,-0.00047,0.00018,0.00193,0.0036,0.00373,0.00499,0.00475,0.0056,0.0052,0.00581,0.00547,0.00594,0.00576,0.00608,0.006,0.00602,0.00585,0.00541,0.00491,0.0039,0.00294,0.00165,9e-05,-0.00155,-0.00336,-0.00474,-0.00643,-0.00807,-0.00847,-0.00965,-0.01064,-0.00983,-0.01035,-0.01069,-0.01086,-0.00917,-0.00917,-0.00908,-0.00891,-0.0075,-0.00734,-0.00707,-0.00666,-0.0061,-0.00537,-0.00408,-0.00305,-0.00186,-0.00056,0.0008,0.00217,0.00348,0.00469,0.00577,0.00739,0.00824,0.00896,0.00953,0.00998,0.01032,0.01052,0.01059
241.875 -179.75421,-179.30343,-178.85308,-178.40324,-177.95396,-177.50531,-177.05741,-176.61026,-176.16396,-175.71855,-175.20459,-174.75733,-174.31125,-173.86626,-173.42249,-172.98004,-172.53897,-172.00902,-171.56688,-171.12625,-170.68727,-170.25006,-169.70953,-169.27163,-168.83592,-168.40228,-167.97068,-167.41993,-166.98824,-166.55896,-166.00335,-165.57466,-165.14848,-164.58734,-164.16188,-163.73942,-163.17372,-162.7527,-162.33476,-161.76396,-161.34762,-160.77416,-160.36016,-159.9498,-159.37225,-158.96423,-158.38382,-157.97893,-157.39658,-156.99502,-156.4102,-156.01205,-155.42484,-155.03104,-154.44249,-154.05303,-153.46275,-152.87072,-152.4859,-151.89315,-151.51402,-150.92024,-150.32512,-149.95216,-149.35644,-148.76,-148.16239,-147.79818,-147.20069,-146.60211,-146.00312,-145.64934,-145.05138,-144.45278,-143.85362,-143.25399,-142.65447,-142.05465,-141.45465,-140.85456,-140.2545,-139.92856,-139.33222,-139.05578,-138.45703,-137.8588,-137.26121,-136.66444,-136.06909,-135.47479,-134.8817,-134.28994,-133.9915,-133.39849,-132.80741,-132.21841,-131.63137,-131.32212,-130.7346,-130.14938,-129.56662,-129.24932,-128.66716,-128.08788,-127.76526,-127.18663,-126.61116,-126.28321,-125.7089,-125.37792,-124.80532,-124.23656,-123.90075,-123.33405,-122.99533,-122.4309,-122.08931,-121.52748,-121.18309,-120.62429,-120.27728,-119.72185,-119.37224,-118.82054,-118.46844,-117.9206,-117.56611,-117.02244,-116.66569,-116.30766,-115.76768,-115.4076,-114.87265,-114.51062,-114.1473,-113.61716,-113.25215,-112.88584,-112.36105,-111.9932,-111.62407,-111.10518,-110.73472,-110.36303,-109.85066,-109.47792,-109.10397,-108.5987,-108.22392,-107.848,-107.47091,-106.97386,-106.59634,-106.21772,-105.83801,-105.3501,-104.97023,-104.58936,-104.20748,-103.82461,-103.34781,-102.96522,-102.58172,-102.19734,-101.8121,-101.34776,-100.96323,-100.57792,-100.19186,-99.80506,-99.41756,-99.02937,-98.58232,-98.19543,-97.80797,-97.41996,-97.03144,-96.64241,-96.25291,-95.86297,-95.4726,-95.08185,-94.69074,-94.2993,-93.88365,-93.49446,-93.10506,-92.71547,-92.32572,-91.93585,-91.54589,-91.15586,-90.7658,-90.37575,-89.98573,-89.59577,-89.20591,-88.81618,-88.42661,-88.03723,-87.64807,-87.23468,-86.84326,-86.45217,-86.06145,-85.67111,-85.28119,-84.89172,-84.50273,-84.11425,-83.7263,-83.33891,-82.95211,-82.5074,-82.11927,-81.73183,-81.34511,-80.95913,-80.57391,-80.18947,-79.72747,-79.34229,-78.95799,-78.57459,-78.1921,-77.71767,-77.33486,-76.95307,-76.57228,-76.19253,-75.70693,-75.32728,-74.94874,-74.57131,-74.07661,-73.69963,-73.32383,-72.9492,-72.44622,-72.07236,-71.69972,-71.18963,-70.81802,-70.44769,-69.93107,-69.56202,-69.19426,-68.67169,-68.30544,-67.94051,-67.41257,-67.04936,-66.68748,-66.15477,-65.79481,-65.25708,-64.89917,-64.54257,-64.00107,-63.6467,-63.10097,-62.74893,-62.19912,-61.84958,-61.29614,-60.9492,-60.39245,-60.04822,-59.48848,-59.14705,-58.58463,-58.24605,-57.68126,-57.34554,-56.7785,-56.20763,-55.87684,-55.30433,-54.97659,-54.40283,-53.82585,-53.5034,-52.92567,-52.34507,-52.02808,-51.44721,-50.86352,-50.55197,-49.96837,-49.38258,-48.79476,-48.49137,-47.90433,-47.31559,-46.72529,-46.13357,-45.54019,-45.25036,-44.65861,-44.06588,-43.4723,-42.878,-42.2831,-41.68774,-41.09187,-40.49554,-39.89909,-39.30263,-38.70627,-38.11009,-37.76816,-37.1701,-36.57229,-35.97492,-35.37821,-34.78223,-34.4245,-33.82786,-33.23228,-32.6376,-32.27012,-31.67521,-31.08151,-30.70686,-30.11376,-29.52216,-29.14141,-28.55055,-27.96098,-27.57461,-26.9865,-26.59545,-26.0093,-25.61411,-25.02974,-24.63031,-24.04787,-23.64488,-23.06489,-22.65889,-22.08164,-21.67278,-21.09774,-20.68611,-20.11383,-19.70018,-19.28315,-18.71557,-18.29689,-17.73187,-17.31157,-16.88826,-16.32831,-15.90431,-15.47755,-15.04814,-14.49524,-14.06529,-13.63297,-13.08548,-12.65341,-12.21917,-11.78286,-11.24291,-10.80699,-10.36934,-9.92997,-9.48893,-8.95954,-8.51964,-8.07816,-7.63528,-7.1912,-6.74589,-6.29945,-5.85193,-5.34126,-4.89555,-4.44897,-4.00157,-3.55342,-3.10459,-2.65513,-2.20512,-1.7546,-1.30363,-0.8523,-0.40065,0.05125,0.50343,0.95579,1.40827,1.86082,2.31337,2.76589,3.21833,3.67065,4.12288,4.57494,5.03338,5.48695,5.94016,6.39297,6.84537,7.29756,7.74919,8.22857,8.68061,9.13206,9.58291,10.03339,10.52716,10.97734,11.42675,11.87547,12.38022,12.82821,13.27585,13.7227,14.23662,14.68198,15.12655,15.64844,16.09191,16.53475,17.06374,17.50432,18.04011,18.47861,18.91679,19.4579,19.89407,20.44059,20.87385,21.30637,21.85613,22.28694,22.84125,23.26936,23.82706,24.39029,24.81301,25.37976,25.80031,26.36947,26.78686,27.35757,27.93248,28.34477,28.92165,29.50218,29.90873,30.48946,31.07317,31.4741,32.05858,32.64567,33.23515,33.62714,34.21525,34.80619,35.39896,35.9933,36.37388,36.96645,37.55981,38.15506,38.75122,39.34806,39.94544,40.54321,41.14107,41.73969,42.33837,42.9369,43.53515,44.13303,44.3922,44.99204,45.5918,46.19072,46.78871,47.38568,47.66151,48.25906,48.85559,49.45132,49.73742,50.33282,50.92662,51.22057,51.81365,52.40491,52.70587,53.29646,53.8855,54.19249,54.77968,55.09184,55.67712,56.2601,56.57721,57.15789,57.47938,58.0585,58.38383,58.96019,59.28935,59.86248,60.19513,60.76503,61.10088,61.66735,62.00615,62.56948,62.91078,63.25547,63.81474,64.16171,64.71661,65.06567,65.41774,65.96709,66.32088,66.67746,67.22097,67.57895,68.1178,68.47685,68.83846,69.37167,69.73408,70.09884,70.46585,70.99042,71.35791,71.72748,72.24455,72.61431,72.98601,73.35958,73.86701,74.2404,74.61551,74.99228,75.37065,75.86586,76.24361,76.62282,77.00344,77.38541,77.86784,78.24878,78.63094,79.01428,79.39873,79.78426,80.24986,80.63388,81.01885,81.40472,81.79143,82.17896,82.56724,82.95623,83.3459,83.78505,84.17252,84.56053,84.94906,85.33804,85.72745,86.11724,86.50736,86.89777,87.28844,87.67932,88.07036,88.46154,88.8528,89.2441,89.63541,90.02668,90.41787,90.80894,91.19985,91.59056,91.98103,92.3712,92.76105,93.15052,93.53958,93.92819,94.31629,94.70386,95.13915,95.52893,95.91804,96.30646,96.69412,97.08097,97.46697,97.85209,98.23627,98.69796,99.08367,99.46832,99.85188,100.23429,100.61543,101.09369,101.47589,101.85676,102.23625,102.61431,103.10575,103.48438,103.86144,104.23687,104.61062,105.11436,105.48825,105.86032,106.23049,106.74388,107.11382,107.4817,108.00255,108.36995,108.73513,109.09802,109.62738,109.98941,110.34897,110.88483,111.24322,111.59897,112.14093,112.49519,113.04152,113.39428,113.74389,114.29516,114.64296,115.19807,115.54359,115.88583,116.44576,116.78527,117.34902,117.68562,118.25281,118.58626,119.15668,119.4867,120.06013,120.38644,120.9625,121.28498,121.86286,122.18124,122.76137,123.34409,123.65745,124.2421,124.55038,125.13667,125.72499,126.02719,126.61671,127.20737,127.50311,128.09436,128.68748,128.97534,129.56869,130.16343,130.75948,131.03713,131.63266,132.229,132.82595,133.42383,133.68761,134.28391,134.88075,135.47798,136.0755,136.67325,137.27059,137.86788,138.46499,139.06177,139.65809,140.2538,140.8491,141.44272,142.03525,142.62652,143.21634,143.59952,144.19097,144.78083,145.36791,145.95276,146.34739,146.93275,147.51541,148.09548,148.49946,149.07865,149.65443,150.06322,150.63804,151.20899,151.62418,152.19368,152.61072,153.17765,153.7397,154.16214,154.7217,155.14752,155.70351,156.13108,156.68291,157.11314,157.66086,158.09422,158.52822,159.07229,159.50792,160.04632,160.48451,161.01692,161.45734,161.89836,162.42461,162.86691,163.31024,163.82979,164.27485,164.72064,165.23198,165.67842,166.12572,166.57403,167.07615,167.52518,167.97486,168.42484,168.91549,169.36596,169.81703,170.26867,170.72087,171.19729,171.6487,172.10077,172.55327,173.00617,173.45944,173.91307,174.36825,174.82021,175.27238,175.72469,176.1771,176.62958,177.08206,177.5345,177.98688,178.43915,178.89126,179.34309,179.79462 0.01305,0.01273,0.01219,0.01145,0.01053,0.00951,0.00847,0.00749,0.00667,0.00607,0.00527,0.00514,0.0052,0.00539,0.0056,0.00574,0.00572,0.00477,0.00435,0.00372,0.00295,0.00213,0.00099,0.00045,0.00013,9e-05,0.00039,0.00089,0.00177,0.00285,0.00363,0.00472,0.00575,0.00552,0.00593,0.00604,0.00428,0.00365,0.00276,0.00023,-0.00089,-0.00305,-0.00395,-0.00468,-0.00576,-0.00594,-0.00634,-0.00607,-0.00616,-0.0056,-0.00571,-0.00504,-0.00527,-0.00458,-0.00483,-0.00425,-0.00449,-0.0046,-0.00459,-0.00495,-0.00561,-0.00638,-0.0073,-0.00871,-0.00982,-0.01082,-0.01159,-0.01264,-0.01269,-0.01217,-0.01104,-0.01084,-0.00897,-0.00688,-0.00476,-0.00283,-0.0012,0.00011,0.00113,0.00192,0.00253,0.00222,0.00254,0.00323,0.00329,0.00315,0.00288,0.00259,0.00241,0.00247,0.00283,0.00341,0.00409,0.0047,0.00511,0.00517,0.00482,0.00482,0.00403,0.00302,0.00189,0.00207,0.00098,-0.00013,0.00029,-0.00076,-0.00174,-0.00108,-0.00165,-0.00063,-0.00037,0.0007,0.00269,0.00518,0.00761,0.01127,0.01364,0.01768,0.0194,0.02289,0.02358,0.02584,0.02544,0.02615,0.02484,0.02399,0.02201,0.01988,0.01757,0.01526,0.0125,0.01043,0.00795,0.00646,0.00529,0.00402,0.00361,0.0035,0.00328,0.00353,0.00382,0.00355,0.00364,0.00359,0.00275,0.00247,0.00216,0.00157,0.00151,0.00152,0.00165,0.0029,0.00353,0.00421,0.00492,0.00811,0.00915,0.01021,0.0113,0.01242,0.01644,0.0175,0.01846,0.01926,0.01984,0.02187,0.02156,0.02089,0.0199,0.01862,0.01717,0.01566,0.01468,0.01342,0.01247,0.01187,0.01165,0.01176,0.01213,0.01266,0.01327,0.01384,0.01432,0.01468,0.01586,0.01591,0.01586,0.01575,0.01568,0.0157,0.01587,0.01622,0.01677,0.0175,0.01837,0.01932,0.02029,0.0212,0.022,0.02266,0.02316,0.0238,0.02392,0.02392,0.02379,0.02352,0.02314,0.02263,0.02201,0.02132,0.02062,0.01996,0.01943,0.01808,0.01806,0.01842,0.01915,0.02025,0.02162,0.02317,0.02481,0.02655,0.028,0.02904,0.02959,0.03077,0.03045,0.02973,0.02876,0.02769,0.02787,0.02694,0.02627,0.0259,0.02649,0.02656,0.02681,0.02711,0.02711,0.02695,0.02651,0.02484,0.02363,0.0222,0.01936,0.01793,0.01681,0.01478,0.01484,0.01561,0.0163,0.01863,0.02145,0.02465,0.02794,0.03166,0.03427,0.03616,0.03847,0.03886,0.03967,0.03872,0.03811,0.03629,0.03465,0.0325,0.0303,0.0283,0.0261,0.02468,0.02298,0.0224,0.02156,0.02187,0.02197,0.02247,0.02373,0.0246,0.02583,0.02645,0.02662,0.02699,0.02623,0.0249,0.02416,0.02215,0.01995,0.01867,0.01642,0.01435,0.01251,0.01144,0.01007,0.00911,0.00862,0.00867,0.0093,0.01028,0.01187,0.01388,0.01605,0.01808,0.01964,0.02048,0.02049,0.01973,0.01844,0.01696,0.01566,0.01482,0.01523,0.0154,0.01619,0.01749,0.01915,0.02102,0.02215,0.02394,0.02566,0.02717,0.02716,0.02797,0.02837,0.02706,0.02675,0.02621,0.02411,0.02349,0.02303,0.02125,0.02132,0.02015,0.02078,0.02026,0.02118,0.02118,0.02204,0.02235,0.02286,0.02328,0.02318,0.02346,0.0225,0.02243,0.02064,0.0202,0.01962,0.01732,0.01672,0.01473,0.01441,0.01416,0.01313,0.01315,0.01311,0.01296,0.01234,0.01192,0.01128,0.01005,0.00898,0.00772,0.00629,0.00406,0.00235,0.00055,-0.00134,-0.0033,-0.00652,-0.00862,-0.01071,-0.01276,-0.01471,-0.01653,-0.01818,-0.0196,-0.02312,-0.02417,-0.02495,-0.02548,-0.02579,-0.02593,-0.02595,-0.02591,-0.02584,-0.02578,-0.02574,-0.0257,-0.02557,-0.0253,-0.02481,-0.02403,-0.02289,-0.02136,-0.01947,-0.01725,-0.01477,-0.0121,-0.00934,-0.00677,-0.00408,-0.00148,0.00096,0.0032,0.00518,0.00684,0.00699,0.00775,0.00799,0.00766,0.00676,0.0041,0.00239,0.00041,-0.00165,-0.00417,-0.00563,-0.00668,-0.00727,-0.00745,-0.00706,-0.00634,-0.00522,-0.00405,-0.00285,-0.0012,-3e-05,0.00164,0.00256,0.00327,0.00446,0.00477,0.00539,0.0053,0.00506,0.00503,0.00464,0.00443,0.00409,0.00395,0.00387,0.00376,0.0037,0.00361,0.00326,0.00306,0.00216,0.00084,0.00034,-0.00134,-0.003,-0.00336,-0.00448,-0.00495,-0.00469,-0.00426,-0.00339,-0.00235,-0.0017,-0.00084,-0.00033,-0.00021,-0.00049,-0.00062,-0.00139,-0.00234,-0.00335,-0.00429,-0.00504,-0.00549,-0.00559,-0.00531,-0.00468,-0.00379,-0.0027,-0.0015,-0.00027,-0.00069,0.0005,0.00168,0.00284,0.00393,0.00492,0.00467,0.00549,0.00593,0.00585,0.00525,0.00416,0.00222,0.00073,-0.0022,-0.00535,-0.00704,-0.00968,-0.0116,-0.01232,-0.01301,-0.01305,-0.0127,-0.01194,-0.01131,-0.0103,-0.00969,-0.00889,-0.00845,-0.00804,-0.00778,-0.0077,-0.00758,-0.00767,-0.00763,-0.00773,-0.00781,-0.00786,-0.00812,-0.00851,-0.00857,-0.00914,-0.00911,-0.00975,-0.01036,-0.01018,-0.01064,-0.01097,-0.01062,-0.01086,-0.01074,-0.01109,-0.01147,-0.01188,-0.01239,-0.01292,-0.01345,-0.01411,-0.01475,-0.01548,-0.01663,-0.01769,-0.01886,-0.02007,-0.022,-0.02318,-0.02414,-0.02482,-0.02521,-0.02635,-0.02628,-0.02601,-0.02564,-0.02523,-0.02546,-0.02504,-0.02469,-0.02443,-0.02425,-0.02413,-0.02355,-0.02338,-0.02322,-0.02306,-0.02286,-0.0226,-0.02224,-0.02177,-0.02115,-0.01978,-0.0188,-0.01765,-0.01639,-0.01503,-0.01362,-0.0122,-0.01078,-0.00937,-0.008,-0.00667,-0.00537,-0.00413,-0.00296,-0.00191,-0.00101,-0.00031,0.00013,0.00027,0.0001,-0.00034,-0.00101,-0.00183,-0.00269,-0.0035,-0.0042,-0.00478,-0.00524,-0.00563,-0.00742,-0.00791,-0.00849,-0.0092,-0.01007,-0.01106,-0.01213,-0.01323,-0.01428,-0.01585,-0.01658,-0.01723,-0.01781,-0.01833,-0.0188,-0.01869,-0.0188,-0.01876,-0.01855,-0.01814,-0.01621,-0.01543,-0.01461,-0.0138,-0.01305,-0.01114,-0.01063,-0.01021,-0.00984,-0.00873,-0.00847,-0.0082,-0.00728,-0.00702,-0.00676,-0.00651,-0.00567,-0.00548,-0.00535,-0.00476,-0.00481,-0.00499,-0.00497,-0.00548,-0.00599,-0.00678,-0.00763,-0.00849,-0.00925,-0.00992,-0.01031,-0.01046,-0.01042,-0.01014,-0.0098,-0.0092,-0.00893,-0.00822,-0.0084,-0.00779,-0.00861,-0.00821,-0.0095,-0.0093,-0.01065,-0.01053,-0.01151,-0.01198,-0.01161,-0.01136,-0.01068,-0.00973,-0.00838,-0.00716,-0.00534,-0.00332,-0.00185,0.00033,0.0025,0.00382,0.0057,0.00716,0.00797,0.00833,0.00785,0.00639,0.00414,0.00146,0.00024,-0.00236,-0.00438,-0.00562,-0.00604,-0.00575,-0.00494,-0.00387,-0.00277,-0.00184,-0.00119,-0.00085,-0.00077,-0.00088,-0.00114,-0.00154,-0.00213,-0.00202,-0.00297,-0.00416,-0.00548,-0.00675,-0.0066,-0.00727,-0.00732,-0.00664,-0.00551,-0.00389,-0.00174,-0.0004,0.002,0.00434,0.00519,0.00693,0.00722,0.00813,0.00845,0.00806,0.00768,0.00719,0.00637,0.00602,0.00498,0.00486,0.00369,0.00379,0.00392,0.00271,0.0028,0.00145,0.00136,2e-05,-0.00031,-0.00089,-0.00179,-0.00242,-0.00319,-0.00302,-0.00359,-0.0042,-0.00275,-0.00316,-0.00362,-0.00406,-0.00201,-0.00255,-0.0031,-0.00366,-0.00229,-0.003,-0.00361,-0.00408,-0.00437,-0.00346,-0.00343,-0.0031,-0.00249,-0.00162,-0.00051,0.00078,0.0028,0.00421,0.00562,0.00696,0.00819,0.00931,0.01029,0.01113,0.01183,0.01239,0.01281,0.01307,0.01316
247.5 -179.90826,-179.46687,-179.02615,-178.58618,-178.14697,-177.70858,-177.27107,-176.83451,-176.39898,-175.96458,-175.53132,-175.09926,-174.66848,-174.23904,-173.70203,-173.27173,-172.84289,-172.41565,-171.99007,-171.56623,-171.01894,-170.59482,-170.17255,-169.75228,-169.3341,-168.77865,-168.36064,-167.94503,-167.53182,-166.97074,-166.55791,-166.14769,-165.58302,-165.17394,-164.76769,-164.19925,-163.79413,-163.39209,-162.82033,-162.42026,-162.02348,-161.4484,-161.05362,-160.47649,-160.08442,-159.69604,-159.11669,-158.73117,-158.14977,-157.76736,-157.18494,-156.80634,-156.22263,-155.84788,-155.26257,-154.8919,-154.30613,-153.71951,-153.35373,-152.7662,-152.40536,-151.81731,-151.2289,-150.87428,-150.28567,-149.69622,-149.34831,-148.75933,-148.17005,-147.58013,-147.24143,-146.65238,-146.06285,-145.47352,-145.14551,-144.55777,-143.96987,-143.3819,-142.79412,-142.20678,-141.6196,-141.03267,-140.44608,-139.85997,-139.27493,-138.69053,-138.10691,-137.52415,-136.94238,-136.36187,-135.78295,-135.20537,-134.62924,-134.32561,-133.74872,-133.17356,-132.6006,-132.02978,-131.7172,-131.14626,-130.57759,-130.01132,-129.69185,-129.12616,-128.56338,-128.23965,-127.6778,-127.11894,-126.79068,-126.23307,-125.67875,-125.34618,-124.79384,-124.45895,-123.90866,-123.5714,-123.02333,-122.47917,-122.13803,-121.59653,-121.25309,-120.71463,-120.36913,-119.83391,-119.4863,-118.95465,-118.60506,-118.25439,-117.72556,-117.37293,-116.84817,-116.4937,-115.97333,-115.61725,-115.26006,-114.74382,-114.38505,-113.87381,-113.51374,-113.15256,-112.64628,-112.28386,-111.92035,-111.41951,-111.05494,-110.68931,-110.19443,-109.828,-109.46053,-109.09203,-108.60391,-108.2348,-107.8647,-107.38362,-107.01323,-106.6419,-106.26963,-105.79669,-105.42432,-105.05107,-104.67695,-104.30197,-103.83895,-103.46423,-103.08873,-102.71246,-102.33542,-101.88342,-101.507,-101.1299,-100.75213,-100.3737,-99.99465,-99.55622,-99.1782,-98.79964,-98.42057,-98.04101,-97.66096,-97.28045,-96.89949,-96.51811,-96.13633,-95.72064,-95.34058,-94.96022,-94.57957,-94.19866,-93.81752,-93.43618,-93.05465,-92.67297,-92.29116,-91.90925,-91.52726,-91.14523,-90.76317,-90.38111,-89.99908,-89.61711,-89.23523,-88.85346,-88.47182,-88.09035,-87.70906,-87.328,-86.94717,-86.56661,-86.18633,-85.80638,-85.39217,-85.01049,-84.62922,-84.24838,-83.86799,-83.48807,-83.10866,-82.72976,-82.35139,-81.97359,-81.53673,-81.15787,-80.77966,-80.40211,-80.02524,-79.64907,-79.1987,-78.82189,-78.44585,-78.07061,-77.69617,-77.23482,-76.8601,-76.48625,-76.11329,-75.74122,-75.26997,-74.89797,-74.52693,-74.15684,-73.67746,-73.30773,-72.939,-72.57129,-72.08455,-71.71745,-71.35135,-70.8582,-70.49292,-70.12873,-69.62966,-69.2665,-68.90445,-68.39992,-68.03909,-67.67938,-67.16988,-66.81157,-66.29717,-65.94041,-65.58479,-65.06622,-64.71223,-64.18931,-63.83712,-63.48605,-62.95986,-62.61072,-62.0807,-61.7335,-61.2,-60.85493,-60.3182,-59.97535,-59.43566,-59.0951,-58.5527,-58.2145,-57.66966,-57.12095,-56.78656,-56.2358,-55.90386,-55.35123,-54.79528,-54.4676,-53.91032,-53.35001,-53.02681,-52.46559,-51.90163,-51.58306,-51.01836,-50.45117,-50.13699,-49.56959,-49.00003,-48.42845,-48.12117,-47.54995,-46.97698,-46.40237,-45.82599,-45.24808,-44.6689,-44.37523,-43.79726,-43.21825,-42.63832,-42.05756,-41.47596,-40.89345,-40.31042,-39.72696,-39.14317,-38.55913,-38.24296,-37.65645,-37.06989,-36.4831,-35.89647,-35.31009,-34.97788,-34.39014,-33.80286,-33.2161,-32.87384,-32.28594,-31.6987,-31.11215,-30.76147,-30.17488,-29.58923,-29.23206,-28.64611,-28.28363,-27.69826,-27.11382,-26.74633,-26.16302,-25.7911,-25.20832,-24.83205,-24.25052,-23.87044,-23.29056,-22.9071,-22.32889,-21.94204,-21.36495,-20.97524,-20.40003,-20.00789,-19.61225,-19.04031,-18.64237,-18.07178,-17.67198,-17.26909,-16.70228,-16.29808,-15.891,-15.32749,-14.91917,-14.50819,-14.09469,-13.53689,-13.12295,-12.70664,-12.28805,-11.73567,-11.31688,-10.8961,-10.47332,-10.04861,-9.50463,-9.08033,-8.6542,-8.22648,-7.79723,-7.36648,-6.83277,-6.40301,-5.97187,-5.53939,-5.10577,-4.67103,-4.23521,-3.7984,-3.36065,-2.92203,-2.48255,-2.04231,-1.60138,-1.09388,-0.65465,-0.21481,0.22562,0.61194,1.0561,1.5006,1.9454,2.39046,2.83573,3.28125,3.72693,4.17273,4.61861,5.06456,5.51053,5.9567,6.38537,6.83297,7.28041,7.72771,8.17485,8.62194,9.06935,9.51731,9.96478,10.41199,10.85895,11.32035,11.76749,12.21466,12.66122,13.13386,13.57985,14.0255,14.5079,14.95336,15.39853,15.88955,16.33312,16.77636,17.27477,17.71727,18.15975,18.66471,19.105,19.61661,20.05508,20.57312,21.01075,21.44828,21.97001,22.4048,22.93137,23.36487,23.89628,24.32814,24.86344,25.40439,25.8308,26.37474,26.80032,27.34734,27.89919,28.31971,28.87301,29.29116,29.84664,30.40607,30.9692,31.38047,31.94379,32.51016,32.91713,33.48437,34.05433,34.62678,35.20153,35.77796,36.17175,36.74798,37.32591,37.90537,38.48618,39.06787,39.65153,40.23606,40.82132,41.40715,41.99342,42.58008,43.16764,43.75534,44.343,44.57823,45.16819,45.75774,46.34719,46.93661,47.52535,47.77806,48.3677,48.95642,49.54414,49.80816,50.39667,50.9845,51.25666,51.8439,52.42974,52.70958,53.29452,53.87803,54.1645,54.74776,55.03948,55.62136,56.20104,56.49842,57.07608,57.3784,57.9538,58.2607,58.83405,59.14476,59.71667,60.03114,60.59987,60.91816,61.48352,61.80513,62.36718,62.69182,63.02036,63.57779,63.90894,64.46375,64.79679,65.13338,65.68343,66.02197,66.56744,66.90779,67.25128,67.79069,68.13554,68.4833,69.0164,69.36519,69.71668,70.24397,70.59588,70.95034,71.30723,71.82614,72.18331,72.54273,73.05396,73.41344,73.77498,74.13852,74.50398,75.00274,75.36776,75.73455,76.10302,76.59109,76.95872,77.32797,77.69869,78.07083,78.44432,78.91652,79.28865,79.66203,80.03657,80.41224,80.78898,81.16672,81.6185,81.99439,82.37115,82.74875,83.12712,83.50623,83.88602,84.26643,84.64744,85.02898,85.41102,85.7935,86.20711,86.58678,86.96678,87.34706,87.72757,88.10826,88.48909,88.87002,89.25101,89.63199,90.01295,90.39382,90.77456,91.15514,91.5355,91.91559,92.29538,92.70395,93.08654,93.46871,93.85039,94.23155,94.61215,94.99213,95.37145,95.75007,96.12793,96.50498,96.88114,97.32776,97.70577,98.0828,98.4588,98.83371,99.20748,99.58006,100.04719,100.42102,100.79352,101.16463,101.53429,101.90244,102.38601,102.75491,103.12217,103.4877,103.98214,104.34805,104.71208,105.07418,105.43428,105.94103,106.30105,106.65886,107.17321,107.53071,107.88584,108.23851,108.76186,109.11382,109.46312,109.99315,110.34143,110.68685,111.22283,111.56728,111.90825,112.44963,112.7894,113.12581,113.67223,114.00666,114.55709,114.88904,115.44354,115.77292,116.09846,116.65758,116.98014,117.54256,117.86186,118.42739,118.74314,119.31119,119.62348,120.19336,120.50185,121.07398,121.37785,121.95255,122.25141,122.82829,123.40699,123.70059,124.28094,124.56881,125.15052,125.73285,126.01503,126.59776,127.18246,127.45675,128.04189,128.62826,128.8941,129.48039,130.06766,130.32406,130.91069,131.49719,132.08446,132.67233,132.91484,133.50099,134.08743,134.67405,135.26075,135.84682,136.4327,137.01828,137.60348,138.18817,138.77219,139.35562,139.93743,140.51814,141.09759,141.67561,142.25202,142.82665,143.39949,143.97038,144.36848,144.93926,145.50745,146.07286,146.47921,147.04501,147.60684,148.16515,148.57819,149.13558,149.68895,150.10768,150.65988,151.20708,151.62933,152.17412,152.59863,153.14098,153.67785,154.1078,154.64076,155.07156,155.60053,156.03366,156.55838,156.99421,157.51388,157.95052,158.46434,158.90274,159.34201,159.85141,160.29243,160.79479,161.23636,161.67826,162.17426,162.61811,163.06224,163.55069,163.99528,164.44003,164.91977,165.36587,165.81225,166.28209,166.72885,167.17533,167.62239,168.08087,168.52809,168.97552,169.42317,169.87061,170.31487,170.76196,171.20923,171.65663,172.10415,172.55157,172.97696,173.42293,173.86892,174.31486,174.76072,175.20647,175.65196,176.09736,176.54255,176.98752,177.43221,177.8766,178.32058,178.76416,179.20723,179.64975 0.01416,0.01364,0.01289,0.01195,0.01085,0.00969,0.00857,0.0076,0.00685,0.00639,0.00625,0.00639,0.00674,0.00719,0.00718,0.00739,0.00739,0.0071,0.00653,0.00572,0.00429,0.00328,0.00234,0.0016,0.00116,0.00068,0.00101,0.0018,0.00302,0.00397,0.00569,0.00758,0.00843,0.01002,0.0114,0.01072,0.01111,0.01106,0.00838,0.00742,0.00619,0.00274,0.00142,-0.00136,-0.0022,-0.00279,-0.00396,-0.00387,-0.00401,-0.00343,-0.00309,-0.00231,-0.00199,-0.00129,-0.0013,-0.00093,-0.00147,-0.00228,-0.00263,-0.00387,-0.00474,-0.00625,-0.00772,-0.00897,-0.01039,-0.01167,-0.01269,-0.01364,-0.01432,-0.01465,-0.01478,-0.01442,-0.01358,-0.01226,-0.01163,-0.00987,-0.00796,-0.00605,-0.00433,-0.00285,-0.00167,-0.00078,-0.00015,0.00022,0.00033,0.0002,-0.00015,-0.00062,-0.0011,-0.00143,-0.00147,-0.00112,-0.0004,0.00095,0.00189,0.00267,0.00306,0.00289,0.00321,0.00224,0.00091,-0.00059,-0.0007,-0.00214,-0.00349,-0.00342,-0.00462,-0.00573,-0.00553,-0.00642,-0.00697,-0.00616,-0.00571,-0.00408,-0.00211,0.00054,0.00418,0.00863,0.01229,0.01705,0.02032,0.02406,0.02623,0.02803,0.02883,0.02851,0.02806,0.02707,0.02457,0.02282,0.01943,0.01733,0.01384,0.01182,0.00987,0.00725,0.00581,0.00415,0.00332,0.00275,0.00217,0.00205,0.00206,0.00175,0.00178,0.00179,0.00118,0.00108,0.00099,0.00097,0.00086,0.00131,0.00198,0.00346,0.00485,0.00639,0.00802,0.01127,0.01308,0.01478,0.01637,0.01783,0.0212,0.02241,0.02344,0.02426,0.02483,0.02645,0.02629,0.02578,0.02492,0.02375,0.02232,0.02138,0.01975,0.01818,0.01679,0.01566,0.01484,0.01437,0.01422,0.01436,0.01472,0.01594,0.01639,0.0168,0.01711,0.01725,0.01719,0.01692,0.01647,0.0159,0.01528,0.01469,0.01425,0.01401,0.01403,0.01433,0.01489,0.01566,0.01656,0.01748,0.01836,0.01914,0.0198,0.02033,0.02075,0.0211,0.02137,0.02159,0.02275,0.02267,0.02249,0.02224,0.02194,0.02165,0.02142,0.02131,0.02137,0.02162,0.02163,0.0223,0.02312,0.02402,0.0249,0.02567,0.02657,0.02698,0.02701,0.02667,0.02602,0.02614,0.02519,0.02427,0.0235,0.02299,0.02355,0.02359,0.02396,0.0246,0.02579,0.02652,0.02714,0.02751,0.02753,0.0271,0.02635,0.02488,0.02364,0.02241,0.02052,0.01976,0.01946,0.01886,0.01975,0.02108,0.02252,0.02459,0.02695,0.02894,0.03042,0.03262,0.0331,0.03465,0.03408,0.03307,0.03354,0.03206,0.0319,0.03028,0.02958,0.02802,0.027,0.0257,0.0247,0.02382,0.02324,0.02289,0.02298,0.0234,0.02384,0.02479,0.02536,0.02642,0.02728,0.02745,0.02767,0.0273,0.02661,0.02541,0.02373,0.02252,0.02043,0.01819,0.01705,0.01494,0.01302,0.01145,0.01106,0.01028,0.0101,0.01055,0.01161,0.0132,0.01522,0.0173,0.01967,0.02186,0.02353,0.02441,0.02432,0.02329,0.02149,0.01929,0.01706,0.01519,0.01425,0.0136,0.01375,0.01456,0.01588,0.01756,0.01921,0.02127,0.02336,0.02538,0.02706,0.02877,0.03014,0.0311,0.03151,0.03166,0.03135,0.03055,0.02967,0.02841,0.0274,0.02635,0.02529,0.02449,0.02376,0.02316,0.02274,0.0221,0.02189,0.02097,0.02089,0.01955,0.01951,0.01759,0.01747,0.015,0.01478,0.01451,0.01185,0.0117,0.00942,0.00961,0.0099,0.00863,0.00927,0.0099,0.00915,0.0097,0.01003,0.01009,0.00855,0.00805,0.00724,0.00618,0.00323,0.00175,0.00013,-0.00161,-0.00346,-0.00722,-0.00924,-0.01136,-0.01358,-0.01587,-0.01817,-0.02249,-0.02484,-0.02709,-0.02916,-0.031,-0.03255,-0.03378,-0.03467,-0.03523,-0.03547,-0.03541,-0.03511,-0.0346,-0.03687,-0.03573,-0.0344,-0.03288,-0.02961,-0.02814,-0.02647,-0.0246,-0.02251,-0.02022,-0.01776,-0.01517,-0.0125,-0.00979,-0.00709,-0.00445,-0.00189,0.0011,0.00338,0.0054,0.00706,0.0083,0.00901,0.00966,0.00918,0.00803,0.00627,0.00404,0.0018,-0.00073,-0.00305,-0.00495,-0.00622,-0.00697,-0.00717,-0.00699,-0.00642,-0.00566,-0.00474,-0.0039,-0.00319,-0.002,-0.00148,-0.00114,0.00022,0.00037,0.00176,0.00171,0.00287,0.00264,0.00234,0.00307,0.00278,0.00322,0.00309,0.00337,0.00346,0.00371,0.00389,0.00416,0.00421,0.00446,0.00415,0.00344,0.00337,0.00205,0.00173,-2e-05,-0.00175,-0.00314,-0.00343,-0.00395,-0.00375,-0.00345,-0.00253,-0.00148,-0.0006,-6e-05,0.0,-0.00033,-0.00096,-0.00185,-0.00281,-0.00365,-0.00425,-0.0045,-0.00438,-0.00387,-0.00299,-0.00182,-0.00042,0.0011,0.00267,0.00418,0.00371,0.00497,0.00605,0.0069,0.0075,0.00785,0.0073,0.00745,0.00729,0.00674,0.00616,0.00485,0.00284,0.00149,-0.00146,-0.00466,-0.00636,-0.00917,-0.01143,-0.01225,-0.0134,-0.01349,-0.01359,-0.01322,-0.0124,-0.01148,-0.01059,-0.00966,-0.00905,-0.0084,-0.00815,-0.00776,-0.00776,-0.00746,-0.00754,-0.00713,-0.00721,-0.00661,-0.00674,-0.00691,-0.00631,-0.00668,-0.00612,-0.00671,-0.00737,-0.00706,-0.00784,-0.00769,-0.00844,-0.00908,-0.00919,-0.00979,-0.01034,-0.01092,-0.0115,-0.01204,-0.01275,-0.01323,-0.01374,-0.01431,-0.01507,-0.01592,-0.01698,-0.01828,-0.01974,-0.0213,-0.02283,-0.02423,-0.02554,-0.02651,-0.02714,-0.02744,-0.02755,-0.02734,-0.02693,-0.02638,-0.02575,-0.02512,-0.02402,-0.02333,-0.02272,-0.0222,-0.0218,-0.02151,-0.02132,-0.02009,-0.02008,-0.02005,-0.01991,-0.01959,-0.01904,-0.01823,-0.01718,-0.01591,-0.0145,-0.01299,-0.01144,-0.00888,-0.00741,-0.00606,-0.00483,-0.00373,-0.00275,-0.00188,-0.0011,-0.0004,0.0002,0.00068,0.00099,0.0011,0.00099,0.00067,0.00018,-0.0004,-0.00137,-0.00196,-0.00244,-0.00279,-0.00303,-0.00322,-0.00344,-0.00376,-0.00426,-0.00497,-0.00593,-0.00712,-0.00974,-0.01111,-0.01247,-0.01377,-0.01498,-0.0161,-0.01714,-0.01832,-0.01912,-0.01987,-0.02054,-0.02109,-0.02146,-0.02055,-0.02031,-0.01988,-0.0193,-0.01692,-0.01615,-0.01539,-0.01466,-0.01394,-0.01192,-0.01136,-0.01081,-0.00952,-0.00912,-0.00876,-0.00844,-0.00766,-0.00745,-0.0073,-0.00658,-0.00655,-0.00665,-0.00614,-0.0065,-0.00702,-0.007,-0.00774,-0.0085,-0.00883,-0.00947,-0.00986,-0.01018,-0.01036,-0.01023,-0.00986,-0.00944,-0.00866,-0.00789,-0.00682,-0.00607,-0.00493,-0.00472,-0.00379,-0.0045,-0.00396,-0.00556,-0.00542,-0.00737,-0.00742,-0.00905,-0.01004,-0.00978,-0.00979,-0.00915,-0.00826,-0.00688,-0.00574,-0.00394,-0.00198,-0.00077,0.00126,0.00329,0.00434,0.00618,0.00769,0.00824,0.00883,0.00851,0.00717,0.00489,0.00356,0.00048,-0.00257,-0.00517,-0.00705,-0.00809,-0.00831,-0.00785,-0.00693,-0.00582,-0.00476,-0.00389,-0.0033,-0.00298,-0.00289,-0.00299,-0.00328,-0.00383,-0.0047,-0.00593,-0.00627,-0.00781,-0.00925,-0.01025,-0.00997,-0.00982,-0.00875,-0.00682,-0.00534,-0.00264,0.00031,0.00185,0.00456,0.00683,0.00772,0.00901,0.00927,0.00943,0.00886,0.00827,0.00687,0.00606,0.00417,0.00343,0.00137,0.00091,-0.00103,-0.00111,-0.00273,-0.00249,-0.00214,-0.00321,-0.00274,-0.00334,-0.00281,-0.00235,-0.00211,-0.00154,-0.00106,0.00041,0.00104,0.00152,0.00405,0.00443,0.00456,0.00722,0.00691,0.0063,0.00544,0.00717,0.00587,0.00449,0.00311,0.00181,0.00287,0.00179,0.00101,0.00056,0.00047,0.00073,0.00283,0.00354,0.00447,0.00556,0.00671,0.00789,0.00905,0.01014,0.01115,0.01205,0.01283,0.01348,0.01399,0.01434,0.01449,0.01444
100.0 -179.79902,-178.70366,-177.60459,-176.50227,-175.39791,-174.29233,-173.2904,-172.16635,-171.04354,-169.92239,-168.80393,-167.70132,-166.5725,-165.44933,-164.28676,-163.1588,-162.03863,-160.82341,-159.70442,-158.4511,-157.33759,-156.05015,-154.94619,-153.62907,-152.53935,-151.19767,-149.833,-148.76589,-147.38497,-145.98559,-144.56943,-143.54619,-142.12684,-140.69621,-139.25627,-137.80939,-136.35782,-134.90374,-134.35484,-132.87983,-131.40818,-129.94223,-129.31663,-127.84161,-126.37864,-125.7021,-124.23921,-123.53083,-122.07369,-121.33568,-119.89018,-119.12509,-117.69719,-116.90796,-115.50358,-114.69349,-113.31822,-112.49081,-111.64881,-110.30876,-109.45437,-108.58687,-107.70654,-106.41825,-105.53232,-104.6355,-103.72821,-102.81098,-101.604,-100.69004,-99.76843,-98.83977,-97.90471,-96.96393,-96.01811,-95.068,-94.0234,-93.09042,-92.15555,-91.21952,-90.28306,-89.3469,-88.41179,-87.47844,-86.44945,-85.49866,-84.55203,-83.61032,-82.6742,-81.74438,-80.82149,-79.90615,-78.71327,-77.79428,-76.88514,-75.98637,-75.09842,-73.82288,-72.94016,-72.07022,-71.21335,-69.88479,-69.03993,-68.20969,-66.84491,-66.03161,-64.63711,-63.84429,-62.42556,-61.65661,-60.9048,-59.47729,-58.02742,-57.31488,-55.85829,-55.1775,-53.71996,-52.24993,-51.61967,-50.1579,-48.68973,-47.21753,-46.66379,-45.21182,-43.76161,-42.31552,-40.87597,-39.445,-38.02478,-36.61744,-35.58678,-34.18511,-32.80161,-31.43777,-30.36694,-29.02146,-27.69988,-26.60954,-25.31429,-24.21141,-22.94731,-21.83611,-20.60743,-19.49283,-18.36863,-17.18891,-16.06689,-14.93793,-13.81522,-12.69469,-11.57018,-10.44243,-9.39927,-8.28638,-7.17278,-6.05968,-4.94784,-3.83782,-2.7304,-1.62639,-0.52655,0.56796,1.65661,2.7389,3.81414,4.88168,5.94091,6.99125,8.03206,9.4368,10.47045,11.49274,12.50326,13.93809,14.93526,15.91915,17.37047,18.33701,19.28903,20.74842,21.67927,23.14541,24.05244,25.52153,26.40265,27.87049,29.34543,30.18606,31.65267,33.12241,34.59373,35.37331,36.8283,38.28072,39.72926,41.17262,42.6094,44.03824,45.45794,46.2366,47.65451,49.05986,50.45153,51.26679,52.64969,54.01605,54.85404,56.20669,57.05942,58.39529,59.26108,60.57745,61.45436,62.74855,63.63459,64.90413,65.79732,66.69903,67.93828,68.84435,69.75789,70.96189,71.87703,72.79863,73.72643,74.88346,75.80928,76.74016,77.67578,78.61582,79.70871,80.64246,81.57946,82.51936,83.46181,84.40646,85.35295,86.30092,87.25,88.19981,89.15,90.10018,91.04999,91.99906,92.94701,93.89347,94.8381,95.78052,96.72038,97.65734,98.59106,99.6793,100.61932,101.55492,102.48578,103.41159,104.56399,105.49182,106.41346,107.32865,108.52809,109.44174,110.34787,111.58264,112.48447,113.3778,114.64299,115.52926,116.8192,117.69644,118.56363,119.87492,121.20687,122.06027,123.40918,124.24778,125.61065,126.43268,127.80647,129.19518,130.5978,131.38647,132.79294,134.21024,135.63722,137.07245,138.51458,139.96224,141.41398,142.86832,144.32391,145.7795,146.58778,148.05568,149.51935,150.37169,151.84142,153.30312,154.19431,155.65578,156.57186,158.02851,158.96711,160.41469,161.37345,162.34632,163.78404,164.77299,165.77475,166.78903,168.20631,169.23135,170.26719,171.31338,172.36942,173.74479,174.80329,175.86994,176.94373,178.02395,179.10994 0.10565,0.1036,0.1012,0.09858,0.09586,0.09314,0.09178,0.08903,0.08641,0.08387,0.08137,0.07833,0.07554,0.07267,0.06733,0.06406,0.06077,0.05344,0.05025,0.0421,0.03958,0.03152,0.03012,0.02263,0.02235,0.01528,0.00784,0.00864,0.00087,-0.00746,-0.01614,-0.01424,-0.02226,-0.02959,-0.03584,-0.04091,-0.04501,-0.04867,-0.0587,-0.06275,-0.06767,-0.07358,-0.08505,-0.09206,-0.09919,-0.11116,-0.11727,-0.12853,-0.1321,-0.14164,-0.14147,-0.14845,-0.1441,-0.14817,-0.14019,-0.14167,-0.13153,-0.13143,-0.13098,-0.12071,-0.12074,-0.12127,-0.12244,-0.11583,-0.11853,-0.12165,-0.12496,-0.12819,-0.12231,-0.12435,-0.12549,-0.1256,-0.12464,-0.12265,-0.11974,-0.11619,-0.10679,-0.10379,-0.101,-0.09852,-0.09636,-0.09448,-0.09283,-0.09136,-0.09442,-0.09359,-0.09292,-0.09235,-0.09182,-0.09116,-0.09021,-0.08878,-0.09121,-0.08828,-0.08475,-0.08081,-0.07673,-0.07668,-0.07324,-0.07036,-0.06809,-0.07087,-0.06991,-0.06924,-0.07346,-0.07282,-0.07681,-0.07535,-0.07859,-0.07601,-0.0729,-0.07534,-0.07815,-0.07457,-0.07804,-0.07467,-0.07867,-0.0825,-0.07938,-0.08241,-0.08439,-0.08532,-0.08155,-0.08154,-0.08111,-0.08054,-0.07996,-0.07942,-0.07879,-0.07801,-0.08121,-0.08012,-0.07881,-0.07728,-0.08027,-0.07839,-0.07623,-0.07881,-0.07627,-0.07852,-0.07588,-0.07796,-0.07553,-0.07759,-0.07953,-0.07759,-0.07953,-0.08129,-0.0797,-0.08136,-0.08275,-0.08386,-0.0823,-0.08312,-0.0836,-0.08371,-0.08347,-0.08291,-0.08207,-0.08101,-0.07977,-0.07842,-0.07698,-0.07546,-0.07388,-0.07226,-0.07058,-0.06886,-0.06713,-0.06362,-0.06195,-0.06037,-0.05892,-0.05563,-0.05459,-0.05369,-0.05095,-0.05038,-0.04984,-0.04731,-0.04687,-0.04424,-0.04396,-0.04138,-0.04143,-0.03901,-0.0364,-0.03704,-0.0342,-0.03077,-0.02673,-0.02751,-0.02309,-0.01853,-0.01425,-0.01063,-0.00798,-0.00644,-0.00594,-0.00081,-0.00148,-0.00261,-0.00379,0.00055,-0.00032,-0.0004,0.00428,0.00524,0.01027,0.01166,0.01653,0.01703,0.02105,0.01968,0.02259,0.01935,0.02144,0.02349,0.01878,0.02062,0.02261,0.01775,0.01985,0.0221,0.02448,0.01959,0.02173,0.02376,0.0256,0.02721,0.02048,0.02149,0.02247,0.02352,0.02476,0.02627,0.02807,0.03016,0.03244,0.03481,0.03714,0.03931,0.04123,0.04286,0.04419,0.04524,0.04602,0.04655,0.04684,0.0469,0.04675,0.05324,0.05242,0.05141,0.05023,0.04889,0.05366,0.05203,0.05036,0.04864,0.05309,0.05127,0.04936,0.05355,0.05124,0.04864,0.05171,0.04837,0.05037,0.04643,0.04241,0.04359,0.04473,0.04094,0.04262,0.03936,0.04194,0.03918,0.04253,0.04618,0.04981,0.04683,0.04962,0.0516,0.0527,0.0531,0.05318,0.05335,0.05395,0.05513,0.05681,0.05884,0.06471,0.06677,0.06871,0.07408,0.07551,0.07662,0.08097,0.08118,0.08459,0.08372,0.08624,0.08444,0.08649,0.08853,0.0865,0.08895,0.0917,0.09472,0.0937,0.09711,0.10049,0.10368,0.10651,0.10494,0.10683,0.10803,0.10848,0.1082,0.10722
