22.5 -175.66892,-171.24159,-166.83389,-162.4972,-158.27811,-154.21574,-148.76167,-144.90152,-139.13063,-133.12616,-127.01561,-120.94062,-115.03805,-111.37054,-105.68756,-101.73282,-96.58026,-92.57077,-88.46688,-84.31051,-80.14687,-76.02173,-71.97841,-66.81915,-62.8014,-58.99682,-53.31515,-47.31923,-44.0417,-38.12961,-32.23529,-28.72989,-22.81349,-17.238,-13.27987,-9.1289,-4.14792,-0.02373,4.15673,8.34989,12.51144,16.59904,21.74339,25.81475,29.68347,35.33873,41.29756,44.67529,50.56934,56.45868,59.81934,65.76121,71.39429,75.238,79.28288,84.40923,88.47722,92.62469,96.81171,100.99602,105.13559,109.19087,114.34604,118.36534,122.18076,127.81501,133.74366,137.06064,142.91649,146.03481,152.13068,158.01977,161.81209,167.42487,171.44279,175.62576,179.93675 0.02316,0.06997,0.12185,0.17621,0.22934,0.27778,0.35911,0.3924,0.45819,0.50877,0.53933,0.5489,0.54018,0.55088,0.51928,0.51412,0.47115,0.45473,0.43369,0.409,0.38186,0.35355,0.3252,0.3008,0.2714,0.24465,0.21236,0.17727,0.15726,0.12613,0.09836,0.08418,0.06232,0.04459,0.03457,0.02551,0.01257,0.00468,-0.00296,-0.01058,-0.01835,-0.02646,-0.02903,-0.03859,-0.049,-0.05546,-0.06549,-0.08215,-0.10083,-0.12556,-0.13422,-0.16844,-0.20373,-0.22242,-0.2426,-0.27305,-0.29024,-0.30493,-0.31622,-0.32367,-0.32735,-0.32764,-0.32726,-0.32183,-0.31431,-0.30262,-0.28461,-0.27219,-0.24805,-0.23275,-0.20214,-0.17013,-0.14703,-0.11233,-0.08459,-0.05336,-0.01777
28.125 -178.10418,-174.72623,-171.33415,-167.95173,-164.60239,-160.694,-157.2963,-154.00666,-149.61147,-146.44848,-141.81542,-138.89634,-134.19833,-129.41803,-124.62347,-119.88397,-117.14214,-112.42034,-107.92095,-104.8748,-101.68923,-97.51651,-94.28755,-90.98486,-87.62974,-84.24567,-80.85735,-77.48966,-74.16663,-70.91052,-66.7246,-63.49554,-60.40201,-55.85511,-52.95421,-48.26584,-43.44479,-38.55844,-33.67926,-28.87895,-24.22259,-21.16836,-16.6755,-13.44829,-9.27563,-5.9943,-2.63725,0.77457,4.21801,7.66864,11.10174,14.49327,17.82049,21.06429,25.35779,28.5282,33.1118,36.09491,40.81419,43.51386,48.20696,52.92589,57.61017,60.30938,65.00833,69.52119,72.53817,75.69474,79.95814,83.18759,86.50095,89.87987,93.30354,96.74937,100.19397,103.61388,106.98666,110.29171,113.51095,117.78728,120.92796,125.48715,128.44078,133.13289,137.95186,142.83545,147.71566,152.52493,157.20139,160.16434,164.69548,167.8343,171.09943,175.27357,178.55521 -0.00234,0.02613,0.05601,0.08693,0.11838,0.16387,0.1978,0.22899,0.28368,0.30758,0.35709,0.36863,0.40428,0.43047,0.44599,0.45094,0.46524,0.45505,0.43861,0.43943,0.43709,0.41021,0.40152,0.38976,0.37517,0.35829,0.33977,0.32037,0.30082,0.2817,0.26734,0.2482,0.23037,0.2112,0.19477,0.17304,0.14981,0.12649,0.10445,0.08461,0.06736,0.05644,0.04248,0.03276,0.02143,0.01266,0.00416,-0.00414,-0.01229,-0.02032,-0.02828,-0.03617,-0.04402,-0.05187,-0.05884,-0.06738,-0.07567,-0.08539,-0.09628,-0.10696,-0.12082,-0.13685,-0.15473,-0.16382,-0.18513,-0.2059,-0.2198,-0.23459,-0.252,-0.26517,-0.27735,-0.28804,-0.29694,-0.30385,-0.30866,-0.31136,-0.31211,-0.31102,-0.30827,-0.30793,-0.30157,-0.29551,-0.28629,-0.27511,-0.26057,-0.24267,-0.22165,-0.19811,-0.17261,-0.15664,-0.12796,-0.108,-0.08581,-0.05423,-0.02917
33.75 -179.94959,-177.09499,-174.21768,-171.33203,-168.45274,-165.59429,-162.77059,-159.99453,-156.5842,-153.8212,-151.14677,-147.467,-144.90416,-141.08834,-137.1483,-134.84538,-130.92773,-126.98433,-123.05406,-120.89961,-116.92531,-113.0648,-110.62623,-106.8818,-104.31372,-101.64957,-98.14679,-95.44834,-92.69226,-89.89071,-87.05713,-84.20587,-81.35188,-78.51014,-75.69529,-72.92114,-70.20041,-67.54421,-63.98526,-61.38212,-57.60007,-55.11973,-51.20747,-48.91222,-44.97108,-40.97231,-36.955,-32.95991,-29.02646,-26.59648,-22.69975,-18.95849,-16.33161,-13.60716,-10.08027,-7.31366,-4.48744,-1.61373,1.42598,4.21389,7.00572,9.78836,12.96955,15.82508,18.62816,21.36737,24.03299,27.69128,30.2774,34.10607,36.54969,40.45881,44.45628,46.60429,50.53322,54.45871,56.61878,60.60246,64.49148,66.93626,70.73733,73.31919,76.94599,79.60447,82.33545,85.65795,88.37715,91.13171,93.91018,96.70054,99.49037,102.26731,105.0193,107.73497,111.0695,113.79411,116.4454,120.07851,122.6507,126.45342,128.88593,132.77071,136.74599,140.77736,144.82718,148.85709,152.82974,155.19785,159.1397,162.93345,165.49845,168.15931,171.75505,174.46322,177.23225 -0.01425,0.00736,0.02968,0.0525,0.07557,0.09861,0.12133,0.14338,0.17631,0.19762,0.21663,0.25167,0.26546,0.29748,0.32728,0.33034,0.35262,0.37,0.3814,0.39639,0.39682,0.39091,0.39575,0.38246,0.38309,0.38213,0.36343,0.35896,0.35249,0.34393,0.33334,0.32099,0.30729,0.29279,0.27803,0.26351,0.24961,0.2365,0.22667,0.21423,0.20235,0.19046,0.17632,0.16522,0.14976,0.13356,0.11729,0.10164,0.08703,0.07813,0.065,0.05323,0.04465,0.03599,0.02606,0.01778,0.00954,0.00135,-0.00707,-0.0148,-0.02236,-0.02971,-0.03735,-0.04449,-0.05145,-0.0583,-0.06506,-0.0734,-0.08036,-0.08946,-0.09638,-0.1062,-0.11676,-0.12297,-0.13435,-0.1467,-0.15426,-0.16835,-0.18249,-0.19249,-0.20635,-0.21732,-0.22893,-0.23943,-0.24953,-0.25549,-0.26302,-0.26947,-0.27481,-0.27908,-0.28234,-0.28466,-0.28604,-0.28648,-0.29198,-0.28997,-0.28689,-0.28639,-0.2806,-0.27546,-0.26745,-0.25854,-0.24753,-0.23449,-0.21944,-0.2024,-0.18346,-0.17415,-0.15187,-0.12857,-0.11434,-0.09842,-0.07268,-0.05444,-0.03491
39.375 -178.47927,-176.09023,-173.68827,-171.28182,-168.8794,-166.29999,-163.83113,-161.39432,-158.99737,-156.64788,-153.65339,-151.33833,-148.17459,-145.93869,-142.66198,-140.54716,-137.2201,-133.82742,-130.39297,-126.94236,-123.50185,-120.0973,-116.75301,-114.75297,-111.44845,-109.31972,-106.1181,-103.90054,-101.61281,-98.59665,-96.28155,-93.92069,-91.52158,-89.09249,-86.52872,-84.17462,-81.81883,-79.46987,-76.82309,-74.41126,-72.0345,-69.70064,-67.41672,-64.35462,-62.10969,-59.93731,-56.71559,-54.64064,-51.33425,-47.94006,-46.06417,-42.68603,-39.28279,-35.87944,-32.50103,-30.50896,-27.1156,-23.80982,-21.62015,-18.40104,-16.11606,-13.04247,-10.70594,-8.31529,-5.48209,-3.10176,-0.69344,1.7348,4.17447,6.61685,9.05316,11.47458,13.87276,16.24008,19.18788,21.55828,23.87233,26.12486,29.3025,31.48239,34.76865,36.8375,40.17537,43.5787,47.02616,48.79796,52.16926,53.96026,57.39913,60.78852,64.10768,66.18415,69.44464,71.62697,74.77442,77.02606,79.33774,82.29482,84.62109,86.98528,89.38067,91.79993,94.2353,96.67867,99.12176,101.5563,103.97418,106.36764,108.72939,111.05275,114.01613,116.32353,118.57052,121.7212,123.89739,127.15831,129.22712,132.54317,135.92699,139.3579,142.81293,146.26803,149.69924,153.08371,155.09577,158.45884,160.60244,163.88337,166.12168,169.26358,171.55509,173.90053,176.29375,178.72788 -0.00096,0.01582,0.03288,0.05003,0.06706,0.0871,0.1046,0.1214,0.13727,0.152,0.17611,0.18904,0.2138,0.22341,0.24663,0.25218,0.27277,0.29244,0.31059,0.32622,0.33806,0.34489,0.34605,0.35342,0.34652,0.34962,0.33794,0.33853,0.33831,0.32392,0.32194,0.31877,0.31421,0.30811,0.29073,0.28258,0.27329,0.26319,0.25858,0.24716,0.2361,0.22562,0.21583,0.20903,0.1999,0.19127,0.18304,0.17446,0.16447,0.1532,0.14472,0.13282,0.12064,0.10856,0.09686,0.09095,0.0796,0.06887,0.0623,0.05212,0.04525,0.03556,0.02857,0.02143,0.01249,0.00552,-0.00144,-0.00835,-0.01514,-0.0218,-0.0283,-0.03465,-0.04086,-0.04697,-0.05434,-0.06045,-0.06644,-0.07225,-0.08001,-0.08543,-0.09322,-0.09784,-0.10546,-0.11334,-0.12177,-0.12529,-0.13485,-0.1416,-0.1529,-0.1645,-0.17565,-0.18359,-0.19338,-0.2013,-0.20908,-0.21692,-0.22493,-0.22978,-0.23679,-0.24326,-0.24898,-0.25384,-0.25782,-0.26096,-0.26333,-0.26505,-0.26619,-0.26678,-0.26684,-0.26632,-0.27117,-0.26895,-0.26594,-0.26605,-0.26085,-0.25686,-0.24976,-0.24232,-0.233,-0.22217,-0.20998,-0.19649,-0.18176,-0.16595,-0.1591,-0.14121,-0.13194,-0.11252,-0.10091,-0.08089,-0.06735,-0.05273,-0.03711,-0.02062
45.0 -179.74012,-177.6269,-175.49897,-173.36212,-171.22229,-169.08549,-166.95767,-164.84465,-162.75192,-160.31342,-158.20604,-156.13735,-153.49654,-151.45596,-149.47005,-146.70143,-144.78431,-141.94077,-139.02187,-137.24121,-134.31392,-131.35212,-128.37207,-125.39086,-122.42561,-120.80334,-117.8149,-114.88594,-113.09243,-110.21003,-108.32452,-105.53109,-103.58133,-101.57812,-98.9313,-96.90587,-94.84345,-92.74895,-90.37536,-88.31504,-86.24174,-84.1613,-82.07959,-80.00256,-77.93604,-75.88571,-73.45307,-71.37661,-69.33513,-67.33325,-64.64733,-62.67534,-60.7584,-57.9429,-56.09605,-53.20359,-51.45311,-48.52565,-45.54673,-42.53216,-39.49898,-36.4649,-33.44764,-30.46444,-27.53133,-25.67729,-22.77791,-19.96715,-18.00379,-15.98231,-13.27611,-11.2147,-8.65833,-6.58719,-4.4857,-2.35889,-0.21222,1.94854,4.1174,6.28823,8.45487,10.61101,12.75085,14.86887,16.95979,19.01877,21.04144,23.72297,25.71958,27.66522,30.46957,32.35149,35.22953,38.18119,39.93771,42.90209,45.90253,48.92421,51.95152,54.96849,57.95938,60.9097,63.80596,65.6116,68.46645,70.35594,73.13288,75.08252,77.08167,79.73287,81.75656,83.81593,86.27633,88.32315,90.38988,92.47178,94.56388,96.66106,98.75812,100.84987,102.93118,104.99708,107.41849,109.50788,111.56553,113.58729,116.24185,118.23817,120.18481,122.96304,124.84856,127.70276,130.63243,132.39746,135.34407,138.32966,141.33931,144.35731,147.36777,150.35502,153.30437,155.05317,157.98653,159.83703,162.71475,164.64301,167.42639,169.40554,171.431,173.49918,176.09961,178.1669 -0.01098,0.00292,0.01716,0.03152,0.04578,0.05975,0.07324,0.08609,0.0982,0.11605,0.12746,0.13805,0.15689,0.16621,0.17444,0.19221,0.19811,0.21428,0.23006,0.23226,0.24674,0.26104,0.2747,0.28679,0.29608,0.30804,0.31101,0.30944,0.31489,0.30747,0.30979,0.2992,0.29986,0.30009,0.28813,0.28761,0.2865,0.28461,0.27174,0.26832,0.26378,0.2581,0.2514,0.24385,0.23573,0.2273,0.22317,0.21444,0.20615,0.19835,0.19374,0.18652,0.17958,0.17413,0.16708,0.16006,0.15274,0.1443,0.13497,0.12508,0.11494,0.10484,0.09493,0.08528,0.07591,0.07123,0.0619,0.05271,0.04741,0.04181,0.03264,0.02683,0.01819,0.01248,0.00673,0.00098,-0.00473,-0.01039,-0.01602,-0.02159,-0.02715,-0.0327,-0.03825,-0.04382,-0.04936,-0.05484,-0.06017,-0.06692,-0.07189,-0.07646,-0.08283,-0.08665,-0.09266,-0.09862,-0.10129,-0.10711,-0.11342,-0.12062,-0.12907,-0.13868,-0.14893,-0.159,-0.16808,-0.17474,-0.1817,-0.18771,-0.19248,-0.19815,-0.20401,-0.207,-0.21276,-0.21851,-0.21951,-0.22435,-0.22872,-0.23249,-0.2356,-0.23804,-0.2398,-0.24095,-0.24155,-0.24166,-0.24754,-0.24701,-0.24611,-0.24482,-0.24933,-0.24688,-0.24382,-0.2449,-0.24011,-0.2378,-0.23315,-0.22591,-0.21849,-0.20945,-0.1991,-0.18764,-0.17534,-0.16232,-0.14878,-0.14366,-0.12924,-0.12273,-0.10774,-0.09968,-0.08453,-0.07491,-0.06426,-0.05261,-0.03708,-0.02437
50.625 -178.82773,-176.9204,-175.00242,-173.07808,-171.15171,-169.22771,-167.31041,-165.40407,-163.51271,-161.64027,-159.79056,-157.55757,-155.70998,-153.89745,-151.52507,-149.74434,-147.27945,-145.55139,-143.02083,-141.36471,-138.79814,-136.18448,-133.53428,-130.85905,-128.17098,-125.48262,-122.80653,-120.15486,-117.53925,-116.00343,-113.40412,-111.78215,-109.22987,-107.53953,-105.06402,-103.32551,-100.95359,-99.18812,-97.38913,-95.55971,-93.70324,-91.55696,-89.72228,-87.87408,-86.01642,-84.15351,-82.28963,-80.42908,-78.5761,-76.73481,-74.9092,-72.71503,-70.87314,-69.06021,-67.27942,-64.88837,-63.13118,-61.41715,-58.91893,-57.25728,-54.69057,-53.10062,-50.49514,-47.84002,-46.37966,-43.73492,-41.07079,-38.39927,-35.73255,-33.08268,-30.46124,-28.86638,-26.25078,-23.69293,-21.98639,-19.48197,-17.71546,-15.2924,-13.48621,-11.64204,-9.34408,-7.4899,-5.60972,-3.70705,-1.62383,0.25073,2.13469,4.02408,5.91482,7.80287,9.68395,11.55432,13.41021,15.6382,17.50992,19.35459,21.16917,22.95086,25.37538,27.12757,29.64167,31.34513,33.92402,35.56069,38.17722,39.73119,42.35766,45.01431,47.69072,50.37589,53.05911,55.7294,58.37612,60.98922,63.55939,65.15747,67.69691,69.36291,71.8461,73.56379,75.96703,77.719,79.50527,81.3236,83.58534,85.40503,87.24605,89.10521,90.97915,92.86433,94.75705,96.65353,98.54997,100.44251,102.3274,104.20094,106.05963,107.9001,109.71913,111.98325,113.80049,115.58556,117.98348,119.7405,121.45634,123.93982,125.60351,128.14202,130.73826,132.30502,134.91478,137.55707,140.22173,142.89838,145.57576,148.24268,150.88833,152.39905,155.04919,157.65064,159.27795,161.83943,163.53144,165.26969,167.76412,169.54169,171.35649,173.72905,175.5546,177.40589,179.27968 -0.00837,0.00341,0.01544,0.0275,0.03939,0.05091,0.06194,0.07239,0.08227,0.09162,0.10053,0.11565,0.12414,0.13217,0.14741,0.1543,0.16871,0.17368,0.18651,0.18946,0.20083,0.21198,0.22313,0.23428,0.24512,0.25497,0.263,0.26838,0.27063,0.27815,0.27516,0.27949,0.27226,0.27415,0.26463,0.26527,0.25516,0.25541,0.25556,0.25552,0.25517,0.24504,0.24389,0.24197,0.23918,0.23544,0.23076,0.22525,0.21903,0.21231,0.20528,0.20241,0.19506,0.18796,0.18116,0.1781,0.17179,0.16566,0.16227,0.15605,0.15148,0.14492,0.139,0.13216,0.12542,0.11801,0.11022,0.10222,0.09416,0.08612,0.07816,0.07467,0.06655,0.05854,0.05429,0.04619,0.04151,0.03354,0.02862,0.0236,0.01643,0.01162,0.00684,0.00213,-0.00306,-0.00738,-0.01171,-0.01609,-0.02056,-0.02516,-0.0299,-0.03476,-0.0397,-0.0459,-0.05092,-0.05578,-0.06039,-0.06468,-0.07057,-0.07424,-0.0797,-0.08265,-0.08764,-0.08989,-0.09451,-0.09621,-0.10077,-0.10573,-0.11143,-0.11817,-0.126,-0.1346,-0.1433,-0.15133,-0.15811,-0.16397,-0.16862,-0.17371,-0.17652,-0.18113,-0.18288,-0.18732,-0.19182,-0.1964,-0.19691,-0.20116,-0.2053,-0.20925,-0.21291,-0.21618,-0.21897,-0.22122,-0.22289,-0.22395,-0.22443,-0.22436,-0.22381,-0.22285,-0.22155,-0.22591,-0.22411,-0.22198,-0.22576,-0.22275,-0.21921,-0.22086,-0.216,-0.21538,-0.21298,-0.20628,-0.20153,-0.19511,-0.18712,-0.17774,-0.1672,-0.1558,-0.14378,-0.13996,-0.12741,-0.11501,-0.11055,-0.09845,-0.09342,-0.08775,-0.07583,-0.06906,-0.06133,-0.0493,-0.04029,-0.03039,-0.0197
56.25 -179.50449,-177.8271,-176.13964,-174.44499,-172.74609,-171.04594,-169.34757,-167.65397,-165.96809,-164.11816,-162.4079,-160.71503,-159.04222,-157.01127,-155.34241,-153.70269,-151.55929,-149.94554,-147.72528,-146.15282,-143.87548,-142.35919,-140.04641,-137.69032,-136.2732,-133.91734,-131.53986,-129.14919,-126.75418,-124.36394,-121.98734,-120.68925,-118.29853,-115.94407,-114.53213,-112.19987,-109.92431,-108.43427,-106.9038,-104.68258,-103.11478,-100.97933,-99.38983,-97.7727,-96.13012,-94.1437,-92.50817,-90.8567,-89.1921,-87.51733,-85.83547,-84.14964,-82.46304,-80.77885,-79.10027,-77.43043,-75.77231,-74.12879,-72.13226,-70.47847,-68.84898,-67.2461,-65.09229,-63.50847,-61.95938,-59.71575,-58.20705,-55.90291,-54.44916,-52.10617,-50.72033,-48.36078,-45.96902,-43.5533,-42.32684,-39.94416,-37.56006,-35.18321,-32.82217,-31.43072,-29.06063,-26.72832,-25.23071,-22.92514,-20.67646,-19.10949,-16.91991,-15.3158,-13.6787,-11.57746,-9.92408,-8.24586,-6.54539,-4.59765,-2.90914,-1.20764,0.504,2.22281,3.94578,5.66982,7.39186,9.10861,10.81729,12.51499,14.19892,15.86641,17.51498,19.60904,21.2544,22.87238,24.46097,26.66958,28.22893,30.50377,32.02013,34.34265,35.80323,38.15368,39.54721,41.90553,44.28918,46.69089,49.1029,51.51716,53.92572,56.32081,58.69487,61.04068,62.45202,64.78551,67.07268,68.56266,70.80776,72.34225,74.52769,76.09427,77.69062,79.79007,81.40047,83.03369,84.68775,86.64388,88.28769,89.94427,91.61119,93.28596,94.96601,96.64869,98.33135,100.01135,101.68606,103.35294,105.00946,106.93783,108.61034,110.26412,111.89702,113.50705,115.60703,117.20279,119.38615,120.95424,122.48782,124.73245,127.03338,128.50704,130.83861,132.24776,134.59075,136.96124,139.35194,141.75513,144.16294,146.56743,148.96072,151.33482,152.69283,155.06949,156.5008,158.85962,161.16768,162.6738,164.21835,166.48,168.06107,169.67435,171.84872,173.47811,175.13183,176.80762,178.83101 -0.01476,-0.00609,0.00298,0.01225,0.02153,0.03067,0.03953,0.04806,0.05622,0.06822,0.07621,0.08397,0.09157,0.10471,0.11212,0.11915,0.13218,0.13804,0.1501,0.15419,0.16475,0.16706,0.17629,0.18515,0.18539,0.19343,0.20133,0.20903,0.21634,0.2229,0.2283,0.23766,0.24048,0.24103,0.24722,0.24386,0.23854,0.24086,0.24248,0.23407,0.23468,0.22589,0.22629,0.22671,0.22714,0.21906,0.21946,0.2196,0.21931,0.21845,0.21688,0.2145,0.21126,0.2072,0.20238,0.19692,0.19096,0.18468,0.18259,0.17599,0.16953,0.1633,0.16121,0.15543,0.14986,0.14775,0.14222,0.13925,0.1334,0.12928,0.12315,0.11812,0.11262,0.10675,0.10093,0.09512,0.08921,0.08322,0.07717,0.07508,0.06861,0.06217,0.05893,0.05227,0.0458,0.04179,0.03548,0.03122,0.02685,0.02124,0.01702,0.01286,0.00875,0.00474,0.00097,-0.00277,-0.00653,-0.01035,-0.01429,-0.01837,-0.02262,-0.02702,-0.03154,-0.03613,-0.0407,-0.04517,-0.04947,-0.05525,-0.05913,-0.06269,-0.06591,-0.07093,-0.07353,-0.07807,-0.08004,-0.08412,-0.08548,-0.08919,-0.09011,-0.09383,-0.09788,-0.10247,-0.10778,-0.11384,-0.1205,-0.12739,-0.13401,-0.13989,-0.14571,-0.15013,-0.15339,-0.15811,-0.16013,-0.1644,-0.16577,-0.16977,-0.17369,-0.1742,-0.17768,-0.18104,-0.1843,-0.18291,-0.18571,-0.18847,-0.19115,-0.19369,-0.196,-0.19802,-0.19965,-0.20085,-0.20156,-0.20178,-0.20153,-0.20629,-0.20505,-0.20345,-0.20151,-0.19924,-0.20186,-0.19886,-0.20105,-0.19716,-0.1928,-0.19372,-0.19407,-0.1882,-0.18725,-0.18068,-0.17843,-0.17501,-0.17021,-0.16394,-0.15624,-0.14723,-0.1372,-0.12652,-0.12296,-0.11169,-0.10775,-0.0968,-0.08654,-0.08277,-0.07898,-0.06962,-0.06558,-0.06105,-0.05183,-0.04631,-0.03998,-0.03279,-0.02288
61.875 -178.74164,-177.19648,-175.64357,-174.08514,-172.52351,-170.961,-169.39994,-167.84267,-166.2915,-164.74851,-163.21602,-161.47347,-159.92937,-158.40304,-156.89631,-155.02011,-153.52317,-152.05227,-150.09373,-148.64866,-146.63271,-145.22491,-143.16654,-141.06387,-139.72176,-137.6023,-135.4538,-133.28222,-132.06597,-129.91508,-127.75821,-125.60191,-124.49754,-122.31138,-120.14285,-117.99836,-116.75525,-114.61827,-112.5215,-111.20166,-109.13895,-107.7747,-106.37746,-104.36415,-102.93717,-100.99598,-99.55118,-98.0832,-96.59366,-94.77429,-93.28868,-91.78864,-90.27627,-88.75376,-87.2234,-85.68758,-84.14868,-82.60916,-81.07146,-79.53801,-78.01119,-76.49335,-74.98676,-73.49354,-71.66312,-70.16342,-68.68437,-67.22769,-65.26884,-63.82784,-62.41536,-60.38027,-58.9998,-56.91129,-55.57395,-53.44823,-52.16425,-50.01819,-47.84028,-46.64686,-44.47613,-42.2905,-40.09661,-37.9014,-35.7116,-33.53388,-31.37473,-29.2404,-27.91374,-25.78958,-23.70566,-22.30731,-20.25961,-18.82026,-16.82403,-15.35454,-13.42389,-11.93565,-10.42452,-8.89208,-7.07325,-5.54333,-3.99904,-2.44243,-0.87567,0.75356,2.2925,3.83446,5.37725,6.9186,8.45622,9.98811,11.51216,13.29905,14.8396,16.36533,17.87436,19.36494,20.83545,22.79016,24.24739,25.67891,27.70514,29.10891,31.1854,32.55132,34.66402,35.98276,38.11668,40.28137,41.52027,43.68241,45.86076,48.04956,50.24293,52.43489,54.61942,56.79082,58.94342,61.07203,62.35421,64.47263,66.55371,67.9016,69.95021,71.33659,73.33938,74.75514,76.19678,78.13551,79.59322,81.07186,82.92132,84.40207,85.89805,87.40762,88.92906,90.46053,92.11687,93.62399,95.13493,96.6478,98.16067,99.67167,101.29541,102.83509,104.36666,105.8882,107.3979,108.89399,110.72592,112.22411,113.70281,115.1606,117.09903,118.54058,120.543,121.95828,123.34429,125.39171,127.48412,128.81843,130.93486,133.0839,134.34199,136.4915,138.65906,140.83901,143.02551,145.21286,147.39479,149.56539,150.77114,152.95244,155.10723,156.40064,158.54126,159.88695,161.99808,163.38694,165.45364,166.87569,168.32567,170.3289,171.79711,173.28766,175.19819,176.69123,178.20018,179.72316 -0.01066,-0.00377,0.00342,0.01079,0.01821,0.02555,0.03276,0.03978,0.04661,0.05332,0.05992,0.07037,0.07716,0.08385,0.09036,0.10177,0.10771,0.11301,0.12358,0.12743,0.13688,0.13924,0.1475,0.15535,0.15595,0.16292,0.16957,0.17589,0.17468,0.18009,0.18513,0.18979,0.19765,0.20186,0.20521,0.20743,0.21431,0.21408,0.21208,0.21593,0.21103,0.213,0.21441,0.20693,0.20754,0.19975,0.20028,0.20088,0.20159,0.19472,0.19567,0.19655,0.19725,0.19763,0.19754,0.19684,0.19542,0.1932,0.19016,0.18633,0.18179,0.17665,0.17105,0.16516,0.16332,0.15718,0.15119,0.14544,0.1439,0.13869,0.13377,0.13257,0.12786,0.12602,0.12109,0.1181,0.11281,0.10881,0.10435,0.09888,0.09429,0.08972,0.0852,0.08075,0.07634,0.07194,0.0675,0.06299,0.06112,0.05616,0.05117,0.04824,0.04308,0.03969,0.03468,0.03109,0.02652,0.02298,0.01941,0.01585,0.01236,0.00903,0.0057,0.00235,-0.00106,-0.00397,-0.00754,-0.01126,-0.01513,-0.01914,-0.02326,-0.02743,-0.0316,-0.03688,-0.04098,-0.0449,-0.0486,-0.05204,-0.05523,-0.06001,-0.06273,-0.06517,-0.06931,-0.07116,-0.0748,-0.07601,-0.07914,-0.07976,-0.08261,-0.08557,-0.08581,-0.08909,-0.09278,-0.0969,-0.10143,-0.10628,-0.11132,-0.11635,-0.12118,-0.1256,-0.13104,-0.13462,-0.13755,-0.14215,-0.14422,-0.14837,-0.14987,-0.15371,-0.15743,-0.15803,-0.1612,-0.16413,-0.16312,-0.16532,-0.16732,-0.16923,-0.17109,-0.17294,-0.16954,-0.17114,-0.1727,-0.17417,-0.17547,-0.17657,-0.18351,-0.18402,-0.18419,-0.18401,-0.18348,-0.1826,-0.18641,-0.18454,-0.18227,-0.17957,-0.18078,-0.17708,-0.17735,-0.17276,-0.16782,-0.16704,-0.16616,-0.16028,-0.15904,-0.15767,-0.1514,-0.14966,-0.14743,-0.1444,-0.14032,-0.13501,-0.12857,-0.12116,-0.11892,-0.10999,-0.10093,-0.09692,-0.08779,-0.08358,-0.07498,-0.07101,-0.06316,-0.05951,-0.05597,-0.04862,-0.04489,-0.04083,-0.03326,-0.02843,-0.02305,-0.01711
67.5 -179.50023,-177.87232,-176.47448,-175.071,-173.66355,-172.25383,-170.84357,-169.43447,-167.98794,-166.5517,-165.12199,-163.70072,-162.28955,-160.89008,-159.2513,-157.84819,-156.46225,-154.73256,-153.3557,-152.00087,-150.20164,-148.86849,-147.0197,-145.71709,-143.83031,-142.56665,-140.65428,-138.71014,-137.51181,-135.56237,-133.5934,-131.6097,-129.61621,-127.61814,-125.62078,-123.62938,-121.6491,-120.56906,-118.57935,-116.61387,-115.45289,-113.49919,-111.58203,-110.36039,-108.47553,-107.21821,-105.9335,-104.09335,-102.78455,-101.45234,-99.6822,-98.33874,-96.97679,-95.29946,-93.93947,-92.56647,-91.18207,-89.78793,-88.3858,-86.97749,-85.56487,-84.14983,-82.73427,-81.32011,-79.90925,-78.50356,-77.10488,-75.71499,-74.33561,-72.96839,-71.27949,-69.90828,-68.55481,-67.22041,-65.42475,-64.10349,-62.80604,-60.94464,-59.67304,-57.7644,-56.52739,-54.5839,-53.38964,-51.42437,-50.28007,-48.3061,-46.31004,-45.24806,-43.26424,-41.27132,-39.27441,-37.27866,-35.28921,-33.31124,-31.34949,-30.16363,-28.20209,-26.26918,-25.01359,-23.10126,-21.80393,-19.9248,-18.59402,-16.76015,-15.40444,-13.62665,-12.25496,-10.86356,-9.16393,-7.76915,-6.35987,-4.93766,-3.35809,-1.94872,-0.5318,0.89101,2.318,3.74743,5.17755,6.60653,8.03258,9.4541,10.86939,12.27681,13.67477,15.06175,16.4363,18.16364,19.53862,20.89608,22.23506,24.05169,25.37594,26.67756,28.54823,29.82405,31.7337,32.97617,34.91383,36.11574,38.07024,40.05036,41.18561,43.16431,45.15749,47.16079,49.16975,51.17972,53.18621,55.18462,57.17067,59.14013,61.08899,62.26409,64.20437,66.11383,67.34461,69.22839,70.4927,72.34045,73.6314,74.94494,76.74382,78.07397,79.42308,81.15314,82.50815,83.87789,85.26118,86.88648,88.26166,89.64571,91.03725,92.43484,93.837,95.24224,96.64903,98.05586,99.46119,100.86347,102.26122,103.65296,105.03725,106.4127,108.037,109.42061,110.79071,112.14609,113.87529,115.22473,116.5552,118.35318,119.66693,121.51515,122.80467,124.6936,125.95144,127.87046,129.0897,131.02779,132.99294,134.14845,136.11487,138.09754,140.09216,142.0942,144.09908,146.10216,148.09889,150.0848,151.19175,153.18515,155.15647,156.33622,158.29626,159.5202,161.45717,162.71845,164.62076,165.91181,167.22711,169.08154,170.4157,171.77007,173.55376,174.9148,176.29132,177.68197,179.08529 -0.01181,-0.00557,-0.00061,0.00454,0.00983,0.01521,0.02062,0.02604,0.03333,0.03906,0.04478,0.05047,0.05616,0.06182,0.0712,0.07686,0.08222,0.092,0.09665,0.1007,0.10969,0.11259,0.12072,0.12253,0.12981,0.13079,0.1374,0.14374,0.14391,0.14961,0.15487,0.15956,0.16366,0.16722,0.17034,0.17311,0.17559,0.18195,0.18393,0.18512,0.19082,0.19012,0.18797,0.19117,0.18656,0.18818,0.18934,0.18251,0.18303,0.18348,0.17643,0.17708,0.1779,0.17168,0.17289,0.17416,0.17541,0.17653,0.1774,0.17788,0.17784,0.17717,0.17578,0.1736,0.17064,0.16694,0.16259,0.1577,0.15244,0.14694,0.14519,0.1395,0.13399,0.12876,0.12741,0.12279,0.11851,0.11791,0.11401,0.11319,0.10921,0.1074,0.10307,0.10006,0.09545,0.09163,0.08758,0.08313,0.07928,0.07568,0.07235,0.06926,0.06637,0.06356,0.0607,0.06007,0.05672,0.05315,0.05146,0.04737,0.04509,0.04072,0.03804,0.03369,0.03085,0.02675,0.02393,0.02105,0.0175,0.01476,0.01198,0.00915,0.0061,0.00322,0.00021,-0.00296,-0.00629,-0.00977,-0.01339,-0.01711,-0.0209,-0.02471,-0.02847,-0.03215,-0.0357,-0.0391,-0.04232,-0.04709,-0.05003,-0.05278,-0.05533,-0.05955,-0.0617,-0.0636,-0.06701,-0.06828,-0.07099,-0.07161,-0.07375,-0.07388,-0.07583,-0.07798,-0.07795,-0.08047,-0.08335,-0.08652,-0.08986,-0.09329,-0.09676,-0.10027,-0.10386,-0.1075,-0.11112,-0.11607,-0.11943,-0.12238,-0.12689,-0.12907,-0.13316,-0.13456,-0.13829,-0.14191,-0.14232,-0.14551,-0.14847,-0.14753,-0.1498,-0.15177,-0.15344,-0.15081,-0.15195,-0.15298,-0.15393,-0.15486,-0.15577,-0.15664,-0.15749,-0.15826,-0.15894,-0.1595,-0.15994,-0.16025,-0.16042,-0.16041,-0.16596,-0.16533,-0.16435,-0.16296,-0.16599,-0.16345,-0.16046,-0.16104,-0.15702,-0.15623,-0.15147,-0.14984,-0.14468,-0.14267,-0.13738,-0.13528,-0.13332,-0.12814,-0.1264,-0.12487,-0.12339,-0.12173,-0.1196,-0.11675,-0.11305,-0.10854,-0.1075,-0.10137,-0.09482,-0.09159,-0.08434,-0.08031,-0.07289,-0.06858,-0.06138,-0.0572,-0.05317,-0.04646,-0.04273,-0.03908,-0.03269,-0.02899,-0.02514,-0.02102,-0.01658
73.125 -179.8963,-178.60501,-177.30648,-176.00211,-174.69324,-173.3812,-172.06739,-170.7532,-169.44001,-168.12923,-166.82219,-165.52017,-164.10477,-162.78813,-161.48106,-160.18481,-158.65752,-157.35942,-156.07647,-154.80967,-153.19787,-151.94222,-150.27891,-149.04167,-147.3351,-146.12332,-144.38265,-143.20309,-141.43809,-140.29684,-138.51743,-136.71499,-134.89309,-133.05546,-132.02265,-130.19997,-128.37203,-126.54284,-124.71645,-123.7738,-121.92814,-120.09572,-118.28049,-117.23838,-115.42684,-113.64243,-112.54188,-110.77759,-109.64149,-107.90733,-106.74202,-105.5536,-103.85981,-102.65149,-101.42329,-99.78979,-98.55186,-97.29791,-95.74273,-94.48945,-93.22443,-91.94895,-90.66429,-89.37182,-88.07295,-86.76912,-85.46182,-84.15378,-82.87603,-81.53429,-80.22832,-78.92644,-77.63015,-76.34087,-75.05998,-73.78882,-72.52867,-70.96159,-69.69909,-68.45201,-67.22135,-65.5642,-64.34472,-63.14541,-61.43113,-60.25302,-59.09818,-57.3469,-56.22233,-54.44325,-52.63252,-51.55827,-49.73586,-48.70754,-46.88384,-45.04471,-43.1939,-41.33549,-39.47361,-37.61246,-35.75623,-33.90902,-32.07487,-30.25779,-28.46114,-27.32653,-25.54014,-23.78338,-22.59906,-20.86819,-19.65386,-17.95836,-16.72079,-15.06941,-13.81534,-12.54327,-10.95221,-9.67346,-8.38057,-7.07462,-5.57652,-4.27686,-2.96845,-1.65257,-0.33053,0.99631,2.32631,3.62906,4.93237,6.2348,7.53509,8.83198,10.12418,11.61464,12.92155,14.21955,15.50742,16.78404,18.04823,19.67445,20.93522,22.1799,23.40767,25.10259,26.31518,27.50778,29.24437,30.41325,32.18074,33.32,35.10978,36.21412,38.01744,39.84241,40.89015,42.71442,44.55165,46.39833,48.25111,49.17908,51.00636,52.83095,53.81069,55.65233,57.48248,59.2979,61.09545,62.18028,63.97045,65.7347,66.86734,68.61089,69.77295,71.48758,72.67371,74.35181,75.55639,76.77871,78.40815,79.64087,80.88832,82.14968,83.70378,84.96467,86.23597,87.51668,88.80575,90.24138,91.51661,92.79648,94.07984,95.36557,96.6525,97.93945,99.22527,100.50879,101.78886,103.2016,104.4982,105.78761,107.06875,108.34052,109.60191,111.15453,112.41641,113.66438,115.28566,116.52559,117.74848,119.42377,120.63026,122.3458,123.52995,125.2781,126.43421,128.20651,129.3293,131.11728,132.9282,133.99706,135.80953,137.63638,139.47431,141.31988,143.16965,145.0201,146.86748,148.70821,149.71013,151.5619,153.39773,155.21438,156.29879,158.10632,159.22871,161.01772,162.17266,163.93444,165.11608,166.31893,168.04388,169.265,170.50448,172.17468,173.42313,174.68622,175.96298,177.25233,178.82084 -0.00997,-0.00648,-0.00285,0.00095,0.00489,0.00895,0.01311,0.01734,0.02163,0.02597,0.03034,0.03476,0.04207,0.04684,0.05156,0.05618,0.06467,0.06915,0.07327,0.07698,0.08524,0.08822,0.09606,0.09829,0.10559,0.10716,0.11387,0.11494,0.12115,0.12186,0.1277,0.1333,0.13853,0.14321,0.14249,0.14582,0.14827,0.14999,0.15121,0.1557,0.15692,0.15806,0.15904,0.16433,0.16472,0.16424,0.1684,0.16596,0.16873,0.16421,0.16563,0.16663,0.16023,0.16063,0.16099,0.15442,0.15495,0.15567,0.14982,0.15094,0.15221,0.15357,0.15494,0.15621,0.15728,0.15805,0.15839,0.15161,0.15098,0.15601,0.15388,0.15107,0.14762,0.14364,0.13923,0.13452,0.12963,0.12846,0.12338,0.11848,0.11384,0.11267,0.10858,0.10482,0.10442,0.1011,0.09792,0.09761,0.09438,0.09336,0.09161,0.08784,0.08513,0.08131,0.07813,0.07479,0.07151,0.06845,0.06567,0.06319,0.06093,0.05877,0.05658,0.05423,0.05162,0.05099,0.04779,0.0443,0.04285,0.03895,0.0371,0.03301,0.03093,0.02687,0.02473,0.02253,0.01879,0.01668,0.01454,0.01236,0.00922,0.00708,0.00483,0.00243,-0.00011,-0.00281,-0.0055,-0.00831,-0.01123,-0.01423,-0.01727,-0.02031,-0.02332,-0.0279,-0.03094,-0.03387,-0.03666,-0.03933,-0.04186,-0.04666,-0.04904,-0.0513,-0.05343,-0.05771,-0.05947,-0.06101,-0.06419,-0.0651,-0.06732,-0.06764,-0.06916,-0.06912,-0.07042,-0.0719,-0.07186,-0.07374,-0.07594,-0.07836,-0.08086,-0.0808,-0.08304,-0.0852,-0.088,-0.09038,-0.09291,-0.09561,-0.09839,-0.10254,-0.10534,-0.10776,-0.11199,-0.11372,-0.11768,-0.11854,-0.12214,-0.12215,-0.12543,-0.12862,-0.12769,-0.13055,-0.13323,-0.13568,-0.13358,-0.13548,-0.13707,-0.13836,-0.13938,-0.13578,-0.13636,-0.13678,-0.13707,-0.13726,-0.13737,-0.13742,-0.13742,-0.13738,-0.13732,-0.14285,-0.14284,-0.14277,-0.14258,-0.14221,-0.1416,-0.14648,-0.14512,-0.14334,-0.14639,-0.14359,-0.14039,-0.14121,-0.13721,-0.13668,-0.13222,-0.13079,-0.1262,-0.1243,-0.11981,-0.11771,-0.11555,-0.11129,-0.10929,-0.10753,-0.1061,-0.10497,-0.10398,-0.10288,-0.10141,-0.09937,-0.1004,-0.097,-0.09293,-0.08831,-0.08668,-0.08105,-0.07826,-0.07193,-0.0683,-0.06157,-0.05749,-0.05331,-0.04653,-0.04248,-0.03857,-0.03232,-0.02875,-0.0253,-0.02191,-0.01851,-0.01332
78.75 -179.22977,-178.01791,-176.80014,-175.57762,-174.35144,-173.12273,-171.89261,-170.66223,-169.43273,-168.20525,-166.98087,-165.76068,-164.54586,-163.33747,-161.98513,-160.76824,-159.56132,-158.36534,-156.92432,-155.73019,-154.55025,-153.04869,-151.87879,-150.72613,-149.17833,-148.0436,-146.46134,-145.34999,-143.74072,-142.10264,-141.02922,-139.37644,-137.70203,-136.68052,-135.00458,-133.31493,-131.61463,-129.90686,-128.1948,-126.48183,-124.77135,-123.06668,-121.37107,-120.44757,-118.74529,-117.06044,-116.07654,-114.39842,-112.74557,-111.71384,-110.08092,-109.01975,-107.41472,-106.32933,-105.22424,-103.65574,-102.53397,-101.39506,-99.879,-98.73158,-97.57016,-96.3956,-94.9595,-93.78736,-92.60563,-91.41534,-90.21755,-89.0134,-87.80404,-86.53676,-85.34821,-84.15815,-82.96774,-81.77812,-80.59045,-79.29387,-78.08645,-76.8847,-75.68976,-74.50274,-73.32467,-72.15658,-70.69538,-69.52602,-68.37017,-67.22862,-65.69044,-64.5585,-63.44388,-61.85568,-60.75874,-59.68161,-58.05941,-57.00739,-55.35912,-54.33726,-52.67088,-50.98039,-50.0075,-48.31209,-46.60051,-45.68886,-43.98577,-42.27497,-40.55958,-38.84289,-37.12821,-35.41881,-33.7179,-32.02865,-31.01321,-29.32238,-27.65126,-26.00242,-24.92175,-23.28912,-22.1781,-20.56958,-19.43332,-17.85648,-16.70046,-15.16249,-13.99228,-12.80638,-11.32072,-10.12853,-8.92373,-7.50362,-6.30048,-5.0882,-3.86768,-2.63993,-1.33314,-0.11953,1.09783,2.31785,3.53945,4.76154,5.98291,7.20255,8.41942,9.63244,10.84058,12.04283,13.23819,14.42572,15.8832,17.07474,18.25515,19.42367,20.57955,22.12044,23.26853,24.40122,25.98862,27.10633,28.20622,29.82611,30.90433,32.54935,33.60136,35.26454,36.28607,37.96024,39.65297,40.6258,42.31814,44.02211,45.73506,47.45423,48.32594,50.02503,51.72326,53.41792,54.33662,56.0444,57.74152,59.42544,61.09373,62.10145,63.7634,65.40339,66.45259,68.07555,69.15072,70.75006,71.847,73.41658,74.53084,75.661,77.19184,78.33296,79.48766,80.96751,82.12652,83.2965,84.47672,85.8821,87.05796,88.24117,89.43091,90.6263,91.82645,93.03045,94.23735,95.44622,96.65608,97.86597,99.07492,100.28198,101.48619,102.68662,103.88237,105.07252,106.2562,107.43256,108.83592,110.01672,111.18732,112.34697,113.82497,114.9804,116.12226,117.65134,118.78222,120.34983,121.46494,123.0653,124.15998,125.78686,126.85675,128.50339,129.54418,131.20379,132.88314,133.87746,135.55851,137.25256,138.95695,140.66888,142.38553,144.10404,145.82157,147.53541,149.24251,150.17582,151.89141,153.59314,154.58332,156.28172,157.95902,158.99527,160.65769,161.72264,163.36275,164.45173,165.55935,167.17069,168.29571,169.43714,171.0052,172.15688,173.32223,174.50051,176.00151,177.18,178.36824,179.5653 -0.00666,-0.0041,-0.00145,0.00129,0.00413,0.00708,0.01012,0.01323,0.01641,0.01964,0.02292,0.02624,0.02961,0.03298,0.04042,0.04408,0.04764,0.05103,0.0592,0.06231,0.06511,0.07286,0.0752,0.0773,0.08442,0.08614,0.09284,0.09418,0.10041,0.10639,0.1071,0.11268,0.1181,0.11818,0.12309,0.1275,0.13115,0.13382,0.13547,0.13622,0.13637,0.13625,0.13611,0.14034,0.14057,0.14074,0.14541,0.14502,0.14378,0.14744,0.1445,0.14705,0.14243,0.14394,0.14506,0.13905,0.13966,0.14014,0.13407,0.13459,0.13519,0.13593,0.13063,0.13164,0.13273,0.13389,0.13503,0.1361,0.13701,0.13089,0.13117,0.13112,0.13066,0.12975,0.12837,0.13299,0.13041,0.12737,0.12393,0.12018,0.11624,0.11219,0.11226,0.10798,0.10384,0.09989,0.09932,0.09571,0.09234,0.09215,0.08913,0.08624,0.08628,0.08344,0.08317,0.08019,0.07933,0.07792,0.07468,0.07272,0.07038,0.06734,0.0649,0.06242,0.06001,0.05773,0.05559,0.05356,0.05156,0.0495,0.04973,0.04739,0.0448,0.04197,0.04142,0.03814,0.03711,0.03348,0.03207,0.02825,0.02658,0.02274,0.02098,0.01918,0.0156,0.01391,0.01224,0.00921,0.00771,0.00617,0.00458,0.0029,0.00065,-0.00109,-0.00295,-0.00496,-0.00709,-0.00934,-0.01166,-0.01402,-0.01641,-0.01877,-0.0211,-0.02337,-0.02557,-0.02769,-0.03216,-0.03428,-0.03635,-0.03836,-0.04032,-0.04527,-0.0472,-0.04905,-0.0537,-0.05522,-0.05653,-0.06003,-0.06073,-0.06315,-0.06326,-0.06482,-0.06457,-0.06577,-0.06702,-0.06679,-0.06835,-0.07016,-0.07212,-0.07411,-0.0739,-0.07564,-0.07724,-0.07873,-0.08095,-0.08252,-0.08414,-0.08577,-0.08731,-0.09048,-0.09198,-0.09315,-0.09675,-0.09753,-0.10118,-0.10139,-0.10484,-0.10442,-0.10755,-0.11057,-0.10932,-0.11207,-0.11477,-0.11281,-0.11525,-0.11756,-0.1197,-0.11658,-0.11818,-0.1195,-0.12054,-0.12131,-0.12185,-0.12218,-0.12234,-0.12236,-0.12226,-0.12206,-0.12179,-0.12146,-0.1211,-0.12072,-0.12033,-0.1199,-0.11941,-0.11878,-0.12387,-0.12289,-0.12163,-0.12004,-0.12408,-0.12181,-0.11924,-0.12194,-0.11878,-0.12034,-0.11676,-0.11726,-0.11349,-0.11314,-0.10934,-0.10837,-0.10462,-0.10314,-0.10137,-0.09755,-0.09558,-0.09363,-0.0919,-0.09049,-0.08939,-0.08849,-0.08758,-0.08643,-0.08491,-0.08672,-0.08431,-0.08144,-0.08193,-0.07818,-0.07405,-0.07294,-0.06794,-0.0657,-0.05988,-0.05669,-0.05313,-0.04652,-0.04262,-0.03869,-0.0323,-0.02863,-0.02516,-0.0219,-0.01697,-0.01427,-0.01169,-0.00917
84.375 -179.76626,-178.44402,-177.32425,-176.19991,-175.07191,-173.9411,-172.80836,-171.67458,-170.54066,-169.40749,-168.27598,-167.10957,-165.96166,-164.81824,-163.68023,-162.5485,-161.42388,-160.13337,-159.00454,-157.88567,-156.77743,-155.41591,-154.31193,-152.90652,-151.81149,-150.73159,-149.28566,-148.22118,-146.74456,-145.70003,-144.19863,-143.17833,-141.65858,-140.11658,-139.13503,-137.58507,-136.0189,-134.43884,-132.84744,-131.95035,-130.37015,-128.78547,-127.19896,-125.61327,-124.81295,-123.20992,-121.61459,-120.02957,-119.14906,-117.5616,-115.9913,-115.06055,-113.49882,-111.96057,-110.99029,-109.47136,-108.47638,-107.4629,-105.96786,-104.93549,-103.47548,-102.42893,-101.36752,-99.95356,-98.88464,-97.80339,-96.71048,-95.36534,-94.27382,-93.17354,-92.06531,-90.95,-89.82851,-88.60676,-87.49966,-86.38944,-85.27701,-84.16334,-83.04935,-81.93601,-80.82425,-79.71503,-78.60926,-77.36164,-76.2423,-75.12947,-74.02404,-72.92684,-71.8387,-70.47048,-69.38181,-68.30503,-67.2408,-65.80601,-64.75016,-63.70932,-62.23028,-61.20438,-60.19556,-58.68532,-57.69753,-56.16296,-55.20051,-53.6481,-52.07312,-51.15119,-49.56904,-48.68236,-47.09977,-45.50529,-43.90155,-42.29111,-41.50095,-39.90908,-38.31737,-36.7284,-35.14477,-34.23451,-32.6413,-31.0603,-29.49381,-27.94411,-26.95352,-25.41325,-24.393,-22.86863,-21.37049,-20.32061,-18.84805,-17.77961,-16.33844,-15.25603,-14.15925,-12.75982,-11.65526,-10.53872,-9.19204,-8.07418,-6.947,-5.81127,-4.54081,-3.41218,-2.27783,-1.13859,0.00468,1.15109,2.29976,3.44977,4.60021,5.75004,6.89848,8.04463,9.18759,10.3265,11.4605,12.58876,13.71048,14.82487,15.93106,17.02847,18.42649,19.52295,20.60815,21.68153,23.13614,24.2008,25.25148,26.74334,27.77942,29.2999,30.31751,31.31809,32.85651,33.83369,35.38708,36.95999,37.90005,39.47856,40.38649,41.96505,43.55409,45.15147,46.755,47.57657,49.16403,50.75186,52.33774,53.9196,54.78431,56.37638,57.95873,59.52927,61.08604,62.02709,63.57833,65.11065,66.08803,67.60615,68.6066,70.10515,71.12532,72.59921,73.63553,74.68614,76.12877,77.19044,78.59689,79.66577,80.74557,81.8358,83.18623,84.27671,85.37537,86.48158,87.59468,88.86012,89.96481,91.074,92.18697,93.30299,94.42132,95.54121,96.66188,97.78259,98.90256,100.02105,101.1373,102.25057,103.36012,104.46523,105.72806,106.84167,107.94843,109.04769,110.13885,111.48699,112.57797,113.65856,115.0576,116.13254,117.19501,118.63565,119.68705,121.1596,122.19619,123.21721,124.71372,126.23518,127.23082,128.76868,129.73872,131.28748,132.85333,133.78313,135.35078,136.93013,138.51899,140.11511,141.71624,143.3201,144.92453,146.52703,148.12523,149.71694,150.59039,152.18872,153.77457,154.69695,156.27977,157.23313,158.807,160.35945,161.34725,162.35282,163.89102,164.91705,166.42851,167.47093,168.52811,170.00484,171.0726,172.1531,173.24574,174.66891,175.76417,176.869,177.98271,179.10455 -0.00704,-0.00545,-0.00403,-0.00259,-0.00109,0.00048,0.00212,0.00383,0.00559,0.0074,0.00924,0.01417,0.01639,0.01864,0.02094,0.02328,0.02565,0.03306,0.03569,0.03826,0.04075,0.04885,0.05121,0.05907,0.06116,0.06313,0.07041,0.07207,0.07881,0.08006,0.08619,0.08687,0.09234,0.09757,0.09739,0.1022,0.10684,0.11118,0.11504,0.11319,0.11574,0.11731,0.11791,0.11772,0.1213,0.12057,0.11982,0.11922,0.12319,0.12287,0.12238,0.12646,0.12518,0.12304,0.12616,0.12257,0.12494,0.12702,0.12194,0.12342,0.11797,0.11909,0.12004,0.11473,0.11558,0.11637,0.11715,0.1123,0.11311,0.11392,0.11472,0.11547,0.11615,0.11054,0.11081,0.11091,0.11081,0.11048,0.10989,0.10899,0.10779,0.10626,0.10441,0.10875,0.10614,0.1033,0.10028,0.09717,0.09401,0.0955,0.09209,0.08875,0.08549,0.08595,0.08277,0.07972,0.08003,0.07716,0.07438,0.07475,0.07202,0.07224,0.06945,0.06936,0.06895,0.066,0.06521,0.06228,0.06117,0.05974,0.05804,0.05611,0.05333,0.05128,0.04917,0.04704,0.04493,0.04558,0.04349,0.04138,0.03922,0.03702,0.03721,0.03473,0.03449,0.03167,0.02874,0.0278,0.02457,0.02327,0.01986,0.01835,0.01679,0.01345,0.01195,0.01051,0.0077,0.00649,0.00536,0.00427,0.0023,0.00136,0.00037,-0.00069,-0.00185,-0.00312,-0.00453,-0.00605,-0.00769,-0.0094,-0.01118,-0.013,-0.01483,-0.01665,-0.01842,-0.02015,-0.02181,-0.02341,-0.02495,-0.02645,-0.03023,-0.03182,-0.03342,-0.03502,-0.03964,-0.04127,-0.04282,-0.04749,-0.04872,-0.05281,-0.05348,-0.05387,-0.05668,-0.05647,-0.05843,-0.06,-0.05931,-0.06069,-0.05992,-0.06142,-0.06304,-0.06475,-0.06648,-0.06553,-0.0671,-0.06856,-0.06991,-0.07114,-0.07357,-0.07463,-0.07549,-0.07608,-0.07634,-0.07875,-0.07874,-0.07847,-0.0813,-0.08105,-0.08422,-0.084,-0.08728,-0.08692,-0.09001,-0.09296,-0.09195,-0.09448,-0.09286,-0.09496,-0.09699,-0.09894,-0.09608,-0.09769,-0.09922,-0.10063,-0.10189,-0.0972,-0.09801,-0.09868,-0.09924,-0.09968,-0.10001,-0.10024,-0.10036,-0.10036,-0.10023,-0.09998,-0.09961,-0.09913,-0.09855,-0.09789,-0.10257,-0.10173,-0.10073,-0.09954,-0.09811,-0.10221,-0.1003,-0.09815,-0.10166,-0.09913,-0.09651,-0.09948,-0.09674,-0.09921,-0.09642,-0.09375,-0.09536,-0.09627,-0.09335,-0.09338,-0.09026,-0.08944,-0.0881,-0.08452,-0.08265,-0.08059,-0.07856,-0.07673,-0.07519,-0.07394,-0.07289,-0.07189,-0.07077,-0.06944,-0.07158,-0.06979,-0.06781,-0.06917,-0.06671,-0.06736,-0.06426,-0.06083,-0.05997,-0.05852,-0.05356,-0.05103,-0.0453,-0.04202,-0.0385,-0.03248,-0.02893,-0.02549,-0.02222,-0.01763,-0.01505,-0.01275,-0.01068,-0.00879
90.0 -178.97321,-177.91852,-176.85924,-175.79618,-174.73005,-173.6616,-172.59156,-171.52068,-170.44972,-169.37944,-168.31059,-167.24384,-166.18,-165.1198,-163.9749,-162.90497,-161.84106,-160.78389,-159.56338,-158.50329,-157.45225,-156.41087,-155.12881,-154.09163,-153.0663,-151.74197,-150.72624,-149.36981,-148.36751,-146.98351,-145.99835,-144.59168,-143.62745,-142.20335,-140.75878,-139.82737,-138.37404,-136.90521,-136.01577,-134.54707,-133.06827,-131.58145,-130.08876,-128.59239,-127.09458,-125.59754,-124.10358,-122.61491,-121.82508,-120.32789,-118.84169,-117.36858,-116.51607,-115.04703,-114.16481,-112.70547,-111.26786,-110.35259,-108.93348,-107.99727,-107.04501,-105.64844,-104.6801,-103.31491,-102.33436,-101.3408,-100.01633,-99.01611,-98.00494,-96.98338,-95.71877,-94.69789,-93.66897,-92.63271,-91.58978,-90.54094,-89.38219,-88.34482,-87.30406,-86.26068,-85.21544,-84.16915,-83.12259,-82.07655,-81.03183,-79.98921,-78.94945,-77.91332,-76.73098,-75.684,-74.6432,-73.60928,-72.58294,-71.56483,-70.27881,-69.26068,-68.25312,-67.25665,-65.91244,-64.92331,-63.94732,-62.56382,-61.60059,-60.18669,-59.24011,-58.30961,-56.87471,-55.96562,-54.51339,-53.62908,-52.16498,-50.68324,-49.83803,-48.35336,-46.85637,-46.05839,-44.56747,-43.06993,-41.56788,-40.06356,-38.55918,-37.05705,-35.55935,-34.06822,-32.58581,-31.11419,-30.21372,-28.74317,-27.28863,-26.34809,-24.90352,-23.47979,-22.50843,-21.10297,-20.11193,-18.72982,-17.72271,-16.36881,-15.34942,-14.02822,-13.00035,-11.96123,-10.68292,-9.64051,-8.58897,-7.52888,-6.31247,-5.25602,-4.19341,-3.12523,-2.05219,-0.92639,0.13483,1.1986,2.26419,3.33089,4.39794,5.46455,6.53008,7.59381,8.65503,9.71304,10.76715,11.81669,12.86101,14.11983,15.16936,16.21145,17.24552,18.271,19.60169,20.62442,21.63659,22.63774,24.01421,25.00613,25.98534,27.39206,28.3575,29.78807,30.73651,31.66983,33.11466,34.02699,35.48424,36.95837,37.83779,39.3169,40.80836,41.64756,43.13633,44.63287,46.13535,46.91202,48.40138,49.89192,51.38185,52.86933,54.35253,55.16913,56.66038,58.14271,59.61444,61.07392,61.95672,63.41129,64.84936,65.76427,67.19037,68.1259,69.53558,70.48902,71.8781,72.84654,74.211,75.19141,76.18359,77.5168,78.51668,79.52678,80.8207,81.8341,82.85598,83.88587,85.1242,86.15163,87.18517,88.22428,89.26839,90.31692,91.36928,92.49883,93.53905,94.58113,95.62447,96.66845,97.71247,98.75591,99.79816,100.90917,101.96504,103.01775,104.06669,105.11125,106.15086,107.18498,108.41066,109.44873,110.47934,111.50198,112.51616,113.80766,114.81858,115.81933,117.15024,118.14336,119.50466,120.48689,121.45624,122.84307,123.79739,125.20484,126.63379,127.56507,129.00789,129.91648,131.36855,132.8355,134.3158,135.17741,136.65664,138.14471,139.6397,141.13992,142.64336,144.14812,145.65223,147.15381,148.65097,149.4573,150.96271,152.45886,153.94396,154.80729,156.28967,157.18013,158.65485,159.56986,161.03201,161.96874,163.41351,164.36896,165.79155,166.7623,167.74638,169.14104,170.13575,171.14211,172.4991,173.51121,174.53309,175.56421,176.60401,177.89634,178.93356,179.97726 -0.00789,-0.00717,-0.00647,-0.00575,-0.00497,-0.00411,-0.00317,-0.00216,-0.00109,1e-05,0.00113,0.00226,0.00338,0.00451,0.00917,0.01059,0.01207,0.01363,0.0201,0.02203,0.02402,0.02605,0.03381,0.03594,0.03801,0.0459,0.0478,0.05539,0.05694,0.06391,0.06488,0.07104,0.07127,0.07658,0.08151,0.08073,0.08515,0.08939,0.0879,0.09171,0.09517,0.09807,0.10024,0.10157,0.10207,0.10187,0.10123,0.1004,0.1039,0.10311,0.10244,0.10174,0.10536,0.10421,0.10759,0.10542,0.10243,0.10489,0.10089,0.10292,0.10487,0.10019,0.10192,0.09734,0.09894,0.10043,0.09607,0.09739,0.09857,0.09962,0.0953,0.09616,0.09691,0.09752,0.098,0.09834,0.09296,0.09286,0.09261,0.09221,0.09167,0.09098,0.09012,0.0891,0.0879,0.08652,0.08497,0.08326,0.08745,0.08532,0.0831,0.08083,0.07852,0.0762,0.0785,0.07589,0.07327,0.07064,0.07183,0.06904,0.06628,0.06709,0.06434,0.06507,0.06236,0.05966,0.06026,0.05749,0.05784,0.05497,0.05509,0.05502,0.05206,0.05182,0.05136,0.04841,0.04765,0.04655,0.04512,0.04341,0.04149,0.03946,0.03742,0.03543,0.03355,0.03181,0.03271,0.03103,0.02941,0.02989,0.02806,0.02612,0.02587,0.02351,0.02276,0.02,0.01885,0.01586,0.01449,0.01153,0.01015,0.00879,0.00624,0.00508,0.00402,0.00306,0.00135,0.00065,-0.0,-0.00063,-0.00125,-0.0023,-0.00295,-0.0037,-0.00456,-0.00554,-0.00665,-0.00786,-0.00918,-0.01056,-0.01199,-0.01343,-0.01484,-0.0162,-0.01748,-0.01945,-0.02064,-0.02177,-0.02284,-0.02388,-0.02658,-0.02776,-0.02895,-0.03014,-0.03384,-0.03505,-0.03615,-0.0401,-0.04089,-0.04458,-0.04486,-0.04489,-0.04767,-0.04716,-0.04928,-0.05107,-0.04995,-0.05138,-0.05273,-0.05125,-0.05252,-0.05384,-0.05521,-0.05334,-0.05474,-0.0562,-0.05768,-0.05912,-0.06044,-0.06349,-0.06435,-0.06481,-0.06477,-0.06423,-0.06629,-0.06525,-0.06404,-0.06624,-0.06526,-0.06791,-0.06742,-0.07048,-0.07034,-0.0735,-0.07328,-0.07613,-0.07875,-0.07767,-0.07967,-0.08141,-0.07908,-0.08024,-0.08125,-0.08215,-0.07821,-0.07867,-0.07909,-0.07949,-0.07987,-0.08026,-0.08068,-0.07516,-0.07564,-0.07619,-0.07677,-0.07734,-0.07785,-0.07823,-0.07845,-0.0837,-0.08342,-0.08296,-0.08235,-0.08157,-0.08065,-0.07956,-0.08332,-0.08186,-0.08019,-0.07833,-0.07629,-0.07917,-0.07682,-0.07443,-0.07726,-0.07492,-0.078,-0.07587,-0.0739,-0.07711,-0.07525,-0.07797,-0.08002,-0.0777,-0.07866,-0.07589,-0.07576,-0.07494,-0.07356,-0.06995,-0.06805,-0.06598,-0.06391,-0.062,-0.06032,-0.05892,-0.05773,-0.05669,-0.05573,-0.058,-0.05696,-0.05591,-0.05487,-0.05659,-0.05531,-0.05654,-0.05477,-0.05529,-0.05268,-0.05226,-0.04858,-0.04714,-0.04248,-0.04017,-0.0375,-0.03225,-0.0293,-0.02628,-0.02174,-0.01911,-0.01666,-0.01447,-0.01256,-0.01076,-0.00962,-0.00868
95.625 -179.43691,-178.44028,-177.43927,-176.43437,-175.42629,-174.31612,-173.32088,-172.38914,-171.37456,-170.35996,-169.34597,-168.33322,-167.32229,-166.31388,-165.30861,-164.30711,-163.30997,-162.20625,-161.20279,-160.20568,-159.21546,-158.04907,-157.05826,-156.07628,-154.86495,-153.88706,-152.91979,-151.67103,-150.71238,-149.43498,-148.48812,-147.18583,-146.25397,-144.931,-144.01723,-142.67795,-141.7852,-140.43412,-139.06684,-138.20675,-136.83493,-135.45121,-134.05723,-132.65465,-131.86218,-130.46845,-129.07095,-127.67148,-126.2719,-125.578,-124.16314,-122.75288,-121.3491,-119.95362,-119.18091,-117.78335,-116.39878,-115.58633,-114.20732,-113.36947,-112.00077,-110.65215,-109.7864,-108.90562,-107.57162,-106.67383,-105.36391,-104.45231,-103.17065,-102.2485,-101.31485,-100.37006,-99.12986,-98.18047,-97.22176,-96.02889,-95.07035,-94.10446,-93.13177,-92.15285,-91.16831,-90.06713,-89.09181,-88.11298,-87.13128,-86.14735,-85.16186,-84.17546,-83.18882,-82.20261,-81.2175,-80.23414,-79.25319,-78.2753,-77.30109,-76.1782,-75.19524,-74.21808,-73.2473,-72.2835,-71.3272,-70.11432,-69.15835,-68.21183,-67.2752,-66.01109,-65.0809,-64.16229,-62.86302,-61.95546,-60.62869,-59.7354,-58.85619,-57.50945,-56.64856,-55.2851,-54.44536,-53.06985,-51.67751,-50.8709,-49.47392,-48.06459,-47.29819,-45.89186,-44.47789,-43.05817,-42.35408,-40.94752,-39.53986,-38.13293,-36.72858,-35.3286,-33.93483,-33.11564,-31.71719,-30.32952,-28.9542,-28.08402,-26.71419,-25.36094,-24.45965,-23.11916,-22.19793,-20.87454,-19.57366,-18.63417,-17.68184,-16.40527,-15.44207,-14.19458,-13.22375,-12.24279,-11.0333,-10.04909,-9.05654,-7.89223,-6.90086,-5.90303,-4.89931,-3.8903,-2.80099,-1.80016,-0.79595,0.21106,1.22027,2.23105,3.2428,4.25486,5.26658,6.2774,7.28671,8.2939,9.29837,10.29952,11.29679,12.28961,13.27741,14.2596,15.23574,16.45365,17.43129,18.40111,19.36267,20.31556,21.5885,22.53624,23.47366,24.77913,25.70738,26.62405,27.9545,28.85821,30.20871,31.09674,31.97127,33.33316,34.71208,35.56115,36.94842,37.77472,39.16631,40.56895,41.35983,42.7604,44.16809,45.58142,46.31769,47.72037,49.12479,50.52944,51.93277,53.33325,54.7294,56.11968,56.90548,58.29979,59.6845,61.05827,61.88974,63.25922,64.61425,65.4743,66.81907,67.69766,69.02851,69.92341,71.23682,72.14563,73.4382,74.35842,75.2894,76.55603,77.49489,78.7329,79.67706,80.62967,81.59038,82.78509,83.74634,84.71417,85.68816,86.66787,87.79877,88.77311,89.75154,90.73359,91.71877,92.70657,93.69649,94.688,95.68061,96.67377,97.66696,98.65965,99.65133,100.64146,101.62953,102.61502,103.59745,104.57634,105.55118,106.67906,107.65937,108.63401,109.60252,110.56449,111.75653,112.71803,113.67151,114.90281,115.85211,116.79191,118.05611,118.98803,120.27795,121.19935,122.10913,123.42021,124.31609,125.64457,126.99168,127.86637,129.22522,130.07964,131.44651,132.82663,134.21861,135.03174,136.42311,137.82249,139.22841,140.63938,142.05383,143.47031,144.8872,146.30281,147.71555,149.12381,149.88544,151.30019,152.70642,153.50778,154.91411,156.30807,157.14348,158.53095,159.38821,160.76502,161.64177,163.00382,163.89754,165.241,166.14909,167.06925,168.38959,169.32016,170.26147,171.55068,172.49832,173.45515,174.42087,175.66495,176.6315,177.60509,178.58523,179.57141 -0.01014,-0.01001,-0.00993,-0.00984,-0.00969,-0.0108,-0.01059,-0.00861,-0.00804,-0.00738,-0.00667,-0.00594,-0.00522,-0.00453,-0.00387,-0.00324,-0.0026,0.00103,0.00193,0.00292,0.00405,0.00937,0.01093,0.01257,0.01923,0.02108,0.02289,0.03019,0.03184,0.03919,0.04042,0.04735,0.04794,0.05412,0.05394,0.05924,0.05835,0.06289,0.06713,0.06554,0.0694,0.07309,0.07655,0.07966,0.07714,0.07941,0.081,0.0819,0.08219,0.086,0.08559,0.08499,0.08433,0.08368,0.08707,0.08631,0.08529,0.0884,0.08663,0.08931,0.08651,0.08315,0.08501,0.08681,0.08277,0.08446,0.08054,0.08227,0.07869,0.08043,0.08213,0.08375,0.08016,0.08157,0.08285,0.07899,0.07999,0.08085,0.08153,0.08202,0.08232,0.0774,0.07723,0.07685,0.0763,0.07558,0.07473,0.07378,0.07273,0.07159,0.07038,0.0691,0.06776,0.06638,0.06498,0.0686,0.06703,0.06545,0.06388,0.06229,0.06066,0.06299,0.061,0.05892,0.05672,0.05796,0.05546,0.0529,0.05376,0.05112,0.05196,0.04931,0.04667,0.04744,0.04472,0.0453,0.04246,0.04282,0.04306,0.04014,0.04029,0.04035,0.03749,0.03741,0.03709,0.03646,0.0335,0.03246,0.03111,0.02954,0.02784,0.02614,0.02456,0.0258,0.02445,0.02334,0.02245,0.02359,0.02268,0.02172,0.02227,0.02085,0.02083,0.01886,0.01666,0.01592,0.01499,0.01242,0.01129,0.00883,0.00767,0.00648,0.00444,0.00339,0.0024,0.00091,0.00015,-0.00052,-0.0011,-0.00161,-0.00242,-0.00284,-0.00328,-0.00376,-0.00432,-0.005,-0.00579,-0.00672,-0.00777,-0.00894,-0.01019,-0.0115,-0.01281,-0.0141,-0.01531,-0.01642,-0.0174,-0.01824,-0.01894,-0.02014,-0.02076,-0.02133,-0.02186,-0.02239,-0.02444,-0.02514,-0.02585,-0.02862,-0.02934,-0.02996,-0.03291,-0.03324,-0.03604,-0.03592,-0.03556,-0.03773,-0.03972,-0.0386,-0.04016,-0.03861,-0.03978,-0.0408,-0.03874,-0.03953,-0.0403,-0.04116,-0.0388,-0.03985,-0.04113,-0.04263,-0.04428,-0.04594,-0.04746,-0.04865,-0.05177,-0.05213,-0.05189,-0.05106,-0.05303,-0.05158,-0.04998,-0.05186,-0.05053,-0.05278,-0.05206,-0.0548,-0.05466,-0.05772,-0.05774,-0.06077,-0.06365,-0.06302,-0.06534,-0.06383,-0.06543,-0.06668,-0.0676,-0.06422,-0.06446,-0.06448,-0.06434,-0.0641,-0.0589,-0.05844,-0.05807,-0.05783,-0.05779,-0.05796,-0.05834,-0.05893,-0.05966,-0.06048,-0.06131,-0.06206,-0.06266,-0.06307,-0.06326,-0.06323,-0.06297,-0.0625,-0.06184,-0.06546,-0.06436,-0.0631,-0.06167,-0.06007,-0.0625,-0.06053,-0.05844,-0.0604,-0.05813,-0.05586,-0.05801,-0.0559,-0.05867,-0.05687,-0.05519,-0.05862,-0.05701,-0.06026,-0.06302,-0.06081,-0.06252,-0.0597,-0.06028,-0.06018,-0.05949,-0.05577,-0.05451,-0.05294,-0.05119,-0.04938,-0.04763,-0.04603,-0.04466,-0.04354,-0.04267,-0.04204,-0.04435,-0.04389,-0.04351,-0.04565,-0.04518,-0.0446,-0.04625,-0.04516,-0.04625,-0.04432,-0.04464,-0.04168,-0.04114,-0.03727,-0.03599,-0.03435,-0.02986,-0.02787,-0.02573,-0.02168,-0.01968,-0.01773,-0.0159,-0.01356,-0.0124,-0.01149,-0.01083,-0.01039
101.25 -179.66173,-178.73202,-177.79829,-176.861,-175.9206,-174.97764,-174.03262,-173.08606,-172.13848,-171.1904,-170.24235,-169.29484,-168.3484,-167.40348,-166.42691,-165.47125,-164.51885,-163.57024,-162.62592,-161.68638,-160.6233,-159.68001,-158.74311,-157.81309,-156.69784,-155.76901,-154.84863,-153.69606,-152.7807,-151.5995,-150.6919,-149.79522,-148.58779,-147.70257,-146.47442,-145.6033,-144.35791,-143.0942,-142.24444,-140.96923,-139.67881,-138.8572,-137.56141,-136.25407,-135.46702,-134.16073,-132.84674,-131.52652,-130.20159,-128.87349,-127.54374,-126.21398,-124.88579,-123.56074,-122.87249,-121.53866,-120.21206,-118.89421,-118.15292,-116.83514,-115.53005,-114.7547,-113.45611,-112.6588,-111.37072,-110.55372,-109.28017,-108.44589,-107.19075,-106.34179,-105.10874,-104.24778,-103.37554,-102.17011,-101.28969,-100.39936,-99.22898,-98.33444,-97.4315,-96.52058,-95.39984,-94.48995,-93.57378,-92.6518,-91.7245,-90.79241,-89.75618,-88.83282,-87.90647,-86.97766,-86.04695,-85.1149,-84.18206,-83.24902,-82.31633,-81.38455,-80.45426,-79.52599,-78.60032,-77.67778,-76.7589,-75.69034,-74.76435,-73.8438,-72.92918,-72.02096,-71.11958,-69.97225,-69.07147,-68.17917,-66.99065,-66.10295,-65.22523,-64.35779,-63.13327,-62.27543,-61.02594,-60.18046,-59.3474,-58.07907,-57.26181,-55.97753,-55.1785,-53.88213,-52.56989,-51.79913,-50.48112,-49.73445,-48.41461,-47.08506,-45.74729,-45.05083,-43.72008,-42.38524,-41.04777,-39.70925,-38.37127,-37.03539,-35.70319,-34.37619,-33.0559,-31.7439,-30.94559,-29.63347,-28.3333,-27.04633,-26.20775,-24.9292,-23.66718,-22.8045,-21.55683,-20.67841,-19.44858,-18.55693,-17.34844,-16.44616,-15.53334,-14.35179,-13.43202,-12.27946,-11.35543,-10.42334,-9.30854,-8.3759,-7.43676,-6.49157,-5.42924,-4.48833,-3.54304,-2.5938,-1.64111,-0.68548,0.27257,1.23488,2.18081,3.12756,4.07457,5.02135,5.96743,6.91229,7.85545,8.79641,9.73467,10.66977,11.60123,12.7079,13.64486,14.5766,15.50271,16.42276,17.33637,18.51104,19.42344,20.32799,21.2243,22.43799,23.32854,24.20963,25.45062,26.32266,27.18415,28.44591,29.29521,30.57399,31.40874,32.23138,33.51942,34.82243,35.62211,36.93228,37.71162,39.02559,40.34948,41.09738,42.4196,43.74847,45.08274,45.78264,47.10813,48.43573,49.76413,51.09203,52.41813,53.74113,55.05984,56.37297,57.11843,58.43479,59.74244,61.04028,61.82614,63.12014,64.40135,65.21281,66.48516,67.31339,68.5738,69.41694,70.66241,71.51844,72.7461,73.61296,74.82007,75.6956,76.58019,77.76164,78.65193,79.55018,80.70045,81.60132,82.50894,83.42299,84.53016,85.4428,86.36056,87.28307,88.20994,89.14077,90.17654,91.10011,92.02627,92.9546,93.88468,94.81609,95.74839,96.68116,97.61395,98.54633,99.47788,100.40815,101.33674,102.26321,103.18715,104.21964,105.15094,106.07833,107.0014,107.91976,109.01646,109.93729,110.8521,111.76051,112.90296,113.80974,114.70885,115.60002,116.77887,117.66438,118.86781,119.74551,120.61334,121.8386,122.69561,123.9387,124.78276,126.04071,127.31497,128.13972,129.42415,130.23067,131.52196,132.82494,134.13855,134.90825,136.22162,137.54247,138.86951,140.20145,141.53699,142.87478,144.21351,145.55184,146.88848,148.22216,149.55148,150.27314,151.60774,152.93451,153.69116,155.01773,156.33313,157.12006,158.42986,159.23632,160.53696,161.36101,162.64925,163.48877,164.76113,165.61391,166.47772,167.73102,168.60491,169.48868,170.71599,171.60644,172.50551,173.41289,174.60259,175.51215,176.42858,177.35149,178.28045,179.21505 -0.01064,-0.01114,-0.01173,-0.01236,-0.01295,-0.01344,-0.01378,-0.01396,-0.01398,-0.01383,-0.01354,-0.01317,-0.01274,-0.01229,-0.01039,-0.00996,-0.00955,-0.00916,-0.00874,-0.00827,-0.00568,-0.00494,-0.00405,-0.00303,0.00095,0.00226,0.00361,0.00868,0.01005,0.01581,0.01698,0.01792,0.02387,0.02432,0.03018,0.03006,0.03553,0.04074,0.03979,0.04439,0.04868,0.04719,0.05108,0.05478,0.05304,0.05643,0.05954,0.06225,0.06446,0.06606,0.06703,0.06743,0.06738,0.06702,0.07032,0.06976,0.06914,0.06843,0.07164,0.07063,0.06926,0.07197,0.06981,0.07201,0.06905,0.07081,0.06737,0.0689,0.06549,0.06703,0.06398,0.06562,0.06728,0.06448,0.06607,0.0676,0.06453,0.06582,0.06705,0.0682,0.06459,0.06553,0.06637,0.06707,0.06758,0.06787,0.06351,0.06337,0.06298,0.06237,0.06157,0.06063,0.05957,0.05845,0.05727,0.05607,0.05486,0.05366,0.05249,0.05135,0.05027,0.05331,0.05222,0.05115,0.05008,0.04896,0.04775,0.04989,0.04826,0.04646,0.0477,0.04546,0.04311,0.04065,0.0412,0.03862,0.03919,0.03661,0.03404,0.03469,0.0321,0.03269,0.03005,0.0305,0.03088,0.02823,0.02857,0.02608,0.02644,0.02674,0.02692,0.02459,0.02448,0.02407,0.02334,0.0223,0.02102,0.01959,0.01813,0.01677,0.01562,0.01478,0.01624,0.01578,0.01553,0.01534,0.0166,0.01608,0.01526,0.01572,0.01424,0.01416,0.0122,0.01177,0.00965,0.00904,0.00833,0.00642,0.00566,0.00405,0.00328,0.00246,0.00119,0.00044,-0.00028,-0.00095,-0.00177,-0.00228,-0.00274,-0.00315,-0.00354,-0.00394,-0.00439,-0.00504,-0.00564,-0.00635,-0.00718,-0.00812,-0.00916,-0.01028,-0.01142,-0.01256,-0.01363,-0.01459,-0.01541,-0.0165,-0.01705,-0.01743,-0.01765,-0.01772,-0.0177,-0.01871,-0.01874,-0.01879,-0.01888,-0.02066,-0.02097,-0.0213,-0.02359,-0.02392,-0.02413,-0.02631,-0.02616,-0.02802,-0.02735,-0.02639,-0.02764,-0.02882,-0.02716,-0.02813,-0.02616,-0.02698,-0.02773,-0.0255,-0.02611,-0.02667,-0.02725,-0.02507,-0.02585,-0.02687,-0.02816,-0.0297,-0.03141,-0.03311,-0.03462,-0.03573,-0.03868,-0.03892,-0.03851,-0.03751,-0.03942,-0.03786,-0.03621,-0.038,-0.03665,-0.03871,-0.03793,-0.04037,-0.04012,-0.04285,-0.04277,-0.04559,-0.04524,-0.04788,-0.05039,-0.04914,-0.05112,-0.0528,-0.05023,-0.05114,-0.05169,-0.05188,-0.04747,-0.047,-0.04632,-0.04552,-0.04467,-0.04385,-0.03853,-0.03796,-0.03763,-0.03759,-0.03783,-0.03834,-0.03907,-0.03995,-0.0409,-0.04185,-0.0427,-0.04341,-0.04393,-0.04424,-0.04434,-0.04875,-0.04836,-0.04777,-0.047,-0.04607,-0.04912,-0.04779,-0.04631,-0.04469,-0.04675,-0.04478,-0.04269,-0.0405,-0.04187,-0.03957,-0.04111,-0.03893,-0.03684,-0.03921,-0.03741,-0.04041,-0.03873,-0.04181,-0.04463,-0.0424,-0.04432,-0.04149,-0.04238,-0.04272,-0.04261,-0.03884,-0.03827,-0.03745,-0.03641,-0.0352,-0.03386,-0.03251,-0.03126,-0.03022,-0.02946,-0.02904,-0.02892,-0.03147,-0.03152,-0.03159,-0.03392,-0.03375,-0.03334,-0.03524,-0.03428,-0.03576,-0.03407,-0.03498,-0.03249,-0.03272,-0.02956,-0.02916,-0.02847,-0.02479,-0.02374,-0.02251,-0.01907,-0.01783,-0.01656,-0.01529,-0.01291,-0.01205,-0.01136,-0.01088,-0.01062,-0.0106
106.875 -179.14069,-178.25271,-177.36127,-176.46675,-175.56958,-174.67023,-173.76913,-172.86673,-171.96346,-171.0598,-170.15619,-169.2531,-168.35094,-167.45017,-166.55127,-165.65467,-164.70413,-163.79962,-162.89884,-162.00225,-161.11025,-160.09475,-159.19987,-158.31101,-157.42855,-156.36689,-155.48585,-154.61253,-153.51762,-152.64897,-151.78931,-150.66671,-149.81492,-148.67061,-147.82904,-146.66579,-145.8367,-144.65743,-143.84302,-142.65089,-141.44367,-140.65135,-139.43634,-138.20915,-137.4446,-136.21496,-134.97627,-133.72974,-132.4766,-131.21811,-129.95555,-128.69033,-127.42382,-126.15739,-124.89243,-123.63029,-122.37233,-121.11987,-120.44244,-119.18613,-117.93872,-117.22698,-115.98119,-114.74767,-114.00659,-112.78021,-112.02008,-110.80424,-110.02701,-108.82508,-108.03282,-106.84809,-106.04304,-104.87863,-104.06311,-103.23754,-102.09828,-101.26549,-100.42379,-99.31598,-98.47043,-97.61728,-96.75688,-95.69312,-94.83332,-93.9677,-93.09665,-92.22061,-91.33999,-90.35048,-89.47702,-88.60053,-87.72147,-86.84028,-85.95746,-85.07348,-84.18882,-83.30398,-82.41942,-81.53565,-80.65313,-79.77234,-78.89376,-78.01785,-77.14506,-76.1367,-75.25704,-74.38204,-73.51212,-72.64771,-71.78919,-70.70748,-69.84865,-68.99715,-68.15331,-67.02827,-66.18859,-65.35783,-64.20193,-63.3787,-62.56555,-61.38514,-60.58274,-59.79137,-58.59318,-57.81554,-56.60218,-55.84038,-54.61514,-53.37494,-52.63741,-51.3907,-50.67416,-49.42433,-48.16472,-47.48064,-46.22335,-44.95967,-43.69092,-42.41847,-41.79722,-40.53659,-39.27563,-38.01566,-36.75801,-35.50397,-34.25482,-33.52185,-32.26849,-31.02342,-29.78781,-28.56272,-27.7803,-26.56039,-25.35397,-24.54721,-23.35109,-22.52833,-21.34569,-20.50904,-19.34294,-18.49458,-17.34795,-16.49008,-15.36556,-14.50045,-13.62671,-12.53046,-11.65272,-10.76761,-9.70506,-8.8191,-7.92709,-6.90309,-6.01339,-5.11901,-4.2204,-3.31794,-2.35637,-1.46117,-0.56349,0.33623,1.23755,2.14005,3.04329,3.94677,4.85008,5.7528,6.65449,7.55472,8.45306,9.34909,10.24238,11.13252,12.01908,12.90169,13.78,14.65362,15.73819,16.61352,17.48289,18.34599,19.20251,20.33328,21.18666,22.03232,22.87001,24.03111,24.86203,26.04417,26.8663,27.6788,28.87833,29.67928,30.89338,31.68101,32.90697,33.67953,34.91458,35.6704,36.91165,37.64919,38.89373,40.14725,40.85675,42.10907,43.36756,44.63117,45.29813,46.55446,47.8131,49.07289,50.33278,51.59169,52.84857,54.10231,55.35179,56.59602,57.30505,58.55187,59.79075,61.02074,61.76579,62.99228,64.2074,64.97553,66.18292,66.96628,68.16339,68.96041,70.14465,70.95366,72.12255,72.94178,74.09295,74.92058,76.05177,76.886,77.72792,78.8342,79.68015,80.53284,81.39201,82.46379,83.3236,84.18882,85.05915,86.08883,86.95642,87.82799,88.70321,89.58175,90.46326,91.34738,92.23377,93.12206,94.05194,94.93023,95.80927,96.68869,97.56814,98.44725,99.32567,100.25195,101.14048,102.02716,102.91163,103.79353,104.6725,105.54819,106.42027,107.43929,108.31506,109.18606,110.05198,110.91252,111.98144,112.84139,113.69488,114.79497,115.64528,116.48812,117.61492,118.45189,119.28045,120.42905,121.2492,122.41555,123.22552,124.40724,125.20522,126.39986,127.18413,128.38904,129.60683,130.37046,131.59426,132.82859,134.07247,134.80324,136.047,137.2976,138.55403,139.81523,141.08,142.34735,143.61613,144.88514,146.1532,147.4192,148.68203,149.3574,150.62643,151.88929,153.14509,153.86188,155.1174,156.36288,157.10662,158.34709,159.10851,160.34114,161.1185,162.34028,163.13181,164.3399,165.14374,165.95755,167.14965,167.97317,168.80579,169.97622,170.81564,171.66313,172.51843,173.65741,174.51566,175.38057,176.25183,177.12905,178.22011,179.09533,179.97519 -0.00941,-0.01026,-0.0112,-0.01218,-0.01312,-0.01397,-0.01469,-0.01522,-0.01556,-0.01571,-0.0157,-0.01556,-0.01531,-0.01499,-0.01462,-0.01423,-0.01323,-0.01283,-0.01239,-0.01188,-0.01129,-0.00986,-0.00908,-0.00821,-0.00726,-0.00495,-0.00391,-0.00294,0.0001,0.00095,0.00162,0.00522,0.0056,0.00964,0.00966,0.014,0.01367,0.01815,0.01756,0.02206,0.02657,0.02571,0.02996,0.03401,0.03298,0.03669,0.04017,0.04341,0.04636,0.04893,0.05103,0.05257,0.05351,0.05389,0.05378,0.05333,0.05265,0.05186,0.05495,0.05412,0.0532,0.05627,0.05504,0.0535,0.056,0.05383,0.05584,0.05313,0.05477,0.0519,0.0534,0.05076,0.05231,0.05004,0.05164,0.05322,0.05098,0.05235,0.05364,0.05091,0.05191,0.05287,0.05382,0.05059,0.05148,0.05237,0.05323,0.05399,0.05462,0.05113,0.05141,0.05145,0.05123,0.05078,0.05011,0.04926,0.04828,0.04719,0.04604,0.04486,0.04366,0.04248,0.04133,0.04023,0.03919,0.04172,0.04081,0.03994,0.03906,0.03813,0.03712,0.03948,0.03814,0.03662,0.0349,0.03615,0.03401,0.03175,0.03226,0.02978,0.02729,0.02758,0.02508,0.02264,0.02301,0.02063,0.02106,0.01873,0.01918,0.01964,0.01741,0.01792,0.01591,0.01654,0.01717,0.01548,0.01606,0.01645,0.01655,0.01631,0.0144,0.01366,0.0126,0.01133,0.00995,0.0086,0.00744,0.0086,0.0079,0.00758,0.0076,0.00786,0.00946,0.00964,0.00959,0.01064,0.00992,0.01043,0.00902,0.0091,0.00731,0.00717,0.0054,0.00524,0.00375,0.0036,0.00337,0.0022,0.00189,0.00146,0.00044,-5e-05,-0.00057,-0.00139,-0.00185,-0.0023,-0.00272,-0.00312,-0.00352,-0.00388,-0.00426,-0.00469,-0.00517,-0.00573,-0.00637,-0.00711,-0.00793,-0.00882,-0.00976,-0.01069,-0.01159,-0.01239,-0.01307,-0.01358,-0.0139,-0.01402,-0.01396,-0.01373,-0.01464,-0.01426,-0.01383,-0.01337,-0.01294,-0.01421,-0.01401,-0.0139,-0.01388,-0.01585,-0.01595,-0.01803,-0.01799,-0.01776,-0.01936,-0.01861,-0.01967,-0.01832,-0.0189,-0.01706,-0.0174,-0.01528,-0.01566,-0.01349,-0.01409,-0.01483,-0.0129,-0.01377,-0.01462,-0.01544,-0.0139,-0.01479,-0.01574,-0.01682,-0.01807,-0.01945,-0.02087,-0.02221,-0.02328,-0.0239,-0.02636,-0.02619,-0.02542,-0.02418,-0.02592,-0.02433,-0.02279,-0.02459,-0.02347,-0.02552,-0.02496,-0.02726,-0.02705,-0.02946,-0.02922,-0.03159,-0.03098,-0.03323,-0.03211,-0.03417,-0.03617,-0.03426,-0.03584,-0.03717,-0.03821,-0.03486,-0.03518,-0.03515,-0.03481,-0.03019,-0.02943,-0.02856,-0.02766,-0.02682,-0.02609,-0.02554,-0.02521,-0.02513,-0.02175,-0.0221,-0.02263,-0.02327,-0.02398,-0.0247,-0.02539,-0.03001,-0.03054,-0.03092,-0.03113,-0.03116,-0.03102,-0.0307,-0.03019,-0.0335,-0.0326,-0.03154,-0.03034,-0.029,-0.03135,-0.02969,-0.02791,-0.02962,-0.02752,-0.02532,-0.02649,-0.02417,-0.02189,-0.02318,-0.02115,-0.02301,-0.02137,-0.02382,-0.02245,-0.02504,-0.02361,-0.0257,-0.02728,-0.02502,-0.02563,-0.02581,-0.02569,-0.02261,-0.02227,-0.02187,-0.02139,-0.02076,-0.01994,-0.01896,-0.01793,-0.01701,-0.01639,-0.01617,-0.0164,-0.01895,-0.01953,-0.02015,-0.02063,-0.02279,-0.02274,-0.02234,-0.02402,-0.0231,-0.02453,-0.02315,-0.02426,-0.02244,-0.02311,-0.02089,-0.0211,-0.02109,-0.01841,-0.01803,-0.01749,-0.01475,-0.01409,-0.01336,-0.01261,-0.01037,-0.0098,-0.00932,-0.00895,-0.00875,-0.00789,-0.00819,-0.0087
112.5 -179.50672,-178.6603,-177.81053,-176.82994,-175.98681,-175.14151,-174.29443,-173.44593,-172.59639,-171.74619,-170.89568,-170.04526,-169.20995,-168.34815,-167.48759,-166.6287,-165.77186,-164.91745,-164.06585,-163.14217,-162.2849,-161.43166,-160.5828,-159.73868,-158.75984,-157.91448,-157.07508,-156.06206,-155.22422,-154.39349,-153.35061,-152.52429,-151.70609,-150.63823,-149.8272,-148.73962,-147.93775,-146.83284,-146.04209,-144.92238,-144.14464,-143.01278,-141.86696,-141.1086,-139.95499,-138.78985,-138.05584,-136.88749,-135.71028,-134.52519,-133.82939,-132.64754,-131.46075,-130.27012,-129.07677,-127.88185,-126.68652,-125.49194,-124.29927,-123.69028,-122.48917,-121.2929,-120.10266,-119.44858,-118.25635,-117.07308,-116.38918,-115.20868,-114.03996,-113.33059,-112.16934,-111.4433,-110.29246,-109.55147,-108.4139,-107.65979,-106.53828,-105.77296,-104.99791,-103.89558,-103.11203,-102.03221,-101.24222,-100.44423,-99.63848,-98.59127,-97.78283,-96.96777,-96.14641,-95.1409,-94.32072,-93.49549,-92.66556,-91.83129,-90.88487,-90.05651,-89.22513,-88.39111,-87.55486,-86.71678,-85.87728,-85.03677,-84.19566,-83.35438,-82.51334,-81.67296,-80.83367,-79.99586,-79.15994,-78.32633,-77.49541,-76.66756,-75.70355,-74.87,-74.04085,-73.21646,-72.39717,-71.58332,-70.5543,-69.7404,-68.93316,-68.13285,-67.06501,-66.26848,-65.47999,-64.38424,-63.60241,-62.82958,-61.71132,-60.94793,-59.81128,-59.05931,-58.31778,-57.16837,-56.44068,-55.27969,-54.56758,-53.39788,-52.21575,-51.52741,-50.34125,-49.14545,-48.48538,-47.29021,-46.08827,-45.46033,-44.26363,-43.0631,-41.85989,-40.65517,-39.45008,-38.2458,-37.04347,-35.84421,-34.64914,-33.45938,-32.27599,-31.10005,-30.37545,-29.20052,-28.03572,-27.2851,-26.12585,-24.97923,-24.20723,-23.07056,-21.94875,-21.16036,-20.05261,-19.25315,-18.162,-17.35331,-16.53578,-15.46502,-14.64091,-13.59239,-12.76365,-11.92787,-10.90794,-10.07029,-9.22668,-8.23962,-7.39686,-6.54929,-5.69727,-4.84112,-3.90714,-3.0562,-2.20234,-1.34593,-0.48733,0.37307,1.2349,2.08352,2.93458,3.78587,4.63707,5.4878,6.33771,7.18642,8.03358,8.87884,9.72183,10.56221,11.54852,12.39426,13.23625,14.07415,14.90766,15.73646,16.56027,17.61118,18.43466,19.25206,20.06314,21.14757,21.95503,22.75524,23.54801,24.65804,25.44405,26.22183,27.34985,28.11848,29.26141,30.01932,31.17491,31.92052,33.08645,33.81828,34.99209,35.7087,36.88787,37.58792,38.77016,39.96052,40.63547,41.82497,43.02017,44.22024,44.85729,46.05118,47.2475,48.44533,49.64373,50.84179,52.03855,53.23305,54.42438,55.61161,56.79389,57.46986,58.65414,59.83116,61.00012,61.7084,62.87429,64.02997,64.75916,65.90806,66.65117,67.79111,68.91768,69.67555,70.78978,71.55778,72.33424,73.43424,74.2188,75.30142,76.09253,76.89083,77.95208,78.75475,79.5638,80.59969,81.41087,82.22757,83.04954,84.051,84.87219,85.69771,86.5273,87.36068,88.31413,89.14315,89.97497,90.80931,91.64586,92.48432,93.32438,94.16573,95.00805,95.85104,96.69437,97.53773,98.38079,99.22324,100.06476,100.90504,101.74375,102.5806,103.41528,104.2475,105.1898,106.02719,106.86109,107.69124,108.51736,109.33917,110.33765,111.16031,111.97775,112.7897,113.82278,114.63266,115.43616,116.49477,117.29395,118.37274,119.16596,119.95145,121.04892,121.82631,122.9392,123.70692,124.83311,125.58966,126.72702,127.471,128.61733,129.77515,130.50033,131.66353,132.83615,134.01736,134.71281,135.89409,137.08176,138.27486,139.47243,140.67358,141.87741,143.08294,144.28911,145.49497,146.69964,147.90211,149.10134,149.74538,150.94965,152.1483,153.3403,154.02138,155.21289,155.91206,157.10064,158.2788,158.99996,160.1712,160.90693,162.06881,162.81757,163.57593,164.72776,165.49703,166.63344,167.41192,168.19881,169.31671,170.11042,170.91166,172.00605,172.81157,173.62366,174.44209,175.26659,176.32325,177.14791,177.97755,178.81187,179.65056 -0.0064,-0.00732,-0.00837,-0.0089,-0.01014,-0.01135,-0.01248,-0.01348,-0.01431,-0.01493,-0.01534,-0.01553,-0.01577,-0.01558,-0.01525,-0.0148,-0.01425,-0.01362,-0.01291,-0.01268,-0.01195,-0.01116,-0.01034,-0.00951,-0.00913,-0.00832,-0.00758,-0.0068,-0.00617,-0.00568,-0.00445,-0.00414,-0.00398,-0.00234,-0.00237,-0.00033,-0.00054,0.0019,0.00154,0.00443,0.00404,0.00743,0.01125,0.01095,0.01501,0.01911,0.01882,0.02268,0.02628,0.02958,0.02877,0.03147,0.03377,0.03565,0.03703,0.03791,0.03825,0.03811,0.03753,0.04027,0.03934,0.03827,0.03718,0.04006,0.03906,0.03808,0.04102,0.03989,0.03861,0.04101,0.03929,0.04122,0.03917,0.04076,0.03867,0.04017,0.03833,0.03987,0.04145,0.03983,0.04131,0.03953,0.0407,0.04174,0.04266,0.03992,0.04057,0.04123,0.04191,0.03881,0.03958,0.04041,0.04128,0.04213,0.03905,0.03975,0.04028,0.04061,0.04071,0.04059,0.04025,0.0397,0.03898,0.0381,0.0371,0.03599,0.0348,0.03356,0.03229,0.03103,0.02978,0.02857,0.03057,0.02953,0.0285,0.02744,0.02634,0.02516,0.02754,0.02615,0.02463,0.02297,0.02456,0.02258,0.02052,0.02131,0.01905,0.01681,0.01713,0.01489,0.01513,0.01298,0.01095,0.01123,0.00931,0.00962,0.00782,0.0082,0.00869,0.00708,0.00779,0.00865,0.00737,0.00835,0.00923,0.00808,0.00861,0.00874,0.0084,0.00764,0.00651,0.00516,0.0037,0.00235,0.00123,0.00048,0.00016,0.00027,0.00179,0.00229,0.00288,0.00438,0.00468,0.00461,0.00551,0.0047,0.00349,0.00371,0.00212,0.00219,0.00066,0.0008,0.00098,-0.0001,0.00017,-0.00062,-0.00039,-0.00027,-0.00099,-0.00101,-0.00113,-0.00173,-0.00189,-0.00209,-0.00232,-0.00256,-0.0027,-0.00292,-0.00317,-0.00345,-0.00378,-0.00415,-0.00458,-0.00465,-0.00517,-0.00574,-0.00636,-0.007,-0.00765,-0.00825,-0.00878,-0.00918,-0.00944,-0.00953,-0.01065,-0.01046,-0.01011,-0.00961,-0.00901,-0.00835,-0.00765,-0.00863,-0.00801,-0.00747,-0.00701,-0.00847,-0.00824,-0.00811,-0.00801,-0.00991,-0.00979,-0.00955,-0.01115,-0.01051,-0.01154,-0.01035,-0.01073,-0.00903,-0.0089,-0.00686,-0.00655,-0.00445,-0.00432,-0.00241,-0.00276,-0.00348,-0.00209,-0.00326,-0.00456,-0.00589,-0.00502,-0.00632,-0.00751,-0.0086,-0.00962,-0.01058,-0.01149,-0.01227,-0.01286,-0.01312,-0.01297,-0.01491,-0.01415,-0.01295,-0.01146,-0.013,-0.01144,-0.01008,-0.01186,-0.01105,-0.01314,-0.01286,-0.01275,-0.01502,-0.01474,-0.01683,-0.01886,-0.01787,-0.01969,-0.01819,-0.01991,-0.02166,-0.01977,-0.02141,-0.02295,-0.02062,-0.02178,-0.02267,-0.02326,-0.02001,-0.02003,-0.01978,-0.01933,-0.01873,-0.01506,-0.01446,-0.01389,-0.01343,-0.01308,-0.01288,-0.01284,-0.01294,-0.01316,-0.01349,-0.01389,-0.01434,-0.01481,-0.01527,-0.01571,-0.0161,-0.01643,-0.01669,-0.01684,-0.01688,-0.01981,-0.01948,-0.01897,-0.01829,-0.01744,-0.01644,-0.01834,-0.01705,-0.01566,-0.01418,-0.01571,-0.01399,-0.01219,-0.01333,-0.01134,-0.0123,-0.0103,-0.00842,-0.0096,-0.00809,-0.00981,-0.00878,-0.01101,-0.01032,-0.01265,-0.01194,-0.01374,-0.015,-0.01355,-0.01388,-0.01379,-0.01348,-0.01149,-0.01122,-0.01105,-0.01093,-0.01071,-0.01029,-0.0096,-0.00867,-0.00768,-0.00688,-0.00646,-0.00658,-0.00721,-0.00925,-0.0103,-0.01127,-0.01192,-0.01367,-0.01361,-0.01507,-0.01443,-0.01359,-0.01477,-0.01378,-0.01485,-0.01373,-0.01457,-0.01526,-0.01372,-0.01404,-0.01219,-0.01216,-0.012,-0.00983,-0.00948,-0.00909,-0.00694,-0.00658,-0.00625,-0.00596,-0.00574,-0.00437,-0.00446,-0.00469,-0.00508,-0.00565
118.125 -179.67373,-178.87603,-178.07523,-177.27166,-176.46559,-175.65733,-174.8472,-174.03553,-173.22265,-172.40889,-171.59457,-170.78003,-169.9656,-169.15161,-168.33836,-167.52622,-166.69533,-165.87493,-165.0567,-164.24096,-163.42806,-162.6183,-161.72148,-160.90781,-160.09835,-159.29338,-158.3552,-157.54945,-156.74926,-155.95489,-154.98189,-154.18992,-153.40473,-152.40639,-151.626,-150.60778,-149.83392,-148.79772,-148.03209,-146.97998,-146.22431,-145.15847,-144.41441,-143.33713,-142.60628,-141.51996,-140.422,-139.71088,-138.60772,-137.49514,-136.37398,-135.69405,-134.5732,-133.44619,-132.31395,-131.17743,-130.03761,-128.89547,-127.75202,-126.60828,-125.46527,-124.32398,-123.18545,-122.05068,-121.4485,-120.30913,-119.17609,-118.05032,-117.41077,-116.28604,-115.62821,-114.50706,-113.39717,-112.71715,-111.61489,-110.92022,-109.8281,-109.12027,-108.04078,-107.32138,-106.25691,-105.52763,-104.78963,-103.743,-102.99746,-102.24399,-101.22007,-100.46153,-99.69595,-98.69936,-97.93126,-97.1571,-96.37716,-95.41794,-94.63881,-93.85497,-93.06671,-92.27435,-91.47821,-90.58027,-89.78984,-88.99677,-88.2014,-87.40408,-86.60517,-85.80501,-85.00397,-84.20241,-83.40068,-82.59916,-81.7982,-80.99817,-80.19942,-79.40232,-78.6072,-77.81442,-77.02431,-76.23721,-75.31417,-74.52231,-73.73458,-72.9513,-72.17276,-71.19744,-70.41826,-69.64489,-68.87758,-68.11659,-67.10062,-66.34306,-65.59276,-64.55136,-63.80699,-63.07071,-62.00857,-61.28063,-60.20148,-59.48357,-58.77503,-57.68349,-56.98712,-55.8844,-55.20173,-54.09028,-52.96699,-52.30505,-51.17703,-50.53249,-49.40227,-48.26413,-47.64628,-46.51,-45.36831,-44.22217,-43.07257,-42.50551,-41.36476,-40.22313,-39.08156,-37.94106,-36.8026,-35.66717,-34.5357,-33.87317,-32.73792,-31.60914,-30.48772,-29.37449,-28.6701,-27.56016,-26.46066,-25.73498,-24.64262,-23.56273,-22.81993,-21.75086,-20.99646,-19.94047,-19.17615,-18.13546,-17.36281,-16.3394,-15.56009,-14.77336,-13.77154,-12.9805,-12.00057,-11.20692,-10.40747,-9.60246,-8.65602,-7.85147,-7.04238,-6.22903,-5.32255,-4.51271,-3.69968,-2.88374,-2.06521,-1.21319,-0.40175,0.41124,1.22546,2.04059,2.85631,3.67227,4.48817,5.30369,6.1185,6.93229,7.74473,8.55552,9.36433,10.17086,10.97477,11.77582,12.57372,13.36819,14.33907,15.13598,15.92848,16.71634,17.49929,18.27705,19.29343,20.06942,20.83942,21.60324,22.64658,23.4058,24.15808,25.22094,25.96654,26.70449,27.78272,28.51205,29.60333,30.32263,31.42499,32.13295,33.24434,33.9396,35.05784,35.7392,36.86228,37.52872,38.65457,39.78783,40.43157,41.56423,42.70222,43.84477,44.45442,45.59179,46.73167,47.87327,49.0158,50.15842,51.3003,52.44065,53.57863,54.71342,55.84431,56.97052,58.09133,58.74417,59.8654,60.97928,61.65424,62.76532,63.86718,64.56119,65.65711,66.74209,67.4519,68.52793,69.24848,70.31373,71.04378,72.09643,72.83469,73.5803,74.61818,75.37022,76.39132,77.14844,77.91178,78.91211,79.67862,80.45062,81.22794,82.20011,82.97811,83.76063,84.54746,85.48584,86.27084,87.05931,87.85102,88.64572,89.44316,90.32789,91.11987,91.91374,92.70923,93.50608,94.30404,95.10283,95.90218,96.70182,97.50148,98.3009,99.09979,99.89789,100.69494,101.49065,102.28479,103.15825,103.95854,104.75639,105.55152,106.3437,107.13267,108.06208,108.85356,109.64101,110.42417,111.20284,112.17217,112.95021,113.72294,114.71764,115.4878,116.25194,117.26873,118.02835,118.78123,119.81652,120.56298,121.61354,122.35223,123.41625,124.14585,125.22157,125.94079,127.02629,127.73386,128.82715,129.93075,130.62103,131.72936,132.84621,133.51602,134.63435,135.75928,136.89006,138.02587,139.16596,140.30953,141.45586,142.60404,143.75319,144.90258,146.05129,147.19845,148.34319,149.48473,150.10043,151.24628,152.38678,153.02864,154.17001,155.30389,155.96909,157.10027,157.78075,158.90705,160.02253,160.72096,161.82824,162.53866,163.25785,164.35674,165.08611,166.17158,166.90969,167.6555,168.72502,169.47757,170.23715,171.28655,172.05066,172.82099,173.59734,174.61874,175.39674,176.17988,176.96793,177.76063,178.5577,179.53193 -0.00278,-0.00377,-0.00492,-0.00619,-0.00753,-0.00889,-0.01023,-0.01148,-0.01258,-0.0135,-0.01419,-0.01464,-0.01482,-0.01474,-0.01442,-0.01387,-0.01349,-0.01267,-0.01175,-0.01076,-0.00975,-0.00877,-0.00869,-0.00788,-0.0072,-0.00668,-0.00688,-0.00658,-0.00646,-0.00652,-0.00654,-0.00668,-0.00689,-0.00655,-0.0067,-0.00613,-0.00625,-0.00552,-0.00566,-0.00476,-0.00495,-0.00373,-0.00387,-0.00208,-0.00209,0.00044,0.00357,0.00383,0.00741,0.01112,0.01474,0.01475,0.01785,0.02052,0.02272,0.02445,0.02572,0.02653,0.02692,0.02688,0.02645,0.02568,0.02463,0.02341,0.02569,0.02445,0.0233,0.02234,0.02497,0.02428,0.02702,0.02639,0.02579,0.02812,0.02723,0.0291,0.02791,0.02943,0.02817,0.02956,0.02841,0.0298,0.03122,0.03002,0.03128,0.03246,0.03057,0.03133,0.03194,0.02904,0.02936,0.02969,0.03005,0.02658,0.02708,0.02771,0.02847,0.02933,0.03023,0.027,0.02792,0.02876,0.02947,0.03003,0.03041,0.03059,0.03057,0.03034,0.02989,0.02923,0.02837,0.02731,0.0261,0.02476,0.02332,0.02182,0.0203,0.01878,0.02006,0.01867,0.01729,0.01591,0.01452,0.0166,0.01521,0.0138,0.01236,0.01091,0.01273,0.01111,0.00948,0.01067,0.00888,0.00715,0.00777,0.00603,0.00643,0.0048,0.00331,0.00359,0.00221,0.00238,0.00104,0.00115,0.00133,1e-05,0.00042,-0.00073,5e-05,0.00107,0.00023,0.00139,0.00241,0.00309,0.00329,0.00188,0.00125,0.00015,-0.00127,-0.0028,-0.00423,-0.00537,-0.00607,-0.00499,-0.00505,-0.0047,-0.00406,-0.00329,-0.00184,-0.00122,-0.00089,0.0002,-9e-05,-0.00082,-0.00036,-0.00161,-0.00143,-0.00286,-0.00272,-0.00393,-0.00364,-0.00443,-0.00396,-0.00345,-0.00384,-0.00333,-0.00359,-0.00318,-0.00285,-0.00261,-0.00269,-0.00248,-0.00231,-0.0022,-0.00189,-0.00181,-0.0018,-0.00187,-0.00201,-0.0017,-0.00195,-0.00226,-0.00262,-0.00302,-0.00346,-0.00393,-0.00442,-0.00492,-0.00539,-0.0058,-0.00612,-0.00631,-0.00634,-0.00619,-0.00585,-0.00535,-0.00469,-0.00391,-0.00445,-0.00361,-0.00277,-0.00195,-0.00119,-0.00052,-0.00167,-0.00122,-0.00087,-0.00061,-0.00227,-0.00214,-0.00203,-0.00373,-0.00349,-0.00314,-0.0043,-0.00356,-0.00411,-0.00294,-0.00286,-0.00133,-0.00078,0.00093,0.00168,0.00337,0.00396,0.00546,0.00557,0.00521,0.0062,0.00518,0.00379,0.00218,0.00265,0.00096,-0.00059,-0.00191,-0.00293,-0.00364,-0.00405,-0.00416,-0.00399,-0.00354,-0.00281,-0.00182,-0.00058,-0.00219,-0.00073,0.00077,-0.00075,0.00059,0.00162,-0.00013,0.00037,0.00054,-0.00155,-0.00152,-0.00358,-0.00319,-0.005,-0.0039,-0.00539,-0.00684,-0.00495,-0.00632,-0.00426,-0.00575,-0.00733,-0.00548,-0.00713,-0.00872,-0.01017,-0.00828,-0.00936,-0.01015,-0.01065,-0.00826,-0.00833,-0.0082,-0.00793,-0.00757,-0.00719,-0.00479,-0.0045,-0.00426,-0.00408,-0.00397,-0.00394,-0.00398,-0.00407,-0.00422,-0.00442,-0.00467,-0.00495,-0.00527,-0.00561,-0.00596,-0.00629,-0.00893,-0.00909,-0.00913,-0.009,-0.00867,-0.00813,-0.00966,-0.00874,-0.00765,-0.00643,-0.00511,-0.00607,-0.0046,-0.00305,-0.00392,-0.00223,-0.0005,-0.00124,0.00053,0.00225,0.00133,0.0028,0.00144,0.00245,0.00049,0.00103,-0.00139,-0.00111,-0.00354,-0.00314,-0.00504,-0.00636,-0.00523,-0.00569,-0.00574,-0.00417,-0.0041,-0.00416,-0.00443,-0.00484,-0.00524,-0.00541,-0.0052,-0.00457,-0.00364,-0.00261,-0.00174,-0.00123,-0.00119,-0.00157,-0.00298,-0.00376,-0.00439,-0.00598,-0.00606,-0.00569,-0.00689,-0.00609,-0.00721,-0.00635,-0.00559,-0.00678,-0.00615,-0.00723,-0.00817,-0.00727,-0.00785,-0.00658,-0.00676,-0.00678,-0.005,-0.00479,-0.00452,-0.00268,-0.00243,-0.0022,-0.00202,-0.0007,-0.00072,-0.00084,-0.00106,-0.00141,-0.00189,-0.00192
123.75 -179.97412,-179.21016,-178.44325,-177.67363,-176.90158,-176.12735,-175.35121,-174.57347,-173.79439,-173.01428,-172.23341,-171.45208,-170.67059,-169.88923,-169.1083,-168.32808,-167.54887,-166.77097,-165.99466,-165.22022,-164.39867,-163.61848,-162.84111,-162.06683,-161.29591,-160.42576,-159.65236,-158.88325,-158.11865,-157.21294,-156.44858,-155.68964,-154.75757,-154.00098,-153.25068,-152.29567,-151.54984,-150.57672,-149.83688,-148.84731,-148.11497,-147.39076,-146.38737,-145.37036,-144.65743,-143.62967,-142.92858,-141.89215,-140.84485,-140.16126,-139.10862,-138.04701,-137.38456,-136.32107,-135.25063,-134.17402,-133.09203,-132.47034,-131.39275,-130.31199,-129.22891,-128.14436,-127.05921,-125.97434,-124.89062,-124.34476,-123.25323,-122.16509,-121.08119,-120.0024,-119.40989,-118.32948,-117.25638,-116.63918,-115.56799,-114.9346,-113.86756,-112.81126,-112.15841,-111.10979,-110.44398,-109.40522,-108.72777,-107.701,-107.01332,-106.31729,-105.30416,-104.59986,-103.60372,-102.8927,-102.17449,-101.19917,-100.47639,-99.74721,-98.7967,-98.06515,-97.32804,-96.58561,-95.83809,-94.92685,-94.18055,-93.4301,-92.67579,-91.91787,-91.15665,-90.30263,-89.54689,-88.78884,-88.02877,-87.26699,-86.50381,-85.73953,-84.97447,-84.20895,-83.44328,-82.67779,-81.91277,-81.14856,-80.38546,-79.62379,-78.86384,-78.10593,-77.35035,-76.59739,-75.71986,-74.96222,-74.20819,-73.45805,-72.71206,-71.97047,-71.03845,-70.29646,-69.5598,-68.82869,-67.86323,-67.13462,-66.41241,-65.69678,-64.70481,-63.99447,-62.9838,-62.28032,-61.58468,-60.5577,-59.87095,-58.83012,-58.15371,-57.48614,-56.43646,-55.781,-54.7227,-53.65314,-53.01583,-51.94108,-51.31918,-50.24145,-49.15583,-48.55743,-47.47239,-46.38165,-45.28603,-44.72293,-43.63275,-42.53993,-41.44534,-40.34986,-39.25439,-38.15978,-37.06689,-35.97659,-34.88973,-33.80713,-32.7296,-31.65791,-31.00192,-29.93047,-28.86693,-27.81201,-27.12864,-26.07864,-25.0391,-24.3383,-23.30696,-22.59436,-21.57324,-20.85021,-19.84129,-19.10928,-18.11447,-17.37491,-16.39596,-15.65031,-14.68886,-13.93858,-13.18207,-12.24271,-11.48365,-10.71918,-9.80533,-9.04037,-8.27087,-7.49705,-6.61762,-5.84599,-5.07095,-4.29278,-3.45289,-2.67947,-1.90382,-1.12622,-0.34694,0.43375,1.21557,1.99822,2.78141,3.53043,4.30358,5.07644,5.84872,6.62017,7.3905,8.15945,8.92676,9.80747,10.58046,11.35092,12.11862,12.88329,13.64469,14.40257,15.15672,15.90691,16.85679,17.60712,18.35271,19.09336,20.07239,20.81075,21.54342,22.27026,23.27252,23.99465,24.71026,25.72936,26.43848,27.14055,28.17295,28.86684,29.91074,30.59528,31.64897,32.32291,33.38449,34.04676,35.11447,35.7641,36.83616,37.47218,38.54674,39.62811,40.24351,41.32443,42.41038,43.50066,44.08535,45.17124,46.25969,47.35003,48.44151,49.53343,50.62501,51.7156,52.80455,53.89109,54.97454,56.05425,57.12958,58.19989,58.82437,59.89492,60.95872,62.01518,62.66456,63.71745,64.3795,65.42712,66.46492,67.14158,68.17151,68.85817,69.87859,70.57418,71.58348,72.28687,73.28357,73.99364,74.71014,75.69189,76.41348,77.37908,78.10458,78.83549,79.57164,80.5142,81.25213,81.99465,82.91339,83.65602,84.40254,85.15278,85.90654,86.78816,87.53934,88.2933,89.04984,89.80873,90.56976,91.3327,92.09732,92.86339,93.6702,94.42907,95.18864,95.9487,96.70901,97.46934,98.22945,98.98912,99.78411,100.55157,101.31785,102.08271,102.84593,103.60727,104.3665,105.12341,105.87778,106.75047,107.50802,108.26229,109.01306,109.76014,110.67176,111.41932,112.16247,112.90103,113.84092,114.57779,115.3094,116.27045,116.99865,117.72097,118.70016,119.4174,120.41141,121.12244,122.12985,122.83341,123.85265,124.54762,125.57713,126.26239,127.30054,127.97504,129.02013,130.07452,130.73313,131.7917,132.85794,133.49777,134.56538,135.63906,136.71816,137.80205,138.89002,139.48656,140.56971,141.65505,142.74193,143.82967,144.36612,145.46361,146.56009,147.65491,148.74729,149.8365,150.42632,151.51899,152.60662,153.22006,154.30825,155.38969,156.0242,157.1032,157.75162,158.82627,159.48761,160.55597,161.22915,162.28937,162.97332,164.02358,164.71704,165.75543,166.45716,167.16602,168.19076,168.90611,169.628,170.63537,171.36195,172.09441,172.83257,173.81588,174.55622,175.3015,176.05153,176.8061,177.75428,178.50787,179.26515 -0.00162,-0.00262,-0.00376,-0.00503,-0.00641,-0.00785,-0.00932,-0.01074,-0.01207,-0.01324,-0.01421,-0.01494,-0.0154,-0.01556,-0.01545,-0.01504,-0.01439,-0.01352,-0.0125,-0.01139,-0.00987,-0.00879,-0.00783,-0.00706,-0.00654,-0.00603,-0.00598,-0.00622,-0.00673,-0.00683,-0.00755,-0.00837,-0.00825,-0.00888,-0.00938,-0.00875,-0.00888,-0.0081,-0.00796,-0.00728,-0.00704,-0.00675,-0.00647,-0.00628,-0.00622,-0.00589,-0.00584,-0.00497,-0.00342,-0.00316,-0.00078,0.00211,0.00249,0.00559,0.0086,0.0113,0.01351,0.0127,0.01394,0.01465,0.01491,0.01481,0.01442,0.0138,0.01298,0.015,0.01393,0.01273,0.01151,0.01036,0.0123,0.01141,0.0108,0.01311,0.01291,0.01543,0.01548,0.01561,0.01791,0.01778,0.01967,0.01918,0.02068,0.01994,0.02124,0.02252,0.02158,0.02277,0.02151,0.02246,0.02329,0.02102,0.02141,0.02166,0.01817,0.01811,0.01805,0.01804,0.01812,0.01406,0.01438,0.01489,0.01557,0.01642,0.01739,0.01408,0.01523,0.0164,0.01752,0.01857,0.01951,0.02029,0.02088,0.02125,0.02137,0.02122,0.02079,0.02009,0.01913,0.01796,0.0166,0.01511,0.01352,0.01188,0.01233,0.01067,0.00902,0.00739,0.00581,0.00428,0.00548,0.00411,0.00283,0.00163,0.00328,0.00213,0.00104,-1e-05,0.00129,0.00016,0.00113,-4e-05,-0.00109,-0.00045,-0.00141,-0.00094,-0.00183,-0.00263,-0.00248,-0.00337,-0.00349,-0.00368,-0.00476,-0.00488,-0.00587,-0.00563,-0.00503,-0.00567,-0.00466,-0.00354,-0.00253,-0.00323,-0.00282,-0.00295,-0.00364,-0.00482,-0.00629,-0.00781,-0.00914,-0.01009,-0.01055,-0.0105,-0.01003,-0.00928,-0.00804,-0.00721,-0.0065,-0.00602,-0.00496,-0.00495,-0.00526,-0.00463,-0.00542,-0.00507,-0.00613,-0.00596,-0.007,-0.00683,-0.00758,-0.00725,-0.00758,-0.00706,-0.00705,-0.00644,-0.00582,-0.00559,-0.00498,-0.00441,-0.00396,-0.00338,-0.00284,-0.00233,-0.00162,-0.00118,-0.00084,-0.0006,-0.0001,-7e-05,-0.00014,-0.00029,-0.00051,-0.00079,-0.00111,-0.00145,-0.00182,-0.00178,-0.00214,-0.0025,-0.00282,-0.00307,-0.00324,-0.00328,-0.00316,-0.00351,-0.00305,-0.00241,-0.00161,-0.00067,0.00035,0.00141,0.00247,0.0035,0.00327,0.00408,0.00477,0.00535,0.00429,0.0046,0.0048,0.0049,0.00329,0.00328,0.00326,0.00174,0.00188,0.00211,0.00124,0.00181,0.00152,0.00244,0.0027,0.00387,0.00454,0.00584,0.00674,0.00805,0.00895,0.01015,0.01078,0.01103,0.01188,0.01147,0.01054,0.00919,0.00952,0.00783,0.00612,0.0046,0.00345,0.0028,0.00269,0.00313,0.00403,0.0053,0.0068,0.0084,0.00999,0.01147,0.00995,0.01122,0.01226,0.01302,0.0114,0.01179,0.01009,0.01012,0.00994,0.00815,0.00806,0.00641,0.00681,0.00547,0.00664,0.00566,0.00751,0.00675,0.00591,0.00807,0.00706,0.00892,0.00755,0.00597,0.00424,0.00531,0.00348,0.00173,0.00265,0.00123,8e-05,-0.00078,-0.00136,0.00037,0.00023,0.00026,0.00043,0.0007,0.00102,0.00136,0.00171,0.00205,0.00462,0.00496,0.00524,0.00544,0.00556,0.00557,0.00548,0.00529,0.00224,0.00189,0.00149,0.0011,0.00075,0.00049,0.00039,0.00048,0.0008,-0.00119,-0.0004,0.0006,0.0018,0.00315,0.00201,0.00351,0.00506,0.00665,0.00576,0.0074,0.00906,0.00839,0.01009,0.01176,0.0111,0.01264,0.01167,0.0129,0.01136,0.01218,0.01001,0.0105,0.00791,0.00833,0.00577,0.00643,0.00436,0.00279,0.0042,0.00339,0.00293,0.0048,0.00442,0.00388,0.00306,0.00199,0.00081,0.00174,0.00068,7e-05,1e-05,0.00047,-4e-05,0.00094,0.00192,0.00271,0.00324,0.00351,0.00239,0.00235,0.00242,0.00112,0.00151,0.00219,0.00115,0.00207,0.00104,0.00186,0.00066,0.00117,-0.00019,8e-05,-0.00122,-0.0009,-0.00188,-0.00125,-0.00177,-0.00208,-0.00093,-0.0009,-0.00077,0.00043,0.00062,0.0008,0.00095,0.00159,0.00156,0.00145,0.00125,0.00095,0.00051,-7e-05,-0.00078
129.375 -179.51594,-178.78018,-177.91445,-177.18287,-176.44923,-175.71378,-174.97675,-174.23839,-173.49894,-172.75864,-172.01774,-171.27649,-170.53513,-169.79394,-169.06659,-168.31683,-167.568,-166.82037,-166.07419,-165.32972,-164.5872,-163.84687,-163.04483,-162.30022,-161.55865,-160.82034,-160.08554,-159.24139,-158.5052,-157.77332,-156.90255,-156.17112,-155.44472,-154.55009,-153.82602,-153.10777,-152.19228,-151.47823,-150.54616,-149.83763,-149.13611,-148.18879,-147.49459,-146.53461,-145.849,-144.87803,-143.89543,-143.22201,-142.23112,-141.56956,-140.57223,-139.56579,-138.92176,-137.91185,-136.89453,-135.87041,-135.25339,-134.23005,-133.20179,-132.16933,-131.13338,-130.09468,-129.05399,-128.01207,-126.96969,-125.92762,-124.88665,-123.84754,-122.81105,-122.26934,-121.22806,-120.19136,-119.15998,-118.58568,-117.55377,-116.52912,-115.93299,-114.91094,-114.3004,-113.28291,-112.27565,-111.64796,-110.64831,-110.00912,-109.01899,-108.36947,-107.3907,-106.73209,-106.06592,-105.10005,-104.42651,-103.74595,-102.79677,-102.11069,-101.17965,-100.48942,-99.79334,-99.09158,-98.18662,-97.48321,-96.7749,-96.06188,-95.18892,-94.47679,-93.76079,-93.04113,-92.31806,-91.59181,-90.77019,-90.04858,-89.32468,-88.59874,-87.87102,-87.14179,-86.41132,-85.67988,-84.94775,-84.21521,-83.48253,-82.74999,-82.01787,-81.28645,-80.55599,-79.82678,-79.09907,-78.37315,-77.64927,-76.92768,-76.20865,-75.36545,-74.64245,-73.92287,-73.20693,-72.49488,-71.78692,-70.89468,-70.1865,-69.48322,-68.78504,-67.86248,-67.16661,-66.47657,-65.53147,-64.84567,-64.16637,-63.20228,-62.52909,-61.86301,-60.88364,-60.22545,-59.23304,-58.58403,-57.58042,-56.94183,-55.92889,-55.30189,-54.28152,-53.66721,-52.64137,-52.04075,-51.01138,-49.97422,-49.39437,-48.35678,-47.31332,-46.75689,-45.71608,-44.67134,-43.62343,-42.5731,-42.06036,-41.018,-39.97515,-38.93259,-37.89105,-36.85128,-35.81402,-34.78001,-33.74994,-33.13894,-32.10666,-31.08021,-30.06025,-29.42072,-28.40277,-27.39305,-26.39212,-25.73004,-24.73514,-24.06125,-23.07422,-22.09847,-21.4123,-20.44709,-19.75233,-18.79935,-18.09724,-17.15802,-16.44981,-15.73516,-14.81282,-14.09387,-13.1889,-12.46694,-11.73972,-10.85682,-10.12839,-9.39545,-8.65821,-7.80504,-7.06894,-6.32931,-5.58639,-4.76766,-4.02818,-3.28619,-2.54196,-1.79571,-1.04768,-0.28289,0.45849,1.20087,1.944,2.68763,3.43151,4.17541,4.91907,5.66226,6.40472,7.14621,7.8865,8.62535,9.3625,10.09774,10.83083,11.56159,12.28977,13.16687,13.89784,14.62549,15.34962,16.07002,16.78649,17.70476,18.42079,19.13222,19.83891,20.54069,21.48666,22.18533,22.87848,23.84226,24.53068,25.21305,26.19155,26.86762,27.53715,28.52721,29.18902,30.18932,30.84231,31.8512,32.4944,33.51036,34.14282,35.16431,35.78517,36.81056,37.41896,38.4466,39.4805,40.07011,41.10382,42.14226,43.18479,43.74656,44.78537,45.82678,46.87011,47.91472,48.96003,49.47304,50.50948,51.54509,52.57928,53.13601,54.17554,55.21211,56.24513,57.27398,58.2981,58.8965,59.92075,60.93886,61.95029,62.57144,63.57963,64.57978,65.21597,66.2106,66.85701,67.84463,68.50037,69.47956,70.14369,71.11302,71.78459,72.74274,73.42074,74.36643,75.04986,75.73894,76.66973,77.36283,78.06105,78.97426,79.67506,80.38045,81.27355,81.98005,82.69056,83.40491,84.2714,84.98497,85.70176,86.4216,87.14431,87.86971,88.69433,89.41616,90.14004,90.86577,91.59314,92.32198,93.05206,93.7832,94.51518,95.24781,95.98086,96.71414,97.44744,98.18054,98.91325,99.64534,100.37663,101.10689,101.83593,102.56354,103.28952,104.01369,104.82928,105.55755,106.28333,107.00646,107.72672,108.44395,109.30323,110.02175,110.73662,111.44767,112.33481,113.04522,113.7512,114.65939,115.36326,116.06211,116.9889,117.68416,118.37389,119.31658,120.00127,120.95709,121.6357,122.60332,123.27479,124.2529,124.9163,125.90352,126.55781,127.55261,128.19686,129.19779,130.20718,130.83671,131.84985,132.87005,133.48244,134.50391,135.53092,136.56291,137.59935,138.63964,139.21265,140.24882,141.28731,142.32744,143.36859,144.4101,144.92819,145.97804,147.02669,148.07352,149.11793,150.15925,150.72544,151.76971,152.80921,153.39676,154.43656,155.47,156.07672,157.10791,157.72734,158.75459,159.38581,160.40759,161.04973,162.06424,162.7163,163.72188,164.38288,165.37801,166.04681,166.72221,167.70535,168.38703,169.07481,170.04271,170.73519,171.43321,172.13663,173.08372,173.78966,174.50034,175.21562,176.13656,176.85212,177.57155,178.29467,179.02127,179.75114 -0.00375,-0.00486,-0.00723,-0.00858,-0.01001,-0.01148,-0.01296,-0.01439,-0.01572,-0.01691,-0.01791,-0.01867,-0.01919,-0.01942,-0.01819,-0.01784,-0.01724,-0.01644,-0.01549,-0.01445,-0.01339,-0.0124,-0.01018,-0.00954,-0.0092,-0.00918,-0.00951,-0.00883,-0.00975,-0.0109,-0.01078,-0.01203,-0.01322,-0.01269,-0.01342,-0.01387,-0.01244,-0.01225,-0.01049,-0.00986,-0.00909,-0.00754,-0.00684,-0.00604,-0.00569,-0.00566,-0.00595,-0.00614,-0.00649,-0.00684,-0.00672,-0.00594,-0.00611,-0.00445,-0.00221,0.00033,0.0002,0.00253,0.00447,0.00586,0.00664,0.00685,0.00661,0.00604,0.00526,0.00435,0.00338,0.00241,0.00144,0.00324,0.00225,0.00134,0.00057,0.00231,0.0018,0.00159,0.00369,0.00392,0.00626,0.00675,0.00724,0.0095,0.00965,0.01159,0.01124,0.01285,0.01208,0.01345,0.01473,0.01352,0.01459,0.01555,0.01357,0.01411,0.01122,0.01125,0.01112,0.01088,0.00667,0.00622,0.00583,0.00552,0.00117,0.00115,0.00135,0.00178,0.00244,0.00332,0.00034,0.00156,0.00289,0.00428,0.00567,0.00703,0.00832,0.00949,0.0105,0.01132,0.0119,0.01222,0.01227,0.01203,0.01153,0.01078,0.00984,0.00872,0.00747,0.00613,0.00471,0.00485,0.00324,0.00162,2e-05,-0.00153,-0.003,-0.00276,-0.00399,-0.00507,-0.006,-0.00496,-0.00567,-0.00628,-0.00506,-0.00564,-0.00616,-0.00515,-0.00566,-0.00607,-0.00527,-0.00563,-0.005,-0.00536,-0.005,-0.00551,-0.00553,-0.00628,-0.00666,-0.00757,-0.00804,-0.00893,-0.00917,-0.0091,-0.00962,-0.00905,-0.00821,-0.00844,-0.00754,-0.00682,-0.00651,-0.00668,-0.00765,-0.00853,-0.00973,-0.01103,-0.01223,-0.0131,-0.01354,-0.01351,-0.01308,-0.01245,-0.01169,-0.01091,-0.01025,-0.00946,-0.0091,-0.00897,-0.00906,-0.00851,-0.00886,-0.00844,-0.00898,-0.0095,-0.00931,-0.00978,-0.00963,-0.00989,-0.00967,-0.00963,-0.00926,-0.00882,-0.00841,-0.00784,-0.00722,-0.00657,-0.0059,-0.00506,-0.00435,-0.00364,-0.00293,-0.00199,-0.00137,-0.00081,-0.00035,0.00016,0.00038,0.00049,0.00049,0.00042,0.00028,0.00011,-0.0001,-0.00032,-0.00056,-0.00082,-0.00108,-0.00135,-0.00161,-0.00185,-0.00204,-0.00215,-0.00215,-0.00201,-0.0017,-0.00121,-0.00054,0.0003,0.00129,0.00213,0.00329,0.00447,0.00562,0.0067,0.00767,0.00794,0.00863,0.00918,0.00959,0.00985,0.009,0.00898,0.00885,0.00748,0.00724,0.00701,0.00575,0.00574,0.00587,0.00528,0.00579,0.00569,0.00652,0.00679,0.00779,0.00831,0.00936,0.01006,0.01111,0.01195,0.01295,0.01379,0.01449,0.01531,0.01559,0.01541,0.01474,0.01511,0.01392,0.0125,0.01108,0.00991,0.0092,0.0103,0.0106,0.0116,0.01318,0.01271,0.01475,0.01684,0.01878,0.02039,0.02159,0.02045,0.02108,0.02133,0.02123,0.01976,0.01939,0.01884,0.01734,0.01679,0.01536,0.01509,0.01388,0.01418,0.01332,0.01435,0.01388,0.01553,0.01531,0.01722,0.01703,0.01671,0.01836,0.01768,0.01673,0.01756,0.01611,0.01444,0.01456,0.01273,0.01093,0.00925,0.00972,0.00853,0.00759,0.00693,0.00651,0.00633,0.00852,0.00873,0.00908,0.00955,0.0101,0.01072,0.01138,0.01204,0.01267,0.01324,0.01373,0.01409,0.01432,0.0144,0.01434,0.01413,0.01381,0.01342,0.01298,0.01258,0.01227,0.01211,0.00907,0.00941,0.01001,0.01088,0.01199,0.01328,0.0117,0.0132,0.01472,0.0162,0.0148,0.01621,0.01752,0.01633,0.01766,0.01893,0.01821,0.01957,0.0209,0.02043,0.02174,0.02102,0.02216,0.02089,0.02177,0.01987,0.02057,0.01827,0.019,0.0167,0.01769,0.01577,0.0142,0.01585,0.01494,0.01431,0.01644,0.01594,0.01526,0.01425,0.01286,0.01119,0.01261,0.01081,0.0093,0.00831,0.00792,0.00813,0.0066,0.00747,0.00846,0.00937,0.01007,0.01048,0.00908,0.0092,0.0092,0.00799,0.00821,0.00857,0.00789,0.00858,0.008,0.0087,0.00792,0.00829,0.00715,0.0071,0.00571,0.00545,0.00412,0.00396,0.00296,0.00218,0.00249,0.00209,0.00184,0.00227,0.00216,0.0021,0.00206,0.00201,0.00184,0.00163,0.00138,0.00051,3e-05,-0.00053,-0.00117,-0.00192,-0.00278
135.0 -179.65434,-178.95556,-178.25437,-177.55098,-176.84557,-176.13837,-175.42958,-174.71941,-174.00808,-173.29581,-172.58282,-171.86932,-171.15555,-170.44174,-169.72809,-169.01483,-168.30221,-167.59044,-166.87975,-166.14721,-165.43051,-164.71559,-164.00268,-163.29199,-162.58372,-161.80124,-161.08993,-160.38178,-159.67698,-158.86245,-158.15666,-157.45496,-156.75751,-155.91518,-155.21888,-154.5275,-153.66448,-152.97584,-152.0965,-151.41177,-150.73308,-149.83765,-149.1645,-148.25596,-147.58952,-146.66924,-146.01064,-145.08009,-144.43044,-143.49114,-142.5419,-141.90502,-140.94952,-139.98542,-139.36425,-138.39649,-137.42161,-136.81897,-135.84312,-134.86175,-133.87543,-132.88479,-131.89046,-131.33025,-130.34085,-129.34948,-128.3568,-127.36347,-126.88656,-125.88409,-124.88265,-123.88293,-122.88562,-121.89137,-121.36336,-120.36567,-119.37279,-118.38537,-117.82844,-116.84137,-115.86142,-115.28509,-114.30826,-113.71905,-112.74704,-111.78475,-111.18042,-110.22562,-109.61102,-108.98889,-108.04156,-107.41054,-106.47474,-105.83595,-104.91325,-104.26787,-103.61612,-102.70893,-102.05219,-101.38962,-100.50117,-99.8353,-99.16423,-98.29755,-97.62489,-96.9477,-96.26615,-95.58042,-94.74759,-94.06304,-93.37505,-92.68383,-91.98958,-91.29253,-90.50785,-89.81528,-89.12067,-88.42425,-87.72626,-87.02693,-86.3265,-85.62521,-84.9233,-84.22103,-83.51862,-82.81633,-82.1144,-81.41308,-80.71261,-80.01322,-79.31516,-78.61866,-77.92396,-77.23127,-76.54084,-75.73601,-75.04166,-74.35032,-73.66221,-72.97752,-72.29645,-71.44535,-70.76366,-70.08633,-69.41351,-68.53339,-67.86222,-67.19622,-66.53555,-65.63168,-64.97484,-64.32392,-63.40247,-62.75703,-62.11803,-61.18227,-60.55032,-59.60228,-58.9785,-58.01979,-57.4053,-56.43755,-55.83338,-54.85827,-54.26541,-53.28462,-52.70397,-51.71922,-50.72686,-50.16462,-49.17106,-48.62324,-47.63014,-46.63214,-45.6299,-45.11144,-44.11339,-43.11281,-42.11038,-41.10676,-40.10263,-39.09866,-38.09553,-37.09391,-36.09446,-35.09784,-34.10468,-33.1156,-32.13122,-31.53289,-30.54817,-29.56976,-28.5982,-27.97588,-27.00767,-26.04778,-25.40977,-24.45581,-23.51147,-22.86061,-21.92464,-21.26485,-20.33876,-19.67113,-18.75642,-18.08205,-17.18004,-16.50005,-15.61204,-14.92757,-14.23757,-13.36699,-12.67411,-11.97633,-11.12587,-10.42679,-9.72344,-8.89558,-8.19254,-7.48593,-6.77593,-5.97814,-5.2705,-4.56017,-3.84736,-3.1323,-2.3749,-1.66461,-0.95275,-0.23953,0.47483,1.19011,1.90609,2.62255,3.33927,4.05604,4.77262,5.4888,6.20436,6.91908,7.63275,8.34515,9.05607,9.7653,10.47264,11.1779,11.88089,12.5814,13.27924,13.97424,14.66622,15.52744,16.22036,16.90962,17.5951,18.27662,19.16761,19.84772,20.52328,21.19417,22.10621,22.77379,23.4362,24.36396,25.02169,25.67376,26.61445,27.26045,27.90038,28.85121,29.48382,30.44371,31.06809,32.03571,32.65099,33.62497,34.23036,35.20932,35.804,36.78644,37.36963,38.3542,39.34465,39.91072,40.90107,41.89587,42.44285,43.43532,44.43086,45.42892,46.42898,47.4305,47.93487,48.92949,49.92419,50.91845,51.91171,52.90346,53.89314,54.43618,55.4297,56.41983,57.40606,58.38794,59.36495,59.94416,60.92039,61.89047,62.48568,63.45289,64.41276,65.0219,65.97678,66.59544,67.54407,68.17147,69.1126,69.7479,70.68027,71.32264,72.24507,72.89363,73.80497,74.45884,75.35798,76.01626,76.67951,77.56395,78.23037,78.9013,79.76876,80.44158,81.11842,81.79916,82.64418,83.32513,84.00946,84.697,85.38761,86.20198,86.89073,87.582,88.27561,88.9714,89.6692,90.4417,91.13523,91.8302,92.52643,93.22376,93.922,94.62097,95.3205,96.02041,96.72051,97.42063,98.12057,98.82017,99.51924,100.21759,100.91506,101.61146,102.30662,103.0702,103.77009,104.46816,105.16425,105.85817,106.54976,107.23886,108.05063,108.74164,109.4296,110.11435,110.95332,111.6383,112.31951,112.99682,113.85932,114.53517,115.20663,116.08698,116.75567,117.41944,118.31532,118.97504,119.88368,120.53842,121.45875,122.10761,122.75049,123.68057,124.31637,125.25518,126.20343,126.82925,127.78426,128.40079,129.3613,130.32945,130.93228,131.90375,132.88166,133.46865,134.44776,135.43205,136.421,137.41411,137.97156,138.96189,139.95498,140.9503,141.94733,142.94555,143.9444,144.9433,145.44431,146.45047,147.45521,148.458,149.45828,149.9964,151.00009,151.99982,152.99512,153.55909,154.55458,155.54413,156.12556,157.11293,157.70598,158.6898,159.29376,160.27249,160.8865,161.85869,162.48191,163.44625,164.07776,165.03275,165.67163,166.31663,167.26117,167.91222,168.56896,169.50008,170.16147,170.82806,171.49975,172.41274,173.08722,173.76623,174.44963,175.33955,176.02377,176.71177,177.40339,178.09845,178.79678,179.64947 -0.00687,-0.00809,-0.00938,-0.01073,-0.01213,-0.01357,-0.01501,-0.01643,-0.0178,-0.01906,-0.02019,-0.02115,-0.02191,-0.02246,-0.02276,-0.02284,-0.02268,-0.02232,-0.02177,-0.01973,-0.01889,-0.01801,-0.01715,-0.0164,-0.0158,-0.01382,-0.01375,-0.01399,-0.01452,-0.01398,-0.01511,-0.01635,-0.01764,-0.01766,-0.01875,-0.01958,-0.01871,-0.01885,-0.01705,-0.01649,-0.01567,-0.01305,-0.01199,-0.00954,-0.00869,-0.00699,-0.00669,-0.00603,-0.00638,-0.00663,-0.00726,-0.0083,-0.00906,-0.0095,-0.01053,-0.01017,-0.00912,-0.00975,-0.00799,-0.00597,-0.00401,-0.00242,-0.00137,-0.00303,-0.00298,-0.00348,-0.00438,-0.00553,-0.00383,-0.00499,-0.00606,-0.00699,-0.00773,-0.00831,-0.0064,-0.0069,-0.00731,-0.00763,-0.00592,-0.00605,-0.00595,-0.004,-0.00357,-0.00141,-0.00089,-0.00053,0.00153,0.00141,0.00324,0.00499,0.00413,0.00566,0.00438,0.00574,0.00407,0.00519,0.00614,0.00368,0.00415,0.00437,0.00083,0.00055,0.00011,-0.0041,-0.00475,-0.00539,-0.00597,-0.00642,-0.01023,-0.01029,-0.01009,-0.00964,-0.00894,-0.00801,-0.00999,-0.00871,-0.00735,-0.00595,-0.00456,-0.00321,-0.00194,-0.00078,0.00025,0.00113,0.00184,0.00236,0.00268,0.00281,0.00274,0.0025,0.00211,0.00159,0.00095,0.00021,-0.00063,7e-05,-0.00115,-0.00244,-0.00378,-0.00515,-0.00653,-0.00685,-0.00811,-0.00923,-0.01019,-0.00976,-0.01037,-0.01084,-0.01117,-0.0101,-0.01029,-0.01039,-0.00932,-0.00937,-0.00937,-0.00844,-0.00845,-0.0077,-0.00783,-0.00739,-0.00777,-0.00774,-0.00844,-0.00879,-0.00969,-0.01019,-0.01109,-0.01144,-0.01159,-0.01211,-0.01183,-0.01207,-0.01141,-0.01061,-0.00982,-0.00991,-0.00939,-0.0092,-0.00942,-0.01001,-0.01084,-0.01179,-0.01265,-0.01327,-0.01356,-0.01349,-0.01314,-0.01263,-0.01209,-0.01183,-0.01139,-0.01114,-0.01108,-0.01083,-0.01094,-0.01111,-0.01087,-0.01105,-0.01117,-0.01094,-0.01098,-0.0108,-0.01074,-0.01057,-0.01037,-0.01018,-0.00979,-0.00951,-0.00892,-0.0085,-0.00802,-0.00715,-0.00654,-0.00589,-0.00482,-0.00412,-0.00342,-0.00235,-0.00172,-0.00114,-0.00065,-2e-05,0.00024,0.00042,0.00051,0.00051,0.0005,0.00038,0.00023,5e-05,-0.00013,-0.00032,-0.00052,-0.00072,-0.00093,-0.00114,-0.00133,-0.00151,-0.00164,-0.0017,-0.00168,-0.00153,-0.00123,-0.00077,-0.00014,0.00066,0.0016,0.00265,0.00376,0.00489,0.00599,0.00711,0.00808,0.00893,0.00967,0.01029,0.01083,0.01119,0.01144,0.01157,0.0112,0.01105,0.01082,0.00984,0.00957,0.00937,0.0085,0.00862,0.00893,0.00869,0.00937,0.00947,0.01035,0.01059,0.01147,0.01173,0.01253,0.01286,0.01359,0.01412,0.01485,0.0156,0.01643,0.01722,0.01797,0.01846,0.01913,0.01916,0.01876,0.018,0.01702,0.01604,0.01672,0.01621,0.01623,0.01687,0.01812,0.01984,0.02182,0.02197,0.02394,0.02558,0.02677,0.02744,0.02763,0.02688,0.02656,0.02601,0.0249,0.02418,0.02347,0.02224,0.02166,0.02048,0.02021,0.01923,0.01949,0.01885,0.01969,0.01941,0.02071,0.0207,0.02216,0.02224,0.02352,0.02349,0.02336,0.02404,0.02356,0.02285,0.02276,0.02165,0.02036,0.01893,0.01864,0.01735,0.01616,0.01512,0.01428,0.01563,0.01533,0.0152,0.01523,0.0154,0.0157,0.01844,0.01893,0.01951,0.02017,0.02091,0.02168,0.02248,0.02325,0.02397,0.02459,0.02508,0.02544,0.02562,0.02565,0.02553,0.02529,0.02496,0.02461,0.02154,0.02132,0.02128,0.02146,0.02189,0.02255,0.02341,0.02189,0.02311,0.02437,0.02556,0.02432,0.02536,0.02621,0.02684,0.02538,0.02588,0.02627,0.02522,0.02581,0.02646,0.02622,0.0272,0.02731,0.02849,0.02852,0.02969,0.03083,0.03025,0.03121,0.02999,0.02839,0.02921,0.02749,0.02845,0.02694,0.02565,0.0271,0.02634,0.02586,0.02771,0.02747,0.02712,0.02649,0.02547,0.027,0.02545,0.02368,0.02195,0.0205,0.01956,0.01921,0.01939,0.01735,0.01805,0.01877,0.01923,0.01927,0.0173,0.01678,0.01585,0.01468,0.01316,0.0123,0.01169,0.01122,0.01131,0.01131,0.01179,0.01182,0.0122,0.01185,0.01179,0.01094,0.01045,0.00928,0.00868,0.00753,0.00644,0.00619,0.00536,0.00464,0.00466,0.00406,0.00352,0.00303,0.00278,0.00221,0.00165,0.00109,0.00025,-0.00049,-0.00126,-0.00208,-0.00294,-0.00387,-0.0057
140.625 -179.91808,-179.24523,-178.57008,-177.8928,-177.21357,-176.53256,-175.84997,-175.166,-174.40546,-173.72728,-173.04833,-172.42009,-171.73208,-171.04385,-170.35561,-169.66756,-168.97992,-168.29291,-167.60668,-166.92143,-166.23739,-165.55474,-164.83529,-164.14789,-163.46253,-162.77941,-162.09875,-161.42067,-160.65746,-159.97727,-159.30032,-158.6268,-157.83557,-157.1618,-156.49208,-155.67976,-155.01128,-154.34743,-153.5162,-152.85501,-152.00883,-151.35129,-150.69934,-149.83839,-149.19161,-148.31857,-147.67795,-146.79402,-146.16057,-145.26704,-144.64175,-143.73998,-143.12382,-142.21522,-141.29812,-140.69511,-139.7734,-138.84442,-138.25702,-137.32578,-136.38862,-135.44604,-134.49855,-133.94065,-132.99514,-132.04624,-131.09447,-130.14042,-129.18467,-128.22781,-127.27042,-126.31313,-125.35652,-124.40119,-123.91614,-122.95518,-121.99705,-121.04232,-120.09158,-119.57055,-118.61842,-117.67179,-117.13132,-116.18572,-115.24711,-114.68941,-113.75426,-113.18504,-112.25487,-111.67494,-110.75126,-110.16149,-109.2458,-108.64712,-107.7409,-107.13426,-106.23891,-105.62531,-104.7422,-104.12266,-103.49729,-102.62863,-101.99877,-101.36358,-100.51219,-99.87398,-99.23099,-98.58334,-97.75502,-97.10631,-96.45355,-95.7969,-94.99621,-94.34049,-93.68153,-93.0195,-92.35459,-91.687,-90.92982,-90.26605,-89.60028,-88.93269,-88.2635,-87.5929,-86.92111,-86.24834,-85.57481,-84.90072,-84.2263,-83.55175,-82.8773,-82.20317,-81.52956,-80.85669,-80.18479,-79.51405,-78.84468,-78.17691,-77.51091,-76.8469,-76.18507,-75.40945,-74.74426,-74.08193,-73.42264,-72.76656,-72.11387,-71.2963,-70.64316,-69.99404,-69.34909,-68.50503,-67.86162,-67.22297,-66.5892,-65.72331,-65.093,-64.46808,-63.58585,-62.96586,-62.07006,-61.45605,-60.84825,-59.94101,-59.34054,-58.42311,-57.83093,-56.90477,-56.32181,-55.3884,-54.81554,-53.87638,-53.31446,-52.37104,-51.8208,-50.87462,-49.92195,-49.38934,-48.43635,-47.47834,-46.9654,-46.00943,-45.04994,-44.08752,-43.12276,-42.64616,-41.68761,-40.72823,-39.76862,-38.80936,-37.851,-36.89415,-35.9394,-34.9873,-34.03842,-33.47872,-32.52768,-31.58132,-30.64015,-29.70464,-29.11553,-28.18204,-27.25557,-26.65086,-25.72872,-24.81485,-24.19701,-23.28965,-22.66266,-21.7632,-21.12804,-20.23785,-19.59551,-18.71588,-18.06734,-17.19949,-16.54573,-15.69076,-15.03281,-14.19182,-13.5307,-12.86483,-12.04141,-11.37378,-10.70197,-9.89833,-9.22612,-8.55032,-7.8711,-7.09378,-6.41602,-5.73546,-5.05227,-4.36665,-3.62481,-2.94282,-2.25901,-1.57356,-0.88667,-0.19853,0.49066,1.17806,1.86073,2.54388,3.22729,3.91077,4.59414,5.2772,5.95975,6.64162,7.32261,8.00254,8.68122,9.35848,10.03413,10.708,11.37993,12.17787,12.85273,13.52505,14.19467,14.86142,15.52515,16.18572,17.02453,17.6851,18.34197,18.99501,19.64409,20.50777,21.15474,21.79726,22.67724,23.31641,23.9507,24.58002,25.47428,26.09867,27.00401,27.62259,28.23552,29.14977,29.75579,30.67821,31.27652,32.20591,32.79577,33.73095,34.31161,35.25123,35.82196,36.76481,37.32503,38.26995,39.22029,39.76479,40.71515,41.66972,42.19675,43.14935,44.10494,45.06304,46.02318,46.51829,47.47316,48.42884,49.38486,50.34073,51.29595,52.25012,53.2027,54.15326,55.10134,55.63044,56.58117,57.52824,58.47121,59.40965,59.96609,60.90376,61.83578,62.40703,63.33643,64.25912,64.84332,65.76157,66.35466,67.26733,68.17167,68.77454,69.67156,70.2814,71.17005,71.78609,72.40752,73.2868,73.91339,74.78174,75.41271,76.0484,76.90374,77.5427,78.18598,79.02623,79.67165,80.32097,81.14418,81.79449,82.44824,83.1053,83.90618,84.56276,85.22217,85.88428,86.54895,87.31986,87.98222,88.64664,89.31297,89.98107,90.65079,91.32196,91.99444,92.66806,93.38058,94.04874,94.71754,95.38683,96.05645,96.72624,97.39603,98.06568,98.73502,99.40389,100.10735,100.78208,101.45584,102.12847,102.79981,103.46971,104.13801,104.80456,105.46922,106.23298,106.90036,107.56532,108.22773,108.88744,109.68232,110.34292,111.00034,111.65445,112.47261,113.1261,113.7758,114.4216,115.25969,115.90339,116.75517,117.39591,118.03199,118.89753,119.52956,120.40653,121.03366,121.65544,122.54244,123.15825,124.05413,124.66321,125.56688,126.47916,127.07879,127.99716,128.58804,129.51127,130.44146,131.01959,131.95283,132.89198,133.45546,134.39564,135.34058,136.28986,137.24309,137.77932,138.73016,139.68366,140.63937,141.59677,142.55535,143.51468,144.47427,145.43364,145.91875,146.88443,147.84866,148.8109,149.77061,150.28943,151.25195,152.21068,153.1652,153.70764,154.66209,155.21625,156.16954,157.11659,157.68567,158.62934,159.20842,160.14752,160.73593,161.66914,162.2661,163.19207,163.79679,164.40745,165.32602,165.94336,166.85168,167.47479,168.10322,168.9998,169.6328,170.2707,171.15289,171.79408,172.43969,173.08963,173.95262,174.60415,175.25949,175.9185,176.58103,177.24695,178.0789,178.74383,179.41156 -0.00702,-0.0085,-0.00998,-0.01148,-0.01297,-0.01446,-0.01594,-0.01738,-0.01917,-0.02049,-0.02172,-0.0224,-0.02336,-0.02415,-0.02475,-0.02516,-0.02538,-0.0254,-0.02523,-0.02491,-0.02444,-0.02386,-0.02211,-0.02139,-0.02068,-0.02004,-0.0195,-0.0191,-0.01791,-0.01803,-0.01835,-0.01885,-0.01906,-0.01995,-0.02083,-0.02136,-0.02209,-0.0226,-0.02229,-0.02222,-0.02086,-0.02022,-0.01942,-0.01698,-0.01606,-0.01344,-0.0128,-0.01067,-0.01064,-0.0094,-0.01011,-0.00983,-0.01118,-0.01167,-0.01247,-0.01427,-0.01506,-0.01554,-0.01701,-0.0167,-0.01579,-0.0144,-0.01276,-0.01368,-0.01232,-0.01139,-0.01104,-0.0113,-0.01212,-0.01335,-0.01479,-0.01623,-0.0175,-0.01845,-0.01646,-0.0169,-0.01703,-0.01696,-0.01679,-0.01485,-0.01478,-0.01468,-0.01295,-0.01275,-0.01236,-0.01052,-0.00999,-0.00811,-0.00776,-0.00602,-0.00619,-0.00465,-0.00548,-0.00412,-0.00548,-0.00419,-0.00587,-0.00462,-0.00654,-0.00543,-0.00445,-0.00697,-0.00641,-0.00609,-0.00939,-0.00954,-0.00988,-0.01037,-0.01411,-0.0147,-0.01527,-0.01578,-0.01881,-0.01895,-0.01889,-0.01858,-0.01804,-0.01726,-0.01838,-0.01724,-0.01601,-0.01474,-0.0135,-0.01231,-0.01121,-0.01023,-0.00938,-0.00865,-0.00804,-0.00755,-0.00715,-0.00686,-0.00663,-0.00648,-0.00638,-0.00634,-0.00634,-0.0064,-0.00652,-0.00672,-0.00703,-0.00574,-0.00651,-0.00741,-0.00844,-0.00958,-0.01079,-0.01103,-0.01222,-0.01332,-0.01427,-0.01394,-0.01449,-0.01487,-0.0151,-0.01395,-0.01393,-0.01384,-0.01256,-0.01241,-0.01124,-0.01114,-0.01109,-0.01021,-0.0104,-0.00988,-0.01039,-0.01029,-0.01114,-0.01137,-0.01241,-0.01275,-0.01375,-0.01395,-0.01475,-0.01463,-0.01433,-0.01468,-0.01402,-0.01322,-0.01323,-0.01226,-0.01135,-0.01059,-0.01009,-0.01002,-0.00988,-0.01003,-0.01037,-0.01082,-0.01125,-0.01157,-0.01173,-0.01174,-0.01166,-0.01182,-0.01161,-0.01147,-0.01143,-0.0115,-0.01153,-0.01169,-0.01188,-0.01188,-0.012,-0.01203,-0.0119,-0.01176,-0.01155,-0.01124,-0.011,-0.01058,-0.01037,-0.00987,-0.00967,-0.00909,-0.00884,-0.00813,-0.00778,-0.00689,-0.0064,-0.00584,-0.00474,-0.00409,-0.00342,-0.00224,-0.0016,-0.00101,-0.00049,0.00047,0.00081,0.00104,0.00118,0.00123,0.00174,0.00162,0.00145,0.00123,0.00099,0.00073,0.00046,0.00059,0.00028,-1e-05,-0.00026,-0.00048,-0.00064,-0.00075,-0.00078,-0.00074,-0.00059,-0.00034,4e-05,0.00056,0.0012,0.00196,0.00281,0.00325,0.00423,0.00519,0.0061,0.00693,0.00766,0.0083,0.00901,0.00955,0.01003,0.01047,0.0109,0.01149,0.01178,0.01204,0.01204,0.01209,0.01215,0.01224,0.01164,0.01183,0.0113,0.01176,0.01235,0.01227,0.01303,0.01315,0.0139,0.014,0.01458,0.01458,0.015,0.01504,0.01543,0.01572,0.01626,0.01692,0.01778,0.01864,0.01966,0.0206,0.02156,0.02223,0.02256,0.02252,0.02216,0.02283,0.02228,0.02178,0.02152,0.02164,0.02222,0.0232,0.02447,0.02583,0.02711,0.02742,0.02843,0.02908,0.02938,0.02941,0.02915,0.02887,0.02853,0.02787,0.02748,0.02719,0.02628,0.02609,0.02511,0.02513,0.02537,0.02455,0.02512,0.02453,0.0254,0.02504,0.02479,0.02583,0.02568,0.02653,0.02636,0.02619,0.02657,0.02624,0.02584,0.02572,0.02509,0.02435,0.02399,0.0232,0.0224,0.02164,0.02212,0.02176,0.02154,0.02146,0.02147,0.02359,0.02385,0.02412,0.02438,0.02464,0.02491,0.0252,0.02554,0.02595,0.02787,0.02829,0.02877,0.0293,0.02985,0.0304,0.0309,0.03134,0.03169,0.03194,0.03106,0.03103,0.03093,0.03077,0.03062,0.03051,0.0305,0.03061,0.03088,0.02946,0.03006,0.03077,0.03155,0.03232,0.03147,0.03217,0.03271,0.03304,0.03186,0.0319,0.03178,0.03156,0.03025,0.03013,0.02926,0.02951,0.02993,0.03009,0.03096,0.03167,0.03283,0.03402,0.03486,0.03599,0.03636,0.0373,0.03703,0.03631,0.03703,0.03601,0.03676,0.03573,0.03477,0.03577,0.03512,0.0347,0.03594,0.03582,0.03575,0.03559,0.03516,0.03616,0.03525,0.03402,0.03262,0.03127,0.0302,0.02957,0.02941,0.02963,0.02816,0.0286,0.02879,0.02851,0.02756,0.02536,0.02352,0.02121,0.01866,0.01654,0.01439,0.01307,0.01186,0.01118,0.01121,0.01137,0.01185,0.01231,0.01273,0.01297,0.01296,0.01279,0.01231,0.01161,0.01116,0.01032,0.01009,0.0093,0.00849,0.00859,0.00781,0.00699,0.00708,0.00616,0.00522,0.00425,0.00401,0.00293,0.00182,0.00069,-0.00048,-0.00167,-0.00275,-0.00414,-0.00557
146.25 -179.51665,-178.74536,-178.09939,-177.4516,-176.80214,-176.15118,-175.49889,-174.84546,-174.19105,-173.53581,-172.87991,-172.22352,-171.5668,-170.90994,-170.25312,-169.59651,-168.94034,-168.28621,-167.62378,-166.96229,-166.30192,-165.64282,-164.98518,-164.32919,-163.67502,-162.96361,-162.30622,-161.65122,-160.99878,-160.25881,-159.60468,-158.95365,-158.30588,-157.54043,-156.89265,-156.24874,-155.46406,-154.82141,-154.18313,-153.38114,-152.74542,-152.11458,-151.29748,-150.67047,-149.84122,-149.21899,-148.37853,-147.76199,-146.91142,-146.30147,-145.44194,-144.83948,-143.97218,-143.37811,-142.50432,-141.62254,-141.04037,-140.15404,-139.26082,-138.69282,-137.79712,-136.89573,-135.98908,-135.44236,-134.53621,-133.62606,-132.7124,-131.79573,-130.87655,-129.95538,-129.03274,-128.10917,-127.18525,-126.26147,-125.33836,-124.41647,-123.49633,-122.57847,-122.09648,-121.17506,-120.25728,-119.34366,-118.83622,-117.92202,-117.01332,-116.48851,-115.58137,-114.68102,-114.14079,-113.24416,-112.69359,-111.80204,-111.24189,-110.35675,-109.78776,-108.91034,-108.33334,-107.46493,-106.88076,-106.02262,-105.43219,-104.83614,-103.98974,-103.38866,-102.78233,-101.95026,-101.3402,-100.72535,-99.9101,-99.29286,-98.67133,-97.87524,-97.25266,-96.62632,-95.99637,-95.36293,-94.59623,-93.96393,-93.32873,-92.6908,-92.0503,-91.4074,-90.68165,-90.04247,-89.40148,-88.75888,-88.11485,-87.46956,-86.82321,-86.17597,-85.52805,-84.87963,-84.23091,-83.58207,-82.93332,-82.28484,-81.63681,-80.98944,-80.34291,-79.6974,-79.05312,-78.41024,-77.76894,-77.1294,-76.4918,-75.74895,-75.10803,-74.46963,-73.83394,-73.2011,-72.57128,-71.78875,-71.15821,-70.53126,-69.90803,-69.28864,-68.47792,-67.85998,-67.24642,-66.41725,-65.80648,-65.20054,-64.35533,-63.75349,-63.15691,-62.29817,-61.70697,-61.12143,-60.25182,-59.67287,-58.79359,-58.22206,-57.33432,-56.77106,-55.87621,-55.32201,-54.42138,-53.87699,-52.97192,-52.43804,-51.52983,-50.61521,-50.09707,-49.18149,-48.26083,-47.76032,-46.84085,-45.91764,-44.99116,-44.51642,-43.59401,-42.66973,-41.7441,-40.81764,-39.8909,-38.9644,-38.03866,-37.1142,-36.19151,-35.27115,-34.35361,-33.43939,-32.52897,-31.62281,-31.06906,-30.16304,-29.2625,-28.36784,-27.79407,-26.90243,-26.01784,-25.43084,-24.55127,-23.95511,-23.0818,-22.21719,-21.61137,-20.75484,-20.1421,-19.29483,-18.67604,-17.83912,-17.21517,-16.58592,-15.76136,-15.12812,-14.31643,-13.68017,-13.03944,-12.24387,-11.6014,-10.95496,-10.17754,-9.53056,-8.88014,-8.12265,-7.47298,-6.82042,-6.16514,-5.43399,-4.78106,-4.12593,-3.46875,-2.80971,-2.149,-1.45852,-0.80241,-0.14517,0.51304,1.17203,1.83164,2.49173,3.15209,3.81254,4.47292,5.13305,5.79276,6.45188,7.11023,7.76765,8.424,9.07908,9.73274,10.38482,11.03517,11.68363,12.33005,12.97428,13.61618,14.40169,15.04504,15.68555,16.32309,16.95755,17.58879,18.40466,19.03511,19.66187,20.28483,21.11986,21.74053,22.35703,22.96923,23.81974,24.42822,25.03203,25.89422,26.49323,27.36545,27.95894,28.54719,29.4273,30.009,30.89651,31.47097,32.36487,32.93146,33.83054,34.38856,35.29173,35.84059,36.7468,37.286,38.19412,39.10732,39.63201,40.54529,41.46262,41.9713,42.88699,43.80558,44.72666,45.64981,46.12931,47.04786,47.96735,48.88736,49.80748,50.72735,51.64647,52.56442,53.48077,54.39516,55.30719,55.81721,56.73153,57.64235,58.54933,59.45214,59.98738,60.88947,61.78633,62.33531,63.22981,64.11818,64.67926,65.56361,66.44091,67.01233,67.88403,68.46272,69.32783,69.91313,70.7707,71.36195,72.21105,72.80757,73.4089,74.2484,74.85404,75.68286,76.29211,76.90558,77.7216,78.33768,78.95762,79.75902,80.38056,81.00555,81.63391,82.41623,83.04487,83.67645,84.31085,85.07116,85.70453,86.34028,86.9783,87.61845,88.26062,88.98712,89.62632,90.26708,90.90926,91.55273,92.19735,92.84298,93.48947,94.13669,94.7845,95.43275,96.08129,96.72999,97.37869,98.02726,98.67555,99.3234,99.97069,100.61727,101.26299,101.90771,102.5513,103.19361,103.8345,104.55404,105.19826,105.84061,106.48096,107.11918,107.75513,108.50964,109.14698,109.78162,110.41344,111.19078,111.82266,112.45127,113.07651,113.87377,114.49773,115.11792,115.93043,116.54831,117.16202,117.98797,118.59836,119.43545,120.04178,120.64331,121.49063,122.08713,122.94336,123.53412,124.3983,124.98259,125.85371,126.43089,127.30799,128.19241,128.75952,129.64828,130.54348,131.09867,131.9966,132.89992,133.44142,134.34572,135.25446,136.16725,137.08362,137.60005,138.51432,139.43117,140.35016,141.2708,142.19278,143.11563,144.03889,144.96203,145.88471,146.355,147.28323,148.20984,149.13434,150.05644,150.55753,151.48206,152.40291,152.9209,153.84234,154.75903,155.29248,156.20791,157.11741,157.6646,158.57104,159.12747,160.02978,160.59481,161.49172,162.06472,162.95513,163.5354,164.12117,165.00493,165.597,166.4715,167.06911,167.67166,168.53561,169.14261,169.75422,170.6053,171.22025,171.8394,172.46265,173.29683,173.92188,174.55059,175.18283,175.8185,176.6288,177.26439,177.90291,178.54422,179.18815,179.83457 -0.00692,-0.00863,-0.01035,-0.01202,-0.01363,-0.01519,-0.0167,-0.01816,-0.01957,-0.02093,-0.02222,-0.02344,-0.02455,-0.02553,-0.02636,-0.02702,-0.02748,-0.02724,-0.02724,-0.02706,-0.02671,-0.02621,-0.02559,-0.02488,-0.0241,-0.02272,-0.02197,-0.02127,-0.02065,-0.01986,-0.01962,-0.01954,-0.01958,-0.02006,-0.02047,-0.02092,-0.02191,-0.02237,-0.02274,-0.02324,-0.0233,-0.02325,-0.0226,-0.02227,-0.02075,-0.0203,-0.01833,-0.01817,-0.01632,-0.01673,-0.01544,-0.01648,-0.01586,-0.0174,-0.01739,-0.01772,-0.01957,-0.02016,-0.02074,-0.02227,-0.02243,-0.02219,-0.0215,-0.02224,-0.02117,-0.02006,-0.01914,-0.01863,-0.01866,-0.01926,-0.02038,-0.02186,-0.02349,-0.02503,-0.02627,-0.02705,-0.02731,-0.0271,-0.0251,-0.02455,-0.02392,-0.02334,-0.02154,-0.02114,-0.02072,-0.01899,-0.01842,-0.01769,-0.01592,-0.01525,-0.01368,-0.01348,-0.01227,-0.01283,-0.01197,-0.01323,-0.01256,-0.01423,-0.01355,-0.01535,-0.01455,-0.01365,-0.0156,-0.0148,-0.01406,-0.01647,-0.01609,-0.01585,-0.01878,-0.01887,-0.01908,-0.02204,-0.02234,-0.02265,-0.02295,-0.02318,-0.02522,-0.0251,-0.02481,-0.02433,-0.02366,-0.02281,-0.02326,-0.02217,-0.02104,-0.01991,-0.01885,-0.01789,-0.01707,-0.0164,-0.01588,-0.0155,-0.01523,-0.01504,-0.01491,-0.01479,-0.01468,-0.01454,-0.01436,-0.01414,-0.0139,-0.01364,-0.0134,-0.01321,-0.0131,-0.01119,-0.01147,-0.01193,-0.01258,-0.0134,-0.01437,-0.01421,-0.01538,-0.01651,-0.01755,-0.01845,-0.01801,-0.01851,-0.01881,-0.01769,-0.01767,-0.01754,-0.01612,-0.01592,-0.01574,-0.01442,-0.01437,-0.01444,-0.01347,-0.01384,-0.01326,-0.01397,-0.0138,-0.01481,-0.01494,-0.01609,-0.01628,-0.01736,-0.01739,-0.01825,-0.01798,-0.01755,-0.018,-0.01725,-0.01634,-0.01641,-0.01523,-0.01396,-0.0127,-0.01243,-0.01127,-0.01037,-0.00976,-0.00946,-0.0094,-0.00954,-0.00979,-0.01008,-0.01037,-0.01063,-0.01088,-0.0111,-0.01132,-0.01155,-0.01156,-0.01177,-0.01198,-0.01217,-0.01215,-0.01228,-0.01231,-0.01225,-0.01208,-0.01194,-0.01155,-0.01099,-0.01074,-0.01005,-0.00979,-0.00907,-0.00885,-0.00814,-0.00794,-0.00774,-0.00702,-0.00673,-0.00592,-0.00549,-0.00498,-0.00398,-0.00332,-0.00262,-0.00142,-0.00067,5e-05,0.00136,0.00199,0.00252,0.00291,0.00411,0.00428,0.00432,0.00424,0.00405,0.00377,0.00434,0.00388,0.00338,0.00287,0.00236,0.00189,0.00146,0.00111,0.00085,0.0007,0.00065,0.00072,0.0009,0.00121,0.00163,0.00216,0.00279,0.00352,0.0043,0.00512,0.00594,0.00671,0.00742,0.00803,0.00795,0.00843,0.00883,0.00917,0.00949,0.00982,0.01007,0.01053,0.01106,0.01166,0.01219,0.01283,0.01348,0.01414,0.01419,0.01473,0.01527,0.01489,0.01541,0.015,0.01556,0.01611,0.01586,0.01634,0.01615,0.01645,0.01622,0.01631,0.01609,0.01611,0.01609,0.01627,0.01668,0.0172,0.01811,0.01922,0.0203,0.02163,0.02292,0.02417,0.02523,0.02601,0.02648,0.02663,0.02745,0.02727,0.02697,0.02667,0.02647,0.02647,0.02667,0.02704,0.02749,0.02794,0.02833,0.02848,0.02883,0.02908,0.02926,0.02943,0.02959,0.02973,0.02993,0.02983,0.03003,0.03031,0.02993,0.03025,0.03067,0.0301,0.0306,0.02994,0.03054,0.02987,0.03057,0.02996,0.03068,0.03013,0.02963,0.03023,0.0297,0.03008,0.02949,0.02889,0.02895,0.02829,0.02763,0.02751,0.02685,0.02624,0.02568,0.02602,0.02577,0.02568,0.02573,0.02736,0.02781,0.02832,0.02885,0.02934,0.02976,0.03193,0.03211,0.03214,0.03207,0.03192,0.03173,0.03155,0.03142,0.03136,0.03137,0.03147,0.03164,0.03186,0.03212,0.0324,0.03268,0.03296,0.03322,0.03347,0.03372,0.03398,0.03427,0.03462,0.03503,0.03461,0.03503,0.03553,0.03607,0.03662,0.03716,0.03646,0.03691,0.03724,0.03744,0.0365,0.03646,0.03629,0.03599,0.03468,0.03427,0.03386,0.03263,0.03239,0.03224,0.03174,0.03198,0.03227,0.0329,0.03361,0.03479,0.03569,0.03707,0.03796,0.03913,0.03988,0.04061,0.04123,0.0415,0.04139,0.04196,0.04159,0.04105,0.04162,0.04105,0.04054,0.04111,0.04079,0.0406,0.04046,0.04026,0.04059,0.04005,0.03924,0.0382,0.03709,0.03605,0.03527,0.03486,0.03483,0.03506,0.03458,0.0348,0.03467,0.034,0.03264,0.03072,0.02829,0.02538,0.02274,0.01961,0.01667,0.01462,0.01256,0.01113,0.01056,0.01026,0.01049,0.01093,0.01154,0.01217,0.01267,0.01312,0.01326,0.01321,0.01326,0.01294,0.01295,0.01256,0.01211,0.01224,0.01179,0.01125,0.01135,0.01069,0.00991,0.00901,0.00882,0.00775,0.00657,0.00531,0.00397,0.00311,0.00155,-6e-05,-0.00175,-0.00347,-0.00519
151.875 -179.64859,-179.02656,-178.40264,-177.77696,-177.14967,-176.52092,-175.89084,-175.25958,-174.62736,-173.99427,-173.36047,-172.72611,-172.09134,-171.45633,-170.82123,-170.18619,-169.55137,-168.91701,-168.28321,-167.65012,-167.01791,-166.36549,-165.72844,-165.09277,-164.45862,-163.82612,-163.19552,-162.50323,-161.86987,-161.23886,-160.61035,-159.9845,-159.26213,-158.63529,-158.01161,-157.39121,-156.64652,-156.02666,-155.41057,-154.6489,-154.03447,-153.25942,-152.64746,-152.04008,-151.25116,-150.64749,-149.84734,-149.24812,-148.4376,-147.84364,-147.25523,-146.43583,-145.60754,-145.02653,-144.191,-143.61772,-142.77597,-142.21111,-141.36427,-140.5106,-139.95778,-139.10084,-138.23805,-137.3698,-136.83513,-135.96619,-135.09287,-134.21558,-133.33475,-132.82742,-131.94928,-131.06878,-130.18643,-129.30268,-128.41794,-127.5327,-126.64743,-125.76259,-124.87866,-124.43279,-123.54367,-122.65669,-121.77232,-120.89102,-120.41377,-119.5306,-118.65169,-118.15724,-117.27837,-116.40495,-115.89491,-115.0235,-114.15868,-113.63488,-112.77395,-112.24084,-111.385,-110.84323,-109.99367,-109.44395,-108.60184,-108.04492,-107.2114,-106.64804,-106.07924,-105.25518,-104.68099,-103.86821,-103.28947,-102.70594,-101.90651,-101.31958,-100.72825,-99.94437,-99.35081,-98.75329,-98.15191,-97.38848,-96.78644,-96.18103,-95.57238,-94.83296,-94.22521,-93.61473,-93.00164,-92.38611,-91.76828,-91.0661,-90.45147,-89.83508,-89.21708,-88.59763,-87.97689,-87.35503,-86.73221,-86.1086,-85.48438,-84.8597,-84.23474,-83.60967,-82.98467,-82.35991,-81.73555,-81.11176,-80.48873,-79.8666,-79.24554,-78.62573,-78.00731,-77.39047,-76.77535,-76.1621,-75.44442,-74.8283,-74.21458,-73.6034,-72.99491,-72.38925,-71.63534,-71.02911,-70.42623,-69.82679,-69.04962,-68.45117,-67.85664,-67.26612,-66.46928,-65.88132,-65.2978,-64.48605,-63.90625,-63.33128,-62.50681,-61.93666,-61.37169,-60.53688,-59.97782,-59.1338,-58.58143,-57.72933,-57.18439,-56.32528,-55.78847,-54.92361,-54.39563,-53.5262,-53.00768,-52.13488,-51.25578,-50.75136,-49.87075,-48.98503,-48.49645,-47.61121,-46.72206,-46.25084,-45.36404,-44.47451,-43.58271,-42.6891,-42.24957,-41.36155,-40.47296,-39.58425,-38.6959,-37.80838,-36.92209,-36.03755,-35.15517,-34.27537,-33.76019,-32.87828,-32.00016,-31.12624,-30.25691,-29.71582,-28.8477,-27.9852,-27.42999,-26.57053,-25.71775,-25.15046,-24.30254,-23.46221,-22.88492,-22.05115,-21.46662,-20.64037,-20.04944,-19.23184,-18.63529,-17.82731,-17.22595,-16.4285,-15.82313,-15.21302,-14.42834,-13.81535,-13.04334,-12.42827,-11.80931,-11.05329,-10.43339,-9.81006,-9.07166,-8.44842,-7.82224,-7.19327,-6.47815,-5.85078,-5.22111,-4.58927,-3.9554,-3.2711,-2.6405,-2.00838,-1.37489,-0.74019,-0.10443,0.53224,1.16966,1.80098,2.43258,3.06446,3.69647,4.32845,4.96026,5.59174,6.22274,6.85312,7.48273,8.11144,8.73909,9.36553,9.99061,10.61421,11.34383,11.97041,12.59503,13.21756,13.83788,14.45586,15.07137,15.68429,16.45451,17.06773,17.67794,18.28502,18.88887,19.68161,20.28408,20.88293,21.4781,22.28714,22.87963,23.46806,24.28952,24.87427,25.45462,26.28655,26.86233,27.43344,28.27388,28.83947,29.6876,30.247,31.10189,31.65455,32.51522,33.06047,33.92593,34.46321,35.33245,35.8613,36.7334,37.25326,38.12715,39.00579,39.5122,40.39112,41.27386,41.76558,42.64697,43.53115,44.41781,45.30659,45.77149,46.65616,47.54191,48.42838,49.31523,50.20202,51.08837,51.97388,52.85819,53.74096,54.62175,55.50024,56.37606,56.87279,57.7501,58.62381,59.49359,60.00899,60.87809,61.7424,62.27063,63.13279,63.98925,64.52881,65.38162,66.22798,66.77731,67.61863,68.17483,69.01021,69.5727,70.4013,70.9695,71.79045,72.36374,73.17623,73.75398,74.33607,75.13883,75.72453,76.51691,77.10557,77.69802,78.47785,79.07236,79.67034,80.27167,81.03519,81.63742,82.24265,82.85078,83.59526,84.2031,84.81345,85.42621,86.14914,86.76044,87.37375,87.98896,88.60596,89.22462,89.84482,90.53025,91.147,91.7649,92.38381,93.00362,93.62419,94.24541,94.86715,95.48927,96.11166,96.73418,97.3567,97.97909,98.60123,99.223,99.84425,100.46487,101.08473,101.7037,102.32165,103.00045,103.62216,104.24245,104.86121,105.4783,106.09361,106.70703,107.42449,108.03967,108.65255,109.26301,110.00273,110.6138,111.22206,111.82741,112.58687,113.1916,113.79305,114.39112,115.16765,115.76392,116.35645,117.14604,117.73584,118.53618,119.12262,119.70476,120.51539,121.09324,121.91267,122.48562,123.31309,123.88051,124.71511,125.27638,126.11727,126.67179,127.51808,128.37101,128.91593,129.77277,130.63549,131.16928,132.03445,132.9046,133.42562,134.29672,135.17193,136.05084,136.93313,137.43086,138.31135,139.19428,140.07919,140.96579,141.85373,142.74259,143.63191,144.52133,145.41058,146.29916,146.75573,147.64903,148.54067,149.43027,150.3174,150.80215,151.69121,152.57677,153.07706,153.96313,154.84465,155.35909,156.23937,156.76327,157.64131,158.51316,159.04885,159.91677,160.46048,161.32347,161.8746,162.7316,163.28949,163.85248,164.70367,165.27262,166.11538,166.6896,167.26845,168.10171,168.68487,169.27234,170.09409,170.68489,171.27966,171.87831,172.68494,173.28562,173.88975,174.49728,175.28528,175.89343,176.50456,177.11854,177.73528,178.35464,179.11355,179.7314 -0.00597,-0.00764,-0.00926,-0.01083,-0.01235,-0.01382,-0.01524,-0.01664,-0.018,-0.01934,-0.02067,-0.02199,-0.02328,-0.02453,-0.02571,-0.02676,-0.02764,-0.02833,-0.02878,-0.02897,-0.02891,-0.02826,-0.02774,-0.02705,-0.02622,-0.0253,-0.02431,-0.02309,-0.02215,-0.02125,-0.02042,-0.01968,-0.01919,-0.01878,-0.01852,-0.01839,-0.019,-0.01921,-0.01952,-0.02072,-0.02117,-0.02233,-0.02275,-0.02316,-0.02366,-0.02393,-0.02366,-0.0239,-0.02309,-0.02353,-0.02421,-0.02342,-0.0226,-0.02386,-0.02326,-0.02473,-0.02429,-0.02569,-0.02536,-0.02523,-0.02626,-0.02619,-0.0262,-0.02614,-0.02656,-0.02622,-0.02569,-0.02507,-0.02449,-0.02503,-0.02494,-0.02525,-0.02603,-0.02726,-0.02882,-0.03053,-0.03212,-0.03339,-0.03413,-0.03324,-0.03318,-0.03263,-0.03175,-0.03077,-0.02936,-0.02858,-0.02798,-0.02662,-0.02612,-0.02551,-0.0239,-0.02299,-0.02197,-0.02026,-0.01946,-0.0181,-0.018,-0.0172,-0.01796,-0.01765,-0.01907,-0.01899,-0.02069,-0.02061,-0.02041,-0.02208,-0.02174,-0.02343,-0.02308,-0.02271,-0.02472,-0.02451,-0.02435,-0.02667,-0.02665,-0.02667,-0.02671,-0.02888,-0.02887,-0.02886,-0.0288,-0.03022,-0.02993,-0.02954,-0.02905,-0.02842,-0.02767,-0.02797,-0.02703,-0.02603,-0.025,-0.024,-0.02306,-0.02222,-0.02151,-0.02095,-0.02055,-0.0203,-0.02016,-0.02012,-0.02013,-0.02015,-0.02017,-0.02014,-0.02006,-0.01992,-0.01973,-0.01949,-0.01924,-0.019,-0.01882,-0.01873,-0.01696,-0.01716,-0.01752,-0.01805,-0.01873,-0.01952,-0.01907,-0.02004,-0.02096,-0.02176,-0.02138,-0.02188,-0.02217,-0.02227,-0.0212,-0.02103,-0.0208,-0.01949,-0.01927,-0.01912,-0.01795,-0.01802,-0.01821,-0.01739,-0.01788,-0.01736,-0.01814,-0.01796,-0.01896,-0.01903,-0.0201,-0.02022,-0.02118,-0.02114,-0.02187,-0.02155,-0.02109,-0.02143,-0.02069,-0.0198,-0.01981,-0.01864,-0.0173,-0.01704,-0.01551,-0.01397,-0.01255,-0.01134,-0.01121,-0.01037,-0.00983,-0.00956,-0.00953,-0.00969,-0.01,-0.0104,-0.01086,-0.01133,-0.01138,-0.0118,-0.01217,-0.0125,-0.01275,-0.01264,-0.01277,-0.01279,-0.01264,-0.0125,-0.01217,-0.01199,-0.01144,-0.0107,-0.01048,-0.00959,-0.00938,-0.00845,-0.00827,-0.00742,-0.0073,-0.0066,-0.00653,-0.00598,-0.00589,-0.00574,-0.00525,-0.00494,-0.00439,-0.00384,-0.00316,-0.00223,-0.00129,-0.00029,0.00111,0.00222,0.00326,0.00418,0.00571,0.00641,0.00691,0.00721,0.00733,0.00813,0.00791,0.00754,0.00704,0.00647,0.00583,0.00517,0.00452,0.00456,0.00401,0.00356,0.00326,0.00311,0.00313,0.00332,0.00368,0.00418,0.00482,0.00555,0.00635,0.00718,0.008,0.00877,0.00864,0.00928,0.00981,0.01023,0.01055,0.01078,0.01093,0.01106,0.01072,0.01092,0.01118,0.01155,0.01203,0.01233,0.01308,0.01392,0.01483,0.01545,0.01637,0.01725,0.01752,0.01821,0.0188,0.01859,0.01899,0.01928,0.01882,0.01894,0.0184,0.01833,0.01773,0.01747,0.01687,0.01652,0.01613,0.01591,0.01598,0.01613,0.01687,0.01751,0.01891,0.02053,0.0218,0.02362,0.02533,0.0267,0.0281,0.0292,0.02998,0.03046,0.03132,0.03148,0.03146,0.03131,0.03106,0.03077,0.03044,0.03008,0.0297,0.02929,0.02888,0.02849,0.0282,0.02821,0.0282,0.02834,0.02865,0.02906,0.02956,0.03015,0.03054,0.03118,0.03188,0.03211,0.03286,0.03367,0.0337,0.03453,0.03435,0.03511,0.03474,0.03536,0.03485,0.03534,0.03475,0.03512,0.0345,0.03386,0.03404,0.03334,0.03328,0.03251,0.03172,0.03145,0.03068,0.02997,0.02931,0.02933,0.02896,0.02874,0.02869,0.02978,0.03021,0.0308,0.0315,0.03362,0.03452,0.03536,0.03608,0.03665,0.03701,0.03715,0.03861,0.03833,0.03789,0.03732,0.03667,0.036,0.03532,0.03468,0.0341,0.03359,0.03316,0.03284,0.03263,0.03254,0.03259,0.03278,0.03311,0.0336,0.03423,0.03499,0.03564,0.03647,0.03735,0.03823,0.03907,0.03985,0.04051,0.04023,0.04062,0.04087,0.04098,0.04018,0.04008,0.03987,0.03957,0.0385,0.03808,0.0376,0.03709,0.03584,0.03529,0.03471,0.03364,0.03319,0.03263,0.03244,0.03232,0.03277,0.03299,0.03416,0.03464,0.03626,0.03689,0.03859,0.03922,0.04073,0.04132,0.04249,0.04332,0.04372,0.0441,0.04412,0.04422,0.04389,0.04342,0.04329,0.0428,0.04238,0.04202,0.0417,0.04141,0.04092,0.04026,0.03939,0.03839,0.03736,0.03649,0.03587,0.03561,0.03571,0.03606,0.03632,0.03663,0.03666,0.03623,0.03524,0.03386,0.03176,0.02915,0.0266,0.02343,0.02024,0.01765,0.01499,0.01311,0.01155,0.01071,0.01035,0.01062,0.01094,0.0118,0.01234,0.0132,0.01356,0.0138,0.01406,0.01401,0.0138,0.01361,0.01341,0.01292,0.0128,0.01269,0.01216,0.01208,0.0119,0.0116,0.01085,0.01032,0.0096,0.00869,0.00721,0.00598,0.0046,0.00309,0.00146,-0.00022,-0.00259,-0.00428
157.5 -179.89591,-179.29437,-178.69102,-178.08599,-177.4794,-176.87138,-176.18069,-175.57648,-174.97129,-174.36533,-173.75864,-173.15137,-172.54366,-171.93565,-171.32747,-170.74292,-170.1283,-169.51393,-168.90005,-168.2867,-167.67401,-167.06216,-166.45128,-165.84151,-165.233,-164.5844,-163.9723,-163.36201,-162.75356,-162.14707,-161.46824,-160.85971,-160.25364,-159.65015,-158.9482,-158.34398,-157.74288,-157.14496,-156.42259,-155.82529,-155.23152,-154.49361,-153.90149,-153.31339,-152.56155,-151.97619,-151.21327,-150.63139,-150.05422,-149.28035,-148.70763,-147.92462,-147.35708,-146.5658,-146.00413,-145.20561,-144.39935,-143.84568,-143.03352,-142.48761,-141.67056,-140.84706,-140.31215,-139.48536,-138.65306,-138.13104,-137.29712,-136.45859,-135.61578,-135.11265,-134.27058,-133.42532,-132.57721,-131.72665,-130.87406,-130.0198,-129.16431,-128.30799,-127.45128,-126.5946,-125.73842,-124.88314,-124.02917,-123.17697,-122.73282,-121.87712,-121.02424,-120.1746,-119.70801,-118.85722,-118.01078,-117.16904,-116.68289,-115.84239,-115.34635,-114.50814,-113.67631,-113.16787,-112.34006,-111.82325,-111.00053,-110.47591,-109.65932,-109.12751,-108.31808,-107.77976,-106.9785,-106.43436,-105.88526,-105.09301,-104.53906,-103.75737,-103.19927,-102.63676,-101.86752,-101.3019,-100.73221,-99.97738,-99.40565,-98.83025,-98.25128,-97.51529,-96.93564,-96.35285,-95.76702,-95.17827,-94.46792,-93.88024,-93.29009,-92.69762,-92.10294,-91.50619,-90.83099,-90.23736,-89.64214,-89.04548,-88.44751,-87.84839,-87.24825,-86.64726,-86.04555,-85.44328,-84.8406,-84.23767,-83.63463,-83.03164,-82.42885,-81.82642,-81.2245,-80.62324,-80.02278,-79.42329,-78.8249,-78.22776,-77.632,-77.03778,-76.44523,-75.85449,-75.16045,-74.56721,-73.97625,-73.3877,-72.80168,-72.21828,-71.49109,-70.90727,-70.32654,-69.74901,-69.00041,-68.42384,-67.85089,-67.28164,-66.51482,-65.94787,-65.38501,-64.60429,-64.0448,-63.48973,-62.69713,-62.14646,-61.34357,-60.79798,-60.25734,-59.44605,-58.91144,-58.09237,-57.56446,-56.73864,-56.21807,-55.38647,-54.87383,-54.03759,-53.5335,-52.69369,-52.19866,-51.35636,-50.50859,-50.02712,-49.17845,-48.32535,-47.85889,-47.00669,-46.15114,-45.29264,-44.848,-43.9927,-43.13549,-42.27684,-41.41717,-40.55683,-39.69632,-38.83605,-37.97646,-37.11794,-36.26089,-35.40575,-34.55293,-33.70277,-32.85565,-32.01198,-31.50199,-30.65807,-29.8186,-28.9839,-28.45598,-27.62333,-26.79632,-26.2562,-25.43285,-24.61605,-24.06564,-23.25408,-22.69634,-21.89099,-21.09346,-20.52834,-19.73832,-19.16772,-18.5921,-17.81081,-17.23068,-16.45917,-15.87526,-15.11427,-14.52721,-13.93604,-13.18799,-12.59479,-11.99789,-11.26455,-10.66663,-10.06544,-9.34832,-8.74703,-8.14291,-7.4434,-6.84025,-6.2347,-5.62689,-5.01693,-4.34485,-3.7374,-3.12821,-2.51746,-1.9053,-1.29186,-0.65592,-0.0468,0.56317,1.17385,1.78513,2.39688,3.00891,3.6211,4.23329,4.84536,5.45717,6.06858,6.67945,7.28967,7.89912,8.50763,9.11506,9.72129,10.3262,10.92968,11.53158,12.13179,12.73021,13.32673,14.04994,14.6479,15.24353,15.83671,16.42739,17.01542,17.76588,18.35356,18.93823,19.5198,20.28783,20.86783,21.44442,22.01749,22.80015,23.37048,23.93698,24.73085,25.29374,25.85254,26.65591,27.21028,27.76027,28.57128,29.11603,29.9341,30.47305,31.29733,31.8299,32.65949,33.18514,34.01914,34.53738,35.37497,35.88538,36.72557,37.57081,38.06951,38.91594,39.40563,40.25243,41.10288,41.95664,42.42828,43.28038,44.13491,44.99152,45.44287,46.29591,47.15015,48.0053,48.86095,49.71675,50.57235,51.4274,52.28159,53.13456,53.98597,54.83549,55.68283,56.52767,57.00707,57.85318,58.69592,59.53498,60.03177,60.87023,61.7042,62.53341,63.045,63.87177,64.39122,65.21473,66.03226,66.56095,67.37391,67.90913,68.71675,69.25798,70.05944,70.60613,71.40066,71.95227,72.73913,73.29511,74.0736,74.63336,75.19706,75.96578,76.53248,77.10282,77.86028,78.43282,79.00871,79.75345,80.33072,80.91102,81.64166,82.22252,82.80608,83.39223,83.98089,84.69032,85.27824,85.86831,86.46044,87.05451,87.73917,88.3312,88.92482,89.51993,90.11642,90.71417,91.31308,91.91304,92.51393,93.11564,93.74806,94.34521,94.94282,95.54077,96.13895,96.73725,97.33555,97.93374,98.5317,99.12931,99.75518,100.35761,100.95933,101.56024,102.16021,102.75914,103.35691,103.95341,104.54853,105.14216,105.82164,106.41759,107.01169,107.60382,108.19389,108.89886,109.48994,110.0786,110.66474,111.24827,111.97524,112.55844,113.13868,113.88019,114.45929,115.03511,115.78985,116.36368,116.93391,117.70038,118.26781,119.04402,119.60807,120.16799,120.95335,121.50907,122.30241,122.85338,123.65396,124.19957,125.00656,125.54628,126.35894,126.89223,127.70976,128.5334,129.05762,129.88483,130.71745,131.23114,132.06588,132.90526,133.40698,134.2472,135.09121,135.93871,136.78942,137.26948,138.11854,138.96983,139.82309,140.678,141.53428,142.39146,143.24921,144.10724,144.96516,145.82258,146.67912,147.12293,147.98368,148.84276,149.6997,150.55417,151.02386,151.88003,152.73283,153.21679,154.06973,154.9184,155.41546,156.2629,156.76868,157.61395,158.12799,158.97021,159.80612,160.33027,161.16154,161.6926,162.22855,163.05581,163.59797,164.41838,164.96614,165.7788,166.33159,166.88869,167.69292,168.25419,168.81945,169.61327,170.18185,170.75417,171.33017,172.11049,172.6886,173.27005,173.85476,174.61833,175.20387,175.79229,176.38349,176.97736,177.71816,178.31136,178.90684,179.50448 -0.00727,-0.0086,-0.00987,-0.0111,-0.01227,-0.0134,-0.01474,-0.01565,-0.01655,-0.01746,-0.01842,-0.01942,-0.02048,-0.02161,-0.02279,-0.0247,-0.02589,-0.02695,-0.02785,-0.02854,-0.02896,-0.02911,-0.02897,-0.02857,-0.02795,-0.02697,-0.026,-0.02496,-0.0239,-0.02286,-0.02164,-0.02072,-0.0199,-0.01919,-0.01844,-0.01798,-0.01766,-0.01747,-0.01759,-0.01772,-0.018,-0.01893,-0.01948,-0.02012,-0.02149,-0.02225,-0.02355,-0.02431,-0.02513,-0.02603,-0.02694,-0.0275,-0.02862,-0.02897,-0.0303,-0.03041,-0.03022,-0.03145,-0.03086,-0.03168,-0.03069,-0.02966,-0.02982,-0.02883,-0.0281,-0.02788,-0.02738,-0.02705,-0.0268,-0.02653,-0.0264,-0.02636,-0.02647,-0.02684,-0.02757,-0.02868,-0.03015,-0.03185,-0.03356,-0.03505,-0.03608,-0.03652,-0.03633,-0.0356,-0.03496,-0.03386,-0.03277,-0.0319,-0.03132,-0.03087,-0.03061,-0.03039,-0.02952,-0.02893,-0.02758,-0.02658,-0.02552,-0.02393,-0.02319,-0.02195,-0.02197,-0.0213,-0.02211,-0.02197,-0.02329,-0.02344,-0.02493,-0.02516,-0.02534,-0.0268,-0.02695,-0.02845,-0.02861,-0.02873,-0.03049,-0.03066,-0.03079,-0.03266,-0.03274,-0.03277,-0.03273,-0.0342,-0.03401,-0.03377,-0.03349,-0.03317,-0.03385,-0.0334,-0.03289,-0.03233,-0.03169,-0.03098,-0.03123,-0.03042,-0.02954,-0.02862,-0.02767,-0.02674,-0.02585,-0.02505,-0.02437,-0.02382,-0.02342,-0.02315,-0.02301,-0.02296,-0.02299,-0.02307,-0.02315,-0.02324,-0.0233,-0.02334,-0.02336,-0.02337,-0.02338,-0.02342,-0.0235,-0.02364,-0.02227,-0.02253,-0.02288,-0.0233,-0.02378,-0.02428,-0.02361,-0.02418,-0.02465,-0.02499,-0.02449,-0.0246,-0.02454,-0.02433,-0.02349,-0.02316,-0.02282,-0.02193,-0.02173,-0.02165,-0.02097,-0.02115,-0.0206,-0.02101,-0.02151,-0.02121,-0.02187,-0.02176,-0.02253,-0.02259,-0.02337,-0.02347,-0.02411,-0.02407,-0.02445,-0.02416,-0.02424,-0.02371,-0.02307,-0.02287,-0.02212,-0.02125,-0.02097,-0.01994,-0.01874,-0.01739,-0.01722,-0.01587,-0.01457,-0.01341,-0.01246,-0.01176,-0.01133,-0.01115,-0.01119,-0.01139,-0.01171,-0.01207,-0.01245,-0.0128,-0.01312,-0.0134,-0.01331,-0.01352,-0.01362,-0.01357,-0.01335,-0.01304,-0.01247,-0.01211,-0.01124,-0.01015,-0.00979,-0.00859,-0.00833,-0.00719,-0.00614,-0.00608,-0.00529,-0.00533,-0.00539,-0.00495,-0.00508,-0.0049,-0.00505,-0.00505,-0.0051,-0.00503,-0.00491,-0.00452,-0.00392,-0.00321,-0.00218,-0.00098,0.00042,0.00186,0.00327,0.00487,0.00614,0.00722,0.0081,0.00876,0.00947,0.00971,0.00974,0.00958,0.00926,0.00882,0.0086,0.00802,0.00741,0.00679,0.0062,0.00567,0.00525,0.00496,0.00484,0.0049,0.00516,0.00559,0.00619,0.00691,0.00772,0.00857,0.0094,0.01017,0.01084,0.01138,0.01179,0.01206,0.0122,0.01224,0.01204,0.01203,0.01201,0.012,0.01204,0.01216,0.01235,0.01271,0.01318,0.01377,0.01449,0.0153,0.01616,0.01702,0.01793,0.0187,0.01937,0.01991,0.02031,0.02056,0.02058,0.02058,0.02046,0.02009,0.01979,0.01918,0.01873,0.01795,0.01744,0.01666,0.01622,0.01571,0.01555,0.01564,0.01594,0.0168,0.01815,0.01922,0.02116,0.02252,0.02469,0.02677,0.02864,0.02985,0.03128,0.0324,0.03325,0.0341,0.03467,0.03502,0.03517,0.03508,0.03475,0.03418,0.0334,0.03247,0.03146,0.03046,0.02955,0.02881,0.02829,0.02798,0.02786,0.02797,0.02828,0.02854,0.02914,0.02986,0.0307,0.03124,0.03223,0.03279,0.03391,0.03512,0.03559,0.03677,0.03704,0.03801,0.03802,0.03864,0.03839,0.03867,0.03823,0.03822,0.0377,0.03742,0.03683,0.03619,0.03557,0.03487,0.03414,0.03321,0.03252,0.03187,0.03107,0.03069,0.03043,0.03031,0.03049,0.03083,0.03133,0.03199,0.03336,0.0344,0.03553,0.03669,0.03784,0.03969,0.04068,0.04147,0.04204,0.04236,0.04243,0.04225,0.04186,0.04129,0.04056,0.04082,0.0399,0.03891,0.03789,0.03687,0.0359,0.03503,0.03431,0.03378,0.03348,0.0331,0.03336,0.03387,0.03461,0.03553,0.03659,0.03772,0.03887,0.03998,0.04099,0.04151,0.0422,0.0427,0.043,0.04311,0.04273,0.04257,0.0423,0.04195,0.04155,0.04078,0.04032,0.03984,0.03886,0.03827,0.03763,0.03637,0.03558,0.03473,0.03347,0.03264,0.0318,0.03121,0.03073,0.03092,0.03089,0.03192,0.0323,0.03394,0.0346,0.0365,0.03724,0.03905,0.0397,0.0412,0.04241,0.0426,0.04329,0.04364,0.04325,0.04315,0.04284,0.04209,0.04168,0.04126,0.0409,0.04057,0.03994,0.03958,0.0391,0.03844,0.03762,0.0367,0.03581,0.03508,0.03464,0.03457,0.03488,0.03548,0.03598,0.03666,0.03718,0.03735,0.03701,0.03613,0.03469,0.03263,0.03044,0.0275,0.02426,0.02156,0.01845,0.01616,0.01397,0.01256,0.01168,0.0115,0.01153,0.01217,0.01259,0.01305,0.01368,0.01392,0.01387,0.01374,0.01287,0.01247,0.01208,0.01062,0.01033,0.01018,0.00882,0.00893,0.0091,0.00928,0.0081,0.00814,0.008,0.00766,0.0057,0.00489,0.00387,0.00268,0.00135,-0.00161,-0.00305,-0.00449,-0.00591
163.125 -179.44311,-178.86457,-178.28448,-177.70296,-177.12009,-176.53602,-175.95084,-175.36468,-174.77769,-174.19005,-173.60179,-173.01305,-172.42394,-171.83457,-171.2451,-170.65564,-170.06632,-169.4773,-168.88878,-168.30079,-167.70264,-167.10996,-166.51819,-165.92745,-165.3379,-164.74967,-164.16289,-163.52428,-162.93479,-162.34715,-161.7615,-161.17791,-160.51229,-159.92729,-159.3448,-158.76494,-158.07891,-157.49897,-156.92206,-156.22036,-155.64417,-155.07141,-154.3554,-153.78429,-153.21692,-152.4882,-151.92354,-151.18456,-150.62314,-150.06616,-149.31707,-148.76427,-148.0067,-147.45874,-146.69352,-146.15116,-145.3791,-144.84288,-144.06479,-143.2799,-142.752,-141.96245,-141.4423,-140.64899,-139.85019,-139.34119,-138.54009,-137.7343,-136.92408,-136.43136,-135.62091,-134.80692,-133.9897,-133.16964,-132.70108,-131.88355,-131.06409,-130.24305,-129.42081,-128.59779,-127.77433,-126.95079,-126.12755,-125.71989,-124.8914,-124.06416,-123.23856,-122.41497,-121.59378,-121.15272,-120.3295,-119.50965,-118.69352,-118.23297,-117.41689,-116.60548,-116.13154,-115.32173,-114.83889,-114.03166,-113.23058,-112.73659,-111.93959,-111.43797,-110.64599,-110.13731,-109.35128,-108.83614,-108.05702,-107.53601,-107.01024,-106.23838,-105.70752,-104.94474,-104.40946,-103.86987,-103.11753,-102.57445,-102.02737,-101.28727,-100.7376,-100.18424,-99.45814,-98.90315,-98.34484,-97.78332,-97.07538,-96.51348,-95.94874,-95.38125,-94.6943,-94.12768,-93.55874,-92.98758,-92.41433,-91.83909,-91.18425,-90.61172,-90.03763,-89.46212,-88.8853,-88.30731,-87.72827,-87.14832,-86.56759,-85.98622,-85.40433,-84.82208,-84.23958,-83.657,-83.07445,-82.49208,-81.91001,-81.32839,-80.74735,-80.16703,-79.58756,-79.00908,-78.43171,-77.85559,-77.28084,-76.70759,-76.13593,-75.4684,-74.89425,-74.32215,-73.7522,-73.18453,-72.61923,-71.92024,-71.35429,-70.79112,-70.23083,-69.67352,-68.95156,-68.39515,-67.84209,-67.29245,-66.55365,-66.00611,-65.46231,-64.71044,-64.16972,-63.63307,-62.87002,-62.33734,-61.56466,-61.03658,-60.51301,-59.73217,-59.21405,-58.42574,-57.91368,-57.11882,-56.61339,-55.81289,-55.31462,-54.50935,-54.01879,-53.20982,-52.72748,-51.91576,-51.09867,-50.62855,-49.81023,-48.98738,-48.53079,-47.70826,-46.8822,-46.44037,-45.61611,-44.78934,-43.96042,-43.12966,-42.71463,-41.8883,-41.06116,-40.23359,-39.40594,-38.57854,-37.75183,-36.92615,-36.10186,-35.27937,-34.45901,-33.98322,-33.1608,-32.34138,-31.52534,-30.71303,-29.90475,-29.40238,-28.59526,-27.79302,-27.2786,-26.47903,-25.68502,-25.16003,-24.37011,-23.83773,-23.0528,-22.27473,-21.73456,-20.96279,-20.41682,-19.65203,-19.10088,-18.34401,-17.78839,-17.04018,-16.48073,-15.91705,-15.17926,-14.61259,-13.88509,-13.31609,-12.74346,-12.02896,-11.45498,-10.87775,-10.17768,-9.60001,-9.01943,-8.43606,-7.75481,-7.17217,-6.58719,-5.99998,-5.33991,-4.75457,-4.1674,-3.57847,-2.98791,-2.35542,-1.76811,-1.17962,-0.59006,0.00043,0.59173,1.18371,1.7763,2.36936,2.9495,3.53704,4.12465,4.71219,5.29954,5.88659,6.47322,7.05934,7.64482,8.22951,8.81329,9.39605,10.06108,10.64708,11.23169,11.81478,12.39628,12.97607,13.55403,14.13004,14.70402,15.41093,15.98568,16.55807,17.12796,17.69531,18.26002,18.99044,19.55429,20.11516,20.67299,21.41865,21.97458,22.52717,23.28461,23.83448,24.38072,25.14834,25.69112,26.23002,27.00628,27.54091,28.07145,28.85463,29.38018,30.16993,30.69005,31.48552,31.99962,32.79996,33.30759,34.11207,34.61283,35.42065,35.91404,36.72432,37.53939,38.02193,38.83826,39.31244,40.12916,40.94937,41.77277,42.23024,43.05232,43.87674,44.70325,45.142,45.96539,46.79013,47.61584,48.44219,49.26884,50.09549,50.92193,51.74776,52.57266,53.39633,54.21849,55.03889,55.85716,56.67302,57.13598,57.95296,58.76681,59.57723,60.05648,60.86633,61.67202,62.47333,62.96649,63.76557,64.26614,65.06224,65.85281,66.36216,67.14862,67.66418,68.44574,68.96704,69.743,70.26955,71.03925,71.57057,72.3333,72.86887,73.62398,74.16329,74.70636,75.4527,75.9988,76.73596,77.28456,77.83647,78.56259,79.11628,79.67298,80.23263,80.94452,81.50499,82.0681,82.766,83.32921,83.89475,84.46255,85.03251,85.70939,86.27824,86.84894,87.4214,87.99551,88.57119,89.22008,89.79325,90.36766,90.9432,91.51978,92.0973,92.67565,93.25473,93.83444,94.41467,94.99532,95.57628,96.15745,96.73873,97.32001,97.90118,98.48214,99.06278,99.64299,100.22266,100.80171,101.38002,101.95749,102.53402,103.10951,103.68386,104.32803,104.9051,105.4807,106.05473,106.62709,107.19769,107.87059,108.44252,109.01236,109.58,110.14537,110.83995,111.40548,111.96842,112.67732,113.23964,113.79906,114.35551,115.07921,115.63409,116.18569,116.9208,117.47007,118.21461,118.76104,119.30372,120.05745,120.59652,121.35814,121.8931,122.66196,123.1923,123.96765,124.4928,125.27399,125.79352,126.57985,127.09323,127.88388,128.68018,129.1849,129.98442,130.78895,131.28368,132.09015,132.90092,133.38446,134.19594,135.0109,135.82913,136.65036,137.1136,137.93331,138.7552,139.579,140.4044,141.23106,142.05862,142.88683,143.71539,144.54401,145.37224,146.19985,147.02651,147.4585,148.28879,149.11723,149.94357,150.39505,151.22331,152.04861,152.87064,153.3396,154.16173,154.63943,155.46079,156.27747,156.7666,157.58122,158.07804,158.8897,159.39375,160.20158,160.71245,161.51578,162.03298,162.83083,163.35384,164.14534,164.67363,165.20613,165.99109,166.52817,167.30477,167.84588,168.39078,169.15798,169.70607,170.25768,170.81276,171.56771,172.12498,172.68543,173.42722,173.989,174.5536,175.12092,175.69093,176.41305,176.98301,177.55531,178.12985,178.70652,179.28525,179.86588 -0.01166,-0.01246,-0.01315,-0.01376,-0.01428,-0.01477,-0.01522,-0.01565,-0.01607,-0.01651,-0.01699,-0.01754,-0.0182,-0.01898,-0.0199,-0.02092,-0.02206,-0.02324,-0.02441,-0.0255,-0.02729,-0.02785,-0.02817,-0.0282,-0.02798,-0.02754,-0.02691,-0.02579,-0.02489,-0.02399,-0.02315,-0.02238,-0.02107,-0.02045,-0.01993,-0.0195,-0.01855,-0.01831,-0.01819,-0.01773,-0.01786,-0.01811,-0.0184,-0.01893,-0.01958,-0.0206,-0.02146,-0.02286,-0.02386,-0.02494,-0.02655,-0.02781,-0.02941,-0.03082,-0.03226,-0.03376,-0.03479,-0.03612,-0.0364,-0.03607,-0.03655,-0.0353,-0.03513,-0.03325,-0.03133,-0.03063,-0.0289,-0.02755,-0.02661,-0.02607,-0.02556,-0.02531,-0.02528,-0.02548,-0.02539,-0.02607,-0.02711,-0.02854,-0.03028,-0.03221,-0.03409,-0.03566,-0.0367,-0.03684,-0.03695,-0.03638,-0.03532,-0.03401,-0.03272,-0.03243,-0.03164,-0.0313,-0.03138,-0.03154,-0.03181,-0.03201,-0.03162,-0.03131,-0.03032,-0.02957,-0.02882,-0.02746,-0.02701,-0.02588,-0.02604,-0.02534,-0.02607,-0.02579,-0.02684,-0.02685,-0.02697,-0.02818,-0.02844,-0.0297,-0.03008,-0.03049,-0.032,-0.0325,-0.03297,-0.03467,-0.03509,-0.03542,-0.03687,-0.03698,-0.03696,-0.03683,-0.03747,-0.03713,-0.03674,-0.03632,-0.03638,-0.03595,-0.03553,-0.03512,-0.03469,-0.03422,-0.03443,-0.03393,-0.03333,-0.03261,-0.03178,-0.03086,-0.02987,-0.02885,-0.02786,-0.02694,-0.02612,-0.02545,-0.02494,-0.02459,-0.0244,-0.02435,-0.02442,-0.02457,-0.0248,-0.02507,-0.02537,-0.02569,-0.02603,-0.02638,-0.02675,-0.02714,-0.02753,-0.02667,-0.02698,-0.02729,-0.02757,-0.02782,-0.028,-0.027,-0.02714,-0.02719,-0.02711,-0.02691,-0.02615,-0.02582,-0.02539,-0.02491,-0.02424,-0.02381,-0.02345,-0.02302,-0.02291,-0.02294,-0.02282,-0.02309,-0.02305,-0.02345,-0.02385,-0.02384,-0.02425,-0.02426,-0.02467,-0.02476,-0.02513,-0.02524,-0.02548,-0.02546,-0.02546,-0.02518,-0.02491,-0.02438,-0.02379,-0.02333,-0.02275,-0.02222,-0.02194,-0.0215,-0.02097,-0.02101,-0.0204,-0.01959,-0.01862,-0.01756,-0.01786,-0.01689,-0.01606,-0.01546,-0.01512,-0.015,-0.01504,-0.01516,-0.01527,-0.0153,-0.01527,-0.01459,-0.01459,-0.01458,-0.01457,-0.01455,-0.01444,-0.01415,-0.0138,-0.01318,-0.01265,-0.01159,-0.01025,-0.00956,-0.00805,-0.00748,-0.00609,-0.00492,-0.00468,-0.00392,-0.0039,-0.0035,-0.00362,-0.00352,-0.00375,-0.00388,-0.00419,-0.00452,-0.00483,-0.00512,-0.00537,-0.00543,-0.00528,-0.00489,-0.00423,-0.00331,-0.00201,-0.00067,0.00077,0.00227,0.00385,0.00519,0.00641,0.00746,0.0081,0.00872,0.00916,0.00945,0.00957,0.00921,0.00912,0.00893,0.00866,0.00831,0.0079,0.00747,0.00704,0.00666,0.00651,0.00637,0.00638,0.00656,0.00692,0.00744,0.00811,0.00887,0.00969,0.01049,0.01123,0.01185,0.01208,0.01244,0.01262,0.01264,0.01252,0.0123,0.01201,0.0117,0.01141,0.01154,0.01144,0.01143,0.01154,0.01177,0.01211,0.01303,0.01359,0.01422,0.01489,0.01607,0.01676,0.01739,0.01845,0.0189,0.01921,0.01987,0.01991,0.01983,0.02006,0.01981,0.0195,0.01941,0.01905,0.01875,0.01839,0.01788,0.0176,0.01698,0.01688,0.01642,0.01662,0.0166,0.01718,0.0178,0.0189,0.02004,0.02173,0.02304,0.02507,0.02715,0.02917,0.03032,0.03205,0.03356,0.03486,0.03581,0.03689,0.03773,0.03829,0.03849,0.0383,0.03771,0.03674,0.03551,0.03415,0.03281,0.03162,0.03067,0.02997,0.02953,0.02905,0.02893,0.02898,0.02919,0.02915,0.02965,0.03035,0.03124,0.03169,0.0329,0.03349,0.0349,0.03637,0.03698,0.03835,0.03879,0.03983,0.04002,0.04057,0.04046,0.04051,0.04014,0.03975,0.0392,0.03841,0.03774,0.03705,0.03578,0.035,0.0334,0.03262,0.0319,0.03033,0.02987,0.02955,0.0294,0.02881,0.02911,0.02957,0.02996,0.03082,0.03181,0.0329,0.03409,0.03544,0.0368,0.03816,0.03949,0.04073,0.04184,0.0427,0.04344,0.04397,0.04427,0.04435,0.04423,0.04391,0.04341,0.04275,0.04195,0.04102,0.04,0.03893,0.03788,0.0369,0.03605,0.0354,0.03502,0.03491,0.03509,0.03554,0.03623,0.0371,0.03807,0.03909,0.04007,0.04076,0.0416,0.04227,0.04275,0.04302,0.04311,0.04325,0.04308,0.04282,0.04249,0.04214,0.04191,0.04155,0.04123,0.04077,0.04041,0.04003,0.03961,0.03856,0.0379,0.03714,0.03554,0.0346,0.03293,0.03201,0.03121,0.03013,0.02974,0.02953,0.02967,0.03039,0.03099,0.03241,0.03329,0.035,0.03586,0.03746,0.03804,0.03921,0.04012,0.03994,0.04033,0.04049,0.03964,0.03949,0.03926,0.03816,0.03795,0.0378,0.03773,0.03775,0.03714,0.03725,0.03726,0.03711,0.03675,0.03622,0.03558,0.03496,0.03446,0.03424,0.03435,0.03482,0.03556,0.03602,0.03693,0.03767,0.03808,0.03803,0.03756,0.0364,0.03452,0.03292,0.03002,0.02779,0.02433,0.02085,0.01865,0.01584,0.01431,0.01272,0.0121,0.01168,0.01183,0.01205,0.0125,0.01266,0.01297,0.01254,0.01242,0.0121,0.01065,0.00996,0.00812,0.00738,0.00676,0.00518,0.0049,0.00484,0.00492,0.00404,0.00417,0.00424,0.0031,0.00275,0.00217,0.00138,0.00039,-0.00209,-0.00341,-0.00477,-0.00612,-0.00741,-0.00862,-0.00973
168.75 -179.69626,-179.13534,-178.57295,-178.00917,-177.44411,-176.87788,-176.31057,-175.7423,-175.17317,-174.60335,-174.03295,-173.46204,-172.89072,-172.31912,-171.74733,-171.17549,-170.60371,-170.03207,-169.46077,-168.88997,-168.31969,-167.75006,-167.18119,-166.61321,-166.01591,-165.44428,-164.87387,-164.30483,-163.73737,-163.17151,-162.54278,-161.97475,-161.40869,-160.8447,-160.2829,-159.63009,-159.06743,-158.50741,-157.83926,-157.2792,-156.72205,-156.16792,-155.48317,-154.9301,-154.3804,-153.683,-153.13533,-152.42796,-151.8828,-151.34152,-150.62381,-150.08586,-149.35961,-148.82561,-148.09148,-147.5621,-146.82091,-146.29671,-145.54907,-145.03059,-144.27726,-143.76506,-143.00685,-142.24277,-141.73924,-140.97165,-140.1988,-139.70545,-138.93029,-138.15059,-137.66885,-136.88819,-136.10377,-135.31589,-134.85111,-134.06424,-133.27472,-132.48292,-131.68915,-130.89368,-130.09685,-129.29899,-128.50043,-127.70154,-126.90268,-126.10415,-125.30629,-124.5095,-123.71409,-123.30116,-122.50244,-121.70596,-120.91205,-120.12104,-119.684,-118.89212,-118.10403,-117.65382,-116.86625,-116.08328,-115.62093,-114.83984,-114.36935,-113.59099,-112.81855,-112.33802,-111.56972,-111.08237,-110.31901,-109.82526,-109.06768,-108.56804,-107.81706,-107.31208,-106.80273,-106.05875,-105.54484,-104.80942,-104.29147,-103.76956,-103.04395,-102.51882,-101.99,-101.27583,-100.74464,-100.21007,-99.50891,-98.97281,-98.43362,-97.89143,-97.20704,-96.66444,-96.11918,-95.57136,-94.90628,-94.35919,-93.80988,-93.25847,-92.70506,-92.14975,-91.51408,-90.96113,-90.40667,-89.85081,-89.29365,-88.73531,-88.17591,-87.61557,-87.0544,-86.49253,-85.93007,-85.36714,-84.79784,-84.24039,-83.68285,-83.12533,-82.56796,-82.01085,-81.424,-80.86179,-80.30021,-79.73938,-79.17942,-78.62047,-78.06263,-77.50602,-76.95075,-76.39693,-75.84467,-75.19778,-74.6433,-74.09076,-73.54026,-72.99189,-72.44577,-71.76996,-71.22332,-70.67928,-70.13788,-69.59923,-68.90219,-68.3644,-67.82971,-67.11845,-66.58548,-66.0559,-65.5298,-64.80486,-64.2815,-63.76188,-63.02637,-62.51034,-61.76572,-61.25388,-60.7462,-59.99378,-59.49098,-58.73134,-58.23401,-57.46802,-56.9767,-56.2052,-55.72041,-54.94426,-54.46641,-53.68633,-53.21591,-52.43286,-51.64454,-51.18514,-50.39526,-49.9444,-49.15377,-48.35917,-47.561,-47.1272,-46.33022,-45.53055,-44.72842,-44.31387,-43.51479,-42.71412,-41.9123,-41.10967,-40.30657,-39.50335,-38.70035,-37.89785,-37.09618,-36.29566,-35.49671,-34.69963,-33.90475,-33.11238,-32.32282,-31.53637,-31.06147,-30.27484,-29.49207,-28.71344,-28.22316,-27.44635,-26.67443,-26.17365,-25.40482,-24.64145,-24.13149,-23.37249,-22.85603,-22.10218,-21.57976,-20.83181,-20.304,-19.56265,-19.0299,-18.29583,-17.75887,-17.03286,-16.49229,-15.77498,-15.23137,-14.68397,-13.97717,-13.42743,-12.73074,-12.17937,-11.62478,-10.94091,-10.38552,-9.82728,-9.26627,-8.5991,-8.03823,-7.47496,-6.9094,-6.26111,-5.69686,-5.13067,-4.56266,-3.93513,-3.36933,-2.80205,-2.23342,-1.66355,-1.09256,-0.52056,0.07086,0.63887,1.20755,1.77687,2.34663,2.91671,3.48699,4.05736,4.62771,5.19792,5.7679,6.33752,6.90675,7.47542,8.04341,8.6106,9.17689,9.74218,10.30636,10.86934,11.43103,11.99138,12.55025,13.21463,13.77519,14.33391,14.8907,15.44548,15.99818,16.6882,17.24116,17.79172,18.33979,18.8853,19.59397,20.13845,20.68011,21.21888,21.94139,22.47819,23.01183,23.74512,24.27604,24.80354,25.5462,26.07034,26.59084,27.34132,27.85773,28.37031,29.12712,29.63504,30.39796,30.90069,31.66891,32.166,32.93878,33.42981,34.2065,34.69109,35.47088,35.94861,36.73076,37.51747,37.98515,38.77312,39.56491,40.0214,40.81318,41.60808,42.05249,42.8463,43.64246,44.44068,44.86771,45.66327,46.4602,47.25816,48.05689,48.8561,49.65557,50.45499,51.25402,52.0524,52.84983,53.64613,54.44092,55.23394,56.02494,56.81367,57.26103,58.05086,58.8377,59.62132,60.08395,60.86708,61.64636,62.42153,62.89729,63.6704,64.15318,64.92359,65.68891,66.18006,66.94161,67.43867,68.19578,68.69834,69.45039,69.95802,70.70432,71.21655,71.95651,72.4729,73.20593,73.72599,74.45148,74.97476,75.50146,76.21815,76.74742,77.27989,77.98658,78.52095,79.05825,79.75373,80.29225,80.83344,81.37724,82.05834,82.60249,83.14897,83.69769,84.36245,84.91064,85.46079,86.01282,86.56664,87.21003,87.76224,88.31595,88.87107,89.42751,89.98518,90.54399,91.10385,91.71116,92.26774,92.82507,93.38305,93.9416,94.50061,95.06,95.61967,96.17953,96.73948,97.29942,97.85926,98.41889,98.97824,99.5372,100.09569,100.65359,101.21083,101.81379,102.37451,102.93425,103.49293,104.05046,104.60673,105.16166,105.71518,106.35502,106.91035,107.46395,108.01573,108.5656,109.22732,109.77792,110.32634,110.87248,111.55101,112.097,112.64042,113.18119,113.87454,114.41427,114.9511,115.656,116.1911,116.72301,117.43822,117.96773,118.69154,119.21817,119.74117,120.47321,120.99264,121.73186,122.24726,122.99304,123.50391,124.25562,124.76151,125.51853,126.019,126.78065,127.2752,128.04075,128.81153,129.29788,130.07157,130.84978,131.32663,132.10664,132.89064,133.3569,134.14148,134.92939,135.72035,136.51413,136.96133,137.7536,138.54796,139.34414,140.14186,140.94079,141.7407,142.5413,143.34231,144.14333,144.94413,145.74446,146.54402,146.96032,147.76346,148.5651,149.36493,150.16264,150.60162,151.40081,152.19713,152.64873,153.44547,154.23848,154.7017,155.49393,156.28182,156.75566,157.54149,158.02244,158.80544,159.29313,160.07256,160.56661,161.34166,161.84161,162.61156,163.117,163.88114,164.39157,164.90587,165.66396,166.18262,166.93308,167.45561,167.98169,168.7235,169.25273,169.78525,170.51687,171.05177,171.58975,172.13074,172.84934,173.39177,173.93693,174.48476,175.03514,175.73597,176.28648,176.83926,177.39424,177.95133,178.51044,179.18658,179.74435 -0.01265,-0.01341,-0.014,-0.01445,-0.01477,-0.01498,-0.01509,-0.01515,-0.01516,-0.01516,-0.01517,-0.01521,-0.01534,-0.01559,-0.01601,-0.01662,-0.01745,-0.01848,-0.01971,-0.02106,-0.02247,-0.02388,-0.02518,-0.02632,-0.02743,-0.02787,-0.02804,-0.02798,-0.02771,-0.02729,-0.02598,-0.02533,-0.0247,-0.02412,-0.02361,-0.02228,-0.02192,-0.02164,-0.02056,-0.02044,-0.02041,-0.02048,-0.01978,-0.02005,-0.02042,-0.02023,-0.02084,-0.02115,-0.02198,-0.02287,-0.0239,-0.02504,-0.02658,-0.02796,-0.02988,-0.03147,-0.03351,-0.03514,-0.0369,-0.0383,-0.03932,-0.04022,-0.04013,-0.03927,-0.03913,-0.03728,-0.03505,-0.03442,-0.03206,-0.0299,-0.02946,-0.02771,-0.02633,-0.02534,-0.02525,-0.02472,-0.02465,-0.02507,-0.026,-0.02744,-0.02931,-0.03148,-0.03372,-0.03574,-0.03727,-0.03809,-0.03815,-0.03745,-0.03617,-0.03519,-0.03362,-0.03217,-0.0311,-0.03057,-0.03059,-0.03087,-0.03153,-0.03195,-0.03272,-0.03337,-0.03326,-0.0334,-0.03273,-0.03246,-0.03218,-0.03111,-0.03101,-0.03004,-0.03029,-0.02955,-0.03006,-0.02956,-0.0302,-0.02992,-0.0298,-0.03062,-0.03076,-0.0318,-0.03222,-0.03275,-0.03423,-0.03494,-0.03564,-0.03724,-0.03783,-0.03829,-0.03936,-0.03946,-0.03939,-0.03918,-0.03912,-0.03865,-0.03814,-0.03765,-0.03712,-0.03674,-0.03644,-0.03622,-0.03606,-0.03591,-0.03601,-0.03588,-0.03565,-0.03528,-0.03474,-0.03403,-0.03315,-0.03215,-0.03107,-0.02997,-0.02891,-0.02795,-0.02768,-0.02702,-0.02653,-0.02621,-0.02607,-0.02606,-0.02572,-0.02597,-0.02631,-0.02672,-0.0272,-0.02774,-0.02832,-0.02893,-0.02956,-0.0302,-0.03081,-0.03049,-0.0309,-0.03123,-0.03144,-0.03152,-0.03146,-0.03018,-0.02988,-0.02946,-0.02892,-0.02827,-0.02699,-0.02631,-0.02561,-0.02472,-0.02417,-0.02372,-0.0234,-0.0232,-0.02318,-0.02328,-0.02351,-0.02377,-0.02407,-0.02433,-0.02452,-0.02474,-0.02483,-0.025,-0.02505,-0.02524,-0.02528,-0.02547,-0.02545,-0.02549,-0.02532,-0.02509,-0.02474,-0.02423,-0.02364,-0.02321,-0.02271,-0.02251,-0.02229,-0.02224,-0.02228,-0.02272,-0.02279,-0.02268,-0.0223,-0.02272,-0.022,-0.02112,-0.02025,-0.01954,-0.01909,-0.01893,-0.01901,-0.01921,-0.01938,-0.01941,-0.01923,-0.01885,-0.01833,-0.01776,-0.01722,-0.01675,-0.01602,-0.01566,-0.0152,-0.01455,-0.01388,-0.01284,-0.01153,-0.01059,-0.00903,-0.00749,-0.00658,-0.00534,-0.00468,-0.00395,-0.00358,-0.00333,-0.00318,-0.00322,-0.00319,-0.00334,-0.0034,-0.0036,-0.0038,-0.00405,-0.00438,-0.00472,-0.00487,-0.00507,-0.00478,-0.00457,-0.00413,-0.00292,-0.002,-0.0009,0.00031,0.00198,0.00314,0.00422,0.0052,0.00589,0.00648,0.00696,0.00735,0.00705,0.00725,0.00742,0.00753,0.00759,0.00759,0.00752,0.00685,0.00672,0.00655,0.00638,0.00623,0.00616,0.00619,0.00635,0.00666,0.00712,0.00773,0.00844,0.00923,0.01004,0.0108,0.01147,0.012,0.01237,0.01254,0.01252,0.01232,0.01199,0.01155,0.01131,0.01084,0.01041,0.01007,0.00986,0.00978,0.01018,0.0104,0.01075,0.01121,0.01177,0.01275,0.0134,0.01405,0.01468,0.01574,0.01625,0.01666,0.0175,0.01768,0.01774,0.01824,0.01809,0.01789,0.01817,0.01793,0.01773,0.018,0.01794,0.01817,0.01826,0.01837,0.0186,0.01854,0.01891,0.01877,0.0193,0.01928,0.01999,0.0203,0.02093,0.02192,0.02304,0.0245,0.02568,0.02743,0.02928,0.03046,0.03229,0.03404,0.03568,0.03671,0.03814,0.03934,0.04025,0.04076,0.04081,0.04035,0.03941,0.03809,0.03656,0.035,0.0336,0.03246,0.03164,0.0311,0.03078,0.03048,0.03036,0.03033,0.03041,0.03036,0.03074,0.03134,0.03218,0.03266,0.03388,0.03454,0.03594,0.03733,0.03804,0.03926,0.03983,0.04067,0.04101,0.04137,0.0414,0.04127,0.04099,0.04039,0.03982,0.0388,0.03799,0.03656,0.03555,0.0345,0.03267,0.03159,0.0306,0.02888,0.02815,0.02762,0.02672,0.0267,0.02691,0.02733,0.02778,0.0286,0.02954,0.03058,0.03178,0.03294,0.03414,0.03537,0.03661,0.03762,0.03868,0.03966,0.04054,0.04129,0.04189,0.04234,0.04264,0.04178,0.04176,0.04163,0.04137,0.041,0.04051,0.03991,0.03922,0.03849,0.03776,0.03713,0.03662,0.03633,0.03626,0.03644,0.03686,0.03749,0.03825,0.0386,0.03946,0.04028,0.041,0.04159,0.042,0.04223,0.04227,0.04239,0.04222,0.04195,0.04159,0.04121,0.04136,0.04105,0.04079,0.04061,0.04087,0.04079,0.04075,0.04074,0.04061,0.04043,0.04018,0.03927,0.03871,0.03808,0.03645,0.03567,0.03385,0.0332,0.0327,0.03135,0.03127,0.03066,0.03105,0.03125,0.03203,0.03288,0.03379,0.0349,0.03564,0.03655,0.03683,0.03723,0.03738,0.03675,0.03644,0.03606,0.03488,0.03447,0.03419,0.0331,0.03313,0.03336,0.03378,0.03432,0.03412,0.03481,0.03541,0.03583,0.03603,0.03599,0.03575,0.0354,0.03503,0.03475,0.03467,0.03481,0.03519,0.03548,0.03612,0.0367,0.03706,0.03703,0.03725,0.03646,0.03502,0.03445,0.03201,0.02901,0.02752,0.02395,0.02034,0.01862,0.01547,0.01413,0.01194,0.01128,0.01014,0.01016,0.00974,0.01017,0.00997,0.01045,0.01008,0.01028,0.01025,0.00926,0.00875,0.00748,0.00666,0.00579,0.00467,0.00396,0.0034,0.00297,0.00271,0.00256,0.00245,0.00218,0.00183,0.00132,0.00062,-0.00029,-0.00184,-0.00316,-0.00459,-0.00606,-0.00751,-0.0089,-0.01061,-0.01172
174.375 -179.94409,-179.39966,-178.85387,-178.30675,-177.68023,-177.13575,-176.59028,-176.0439,-175.49673,-174.94884,-174.40044,-173.85159,-173.30231,-172.75272,-172.20293,-171.65304,-171.10315,-170.55337,-170.0038,-169.45438,-168.90033,-168.34679,-167.79386,-167.24168,-166.69034,-166.13996,-165.59063,-165.04247,-164.44761,-163.89689,-163.34764,-162.79997,-162.254,-161.63507,-161.08752,-160.54201,-159.99864,-159.36119,-158.81736,-158.27601,-157.73721,-157.08315,-156.54466,-156.00907,-155.3422,-154.80772,-154.27648,-153.5981,-153.06887,-152.54316,-151.85437,-151.33131,-150.63403,-150.11416,-149.40897,-148.89277,-148.18041,-147.66858,-147.16119,-146.44259,-145.71762,-145.21593,-144.48562,-143.98979,-143.25486,-142.76546,-142.02674,-141.28287,-140.80236,-140.05573,-139.30457,-138.83425,-138.08154,-137.32497,-136.56488,-136.10931,-135.34948,-134.58676,-133.82142,-133.05373,-132.28398,-131.85419,-131.08729,-130.31911,-129.54999,-128.7802,-128.01007,-127.23989,-126.46994,-126.08807,-125.31344,-124.53979,-123.76745,-122.99671,-122.2279,-121.8167,-121.04589,-120.27778,-119.51267,-119.08419,-118.31868,-117.55693,-117.11642,-116.35552,-115.59914,-115.14775,-114.39351,-113.93477,-113.1834,-112.43773,-111.96992,-111.22835,-110.75428,-110.01755,-109.53769,-108.80659,-108.32144,-107.59666,-107.10664,-106.61258,-105.89452,-105.39627,-104.68628,-104.18437,-103.67886,-102.97813,-102.46968,-101.95781,-101.26778,-100.75371,-100.2365,-99.55855,-99.03991,-98.51842,-97.99415,-97.33174,-96.80703,-96.27984,-95.75023,-95.10563,-94.57661,-94.0455,-93.51241,-92.97742,-92.44061,-91.82299,-91.28824,-90.75203,-90.21444,-89.67557,-89.13554,-88.59444,-88.05238,-87.50945,-86.96578,-86.39858,-85.85933,-85.31968,-84.77972,-84.23957,-83.69932,-83.15908,-82.61896,-82.07907,-81.53951,-81.00041,-80.42306,-79.87963,-79.33697,-78.79519,-78.25441,-77.71472,-77.17624,-76.63906,-76.10327,-75.56898,-74.94164,-74.40541,-73.87099,-73.3385,-72.80803,-72.27966,-71.62561,-71.09681,-70.57043,-70.04655,-69.52523,-68.8515,-68.33094,-67.81324,-67.12626,-66.61015,-66.09718,-65.58741,-64.88771,-64.38044,-63.87659,-63.16682,-62.66623,-61.94785,-61.45106,-60.9581,-60.23224,-59.74374,-59.01089,-58.52729,-57.78829,-57.31016,-56.56577,-56.09354,-55.34453,-54.87863,-54.12569,-53.66648,-52.91039,-52.45831,-51.69991,-50.9368,-50.4953,-49.7311,-48.96295,-48.53307,-47.76499,-46.99377,-46.57652,-45.8067,-45.03452,-44.26029,-43.48428,-43.08985,-42.31717,-41.54352,-40.7692,-39.99453,-39.21981,-38.44534,-37.67143,-36.89834,-36.12624,-35.35556,-34.58661,-33.81967,-33.37497,-32.60648,-31.84077,-31.07809,-30.31866,-29.85409,-29.0951,-28.3401,-27.5893,-27.11134,-26.36282,-25.61914,-25.132,-24.39168,-23.89782,-23.16156,-22.43109,-21.93021,-21.20491,-20.69881,-19.97941,-19.46859,-18.75561,-18.24044,-17.53455,-17.01573,-16.49302,-15.79562,-15.27001,-14.58123,-14.05325,-13.52176,-12.84343,-12.31028,-11.77405,-11.10754,-10.57044,-10.03057,-9.377,-8.837,-8.29441,-7.74947,-7.11262,-6.56851,-6.0224,-5.47436,-4.85616,-4.30987,-3.76199,-3.21249,-2.6616,-2.10942,-1.51939,-0.9703,-0.42025,0.13065,0.6823,1.23459,1.78755,2.34095,2.89468,3.44864,4.00271,4.53626,5.08506,5.63369,6.18207,6.7302,7.27786,7.82496,8.42789,8.97859,9.5284,10.07723,10.62499,11.17159,11.71704,12.26115,12.80383,13.34499,13.88454,14.53474,15.0754,15.61416,16.15098,16.68581,17.21853,17.89128,18.42375,18.95382,19.48142,20.0065,20.69549,21.21929,21.74033,22.44058,22.95963,23.47566,24.18578,24.69914,25.20934,25.92807,26.43496,26.93845,27.66438,28.16395,28.65994,29.39175,29.88333,30.62077,31.10744,31.84985,32.33121,33.07794,33.55369,34.30409,34.77375,35.52707,35.99033,36.74593,37.50596,37.95984,38.72106,39.48593,39.92939,40.69441,41.46251,41.89476,42.66193,43.43143,44.20299,44.61915,45.3884,46.15906,46.93086,47.70354,48.47688,49.25063,50.02448,50.79816,51.57141,52.344,53.11568,53.88617,54.65521,55.42257,56.18807,56.95141,57.38386,58.14816,58.90965,59.66816,60.11503,60.87309,61.62752,62.37811,62.83738,63.58617,64.05214,64.79846,65.54004,66.01397,66.75211,67.23173,67.96586,68.45075,69.18022,69.66998,70.3942,70.88842,71.60687,72.10516,72.81724,73.31914,74.02431,74.5294,75.03781,75.73503,76.24603,76.93508,77.44826,77.96434,78.64357,79.16121,79.68153,80.20447,80.87113,81.39482,81.92089,82.44927,83.10152,83.62985,84.16022,84.69256,85.32864,85.86013,86.39333,86.92816,87.46454,88.00238,88.61423,89.15006,89.68709,90.22523,90.7644,91.30452,91.8455,92.38726,92.92971,93.47277,94.01635,94.56037,95.11893,95.65869,96.19862,96.73861,97.27859,97.81848,98.37316,98.91746,99.46139,100.00488,100.54783,101.09016,101.63176,102.17256,102.71248,103.25143,103.78934,104.32611,104.93502,105.47397,106.01152,106.54755,107.08201,107.61482,108.24849,108.78231,109.31421,109.84411,110.49426,111.02437,111.55221,112.07771,112.74263,113.26752,113.78981,114.46624,114.98732,115.50556,116.19248,116.70883,117.2221,117.9184,118.4292,118.9367,119.64125,120.14564,120.85721,121.35807,122.07618,122.5731,123.29716,123.78964,124.51907,125.00675,125.741,126.22345,126.96187,127.43863,128.18067,128.92752,129.39642,130.14584,130.89949,131.35935,132.11462,132.8736,133.32338,134.08282,134.84533,135.61074,136.37875,136.81054,137.57717,138.34579,139.11615,139.88791,140.66084,141.43473,142.20934,142.98435,143.75946,144.53451,145.3092,146.08325,146.85628,147.26274,148.03898,148.81364,149.58637,150.35692,150.78437,151.55631,152.32543,152.76456,153.5338,154.29953,154.74944,155.51429,155.97142,156.73462,157.49317,157.95957,158.71551,159.1882,159.94074,160.41929,161.16772,161.65182,162.39549,162.88473,163.62286,164.11681,164.61442,165.34703,165.84872,166.57413,167.07948,167.58817,168.30565,168.81741,169.33231,170.04058,170.55779,171.07788,171.60082,172.29716,172.82163,173.34871,173.87834,174.56048,175.0907,175.62313,176.15772,176.69444,177.23322,177.89371,178.43171,178.97146,179.51289 -0.01223,-0.01316,-0.0139,-0.01445,-0.01482,-0.01499,-0.01504,-0.01493,-0.01471,-0.01443,-0.01412,-0.0138,-0.01354,-0.01337,-0.01335,-0.01352,-0.01393,-0.01461,-0.01557,-0.01726,-0.01872,-0.02037,-0.02209,-0.02383,-0.02546,-0.02691,-0.02811,-0.02901,-0.02923,-0.02941,-0.02933,-0.02905,-0.02861,-0.02733,-0.02676,-0.02619,-0.02566,-0.02448,-0.02414,-0.0239,-0.02374,-0.02299,-0.02303,-0.02316,-0.02259,-0.02289,-0.02324,-0.0229,-0.02342,-0.02402,-0.02404,-0.02484,-0.02532,-0.02639,-0.02743,-0.02879,-0.03041,-0.03198,-0.0336,-0.03559,-0.03756,-0.03901,-0.04055,-0.04159,-0.04228,-0.04279,-0.04242,-0.04135,-0.04121,-0.03947,-0.03741,-0.03731,-0.03519,-0.03309,-0.03109,-0.03135,-0.02962,-0.02825,-0.02736,-0.02708,-0.0275,-0.0291,-0.03059,-0.03264,-0.03505,-0.0375,-0.03969,-0.04131,-0.04218,-0.04126,-0.04097,-0.03993,-0.03837,-0.03654,-0.03474,-0.03332,-0.03208,-0.03138,-0.03128,-0.03115,-0.03187,-0.03294,-0.0333,-0.03445,-0.0355,-0.03544,-0.03601,-0.03549,-0.03565,-0.03571,-0.03483,-0.03488,-0.03403,-0.03416,-0.03341,-0.03356,-0.03292,-0.03305,-0.03258,-0.03224,-0.03267,-0.03268,-0.03351,-0.03392,-0.03448,-0.03594,-0.03673,-0.03753,-0.03906,-0.03967,-0.04013,-0.04088,-0.04085,-0.04062,-0.04023,-0.03962,-0.03894,-0.03825,-0.03761,-0.03672,-0.03632,-0.03607,-0.03595,-0.03595,-0.03603,-0.03613,-0.03626,-0.03633,-0.03627,-0.03605,-0.03564,-0.03503,-0.03426,-0.03337,-0.03239,-0.03171,-0.03084,-0.03005,-0.02937,-0.02883,-0.02841,-0.02812,-0.02794,-0.02784,-0.02783,-0.02788,-0.02758,-0.02787,-0.02825,-0.02871,-0.02927,-0.02992,-0.03064,-0.03142,-0.03224,-0.03304,-0.03332,-0.03388,-0.0343,-0.03456,-0.03462,-0.03449,-0.03306,-0.0325,-0.03177,-0.03091,-0.02996,-0.0281,-0.02715,-0.02626,-0.02495,-0.02433,-0.02384,-0.02348,-0.02316,-0.02311,-0.02312,-0.02333,-0.0234,-0.02374,-0.02373,-0.02363,-0.02392,-0.02374,-0.02405,-0.02389,-0.02427,-0.02421,-0.02461,-0.02462,-0.0249,-0.02489,-0.02489,-0.02483,-0.02453,-0.02448,-0.02401,-0.02356,-0.02376,-0.02357,-0.0236,-0.02427,-0.02459,-0.02495,-0.02573,-0.02586,-0.0257,-0.02522,-0.02448,-0.02449,-0.02367,-0.02306,-0.02281,-0.02297,-0.02345,-0.02409,-0.02468,-0.02502,-0.02498,-0.02453,-0.02374,-0.02271,-0.02129,-0.02028,-0.01933,-0.01845,-0.01758,-0.01674,-0.01585,-0.0148,-0.01361,-0.01265,-0.0113,-0.01,-0.00892,-0.00783,-0.00684,-0.0062,-0.00593,-0.00527,-0.00539,-0.0049,-0.00512,-0.00468,-0.00479,-0.00437,-0.00433,-0.00402,-0.00385,-0.00383,-0.00386,-0.00384,-0.00394,-0.00402,-0.0036,-0.00338,-0.00299,-0.00176,-0.00098,-7e-05,0.00151,0.00243,0.00328,0.00402,0.00473,0.00508,0.00533,0.00549,0.00516,0.00518,0.00523,0.0053,0.0054,0.0055,0.0049,0.00494,0.00495,0.00491,0.00483,0.00474,0.00466,0.00462,0.00466,0.0048,0.00506,0.00486,0.0054,0.00606,0.00679,0.00757,0.00835,0.00908,0.01037,0.01088,0.01123,0.0114,0.01141,0.01128,0.01104,0.01072,0.01039,0.01009,0.00985,0.00967,0.00959,0.00967,0.0099,0.01026,0.01073,0.01098,0.01156,0.01215,0.01274,0.01329,0.01384,0.01433,0.01474,0.01538,0.01567,0.01586,0.01634,0.01634,0.01626,0.0165,0.01632,0.01614,0.01639,0.01632,0.01636,0.01695,0.01726,0.01805,0.0186,0.01939,0.02006,0.02064,0.02133,0.02164,0.0223,0.02244,0.02308,0.02324,0.02353,0.0243,0.02493,0.02588,0.02689,0.02826,0.02986,0.03104,0.03275,0.03445,0.03607,0.03698,0.03829,0.03941,0.04029,0.04086,0.04105,0.0408,0.0401,0.039,0.0376,0.03608,0.03462,0.03335,0.03237,0.03167,0.03121,0.03091,0.03084,0.03069,0.03062,0.03065,0.03078,0.03107,0.03157,0.03226,0.03285,0.03381,0.03459,0.03565,0.03664,0.03752,0.03834,0.03913,0.03968,0.0403,0.04053,0.04088,0.04078,0.04081,0.04033,0.03999,0.03911,0.03841,0.03714,0.03613,0.035,0.03337,0.03212,0.0306,0.02945,0.02841,0.02758,0.02694,0.02653,0.02637,0.0269,0.02723,0.02778,0.02849,0.02993,0.0308,0.03173,0.03267,0.03401,0.03481,0.03558,0.03631,0.03698,0.03759,0.03765,0.03795,0.03816,0.03829,0.03835,0.03834,0.03827,0.03813,0.03793,0.03767,0.03735,0.03697,0.03529,0.0349,0.03457,0.03435,0.03429,0.03444,0.03536,0.03581,0.03648,0.03733,0.0383,0.0393,0.04027,0.04113,0.04181,0.04229,0.04254,0.04254,0.04227,0.04196,0.04149,0.04092,0.04028,0.03963,0.03954,0.03905,0.03865,0.03837,0.03888,0.03885,0.03893,0.0391,0.03986,0.04004,0.04019,0.04053,0.04045,0.04028,0.03985,0.03944,0.03899,0.0379,0.03742,0.03702,0.03578,0.0356,0.03453,0.0347,0.03402,0.03454,0.03435,0.03512,0.0353,0.0361,0.03636,0.03691,0.03687,0.03694,0.03635,0.03552,0.03479,0.03362,0.03252,0.03158,0.03074,0.03025,0.02979,0.0299,0.03036,0.0311,0.03201,0.03245,0.03338,0.03419,0.03481,0.03521,0.03539,0.03538,0.03525,0.03507,0.03489,0.03479,0.03479,0.03489,0.03503,0.03522,0.03534,0.03526,0.03485,0.03404,0.03407,0.03263,0.0307,0.03033,0.02772,0.02476,0.02381,0.02051,0.01931,0.01609,0.01321,0.01216,0.00998,0.0093,0.00792,0.00772,0.007,0.0072,0.00695,0.00741,0.00742,0.00789,0.00827,0.00816,0.00819,0.00788,0.0075,0.00696,0.00643,0.00574,0.00504,0.00476,0.00422,0.00377,0.00339,0.00325,0.00283,0.00234,0.00174,0.00087,-9e-05,-0.00121,-0.00248,-0.00389,-0.00537,-0.00702,-0.00847,-0.00986,-0.01112
180.0 -179.57109,-179.04542,-178.51857,-177.99059,-177.46156,-176.93158,-176.40072,-175.86907,-175.33671,-174.80375,-174.2704,-173.73666,-173.20259,-172.66828,-172.13384,-171.59932,-171.06484,-170.5305,-169.9964,-169.46277,-168.92962,-168.39699,-167.86498,-167.30936,-166.77382,-166.23915,-165.7055,-165.17296,-164.64176,-164.11192,-163.52423,-162.99224,-162.46186,-161.9332,-161.40627,-160.79692,-160.26889,-159.74307,-159.21952,-158.59375,-158.06998,-157.54872,-157.03003,-156.38938,-155.87137,-155.35618,-154.7042,-154.19053,-153.52968,-153.01784,-152.50936,-151.83893,-151.33301,-150.65474,-150.15186,-149.65281,-148.96709,-148.47192,-147.77971,-147.28871,-146.59061,-146.10424,-145.40083,-144.91963,-144.21153,-143.49818,-143.02405,-142.30702,-141.83927,-141.11919,-140.39472,-139.93584,-139.20942,-138.47911,-137.74515,-137.29931,-136.56494,-135.82752,-135.08729,-134.65662,-133.91746,-133.17615,-132.43296,-131.68822,-130.9422,-130.19509,-129.44713,-128.69861,-127.94979,-127.20097,-126.4524,-125.70439,-124.95719,-124.21121,-123.46665,-123.075,-122.32781,-121.58271,-120.83996,-120.43144,-119.68758,-118.94679,-118.20934,-117.78582,-117.04885,-116.31589,-115.88189,-115.1505,-114.70945,-113.98033,-113.25629,-112.80641,-112.08578,-111.6299,-110.91331,-110.45174,-109.73989,-109.273,-108.56656,-108.09481,-107.39443,-106.91831,-106.43851,-105.74461,-105.26099,-104.5747,-104.08774,-103.5974,-102.91983,-102.4268,-101.93065,-101.26312,-100.76495,-100.26386,-99.60758,-99.10516,-98.60007,-98.09237,-97.4505,-96.94238,-96.43194,-95.91924,-95.29383,-94.7816,-94.2674,-93.75131,-93.23341,-92.71378,-92.11319,-91.59538,-91.07614,-90.55557,-90.03375,-89.51077,-88.98673,-88.46172,-87.93584,-87.37693,-86.85478,-86.33206,-85.80887,-85.2853,-84.76145,-84.23741,-83.71329,-83.18918,-82.66517,-82.14135,-81.61782,-81.09469,-80.57204,-80.04998,-79.5286,-78.95685,-78.43203,-77.90816,-77.38537,-76.86374,-76.34338,-75.82435,-75.30676,-74.79069,-74.17856,-73.66102,-73.14524,-72.63137,-72.11946,-71.48587,-70.9736,-70.46359,-69.95591,-69.45061,-68.79882,-68.29422,-67.79229,-67.12805,-66.62757,-66.12999,-65.63536,-64.95916,-64.46685,-63.97769,-63.29196,-62.80571,-62.11182,-61.62902,-61.14973,-60.4487,-59.97348,-59.26588,-58.79511,-58.08141,-57.61557,-56.89657,-56.43608,-55.7125,-55.25776,-54.53029,-54.08167,-53.35087,-52.90867,-52.17538,-51.43751,-51.0049,-50.26567,-49.84042,-49.10051,-48.35694,-47.61011,-47.19955,-46.45361,-45.70517,-45.30688,-44.56039,-43.81211,-43.06227,-42.3111,-41.5589,-40.80597,-40.43939,-39.69109,-38.9428,-38.19477,-37.44728,-36.7005,-35.95479,-35.53952,-34.79086,-34.04397,-33.29911,-32.55651,-31.81644,-31.37674,-30.63628,-29.89892,-29.16488,-28.71097,-27.97799,-27.249,-26.5242,-26.0586,-25.33641,-24.86426,-24.14538,-23.43145,-22.95182,-22.24205,-21.75703,-21.05216,-20.56222,-19.86286,-19.36847,-18.67521,-18.17669,-17.48989,-16.98786,-16.30824,-15.80321,-15.29468,-14.62373,-14.11288,-13.45034,-12.93749,-12.42162,-11.76943,-11.25241,-10.73263,-10.09199,-9.57174,-9.04903,-8.52393,-7.89817,-7.37331,-6.84638,-6.31746,-5.70843,-5.18077,-4.65144,-4.1205,-3.58803,-3.0006,-2.47028,-1.93875,-1.40612,-0.87246,-0.33789,0.19751,0.75267,1.28448,1.81694,2.34984,2.8831,3.41661,3.95028,4.48403,5.01775,5.55135,6.08478,6.61801,7.15087,7.68324,8.21505,8.7462,9.27661,9.80619,10.33486,10.86255,11.38925,11.99727,12.52607,13.05352,13.57952,14.104,14.62689,15.14812,15.66762,16.30549,16.82554,17.34359,17.85958,18.37345,19.02867,19.54194,20.05284,20.56134,21.22976,21.73696,22.24151,22.92025,23.42279,23.92247,24.41926,25.10745,25.60155,26.29738,26.78832,27.27606,27.97852,28.46251,29.1712,29.65113,30.12757,30.84079,31.31261,32.0305,32.49733,33.21937,33.68093,34.4064,34.86228,35.59056,36.32332,36.77096,37.50566,37.94678,38.68269,39.42213,39.85355,40.59331,41.33602,41.75699,42.49896,43.24323,43.9896,44.39564,45.14002,45.88584,46.63287,47.38089,48.12975,48.87911,49.62871,50.37831,51.12769,51.8767,52.625,53.37237,54.11858,54.86343,55.60673,56.34818,57.08756,57.50574,58.24601,58.98372,59.71859,60.1504,60.88488,61.61596,62.05733,62.78714,63.51302,63.963,64.68662,65.40583,65.86346,66.57957,67.04263,67.75502,68.22316,68.93129,69.40414,70.10751,70.58469,71.28275,71.7639,72.45611,72.94082,73.62672,74.1146,74.60567,75.28432,75.778,76.44914,76.94506,77.44383,78.106,78.60643,79.10946,79.76166,80.2658,80.77233,81.28121,81.92071,82.42996,82.94131,83.45469,84.07981,84.59283,85.10764,85.62417,86.14237,86.74883,87.26575,87.78408,88.30375,88.82468,89.3468,89.87003,90.44869,90.9694,91.49098,92.01333,92.5364,93.06008,93.58432,94.10903,94.63412,95.15953,95.68517,96.21094,96.73679,97.26263,97.78837,98.31394,98.83925,99.36424,99.88881,100.41288,100.93638,101.45921,101.98132,102.50261,103.079,103.60295,104.12585,104.64762,105.16814,105.68736,106.20522,106.80985,107.32914,107.84681,108.36279,108.87701,109.50068,110.01539,110.52808,111.03869,111.67701,112.18741,112.69549,113.20116,113.85247,114.35718,114.85927,115.52075,116.0213,116.51898,117.18962,117.68519,118.36347,118.85653,119.34638,120.03208,120.5188,121.21099,121.69424,122.3924,122.87178,123.57532,124.05037,124.75884,125.22922,125.94208,126.40739,127.12399,127.58385,128.30372,129.02806,129.48035,130.20698,130.93759,131.38127,132.11332,132.84876,133.58736,134.01866,134.75738,135.49879,136.24259,136.65966,137.40219,138.1466,138.89264,139.63996,140.38846,141.13792,141.8881,142.63865,143.38937,144.14008,144.89052,145.64036,146.38936,146.78258,147.53479,148.28565,149.03475,149.78194,150.19518,150.94382,151.68991,152.43311,152.86075,153.60405,154.34399,154.78169,155.5206,155.96492,156.70225,157.43516,157.88816,158.6184,159.07722,159.80424,160.26862,160.99177,161.46128,162.17979,162.6541,163.13194,163.84634,164.32852,165.03688,165.52296,166.01225,166.71408,167.20672,167.90101,168.39659,168.89511,169.58075,170.08164,170.58527,171.09153,171.76627,172.27404,172.7843,173.29699,173.9587,174.47213,174.98775,175.5055,176.02519,176.66952,177.18887,177.71002,178.23288,178.7574,179.2835,179.81109 -0.01229,-0.01306,-0.0137,-0.01417,-0.01449,-0.01465,-0.01466,-0.01454,-0.01432,-0.01403,-0.01372,-0.01343,-0.01319,-0.01306,-0.01306,-0.01325,-0.01365,-0.0143,-0.01522,-0.01641,-0.01785,-0.0195,-0.02129,-0.02326,-0.02507,-0.02672,-0.02814,-0.02926,-0.03005,-0.0305,-0.03054,-0.03036,-0.02994,-0.02935,-0.02865,-0.02774,-0.02704,-0.02639,-0.0258,-0.02524,-0.02492,-0.02472,-0.02462,-0.02455,-0.02467,-0.02485,-0.02492,-0.02525,-0.0253,-0.02575,-0.02625,-0.02647,-0.02717,-0.02759,-0.02854,-0.02961,-0.03055,-0.03186,-0.03318,-0.03463,-0.03622,-0.03765,-0.0393,-0.04054,-0.04195,-0.04307,-0.04374,-0.04417,-0.0445,-0.04425,-0.04358,-0.04369,-0.04268,-0.04141,-0.03991,-0.0403,-0.03866,-0.0369,-0.03518,-0.03592,-0.03471,-0.03409,-0.03421,-0.03512,-0.03673,-0.03884,-0.0412,-0.04343,-0.04526,-0.04644,-0.04683,-0.04646,-0.04541,-0.04386,-0.04201,-0.04008,-0.03818,-0.03652,-0.03524,-0.03395,-0.03355,-0.03374,-0.03449,-0.0345,-0.03586,-0.03737,-0.03754,-0.03886,-0.0387,-0.03949,-0.03994,-0.03918,-0.03919,-0.03829,-0.03809,-0.03724,-0.03694,-0.03618,-0.03582,-0.03516,-0.03483,-0.03435,-0.03399,-0.03417,-0.0342,-0.03498,-0.03543,-0.03602,-0.03751,-0.03831,-0.0391,-0.04054,-0.04108,-0.04145,-0.04192,-0.04173,-0.04133,-0.04074,-0.03982,-0.03897,-0.03812,-0.03733,-0.03643,-0.03595,-0.03564,-0.03551,-0.03553,-0.03566,-0.0359,-0.0361,-0.03625,-0.03629,-0.0362,-0.03595,-0.03554,-0.03499,-0.03433,-0.03355,-0.03287,-0.03223,-0.03168,-0.0312,-0.03082,-0.03052,-0.03029,-0.03009,-0.02992,-0.02975,-0.02957,-0.02941,-0.02925,-0.02915,-0.02912,-0.02911,-0.02945,-0.02994,-0.03058,-0.03138,-0.03229,-0.03329,-0.03431,-0.03531,-0.03595,-0.03656,-0.03696,-0.03711,-0.03699,-0.03569,-0.03499,-0.0341,-0.03305,-0.03191,-0.02977,-0.02867,-0.02764,-0.02597,-0.02526,-0.02468,-0.02424,-0.0235,-0.02329,-0.02311,-0.02286,-0.02267,-0.02264,-0.02237,-0.02205,-0.02216,-0.02186,-0.02217,-0.02203,-0.02258,-0.02267,-0.02338,-0.02368,-0.02437,-0.0248,-0.02526,-0.02574,-0.02588,-0.02637,-0.02621,-0.02593,-0.02646,-0.02623,-0.02687,-0.02683,-0.02694,-0.02716,-0.02776,-0.02784,-0.02771,-0.02774,-0.02713,-0.02631,-0.02543,-0.02471,-0.02433,-0.02442,-0.02496,-0.0258,-0.02688,-0.02793,-0.02872,-0.02904,-0.02883,-0.02793,-0.02698,-0.02571,-0.02426,-0.02278,-0.02133,-0.02031,-0.01905,-0.01784,-0.01665,-0.01587,-0.01474,-0.01367,-0.01275,-0.01191,-0.01121,-0.01031,-0.00992,-0.0098,-0.00899,-0.00913,-0.0084,-0.00863,-0.00792,-0.00801,-0.00726,-0.00707,-0.00627,-0.00589,-0.00518,-0.00479,-0.00429,-0.00394,-0.00373,-0.00351,-0.00321,-0.0029,-0.0025,-0.00167,-0.00096,-0.00015,0.00106,0.00194,0.00276,0.00346,0.00404,0.00436,0.00452,0.00455,0.00409,0.00392,0.00376,0.00362,0.00354,0.00294,0.00295,0.00298,0.00301,0.00302,0.003,0.00294,0.00229,0.0022,0.00212,0.0021,0.00215,0.00229,0.00254,0.00292,0.00341,0.004,0.00466,0.00535,0.00605,0.00671,0.0073,0.00782,0.00823,0.00854,0.00878,0.00896,0.00911,0.00963,0.00969,0.00981,0.01003,0.01036,0.01081,0.01137,0.01199,0.01191,0.01251,0.01308,0.01358,0.01396,0.01371,0.01397,0.01413,0.0142,0.0143,0.01437,0.01441,0.0148,0.01483,0.01483,0.0148,0.0151,0.01499,0.01515,0.01501,0.01491,0.0152,0.01531,0.01597,0.0164,0.01698,0.0182,0.01905,0.02036,0.0213,0.02239,0.02326,0.02397,0.02468,0.02503,0.02523,0.02579,0.02596,0.02654,0.02693,0.02758,0.02841,0.0295,0.03084,0.03186,0.03334,0.03477,0.03607,0.0366,0.03746,0.03809,0.03853,0.03879,0.03885,0.03869,0.03827,0.03758,0.03664,0.03556,0.03443,0.03337,0.03247,0.03176,0.03123,0.03085,0.03058,0.03049,0.03037,0.03035,0.03047,0.03058,0.03088,0.0313,0.03162,0.03218,0.03274,0.03334,0.03393,0.03446,0.03527,0.03577,0.03662,0.03707,0.03788,0.03822,0.03888,0.03904,0.03945,0.03931,0.03936,0.03884,0.03849,0.03758,0.03688,0.03603,0.03481,0.03381,0.0328,0.03184,0.03088,0.0306,0.0299,0.0293,0.03001,0.02977,0.02969,0.02977,0.03139,0.03171,0.03215,0.03268,0.03426,0.03472,0.03517,0.03559,0.03598,0.03669,0.03685,0.03695,0.03699,0.03696,0.03688,0.03673,0.03642,0.03611,0.03575,0.03534,0.03489,0.0344,0.03389,0.03335,0.03283,0.03235,0.03197,0.03174,0.03172,0.03196,0.03249,0.03331,0.0344,0.03569,0.03711,0.03856,0.03994,0.04117,0.04217,0.04289,0.04306,0.04317,0.04298,0.04254,0.04188,0.04107,0.04018,0.0394,0.03856,0.0378,0.03715,0.03664,0.03667,0.03648,0.03644,0.03651,0.0372,0.03742,0.03765,0.03785,0.03866,0.03874,0.03874,0.03925,0.0391,0.03891,0.039,0.03876,0.03852,0.03832,0.03821,0.03783,0.03792,0.03757,0.03793,0.03772,0.03832,0.03825,0.03899,0.03895,0.03966,0.03944,0.03991,0.03927,0.0394,0.03823,0.03678,0.03648,0.03479,0.03317,0.03303,0.0318,0.03096,0.0306,0.03131,0.03154,0.03207,0.03276,0.0337,0.03422,0.03457,0.03471,0.03467,0.0345,0.03426,0.03404,0.03388,0.03381,0.03386,0.03399,0.03418,0.03435,0.03457,0.03455,0.03429,0.03371,0.03275,0.03235,0.03081,0.02888,0.02663,0.02579,0.02319,0.0205,0.01951,0.01683,0.01581,0.01335,0.01126,0.01036,0.00876,0.00803,0.00695,0.00647,0.00587,0.00569,0.00557,0.00572,0.00603,0.00643,0.00688,0.0074,0.00775,0.00799,0.00814,0.00804,0.00785,0.00745,0.00696,0.00646,0.0059,0.00534,0.00481,0.00415,0.00361,0.00306,0.00247,0.00128,0.00051,-0.00034,-0.0013,-0.00237,-0.00416,-0.00533,-0.00655,-0.00779,-0.00902,-0.0102,-0.0113
185.625 -179.8337,-179.32228,-178.80987,-178.29639,-177.7819,-177.2665,-176.75025,-176.23323,-175.71554,-175.15531,-174.64106,-174.12656,-173.61174,-173.09669,-172.58148,-172.08044,-171.56049,-171.04062,-170.52093,-170.00151,-169.48259,-168.96411,-168.44617,-167.92885,-167.41223,-166.89642,-166.38148,-165.82593,-165.30824,-164.79186,-164.27672,-163.76292,-163.25054,-162.66998,-162.15596,-161.64363,-161.1331,-160.62443,-160.0246,-159.51545,-159.00839,-158.50355,-157.88897,-157.38426,-156.88206,-156.25608,-155.75463,-155.25606,-154.61976,-154.12266,-153.62857,-152.98275,-152.49061,-151.83712,-151.34744,-150.86121,-150.19997,-149.71702,-149.04938,-148.56997,-147.8963,-147.42087,-146.7417,-146.27069,-145.58661,-145.12042,-144.43216,-143.97134,-143.27926,-142.58248,-142.12878,-141.42909,-140.72518,-140.27976,-139.57389,-138.86441,-138.42851,-137.71811,-137.00457,-136.57908,-135.86559,-135.14966,-134.43138,-133.71098,-132.9887,-132.5854,-131.86544,-131.14422,-130.42195,-129.6989,-128.97529,-128.25141,-127.52755,-126.80388,-126.0807,-125.35824,-124.98855,-124.26272,-123.5382,-122.81526,-122.09413,-121.70394,-120.98126,-120.26102,-119.54349,-119.13848,-118.42068,-117.70624,-117.29085,-116.57716,-115.86741,-115.44263,-114.7347,-114.30347,-113.59792,-112.89726,-112.458,-111.76073,-111.31592,-110.62265,-110.17274,-109.48414,-109.02943,-108.34604,-107.8869,-107.20932,-106.74615,-106.27957,-105.60817,-105.13814,-104.47398,-104.00092,-103.52473,-102.86878,-102.39012,-101.90854,-101.26198,-100.77854,-100.29241,-99.65638,-99.16902,-98.67918,-98.1869,-97.56425,-97.07154,-96.57664,-96.07962,-95.47221,-94.97559,-94.47711,-93.97684,-93.47485,-92.97121,-92.38667,-91.88461,-91.38119,-90.87647,-90.37054,-89.86348,-89.35536,-88.84627,-88.29599,-87.79005,-87.28342,-86.77618,-86.26842,-85.76022,-85.25168,-84.74287,-84.23389,-83.72482,-83.21576,-82.70679,-82.198,-81.68946,-81.18125,-80.67348,-80.16623,-79.65959,-79.15363,-78.64846,-78.08738,-77.57931,-77.07226,-76.56633,-76.06162,-75.55819,-75.05614,-74.55554,-73.9611,-73.45918,-72.95898,-72.46051,-71.96389,-71.34955,-70.85262,-70.3578,-69.86514,-69.37472,-68.74351,-68.25379,-67.76648,-67.12358,-66.6376,-66.1543,-65.67372,-65.01955,-64.54109,-64.06554,-63.40241,-62.92949,-62.25854,-61.78877,-61.32224,-60.64444,-60.1816,-59.49747,-59.03873,-58.34875,-57.8944,-57.44364,-56.74978,-56.30398,-55.60588,-54.90229,-54.46361,-53.75669,-53.32381,-52.61416,-52.18751,-51.47588,-50.76014,-50.34272,-49.62601,-48.90581,-48.49838,-47.77807,-47.05487,-46.65828,-45.93603,-45.21156,-44.48512,-43.75696,-43.37992,-42.65438,-41.92777,-41.20033,-40.47232,-39.74385,-39.01529,-38.2869,-37.5589,-36.83148,-36.10496,-35.3796,-34.65564,-33.93324,-33.21256,-32.79655,-32.07465,-31.35521,-30.63833,-29.92432,-29.49117,-28.77774,-28.06762,-27.62459,-26.91596,-26.21128,-25.75963,-25.05748,-24.35977,-23.90062,-23.20629,-22.74147,-22.05097,-21.36565,-20.89518,-20.21473,-19.73991,-19.06487,-18.5861,-17.91695,-17.43449,-16.94845,-16.28603,-15.7971,-15.14178,-14.6504,-14.15585,-13.50924,-13.01283,-12.37419,-11.87625,-11.37559,-10.87228,-10.24587,-9.742,-9.23573,-8.62086,-8.11456,-7.60601,-7.09542,-6.49535,-5.98559,-5.47406,-4.96084,-4.44602,-3.86554,-3.35244,-2.83791,-2.32213,-1.80519,-1.28719,-0.73187,-0.21673,0.29921,0.81586,1.33321,1.85119,2.36963,2.88844,3.40753,3.92681,4.4462,4.96561,5.48495,6.0042,6.5233,7.04208,7.56048,8.0784,8.59575,9.11246,9.62844,10.14361,10.65795,11.17141,11.68383,12.19516,12.70534,13.21426,13.81292,14.32321,14.83199,15.33923,15.84491,16.34889,16.96919,17.47344,17.97576,18.47609,18.97438,19.61062,20.1082,20.60359,21.09673,21.74517,22.23686,22.72605,23.38404,23.87122,24.3557,24.83748,25.50422,25.98342,26.65728,27.1334,27.60651,28.28652,28.75609,29.44199,29.90768,30.37014,31.06026,31.51835,32.21287,32.66631,33.36479,33.81324,34.51499,35.22141,35.66256,36.37141,36.80682,37.5175,37.94682,38.65872,39.37404,39.79431,40.51009,41.22872,41.94999,42.3573,43.07765,43.80016,44.52455,44.91754,45.63981,46.36335,47.08801,47.81356,48.53971,49.26627,49.99299,50.71973,51.44625,52.17229,52.89762,53.62204,54.34541,55.06744,55.78792,56.50665,57.22345,57.62794,58.34567,59.06091,59.77349,60.1909,60.90316,61.6123,62.03882,62.74675,63.45098,63.88573,64.58793,65.28603,65.72813,66.42338,66.87071,67.56256,68.01478,68.70278,69.15957,69.84316,70.30415,70.98285,71.44772,72.12109,72.58948,73.25701,73.72852,74.38975,74.86404,75.34127,75.99527,76.47479,76.95708,77.60287,78.08691,78.5735,79.21015,79.69798,80.18816,80.81478,81.30569,81.79875,82.29389,82.90774,83.40292,83.89996,84.3988,84.89939,85.4966,85.99639,86.4977,87.00045,87.50459,88.01005,88.58543,89.08909,89.59383,90.09958,90.60628,91.11385,91.62222,92.13132,92.64108,93.15142,93.68721,94.19415,94.70145,95.20901,95.71678,96.22468,96.73264,97.24059,97.74844,98.25614,98.7636,99.27074,99.80493,100.31557,100.82566,101.33515,101.84395,102.35198,102.85918,103.36548,103.87079,104.37504,104.9493,105.45547,105.96036,106.46388,106.96599,107.46661,108.06301,108.56456,109.06437,109.56239,110.05854,110.67185,111.1681,111.66227,112.15431,112.78064,113.27205,113.76108,114.39756,114.88548,115.37083,116.01663,116.50031,116.98121,117.63534,118.11403,118.77518,119.25132,119.72435,120.39221,120.86213,121.53591,122.00239,122.68164,123.14427,123.82842,124.28686,124.97554,125.42944,126.12212,126.57107,127.26714,127.96764,128.40989,129.11307,129.54947,130.25467,130.96355,131.39174,132.1019,132.81519,133.53147,133.94787,134.66422,135.38307,136.10408,136.82719,137.22678,137.94838,138.6715,139.39588,140.12138,140.84779,141.57489,142.30231,143.02999,143.75769,144.48523,145.21222,145.93853,146.66395,147.04907,147.77725,148.50383,149.22874,149.95172,150.35545,151.07962,151.8012,152.21522,152.93711,153.6559,154.0796,154.79763,155.51198,155.94459,156.65738,157.09591,157.80639,158.25058,158.9584,159.66128,160.11254,160.81164,161.26773,161.72715,162.42307,162.88691,163.57772,164.04561,164.73067,165.20229,165.67698,166.35611,166.83394,167.50583,167.98644,168.46982,169.13383,169.61951,170.10779,170.59862,171.25263,171.74491,172.23954,172.73648,173.37842,173.87619,174.37604,174.87794,175.50593,176.00789,176.5115,177.01686,177.5239,178.03254,178.63962,179.14717,179.65609 -0.01139,-0.01187,-0.01231,-0.0127,-0.01301,-0.01323,-0.01337,-0.01344,-0.01344,-0.01284,-0.01285,-0.01287,-0.01291,-0.01298,-0.01313,-0.01334,-0.01363,-0.01407,-0.01469,-0.01552,-0.01656,-0.01781,-0.01925,-0.02083,-0.02246,-0.02406,-0.02556,-0.02738,-0.02847,-0.02924,-0.02966,-0.02975,-0.02955,-0.02956,-0.02891,-0.02811,-0.02724,-0.02636,-0.02594,-0.02518,-0.02454,-0.02401,-0.02407,-0.02383,-0.0237,-0.02414,-0.0242,-0.02431,-0.02495,-0.0252,-0.02549,-0.02625,-0.02672,-0.02755,-0.02824,-0.02904,-0.03008,-0.03114,-0.03227,-0.03351,-0.03474,-0.03604,-0.03732,-0.03857,-0.03984,-0.04091,-0.04208,-0.04289,-0.04381,-0.04454,-0.0449,-0.04524,-0.04534,-0.04548,-0.04538,-0.0451,-0.04532,-0.0449,-0.04422,-0.04452,-0.04361,-0.04252,-0.04145,-0.04065,-0.04036,-0.04187,-0.0426,-0.04389,-0.04561,-0.04745,-0.04915,-0.05044,-0.05114,-0.05117,-0.05061,-0.04955,-0.04848,-0.04695,-0.04524,-0.04348,-0.0418,-0.04023,-0.03885,-0.03787,-0.03742,-0.03665,-0.03715,-0.03821,-0.03826,-0.03986,-0.04155,-0.04164,-0.04296,-0.04269,-0.0433,-0.04343,-0.04252,-0.04204,-0.04098,-0.04017,-0.03918,-0.03826,-0.03744,-0.0366,-0.03601,-0.03546,-0.03516,-0.03498,-0.03526,-0.03547,-0.03644,-0.037,-0.03766,-0.03919,-0.03993,-0.04064,-0.04186,-0.04225,-0.04246,-0.04259,-0.04226,-0.04174,-0.04105,-0.04001,-0.03913,-0.03828,-0.03749,-0.03681,-0.03635,-0.03605,-0.0359,-0.03588,-0.03597,-0.03646,-0.03658,-0.03664,-0.03661,-0.03646,-0.03617,-0.03576,-0.03524,-0.03461,-0.03398,-0.03339,-0.03287,-0.03246,-0.03216,-0.03196,-0.03185,-0.0318,-0.03177,-0.03173,-0.03165,-0.03151,-0.03129,-0.03099,-0.03065,-0.03029,-0.02996,-0.02973,-0.02964,-0.02972,-0.03016,-0.03082,-0.0317,-0.03274,-0.0339,-0.0351,-0.03625,-0.03728,-0.038,-0.03844,-0.03857,-0.03837,-0.03739,-0.03658,-0.03556,-0.03442,-0.03322,-0.03133,-0.03023,-0.02924,-0.02758,-0.02688,-0.02631,-0.02584,-0.02471,-0.02436,-0.024,-0.02312,-0.02272,-0.02205,-0.02164,-0.02124,-0.0209,-0.02067,-0.02073,-0.02079,-0.02129,-0.02168,-0.02226,-0.02324,-0.02407,-0.02516,-0.02614,-0.02707,-0.02777,-0.02862,-0.0289,-0.02957,-0.02947,-0.0292,-0.02952,-0.02916,-0.02888,-0.02891,-0.02869,-0.02852,-0.02822,-0.0279,-0.02744,-0.02682,-0.0261,-0.02563,-0.02515,-0.02498,-0.02524,-0.02595,-0.02701,-0.02822,-0.02935,-0.03016,-0.03047,-0.03021,-0.0294,-0.02813,-0.02658,-0.02488,-0.02387,-0.0222,-0.0206,-0.01912,-0.01777,-0.01709,-0.01601,-0.01515,-0.01464,-0.01412,-0.01387,-0.01338,-0.01337,-0.01353,-0.01294,-0.01316,-0.01249,-0.01267,-0.01273,-0.01194,-0.01174,-0.01084,-0.01034,-0.00935,-0.00864,-0.00766,-0.00673,-0.00611,-0.00539,-0.00497,-0.00446,-0.00401,-0.00371,-0.00323,-0.00275,-0.00207,-0.00129,-0.00044,0.00041,0.00129,0.00209,0.00251,0.00299,0.00329,0.00342,0.00282,0.00266,0.00244,0.00221,0.00201,0.00116,0.00108,0.00108,0.00113,0.00121,0.00129,0.00081,0.00089,0.00094,0.00094,0.00093,0.00092,0.00092,0.00098,0.0011,0.00131,0.0016,0.00198,0.00244,0.00297,0.00354,0.00413,0.00471,0.00527,0.00579,0.00626,0.0067,0.00711,0.00753,0.00799,0.0085,0.0091,0.00981,0.01062,0.01124,0.01212,0.01304,0.01394,0.01477,0.01547,0.01535,0.01569,0.0158,0.01568,0.01536,0.01474,0.01429,0.01379,0.01328,0.01329,0.01303,0.01287,0.01339,0.01341,0.01348,0.0136,0.01401,0.01406,0.01425,0.01428,0.01438,0.01467,0.01499,0.01572,0.0164,0.01725,0.01862,0.01972,0.02126,0.02239,0.02376,0.02473,0.02569,0.02636,0.02695,0.02727,0.02768,0.02784,0.02818,0.02844,0.0289,0.02938,0.03021,0.03127,0.03249,0.03305,0.03418,0.03512,0.03582,0.03564,0.03585,0.03586,0.03575,0.03556,0.03532,0.03503,0.03468,0.03424,0.03374,0.03322,0.03271,0.03226,0.0319,0.03161,0.03138,0.03121,0.03112,0.03088,0.03092,0.03109,0.03139,0.03128,0.03163,0.03193,0.03186,0.03205,0.03213,0.03223,0.03234,0.03249,0.03296,0.03333,0.034,0.03456,0.03531,0.03593,0.03664,0.03714,0.03767,0.03787,0.03813,0.03792,0.03787,0.03728,0.03697,0.03625,0.03579,0.03526,0.03487,0.03443,0.03396,0.03442,0.03413,0.03384,0.03515,0.03498,0.03481,0.03652,0.03637,0.03624,0.03616,0.03763,0.03751,0.03743,0.03741,0.03743,0.03824,0.03821,0.0382,0.03819,0.03816,0.0381,0.03861,0.03846,0.03825,0.03798,0.03765,0.03723,0.03675,0.03619,0.03554,0.03483,0.03468,0.03381,0.03293,0.03213,0.03146,0.03102,0.03088,0.03108,0.03166,0.0326,0.03387,0.03537,0.03703,0.03868,0.04024,0.04162,0.04274,0.04355,0.04402,0.04414,0.04394,0.04346,0.0424,0.04151,0.04056,0.0396,0.0387,0.03792,0.03698,0.0365,0.03618,0.03601,0.03597,0.03586,0.03595,0.03604,0.0361,0.03634,0.03632,0.03624,0.0367,0.03658,0.03646,0.03708,0.03701,0.037,0.03761,0.03766,0.03811,0.03825,0.03849,0.03884,0.03926,0.03962,0.04024,0.04062,0.04139,0.04172,0.04248,0.04261,0.04323,0.04302,0.0434,0.04279,0.04189,0.04196,0.04073,0.04077,0.03942,0.03804,0.03838,0.03726,0.03636,0.03575,0.03674,0.03656,0.03659,0.03669,0.03674,0.03747,0.03705,0.03637,0.03545,0.03441,0.0334,0.03254,0.03193,0.03161,0.03157,0.03177,0.03214,0.03258,0.03298,0.03349,0.03356,0.03332,0.03271,0.03169,0.03103,0.02934,0.02735,0.02615,0.02381,0.02142,0.02008,0.01779,0.01574,0.01455,0.0129,0.01185,0.01063,0.0097,0.00885,0.00825,0.00749,0.00715,0.00656,0.00612,0.00623,0.00612,0.00656,0.00674,0.00731,0.0076,0.0079,0.00821,0.0083,0.0082,0.00802,0.0077,0.00704,0.00651,0.00591,0.00528,0.0041,0.00338,0.00265,0.00193,0.00026,-0.00054,-0.00136,-0.0022,-0.00417,-0.00501,-0.00585,-0.0067,-0.00754,-0.00838,-0.00964,-0.01026,-0.01084
191.25 -179.59833,-179.09937,-178.53496,-178.03828,-177.54076,-177.04248,-176.54348,-176.04385,-175.54366,-175.043,-174.54197,-174.04076,-173.5393,-173.03767,-172.53594,-172.03417,-171.53245,-171.03087,-170.52951,-170.02848,-169.528,-169.02798,-168.50606,-168.0027,-167.50001,-166.99808,-166.49702,-165.99689,-165.49781,-165.00002,-164.44588,-163.94604,-163.44756,-162.95048,-162.45488,-161.88138,-161.38459,-160.88956,-160.39658,-159.90553,-159.31485,-158.8235,-158.33433,-157.73239,-157.24346,-156.75688,-156.2728,-155.65885,-155.17598,-154.69583,-154.07259,-153.59402,-152.96331,-152.48672,-152.01325,-151.37477,-150.90393,-150.25921,-149.79136,-149.14061,-148.67612,-148.21527,-147.55905,-147.10213,-146.44105,-145.77497,-145.32319,-144.65312,-144.20631,-143.53263,-143.09116,-142.41441,-141.73356,-141.29938,-140.61632,-139.92984,-139.50401,-138.81622,-138.12526,-137.70867,-137.01728,-136.32322,-135.62668,-135.22326,-134.52761,-133.83009,-133.13084,-132.43008,-131.72811,-131.02504,-130.32108,-129.61646,-128.9114,-128.20612,-127.50092,-126.79598,-126.0915,-125.38775,-124.68499,-123.98337,-123.28312,-122.90958,-122.20727,-121.5069,-120.80872,-120.42071,-119.72174,-119.02561,-118.33242,-117.93149,-117.23873,-116.54948,-116.13942,-115.45151,-115.03531,-114.34931,-113.66773,-113.24386,-112.56513,-112.1359,-111.46056,-111.02628,-110.35488,-109.91587,-109.24895,-108.80558,-108.14374,-107.69639,-107.0401,-106.58907,-106.13486,-105.48449,-105.0271,-104.38355,-103.92337,-103.46036,-102.8246,-102.35933,-101.89135,-101.2644,-100.7947,-100.32248,-99.70536,-99.23197,-98.75629,-98.27835,-97.67371,-97.19534,-96.71492,-96.2325,-95.64198,-95.15988,-94.67601,-94.19046,-93.70328,-93.13111,-92.64514,-92.15778,-91.66911,-91.17918,-90.68808,-90.19587,-89.70262,-89.16118,-88.67056,-88.17916,-87.68705,-87.19432,-86.70102,-86.20726,-85.7131,-85.2186,-84.72386,-84.22896,-83.73397,-83.23898,-82.74407,-82.24931,-81.75478,-81.26057,-80.76672,-80.27333,-79.78048,-79.28826,-78.79672,-78.30596,-77.81604,-77.26572,-76.77337,-76.28208,-75.79196,-75.30308,-74.8155,-74.32928,-73.75156,-73.26418,-72.77841,-72.29432,-71.81191,-71.33128,-70.73303,-70.25234,-69.77368,-69.29708,-68.68513,-68.2092,-67.73552,-67.26412,-66.6401,-66.17007,-65.70257,-65.06907,-64.60348,-64.14062,-63.4987,-63.03824,-62.58062,-61.93122,-61.47657,-60.82054,-60.36924,-59.70713,-59.25955,-58.81519,-58.14827,-57.70798,-57.0363,-56.60052,-55.92466,-55.49373,-54.81426,-54.38849,-53.70589,-53.01862,-52.60026,-51.91074,-51.49828,-50.80718,-50.11239,-49.70874,-49.01327,-48.31453,-47.92034,-47.22184,-46.52079,-45.81742,-45.43692,-44.73495,-44.03117,-43.32577,-42.61902,-42.25733,-41.55361,-40.84917,-40.14423,-39.43902,-38.73375,-38.02846,-37.32348,-36.61911,-35.91559,-35.21311,-34.5119,-34.11871,-33.41559,-32.7142,-32.01472,-31.31736,-30.62242,-30.2088,-29.51392,-28.82197,-28.39875,-27.70778,-27.02006,-26.588,-25.90209,-25.22006,-24.78034,-24.10095,-23.42587,-22.97955,-22.30799,-21.85653,-21.18882,-20.73282,-20.06966,-19.60952,-18.95139,-18.4875,-17.83487,-17.36762,-16.72069,-16.25033,-15.77671,-15.13684,-14.66085,-14.02797,-13.55,-13.06916,-12.44484,-11.96239,-11.47729,-10.86237,-10.37644,-9.88811,-9.28354,-8.79496,-8.30423,-7.81131,-7.21998,-6.72741,-6.23301,-5.73685,-5.16027,-4.66527,-4.16877,-3.67083,-3.17144,-2.6707,-2.11631,-1.61774,-1.11816,-0.61763,-0.11623,0.38595,0.88884,1.39245,1.91442,2.41468,2.91532,3.41628,3.91747,4.41882,4.92024,5.42167,5.9231,6.42445,6.92556,7.42636,7.92679,8.42677,8.92624,9.4251,9.92329,10.42082,10.97716,11.47708,11.97602,12.47391,12.97071,13.46633,13.96071,14.45377,14.94552,15.53341,16.02599,16.51697,17.00632,17.49399,18.09878,18.58637,19.07204,19.55577,20.17355,20.65656,21.13742,21.61612,22.24515,22.72239,23.19725,23.83519,24.30808,24.77849,25.42444,25.89245,26.35776,27.01052,27.47289,27.93242,28.5909,29.04711,29.7112,30.16374,30.83276,31.28125,31.95468,32.39883,33.07627,33.51585,34.19664,34.6313,35.31493,35.74439,36.43041,36.85449,37.54233,38.2338,38.6498,39.34219,40.03782,40.4451,41.14084,41.83918,42.237,42.93463,43.63445,44.33613,44.72059,45.42044,46.12162,46.82403,47.5274,48.23149,48.9361,49.64104,50.34618,51.05125,51.75603,52.46031,53.16387,53.86665,54.56834,55.26875,55.96769,56.665,57.05333,57.75183,58.44818,59.14219,59.83368,60.2373,60.92859,61.6169,62.0292,62.71642,63.40022,63.82043,64.50241,64.92816,65.60777,66.28328,66.71559,67.38803,67.82509,68.49395,68.93542,69.60021,70.04578,70.70608,71.15546,71.81085,72.26367,72.91368,73.3696,73.82851,74.47252,74.93408,75.57166,76.03553,76.5021,77.13218,77.60057,78.07148,78.69316,79.1654,79.63997,80.25239,80.72782,81.20539,81.68504,82.28574,82.76561,83.24735,83.73089,84.31844,84.80159,85.28634,85.77265,86.26043,86.83102,87.31763,87.80551,88.29459,88.78482,89.27613,89.76846,90.31398,90.80406,91.29495,91.78657,92.27885,92.77173,93.26514,93.75902,94.25329,94.74788,95.24272,95.73776,96.23291,96.72812,97.22331,97.71841,98.21336,98.70808,99.20249,99.69653,100.19014,100.68325,101.17579,101.66769,102.15889,102.64933,103.19462,103.68735,104.17909,104.66978,105.15935,105.64773,106.13487,106.70547,107.19387,107.68079,108.16616,108.64995,109.23769,109.72198,110.20446,110.68506,111.28606,111.76654,112.24492,112.72116,113.33407,113.80952,114.28264,114.90486,115.37672,115.84606,116.47681,116.94434,117.40916,118.04751,118.51009,119.15491,119.61491,120.07187,120.72278,121.17663,121.83296,122.28341,122.94475,123.3914,124.05722,124.49978,125.16971,125.60786,126.2814,126.71474,127.39138,128.07217,128.49902,129.18221,129.869,130.2884,130.97682,131.66852,132.07969,132.7721,133.46731,133.86934,134.56457,135.26211,135.96168,136.66323,137.04928,137.74939,138.45088,139.15356,139.85731,140.56194,141.26719,141.97282,142.67873,143.38469,144.09049,144.79579,145.50052,146.20447,146.57839,147.28501,147.99024,148.69396,149.39596,149.78764,150.49083,151.1917,151.89009,152.29461,152.99309,153.68839,154.10184,154.79647,155.21591,155.90934,156.59875,157.02604,157.71327,158.14582,158.83039,159.26799,159.94923,160.39157,161.06908,161.51592,162.18916,162.64005,163.30832,163.76304,164.42596,164.88422,165.34533,166.00262,166.46677,166.93365,167.58415,168.0535,168.52543,169.16814,169.64213,170.11854,170.7524,171.2304,171.71061,172.1929,172.81553,173.29869,173.78385,174.27096,174.88078,175.36809,175.85713,176.34782,176.84002,177.43286,177.92435,178.41725,178.9115,179.40703,179.90377 -0.01018,-0.01017,-0.0091,-0.00904,-0.00905,-0.00915,-0.00932,-0.00956,-0.00985,-0.01018,-0.01052,-0.01089,-0.01126,-0.01163,-0.012,-0.01239,-0.01279,-0.01326,-0.0138,-0.01444,-0.01521,-0.01613,-0.01801,-0.01927,-0.02059,-0.02191,-0.02317,-0.02428,-0.0252,-0.02585,-0.02735,-0.02745,-0.02727,-0.02688,-0.02633,-0.02637,-0.02558,-0.02477,-0.02401,-0.02331,-0.0231,-0.02258,-0.02218,-0.02232,-0.02215,-0.02207,-0.02208,-0.02263,-0.02277,-0.02297,-0.02378,-0.02415,-0.02518,-0.02576,-0.02648,-0.02786,-0.02884,-0.03039,-0.03157,-0.03315,-0.03441,-0.03566,-0.03708,-0.0382,-0.03939,-0.04047,-0.04126,-0.04216,-0.0427,-0.04345,-0.04375,-0.04432,-0.04479,-0.04481,-0.04514,-0.04542,-0.04537,-0.04566,-0.04591,-0.04594,-0.04613,-0.04614,-0.04596,-0.04616,-0.04599,-0.04587,-0.04598,-0.04642,-0.04723,-0.04833,-0.04956,-0.0507,-0.05155,-0.05194,-0.05181,-0.05121,-0.05024,-0.04907,-0.04781,-0.04657,-0.04537,-0.04487,-0.0436,-0.04244,-0.04148,-0.04064,-0.0402,-0.04032,-0.04102,-0.04092,-0.04234,-0.044,-0.0442,-0.04574,-0.04575,-0.04666,-0.04698,-0.04631,-0.04573,-0.04469,-0.04346,-0.04228,-0.04075,-0.03965,-0.03817,-0.03733,-0.03618,-0.03574,-0.03521,-0.03522,-0.03537,-0.03587,-0.03643,-0.03754,-0.03833,-0.03914,-0.0405,-0.04124,-0.04187,-0.04266,-0.04292,-0.043,-0.04276,-0.04237,-0.04181,-0.04113,-0.04013,-0.03937,-0.03865,-0.03801,-0.03761,-0.03729,-0.0371,-0.03703,-0.03705,-0.03764,-0.03776,-0.03784,-0.03785,-0.03776,-0.03755,-0.0372,-0.03672,-0.03638,-0.03569,-0.03498,-0.0343,-0.0337,-0.03322,-0.03288,-0.03269,-0.03264,-0.03269,-0.03282,-0.03299,-0.03314,-0.03323,-0.03324,-0.03313,-0.03289,-0.03252,-0.03205,-0.03153,-0.03103,-0.03061,-0.03036,-0.03033,-0.03055,-0.03119,-0.03208,-0.03316,-0.03435,-0.03554,-0.03663,-0.03782,-0.03842,-0.03869,-0.0386,-0.03818,-0.03745,-0.03654,-0.03544,-0.0343,-0.03318,-0.03194,-0.03102,-0.03025,-0.02963,-0.02858,-0.02814,-0.02774,-0.02661,-0.0262,-0.02575,-0.02449,-0.02399,-0.02347,-0.02236,-0.02197,-0.02122,-0.02112,-0.02087,-0.02115,-0.02162,-0.02206,-0.02287,-0.02372,-0.02474,-0.02585,-0.02694,-0.02809,-0.02905,-0.02998,-0.03062,-0.03107,-0.03115,-0.03109,-0.03063,-0.02997,-0.02927,-0.02848,-0.02782,-0.02688,-0.02645,-0.02618,-0.026,-0.02536,-0.02533,-0.02529,-0.02528,-0.02537,-0.02573,-0.02626,-0.02704,-0.02801,-0.02907,-0.03005,-0.03078,-0.03113,-0.03099,-0.03037,-0.02932,-0.02796,-0.02704,-0.0254,-0.02374,-0.02213,-0.02062,-0.01924,-0.01832,-0.01722,-0.01639,-0.01584,-0.01549,-0.01549,-0.01526,-0.01559,-0.01606,-0.01582,-0.01624,-0.01655,-0.01608,-0.01612,-0.01548,-0.01523,-0.01442,-0.01386,-0.01291,-0.01207,-0.01104,-0.01005,-0.00904,-0.00814,-0.00729,-0.00654,-0.00601,-0.00546,-0.00513,-0.00467,-0.00418,-0.00382,-0.00319,-0.00247,-0.00196,-0.00115,-0.00034,-0.00011,0.00049,0.00096,0.00127,0.00056,0.00054,0.0004,0.0002,-0.00106,-0.00126,-0.00139,-0.00145,-0.00141,-0.00129,-0.00201,-0.00169,-0.00134,-0.00099,-0.00065,-0.00035,-9e-05,0.00012,0.00013,0.00034,0.00053,0.0007,0.00088,0.00109,0.00133,0.00164,0.002,0.00242,0.0029,0.00342,0.00398,0.00456,0.00516,0.00577,0.00642,0.00709,0.00777,0.00851,0.00932,0.01023,0.0112,0.01223,0.01326,0.01426,0.01515,0.01587,0.01646,0.01679,0.01683,0.01657,0.0162,0.0155,0.01461,0.0136,0.01297,0.01209,0.01135,0.01081,0.01108,0.01103,0.01119,0.01202,0.01243,0.01293,0.0136,0.01404,0.01448,0.01466,0.01503,0.01547,0.01566,0.01631,0.0169,0.01786,0.01894,0.02012,0.02149,0.02267,0.02401,0.02497,0.02602,0.02665,0.02733,0.02761,0.02797,0.028,0.0282,0.0284,0.02835,0.0287,0.02923,0.0293,0.03009,0.03101,0.03104,0.03191,0.03264,0.03316,0.0327,0.03285,0.0328,0.03261,0.03237,0.03213,0.03192,0.03176,0.03166,0.0316,0.03161,0.03169,0.03184,0.03202,0.03222,0.03239,0.03254,0.03267,0.03238,0.03254,0.0328,0.03317,0.03358,0.03333,0.03363,0.03373,0.03329,0.03306,0.03267,0.03226,0.03197,0.03187,0.03195,0.03233,0.03274,0.03347,0.03404,0.03487,0.03543,0.03606,0.03648,0.03672,0.03694,0.03677,0.0368,0.03636,0.0363,0.0362,0.03591,0.03588,0.03609,0.03622,0.03636,0.03748,0.03782,0.03812,0.03988,0.04017,0.04034,0.04204,0.04198,0.0418,0.04151,0.04239,0.04189,0.04137,0.04088,0.04114,0.04073,0.04041,0.0402,0.04008,0.04057,0.04062,0.0407,0.04078,0.04083,0.04081,0.04072,0.04137,0.04112,0.04077,0.04029,0.03968,0.03895,0.03809,0.03711,0.03604,0.03493,0.03385,0.03287,0.03212,0.03164,0.03152,0.03181,0.03251,0.03356,0.03491,0.03645,0.03808,0.0397,0.04122,0.04254,0.04362,0.04441,0.04485,0.0449,0.04468,0.04424,0.04364,0.04294,0.04222,0.0406,0.03993,0.03938,0.03896,0.03866,0.0376,0.03749,0.03742,0.03732,0.03668,0.03651,0.03625,0.03589,0.03543,0.03504,0.03465,0.03466,0.03447,0.03439,0.03502,0.03521,0.03552,0.03645,0.03692,0.03781,0.0384,0.03909,0.03992,0.04075,0.04155,0.04249,0.04321,0.04411,0.04458,0.04526,0.04536,0.04569,0.04543,0.04543,0.04493,0.04434,0.04412,0.04351,0.04285,0.04277,0.04219,0.04158,0.04176,0.04129,0.04088,0.04128,0.04112,0.04105,0.04098,0.0408,0.04123,0.04064,0.03963,0.03822,0.03649,0.03463,0.03283,0.0313,0.03014,0.02944,0.02914,0.02919,0.02949,0.02993,0.03082,0.03125,0.03153,0.03158,0.03133,0.03127,0.03033,0.029,0.02734,0.02613,0.02408,0.022,0.02056,0.01866,0.01734,0.01589,0.01483,0.01382,0.01324,0.01232,0.01205,0.01112,0.01098,0.01002,0.00989,0.00899,0.00891,0.00822,0.00823,0.00786,0.00793,0.00784,0.00786,0.00794,0.00801,0.00805,0.00781,0.00763,0.00733,0.00659,0.00599,0.00529,0.00398,0.00305,0.00208,0.0011,-0.00074,-0.00177,-0.00278,-0.00373,-0.00558,-0.00643,-0.0072,-0.00789,-0.0085,-0.00945,-0.00976,-0.00997,-0.01009,-0.01016,-0.01018
196.875 -179.80717,-179.32477,-178.84154,-178.35755,-177.87277,-177.38724,-176.90105,-176.41425,-175.92692,-175.43911,-174.95091,-174.46245,-173.97385,-173.48505,-172.99614,-172.50719,-172.01826,-171.52943,-171.04078,-170.55237,-170.06433,-169.57682,-169.08978,-168.60328,-168.1174,-167.6322,-167.14777,-166.62088,-166.13394,-165.64802,-165.16332,-164.67975,-164.19739,-163.64831,-163.16434,-162.68181,-162.2008,-161.72139,-161.15492,-160.6749,-160.19664,-159.72027,-159.14058,-158.66407,-158.18967,-157.71745,-157.12557,-156.65389,-156.18482,-155.58377,-155.11576,-154.6503,-154.04065,-153.57676,-153.1157,-152.49826,-152.03931,-151.41566,-150.95939,-150.5063,-149.87638,-149.42628,-148.79099,-148.34425,-147.70399,-147.26091,-146.6162,-146.17736,-145.52873,-145.09431,-144.44213,-143.78572,-143.35716,-142.69785,-142.27465,-141.61296,-140.94783,-140.53217,-139.86542,-139.1955,-138.78811,-138.11738,-137.44393,-136.76799,-136.37228,-135.69684,-135.01937,-134.34,-133.65892,-133.27986,-132.60059,-131.92011,-131.23863,-130.55633,-129.87342,-129.19024,-128.50691,-127.82356,-127.14039,-126.45761,-125.77542,-125.09403,-124.41365,-124.05516,-123.37242,-122.69133,-122.01201,-121.33462,-120.95906,-120.28071,-119.6048,-119.21964,-118.54359,-117.87049,-117.20055,-116.80409,-116.13522,-115.73293,-115.06558,-114.40219,-113.99237,-113.33133,-112.91635,-112.25814,-111.83837,-111.18358,-110.7592,-110.10826,-109.67954,-109.03296,-108.60022,-107.95847,-107.52206,-106.88566,-106.44596,-105.81535,-105.37264,-104.92711,-104.30285,-103.85475,-103.40399,-102.78707,-102.33424,-101.87892,-101.27033,-100.81342,-100.35416,-99.75477,-99.29443,-98.83193,-98.36731,-97.77953,-97.31452,-96.84758,-96.37877,-95.80413,-95.33556,-94.86533,-94.3935,-93.92012,-93.36245,-92.89015,-92.41651,-91.94161,-91.4655,-90.98824,-90.45264,-89.97741,-89.50127,-89.02428,-88.5465,-88.068,-87.58886,-87.10914,-86.62891,-86.14825,-85.66721,-85.18589,-84.70433,-84.2226,-83.7408,-83.25898,-82.77722,-82.2956,-81.81419,-81.33305,-80.85227,-80.37188,-79.89197,-79.4126,-78.93386,-78.45582,-77.97853,-77.50208,-77.02652,-76.48693,-76.00932,-75.5328,-75.05747,-74.58337,-74.11058,-73.63915,-73.07483,-72.60251,-72.13178,-71.66264,-71.19516,-70.61415,-70.14661,-69.68095,-69.21723,-68.62339,-68.16027,-67.69928,-67.24037,-66.63518,-66.17752,-65.72222,-65.1081,-64.65455,-64.20351,-63.58139,-63.13255,-62.68629,-62.05702,-61.61346,-60.9779,-60.5374,-60.09977,-59.4589,-59.02476,-58.37866,-57.94824,-57.29742,-56.87111,-56.21617,-55.79426,-55.1357,-54.71848,-54.05679,-53.6444,-52.98,-52.31146,-51.90633,-51.23603,-50.83652,-50.16494,-49.48996,-49.09876,-48.42319,-47.7448,-47.36264,-46.68466,-46.00439,-45.32203,-44.63778,-44.27196,-43.5894,-42.90533,-42.2201,-41.53391,-40.84699,-40.15953,-39.81975,-39.13609,-38.45227,-37.7686,-37.08523,-36.40232,-36.03421,-35.34846,-34.66381,-33.98044,-33.29854,-32.61819,-31.93966,-31.54722,-30.86779,-30.19068,-29.51606,-29.1114,-28.43725,-27.76604,-27.35278,-26.68285,-26.016,-25.59484,-24.93004,-24.26902,-23.84108,-23.1829,-22.74995,-22.09509,-21.44454,-21.00612,-20.35941,-19.91692,-19.27467,-18.82846,-18.19102,-17.74146,-17.28858,-16.65667,-16.20073,-15.57459,-15.11618,-14.65483,-14.03584,-13.57255,-12.96036,-12.49549,-12.02787,-11.42395,-10.95518,-10.48401,-9.88935,-9.41765,-8.94376,-8.46777,-7.88514,-7.40911,-6.93117,-6.45142,-5.88185,-5.40287,-4.92232,-4.44025,-3.95674,-3.40443,-2.92232,-2.43897,-1.95448,-1.46892,-0.98238,-0.49492,0.03207,0.51692,1.00247,1.48879,1.97571,2.46309,2.95088,3.439,3.92738,4.41595,4.90464,5.39338,5.88221,6.37098,6.85958,7.34794,7.83599,8.32365,8.81087,9.29759,9.78374,10.26935,10.75428,11.23844,11.72176,12.20418,12.68564,13.23684,13.7199,14.20178,14.6825,15.16198,15.64012,16.11685,16.69082,17.16799,17.64358,18.11755,18.58984,19.17903,19.65106,20.12121,20.58944,21.19026,21.65753,22.12274,22.73295,23.19671,23.65823,24.27684,24.73649,25.19373,25.81979,26.27473,26.72712,27.35957,27.80915,28.25608,28.89397,29.3378,29.98099,30.42129,31.06913,31.50561,32.15765,32.59005,33.24595,33.67406,34.3332,34.75669,35.41856,35.83716,36.5014,37.1695,37.58101,38.25057,38.65657,39.32713,40.00086,40.39872,41.07266,41.74916,42.42803,42.81414,43.49231,44.17236,44.8541,45.22734,45.90721,46.58838,47.2706,47.95364,48.63732,49.32145,50.00594,50.6905,51.37493,52.05905,52.74268,53.42573,54.10791,54.78905,55.46897,56.14754,56.52031,57.20032,57.87843,58.55452,59.2284,59.61632,60.29033,60.9617,61.35826,62.02895,62.69659,63.10106,63.76732,64.43009,64.84167,65.50229,66.15904,66.57699,67.23095,67.65348,68.30414,68.73097,69.3779,69.80874,70.45155,70.88608,71.52434,71.96228,72.59558,73.03661,73.48054,74.10835,74.55493,75.17678,75.62568,76.07721,76.69218,77.14563,77.60153,78.20874,78.66608,79.1257,79.72437,80.18498,80.6477,81.2371,81.70037,82.16556,82.63261,83.21021,83.67721,84.14589,84.61618,85.08804,85.6504,86.1215,86.59396,87.06773,87.54276,88.01898,88.56148,89.03607,89.51165,89.98817,90.46556,90.94375,91.4227,91.90233,92.38258,92.86339,93.37018,93.84798,94.32613,94.80458,95.28326,95.76211,96.24107,96.72007,97.19905,97.67794,98.15668,98.63519,99.11342,99.59131,100.0988,100.57976,101.06018,101.54,102.01915,102.49757,102.97517,103.45191,103.92773,104.40257,104.94598,105.42252,105.89788,106.372,106.84481,107.31623,107.87959,108.35185,108.82255,109.29163,109.86848,110.33783,110.80535,111.27097,111.85999,112.32527,112.78849,113.24959,113.84956,114.30971,114.76756,115.37608,115.83252,116.28648,116.9028,117.35489,117.80432,118.42758,118.87472,119.50395,119.94847,120.5832,121.02473,121.46319,122.10294,122.53804,123.18239,123.61374,124.26216,124.6895,125.34167,125.76471,126.42016,127.07963,127.49679,128.15889,128.57095,129.23522,129.90284,130.3077,130.97678,131.6489,132.04585,132.71856,133.39387,134.07164,134.45732,135.13474,135.81405,136.49521,137.17804,137.86236,138.22893,138.9111,139.59428,140.27831,140.96293,141.6479,142.33314,143.01845,143.70363,144.38834,145.07257,145.75613,146.11981,146.806,147.4909,148.17441,148.85632,149.23695,149.92011,150.60114,151.2799,151.67286,152.35197,153.02814,153.42969,154.10532,154.77766,155.18726,155.85819,156.27311,156.94224,157.6073,158.02918,158.69151,159.11798,159.7772,160.20815,160.86379,161.29894,161.95038,162.3894,163.03624,163.47879,163.92411,164.5663,165.0148,165.65111,166.10254,166.55652,167.18662,167.64305,168.10177,168.72444,169.18519,169.64821,170.26265,170.72724,171.19392,171.79907,172.26677,172.73631,173.20776,173.68107,174.27311,174.74669,175.22195,175.69884,176.17731,176.75373,177.23149,177.71063,178.19107,178.67278,179.1557,179.71143 -0.00642,-0.00585,-0.00532,-0.00488,-0.00459,-0.00446,-0.00449,-0.00469,-0.00502,-0.00547,-0.00599,-0.00655,-0.00712,-0.00767,-0.00819,-0.00869,-0.00914,-0.00957,-0.01001,-0.01047,-0.011,-0.01161,-0.01232,-0.01314,-0.01406,-0.01505,-0.01607,-0.01892,-0.01988,-0.02071,-0.02136,-0.02183,-0.02213,-0.02376,-0.02365,-0.02344,-0.02317,-0.02289,-0.02318,-0.02277,-0.02241,-0.02213,-0.02193,-0.02172,-0.0216,-0.02155,-0.02145,-0.02153,-0.02169,-0.02187,-0.02215,-0.02253,-0.02305,-0.02364,-0.02437,-0.02531,-0.02627,-0.02754,-0.0287,-0.02993,-0.03153,-0.0328,-0.03448,-0.03562,-0.03716,-0.03805,-0.03929,-0.03986,-0.04079,-0.04109,-0.04181,-0.04246,-0.04252,-0.04304,-0.04296,-0.04335,-0.04368,-0.04343,-0.04373,-0.04407,-0.04385,-0.04433,-0.04488,-0.04545,-0.04545,-0.04606,-0.04661,-0.04712,-0.04765,-0.04816,-0.04882,-0.04947,-0.05003,-0.0504,-0.05046,-0.05013,-0.0494,-0.04831,-0.047,-0.04565,-0.04442,-0.04343,-0.0427,-0.04355,-0.04297,-0.04251,-0.04215,-0.04194,-0.04205,-0.04204,-0.04243,-0.04241,-0.04336,-0.04471,-0.04627,-0.04647,-0.04794,-0.04803,-0.04896,-0.04928,-0.04885,-0.04824,-0.04743,-0.04599,-0.0449,-0.04293,-0.04174,-0.03964,-0.03859,-0.03671,-0.036,-0.03467,-0.03445,-0.03387,-0.03421,-0.0344,-0.03521,-0.03614,-0.03706,-0.03817,-0.03923,-0.04016,-0.04105,-0.0418,-0.04214,-0.04249,-0.04263,-0.04224,-0.04199,-0.04158,-0.04104,-0.0403,-0.03972,-0.03918,-0.0387,-0.03855,-0.03835,-0.03825,-0.03825,-0.03832,-0.03882,-0.03895,-0.03904,-0.03908,-0.03904,-0.03888,-0.03884,-0.03843,-0.03791,-0.0373,-0.03661,-0.03589,-0.03521,-0.03459,-0.0341,-0.03376,-0.03359,-0.03358,-0.03372,-0.03397,-0.03428,-0.0346,-0.03489,-0.03508,-0.03514,-0.03503,-0.03474,-0.03426,-0.03364,-0.03293,-0.03222,-0.03159,-0.03114,-0.03094,-0.03103,-0.03156,-0.03235,-0.03333,-0.03438,-0.03541,-0.03629,-0.03693,-0.03773,-0.0377,-0.03732,-0.03664,-0.03573,-0.03501,-0.0339,-0.03284,-0.03188,-0.03129,-0.03064,-0.03014,-0.02979,-0.02943,-0.02918,-0.02891,-0.0282,-0.02779,-0.02729,-0.02614,-0.02554,-0.02493,-0.02381,-0.02342,-0.02266,-0.02267,-0.02289,-0.02285,-0.02349,-0.02381,-0.0247,-0.02526,-0.02623,-0.02694,-0.02781,-0.02861,-0.02925,-0.02997,-0.03023,-0.03063,-0.03076,-0.03026,-0.02978,-0.02878,-0.02779,-0.02669,-0.02534,-0.02435,-0.02365,-0.02266,-0.02257,-0.02285,-0.0234,-0.02409,-0.02437,-0.02531,-0.02623,-0.02713,-0.02805,-0.02898,-0.0299,-0.03084,-0.03157,-0.0321,-0.03235,-0.03227,-0.03184,-0.03118,-0.03026,-0.02912,-0.02785,-0.02652,-0.02519,-0.02388,-0.02254,-0.02129,-0.02017,-0.01925,-0.01821,-0.01776,-0.01765,-0.01715,-0.01751,-0.01804,-0.01785,-0.0184,-0.01882,-0.01852,-0.01866,-0.0182,-0.01801,-0.0176,-0.01685,-0.01613,-0.01519,-0.0142,-0.01316,-0.01206,-0.01101,-0.01,-0.00906,-0.00822,-0.00758,-0.00696,-0.00643,-0.00621,-0.00579,-0.00576,-0.00531,-0.00481,-0.00486,-0.00424,-0.00358,-0.00384,-0.00322,-0.00266,-0.00219,-0.00313,-0.00295,-0.0029,-0.00296,-0.00454,-0.0047,-0.00486,-0.00497,-0.00501,-0.00627,-0.00603,-0.00567,-0.00518,-0.00459,-0.00393,-0.00322,-0.0032,-0.0024,-0.00166,-0.00101,-0.00048,-7e-05,0.00023,0.00044,0.00058,0.00069,0.0008,0.00094,0.00114,0.00143,0.00181,0.00229,0.00287,0.00353,0.00425,0.00503,0.00585,0.00671,0.00759,0.00848,0.00936,0.01024,0.01108,0.01218,0.01299,0.01371,0.01429,0.0147,0.01492,0.01492,0.01551,0.01508,0.01443,0.01361,0.01266,0.01223,0.01121,0.01029,0.00956,0.0094,0.00915,0.0092,0.00983,0.01038,0.01114,0.01225,0.01317,0.0141,0.01496,0.01574,0.01647,0.01679,0.01743,0.0181,0.01836,0.01915,0.01965,0.0206,0.02138,0.02233,0.02324,0.02397,0.02481,0.02518,0.02582,0.02579,0.02623,0.02589,0.02621,0.0265,0.026,0.02633,0.02587,0.02633,0.02687,0.02658,0.02726,0.02799,0.02874,0.02847,0.02914,0.02971,0.03012,0.02972,0.02994,0.03002,0.02999,0.02991,0.02983,0.0298,0.02988,0.03008,0.03043,0.03092,0.03152,0.03217,0.03282,0.0334,0.03388,0.03425,0.03408,0.03434,0.03462,0.03495,0.03534,0.03521,0.03557,0.03577,0.03541,0.03522,0.03479,0.03408,0.03352,0.03311,0.03263,0.0327,0.03312,0.03319,0.03397,0.03425,0.03504,0.03533,0.03577,0.03593,0.03589,0.03591,0.03548,0.03547,0.03501,0.0351,0.03524,0.03529,0.03566,0.03635,0.03695,0.03758,0.03905,0.03984,0.04062,0.04236,0.04307,0.04367,0.04492,0.0452,0.0453,0.04558,0.0453,0.04488,0.04434,0.0438,0.0432,0.04264,0.04214,0.04175,0.04161,0.04153,0.04157,0.04171,0.04192,0.04215,0.04263,0.04283,0.04294,0.04296,0.04286,0.04264,0.0423,0.04183,0.04122,0.04046,0.03957,0.03851,0.03732,0.03602,0.03469,0.0334,0.03223,0.0313,0.03067,0.03042,0.03056,0.0311,0.032,0.03318,0.03577,0.03733,0.0389,0.04039,0.04175,0.04292,0.04388,0.04462,0.04514,0.04545,0.04532,0.04512,0.04483,0.04449,0.04414,0.04377,0.04228,0.04193,0.04159,0.04126,0.03994,0.0396,0.0392,0.0387,0.03753,0.03694,0.03629,0.03563,0.03469,0.03418,0.03379,0.03353,0.03351,0.03369,0.03424,0.03477,0.03542,0.03647,0.03731,0.03849,0.03946,0.04065,0.04172,0.04284,0.04393,0.04498,0.04577,0.04651,0.04678,0.04701,0.0467,0.04638,0.04567,0.04494,0.04412,0.0435,0.04264,0.04234,0.04221,0.04158,0.04165,0.04172,0.04119,0.04129,0.04138,0.04154,0.04129,0.0417,0.04217,0.04256,0.04273,0.0425,0.04254,0.04165,0.04018,0.03825,0.03604,0.03378,0.0317,0.02996,0.02863,0.02772,0.02721,0.02704,0.02752,0.02784,0.0283,0.02883,0.02931,0.02986,0.02987,0.02953,0.02877,0.0281,0.02663,0.02492,0.02363,0.0218,0.02016,0.01901,0.0179,0.01704,0.01656,0.01646,0.0159,0.01613,0.01549,0.0157,0.01482,0.01474,0.0136,0.01316,0.01194,0.01128,0.01022,0.00934,0.00885,0.00833,0.00808,0.00787,0.00777,0.00775,0.00764,0.00745,0.00719,0.00668,0.00601,0.00513,0.00406,0.00289,0.00149,0.00012,-0.00124,-0.00255,-0.00379,-0.00519,-0.00623,-0.00715,-0.00792,-0.00854,-0.00881,-0.00905,-0.00913,-0.00907,-0.00885,-0.00853,-0.00699
202.5 -179.62042,-179.14903,-178.67695,-178.2042,-177.73075,-177.25666,-176.74722,-176.27577,-175.8039,-175.33167,-174.85913,-174.38648,-173.91375,-173.44091,-172.96802,-172.49514,-172.02233,-171.54966,-171.07722,-170.60505,-170.11381,-169.63866,-169.16399,-168.68987,-168.21635,-167.74349,-167.27137,-166.80007,-166.32965,-165.8603,-165.33366,-164.86254,-164.39257,-163.92384,-163.45635,-162.99022,-162.44377,-161.97658,-161.51104,-161.0473,-160.48795,-160.02375,-159.5614,-159.10097,-158.52956,-158.06923,-157.61099,-157.15496,-156.5729,-156.11784,-155.66515,-155.07471,-154.62327,-154.1744,-153.5763,-153.12915,-152.52494,-152.08,-151.63793,-151.02759,-150.58805,-149.97237,-149.5357,-148.91504,-148.48158,-147.85631,-147.42652,-146.79723,-146.37139,-145.73828,-145.31665,-144.68015,-144.26302,-143.62357,-143.21118,-142.56927,-141.924,-141.51834,-140.87136,-140.22128,-139.82298,-139.1718,-138.51789,-138.12779,-137.47353,-136.8171,-136.15851,-135.78009,-135.12219,-134.46256,-133.80138,-133.13894,-132.47529,-132.11619,-131.45491,-130.79296,-130.13042,-129.46749,-128.80434,-128.14116,-127.47812,-126.81543,-126.15338,-125.81225,-125.14734,-124.48348,-123.8208,-123.15947,-122.49966,-122.1384,-121.47727,-120.81822,-120.1614,-119.78818,-119.13105,-118.47656,-118.09482,-117.44077,-116.78988,-116.40023,-115.75054,-115.10446,-114.70769,-114.06353,-113.66179,-113.02002,-112.38248,-111.97461,-111.34018,-110.92805,-110.29724,-109.88119,-109.2544,-108.83461,-108.21227,-107.78902,-107.36295,-106.74515,-106.31602,-105.70374,-105.27192,-104.83746,-104.23126,-103.79445,-103.19473,-102.7559,-102.31469,-101.72248,-101.2797,-100.83474,-100.25089,-99.8048,-99.35664,-98.90645,-98.33305,-97.88232,-97.42974,-96.97536,-96.41384,-95.95953,-95.5036,-95.0461,-94.58708,-94.04085,-93.58262,-93.12306,-92.66224,-92.20021,-91.73702,-91.2107,-90.74917,-90.28668,-89.82329,-89.35907,-88.89406,-88.42834,-87.96196,-87.49498,-87.02746,-86.55948,-86.07243,-85.60764,-85.14258,-84.67732,-84.21191,-83.74641,-83.28089,-82.81541,-82.35005,-81.88486,-81.41991,-80.95525,-80.46245,-79.99468,-79.5274,-79.06067,-78.59457,-78.12916,-77.6645,-77.20065,-76.73766,-76.27559,-75.81449,-75.28277,-74.82009,-74.35859,-73.89833,-73.43937,-72.98174,-72.4304,-71.97213,-71.51534,-71.0601,-70.60648,-70.04003,-69.5865,-69.13478,-68.68491,-68.10685,-67.65769,-67.21045,-66.623,-66.17691,-65.73299,-65.29126,-64.69472,-64.2547,-63.65116,-63.21316,-62.77753,-62.16714,-61.73398,-61.30341,-60.68724,-60.25955,-59.63801,-59.21349,-58.5869,-58.16573,-57.5346,-57.11717,-56.70264,-56.06858,-55.42974,-55.0206,-54.37859,-53.97385,-53.32905,-52.92905,-52.28207,-51.8871,-51.23839,-50.58622,-50.19862,-49.54539,-48.88908,-48.50935,-47.85273,-47.19352,-46.53195,-46.16364,-45.50288,-44.84019,-44.17567,-43.81975,-43.15704,-42.49311,-41.82812,-41.16214,-40.49548,-39.82836,-39.16079,-38.49311,-37.82552,-37.15821,-36.49135,-35.825,-35.15938,-34.49475,-33.83117,-33.16888,-32.79689,-32.13328,-31.47146,-30.81159,-30.1536,-29.7666,-29.10862,-28.45317,-27.8003,-27.40285,-26.75098,-26.10217,-25.69728,-25.04999,-24.63958,-23.99451,-23.35309,-22.93664,-22.29812,-21.87715,-21.24196,-20.8167,-20.18493,-19.75568,-19.12805,-18.69525,-18.07217,-17.63615,-17.01799,-16.5791,-15.96603,-15.52437,-15.0798,-14.47296,-14.02633,-13.57698,-12.97724,-12.5263,-11.93314,-11.48077,-11.02599,-10.56889,-9.98529,-9.52756,-9.06771,-8.49333,-8.03332,-7.57139,-7.10741,-6.54474,-6.08118,-5.61598,-5.14921,-4.68094,-4.13383,-3.66673,-3.19834,-2.7285,-2.25748,-1.72727,-1.25812,-0.78802,-0.31704,0.15478,0.62735,1.10061,1.57469,2.04933,2.52446,3.01943,3.49138,3.96362,4.43608,4.90871,5.38143,5.85437,6.32729,6.80011,7.27276,7.74519,8.21734,8.68913,9.16051,9.66592,10.14014,10.61377,11.08672,11.55893,12.03034,12.5009,12.97055,13.43923,13.9069,14.44644,14.91548,15.3833,15.84986,16.31511,16.77899,17.33714,17.80132,18.26396,18.72515,19.18474,19.75709,20.21626,20.67362,21.12916,21.71231,22.16685,22.61945,23.21146,23.66271,24.11182,24.71168,25.15892,25.60388,26.21074,26.65349,27.09385,27.70677,28.14451,28.76302,29.19779,29.63002,30.25312,30.68204,31.30961,31.73492,32.36651,32.788,33.42334,33.84079,34.47921,34.89232,35.53339,36.17848,36.58531,37.23245,37.63434,38.28298,38.93489,39.3294,39.98218,40.6378,41.02441,41.68007,42.33809,42.99835,43.37367,44.03306,44.69417,45.35683,45.71974,46.3806,47.0426,47.70551,48.36917,49.03337,49.69806,50.36298,51.02794,51.69275,52.35724,53.02136,53.68481,54.34743,55.00906,55.66951,56.02729,56.68944,57.34999,58.00878,58.66565,59.03841,59.69572,60.35069,61.00317,61.38663,62.03852,62.68761,63.07872,63.72649,64.371,64.76897,65.41153,65.81442,66.45463,66.86216,67.49959,68.13294,68.54572,69.17568,69.59238,70.2185,70.63882,71.2607,71.68436,72.11098,72.72844,73.15801,73.77029,74.2025,74.80925,75.24382,75.68095,76.28134,76.72044,77.16196,77.75522,78.19826,78.64354,79.22891,79.67529,80.12375,80.70051,81.14966,81.60073,82.05366,82.61952,83.07258,83.52732,83.98369,84.53744,84.99339,85.4508,85.90961,86.36976,86.8312,87.36702,87.82724,88.28856,88.75092,89.21428,89.67857,90.14375,90.65622,91.11924,91.58296,92.0473,92.51222,92.97765,93.44354,93.90981,94.37642,94.8433,95.3104,95.77765,96.245,96.71238,97.17975,97.64702,98.11414,98.58104,99.04768,99.51399,99.97991,100.44539,100.91036,101.37477,101.83855,102.34998,102.81605,103.28131,103.7457,104.20916,104.67163,105.13305,105.59336,106.13118,106.59275,107.05301,107.51194,107.96946,108.5232,108.98131,109.43783,109.89271,110.34589,110.91381,111.36688,111.81805,112.26729,112.84613,113.29475,113.74126,114.32874,114.77416,115.21727,115.81258,116.25422,116.69341,117.29591,117.73318,118.34162,118.77666,119.20894,119.82326,120.25291,120.87233,121.299,121.92316,122.34661,122.97518,123.3951,124.02759,124.44361,125.07973,125.49164,126.13098,126.53847,127.1805,127.58327,128.22767,128.87553,129.27185,129.9213,130.57384,130.96288,131.61647,132.27273,132.65375,133.31023,133.96901,134.62993,134.99978,135.65991,136.32175,136.98515,137.64995,138.31586,138.66684,139.33053,139.99499,140.66005,141.3254,141.99101,142.65671,143.32235,143.98756,144.65229,145.00311,145.67073,146.33741,147.00288,147.66708,148.32985,148.70039,149.36446,150.02654,150.68653,151.06885,151.72926,152.38696,153.04191,153.43495,154.0893,154.48764,155.14077,155.79038,156.19582,156.84367,157.25392,157.89946,158.54069,158.95699,159.59513,160.01554,160.65017,161.07445,161.70508,162.13304,162.56367,163.19068,163.62461,164.24637,164.68322,165.2995,165.73912,166.18113,166.7915,167.23584,167.68246,168.28591,168.73434,169.18491,169.78053,170.23259,170.68665,171.27358,171.72872,172.18572,172.64444,173.22045,173.67956,174.14032,174.60268,175.0666,175.62871,176.0924,176.55745,177.02372,177.4912,177.95991,178.50331,178.97088,179.43948,179.90907 -0.00187,-0.00121,-0.00062,-0.00014,0.00018,0.00035,0.00175,0.00161,0.00137,0.00105,0.00068,0.00028,-0.00012,-0.00051,-0.00088,-0.00123,-0.00156,-0.00189,-0.00224,-0.00264,-0.00528,-0.00581,-0.00644,-0.00715,-0.00794,-0.00879,-0.00966,-0.01053,-0.01135,-0.01212,-0.01516,-0.01575,-0.01625,-0.01669,-0.01709,-0.01749,-0.01951,-0.01978,-0.02008,-0.02045,-0.02146,-0.02169,-0.02195,-0.02223,-0.02231,-0.02251,-0.02273,-0.02297,-0.02274,-0.02306,-0.02345,-0.02342,-0.02403,-0.02479,-0.02514,-0.02615,-0.02675,-0.0279,-0.02909,-0.0299,-0.03106,-0.03206,-0.03309,-0.03426,-0.0351,-0.03631,-0.03688,-0.03797,-0.03824,-0.03914,-0.03918,-0.03993,-0.03987,-0.04053,-0.04039,-0.04093,-0.04137,-0.04111,-0.04141,-0.04166,-0.04135,-0.04166,-0.04207,-0.04191,-0.04254,-0.0433,-0.04416,-0.0443,-0.04528,-0.04627,-0.04722,-0.04807,-0.04873,-0.04862,-0.04869,-0.04828,-0.04735,-0.04593,-0.04413,-0.04214,-0.04018,-0.03849,-0.03723,-0.03827,-0.03766,-0.03746,-0.0376,-0.03797,-0.03853,-0.03957,-0.04021,-0.0411,-0.0423,-0.04303,-0.04451,-0.04619,-0.04671,-0.04834,-0.04973,-0.04988,-0.05061,-0.05071,-0.05034,-0.04955,-0.04887,-0.04725,-0.04514,-0.04408,-0.04155,-0.04043,-0.03782,-0.03683,-0.03447,-0.0338,-0.03199,-0.0318,-0.03182,-0.03108,-0.03165,-0.03164,-0.03268,-0.03385,-0.03447,-0.0358,-0.03648,-0.03775,-0.03891,-0.03933,-0.0402,-0.04088,-0.04096,-0.04128,-0.04139,-0.04132,-0.0411,-0.0408,-0.04043,-0.04002,-0.03992,-0.0396,-0.03936,-0.03921,-0.03915,-0.03931,-0.03933,-0.03938,-0.03943,-0.03946,-0.03945,-0.03926,-0.03913,-0.03893,-0.03864,-0.03826,-0.03778,-0.03724,-0.03665,-0.03606,-0.03554,-0.03511,-0.03512,-0.03503,-0.0351,-0.03533,-0.03567,-0.03608,-0.03651,-0.03691,-0.03721,-0.03737,-0.03733,-0.03708,-0.03617,-0.03549,-0.03467,-0.03376,-0.03287,-0.03209,-0.03151,-0.0312,-0.0312,-0.03149,-0.03204,-0.03313,-0.03398,-0.03476,-0.03537,-0.03572,-0.03577,-0.03597,-0.03538,-0.03454,-0.03355,-0.0325,-0.0318,-0.03087,-0.03008,-0.02948,-0.02941,-0.02913,-0.02899,-0.02915,-0.02905,-0.02892,-0.02872,-0.02829,-0.02781,-0.02694,-0.02629,-0.02565,-0.02476,-0.02438,-0.0242,-0.02405,-0.02442,-0.02476,-0.02558,-0.02611,-0.02708,-0.02752,-0.02836,-0.02907,-0.02913,-0.0292,-0.02939,-0.0294,-0.02927,-0.02921,-0.02878,-0.0285,-0.02779,-0.02711,-0.02616,-0.02509,-0.02383,-0.0226,-0.02164,-0.02081,-0.02045,-0.02063,-0.02069,-0.02165,-0.02293,-0.02439,-0.02522,-0.02678,-0.02823,-0.02954,-0.03069,-0.03168,-0.03249,-0.03311,-0.03352,-0.03369,-0.03363,-0.03332,-0.03281,-0.03212,-0.03131,-0.0304,-0.02944,-0.02818,-0.02709,-0.026,-0.02491,-0.02392,-0.0226,-0.02191,-0.02148,-0.02132,-0.02059,-0.0208,-0.02108,-0.02068,-0.02096,-0.02061,-0.0207,-0.02062,-0.02016,-0.01982,-0.01924,-0.01864,-0.01789,-0.01704,-0.01612,-0.01509,-0.01406,-0.01298,-0.01196,-0.01103,-0.01013,-0.00952,-0.00885,-0.00828,-0.00825,-0.00789,-0.00758,-0.00807,-0.00781,-0.00862,-0.00831,-0.00793,-0.00747,-0.0085,-0.00798,-0.00745,-0.00875,-0.00833,-0.008,-0.00778,-0.00942,-0.00934,-0.00932,-0.00933,-0.00934,-0.01069,-0.01051,-0.01021,-0.00978,-0.00919,-0.00936,-0.00841,-0.00735,-0.00623,-0.00509,-0.00398,-0.00298,-0.00211,-0.00141,-0.00091,-0.00101,-0.00093,-0.00101,-0.0012,-0.00142,-0.00162,-0.00174,-0.00174,-0.00158,-0.00126,-0.00076,-0.00012,0.00067,0.00158,0.00372,0.00471,0.00571,0.00668,0.00759,0.00842,0.00915,0.00977,0.01027,0.01065,0.01192,0.01208,0.0121,0.01199,0.01176,0.01143,0.01187,0.01128,0.01066,0.01006,0.00952,0.00928,0.00887,0.00866,0.00866,0.0088,0.00921,0.00981,0.01062,0.01152,0.01246,0.01368,0.01463,0.01551,0.0166,0.01734,0.01799,0.01878,0.01937,0.01999,0.0206,0.02117,0.02179,0.02228,0.02282,0.02307,0.02346,0.02334,0.02356,0.02305,0.02316,0.02238,0.0225,0.02271,0.02187,0.02224,0.02151,0.02211,0.02278,0.02235,0.02316,0.02396,0.02371,0.02452,0.0253,0.02607,0.02594,0.02671,0.02744,0.02808,0.02813,0.02865,0.02899,0.02918,0.02926,0.02931,0.02943,0.02967,0.03009,0.03071,0.03149,0.03238,0.03328,0.03412,0.03481,0.03534,0.03534,0.03563,0.03584,0.03602,0.03624,0.03625,0.03659,0.03692,0.03719,0.03705,0.03707,0.03695,0.03633,0.03607,0.03593,0.03524,0.03542,0.03496,0.03548,0.03526,0.03585,0.03624,0.03606,0.036,0.03575,0.0352,0.03492,0.03417,0.034,0.03394,0.03362,0.03388,0.03423,0.03485,0.03588,0.03678,0.03772,0.03927,0.04025,0.0412,0.04255,0.04333,0.04403,0.04458,0.04497,0.04525,0.04483,0.04482,0.04469,0.04446,0.04348,0.04317,0.04282,0.04247,0.04181,0.04163,0.04151,0.04148,0.04153,0.04168,0.04173,0.04197,0.0422,0.04241,0.04255,0.04261,0.04257,0.04196,0.04168,0.04129,0.04078,0.04014,0.03936,0.03843,0.03735,0.03614,0.03483,0.03345,0.03207,0.03076,0.02962,0.02872,0.02813,0.0279,0.02804,0.02855,0.02939,0.03051,0.03185,0.03334,0.03493,0.03655,0.03952,0.04094,0.04222,0.04335,0.04432,0.04512,0.04574,0.04618,0.04634,0.04634,0.04621,0.04598,0.04565,0.04455,0.04406,0.0435,0.04287,0.04219,0.04082,0.04009,0.03933,0.03858,0.03722,0.03657,0.03601,0.03494,0.03466,0.03454,0.03411,0.03435,0.03474,0.03509,0.03576,0.03659,0.03747,0.0384,0.03971,0.04079,0.04226,0.04339,0.04477,0.04574,0.04671,0.04724,0.04749,0.04735,0.0468,0.04597,0.04483,0.0435,0.04222,0.04071,0.03974,0.03913,0.03791,0.0378,0.03794,0.03696,0.03725,0.03758,0.03664,0.03709,0.03768,0.03847,0.03808,0.03929,0.04058,0.04177,0.04268,0.04308,0.04307,0.04271,0.04166,0.04003,0.03799,0.03575,0.03351,0.03145,0.02968,0.02827,0.02736,0.02666,0.02639,0.02655,0.02706,0.0278,0.02822,0.02893,0.02943,0.02956,0.02924,0.02859,0.02752,0.02613,0.02484,0.02325,0.02197,0.02067,0.01977,0.01902,0.0188,0.01841,0.01875,0.01926,0.01905,0.01948,0.01899,0.01897,0.01805,0.01741,0.01611,0.01471,0.01365,0.0123,0.01144,0.0104,0.01006,0.00943,0.00899,0.00932,0.00907,0.00885,0.00924,0.00883,0.00827,0.00813,0.00716,0.006,0.00527,0.00379,0.00224,0.00068,-0.00023,-0.0017,-0.00304,-0.00423,-0.00524,-0.00514,-0.00572,-0.00612,-0.00632,-0.00634,-0.00618,-0.00431,-0.00382,-0.00321,-0.00255
208.125 -179.91881,-179.41022,-178.95274,-178.49476,-178.03619,-177.57704,-177.11737,-176.65723,-176.19668,-175.73577,-175.27458,-174.81314,-174.35171,-173.89019,-173.42861,-172.96703,-172.50551,-172.04412,-171.58291,-171.12194,-170.66128,-170.20114,-169.74148,-169.28232,-168.82371,-168.36571,-167.86535,-167.40498,-166.94541,-166.48671,-166.02908,-165.57248,-165.11694,-164.66251,-164.13688,-163.68108,-163.22658,-162.77345,-162.32174,-161.78098,-161.32881,-160.8782,-160.42926,-159.87681,-159.4277,-158.98046,-158.53515,-157.9719,-157.52707,-157.08451,-156.64411,-156.07142,-155.63194,-155.19477,-154.61461,-154.17884,-153.59269,-153.15866,-152.72747,-152.13518,-151.70614,-151.10859,-150.682,-150.25834,-149.65568,-149.23487,-148.62777,-148.21026,-147.59932,-147.18532,-146.57074,-146.16052,-145.54259,-145.13644,-144.51554,-144.11376,-143.49039,-142.86373,-142.46797,-141.83935,-141.20767,-140.81853,-140.18554,-139.54984,-139.16804,-138.53172,-137.89333,-137.51968,-136.88133,-136.24102,-135.59889,-134.95509,-134.59538,-133.95282,-133.30901,-132.66417,-132.01843,-131.3719,-130.72486,-130.07735,-129.42954,-128.78158,-128.13365,-127.48591,-126.83855,-126.19182,-125.54578,-124.90066,-124.25666,-123.61385,-122.97242,-122.62141,-121.97863,-121.33765,-120.69862,-120.33621,-119.69678,-119.05987,-118.68948,-118.05282,-117.41895,-117.041,-116.40804,-115.77827,-115.39337,-114.76519,-114.14063,-113.74953,-113.12728,-112.7318,-112.11221,-111.71259,-111.0961,-110.69255,-110.07956,-109.67236,-109.06333,-108.65277,-108.04803,-107.63428,-107.0342,-106.61756,-106.19838,-105.60325,-105.18154,-104.59206,-104.16817,-103.74194,-103.15876,-102.73067,-102.30037,-101.72427,-101.2925,-100.85865,-100.29042,-99.85557,-99.41878,-98.8591,-98.42167,-97.98247,-97.54154,-96.99258,-96.55154,-96.10894,-95.66483,-95.21923,-94.68411,-94.23906,-93.79271,-93.34509,-92.89627,-92.44627,-91.92915,-91.48052,-91.0309,-90.58036,-90.12893,-89.67668,-89.22365,-88.76991,-88.27901,-87.82765,-87.37574,-86.92337,-86.47057,-86.0174,-85.56393,-85.11021,-84.6563,-84.20226,-83.74812,-83.29395,-82.83982,-82.38579,-81.93191,-81.47823,-81.02482,-80.57174,-80.11905,-79.66676,-79.21495,-78.76368,-78.26878,-77.81522,-77.36238,-76.91032,-76.45911,-76.00879,-75.55936,-75.11091,-74.5899,-74.1402,-73.69166,-73.24435,-72.7983,-72.35356,-71.81473,-71.36946,-70.92566,-70.4834,-69.93234,-69.49017,-69.04969,-68.61094,-68.04896,-67.6108,-67.17445,-66.74001,-66.16832,-65.73503,-65.30379,-64.72438,-64.29472,-63.86725,-63.28082,-62.85519,-62.43186,-61.83922,-61.41822,-60.81999,-60.40161,-59.9857,-59.38271,-58.96965,-58.36194,-57.9521,-57.3402,-56.93386,-56.31818,-55.9156,-55.29657,-54.89788,-54.27575,-53.88116,-53.25648,-52.6279,-52.23939,-51.60896,-51.2252,-50.59334,-49.95817,-49.5813,-48.94538,-48.30673,-47.93746,-47.29874,-46.65772,-46.01444,-45.65589,-45.01327,-44.36895,-43.72308,-43.07585,-42.7322,-42.08698,-41.44083,-40.79387,-40.1461,-39.4978,-38.84923,-38.20057,-37.55198,-36.90363,-36.25568,-35.60831,-34.96151,-34.31542,-33.67035,-33.31475,-32.66809,-32.02289,-31.37931,-30.73748,-30.36736,-29.72514,-29.08474,-28.44661,-28.06593,-27.42839,-26.79349,-26.40541,-25.77177,-25.14112,-24.74629,-24.11729,-23.71746,-23.09077,-22.68634,-22.06225,-21.44188,-21.03255,-20.41548,-20.00217,-19.38851,-18.97163,-18.36199,-17.9419,-17.51875,-16.91366,-16.48776,-15.88756,-15.45899,-14.8637,-14.43293,-13.9995,-13.41047,-12.97532,-12.53768,-11.95566,-11.51674,-11.07527,-10.50066,-10.05834,-9.61391,-9.04758,-8.60275,-8.156,-7.70737,-7.15174,-6.70302,-6.25261,-5.80058,-5.25648,-4.80513,-4.35236,-3.89822,-3.44276,-2.98603,-2.45946,-2.00402,-1.54752,-1.09003,-0.6316,-0.1723,0.28781,0.79157,1.24937,1.70797,2.16712,2.62677,3.08687,3.54734,4.00813,4.46918,4.93042,5.39181,5.85345,6.31509,6.77668,7.23818,7.69952,8.16063,8.62147,9.08196,9.54207,10.00188,10.46118,10.91991,11.37802,11.8355,12.34043,12.79976,13.25823,13.71578,14.17253,14.62827,15.08295,15.61036,16.06596,16.52034,16.97344,17.42521,17.87563,18.41994,18.87054,19.31964,19.76721,20.32315,20.77024,21.21561,21.65924,22.22529,22.66797,23.10883,23.68328,24.12275,24.5602,25.14197,25.57762,26.01111,26.59944,27.03085,27.46005,28.0542,28.48085,29.08029,29.50411,30.10849,30.52931,31.13823,31.55573,31.9707,32.5827,32.99402,33.60955,34.2295,34.63568,35.2584,35.66033,36.28538,36.68292,37.31006,37.94064,38.33162,38.96344,39.59828,39.98215,40.61772,41.25589,41.63205,42.27013,42.91039,43.5528,43.91807,44.55946,45.20243,45.84682,46.49257,46.84285,47.48648,48.13095,48.77608,49.42176,50.06786,50.71411,51.36038,52.0065,52.65237,53.29781,53.9426,54.58659,55.22963,55.57292,56.21784,56.8614,57.50344,58.14385,58.50196,59.14307,59.78213,60.41898,60.78778,61.42433,62.05836,62.43478,63.06791,63.69812,64.0815,64.71013,65.33553,65.72518,66.34839,66.74253,67.36315,67.76155,68.37927,68.78171,69.39609,69.80226,70.41291,70.82253,71.4291,71.84193,72.44408,72.85986,73.45724,73.87567,74.29671,74.88872,75.31203,75.89841,76.3237,76.75136,77.33114,77.76042,78.19192,78.7644,79.1971,79.63185,80.19632,80.63187,81.06932,81.50863,82.06303,82.50265,82.94394,83.38688,83.93001,84.37272,84.81689,85.26249,85.70947,86.23815,86.68427,87.13158,87.58004,88.02959,88.48019,88.93177,89.43921,89.88906,90.33972,90.79113,91.24325,91.69601,92.14937,92.60327,93.05765,93.51245,93.96762,94.4231,94.87884,95.33477,95.79472,96.24725,96.6998,97.15232,97.61545,98.07138,98.5271,98.98256,99.4377,99.89248,100.34683,100.80069,101.25402,101.70676,102.15882,102.61015,103.06073,103.51048,104.02101,104.47253,104.92307,105.37255,105.82093,106.2681,106.71407,107.2458,107.69267,108.13815,108.58219,109.02475,109.57091,110.01371,110.45481,110.8942,111.45156,111.8907,112.32795,112.89409,113.33068,113.76522,114.19764,114.773,115.20422,115.63317,116.21576,116.64313,117.23177,117.6573,118.08029,118.67498,119.09565,119.51364,120.11371,120.52906,121.13387,121.54625,122.15538,122.56454,123.1777,123.58336,124.20016,124.602,125.22206,125.61988,126.24288,126.6364,127.26186,127.89072,128.27832,128.90913,129.29175,129.92402,130.5591,130.93468,131.57066,132.20916,132.84991,133.2156,133.85634,134.49908,135.14365,135.49814,136.14165,136.78663,137.43291,138.08027,138.72853,139.37765,139.71033,140.3568,141.00353,141.65049,142.29756,142.94455,143.5912,143.93019,144.5798,145.22874,145.87684,146.52379,147.16957,147.81404,148.17527,148.82112,149.46507,150.1071,150.74697,151.12208,151.76209,152.39948,152.78231,153.41929,154.05332,154.44339,155.07614,155.47093,156.10208,156.72956,157.13069,157.75579,158.16116,158.78361,159.19308,159.81241,160.22558,160.8412,161.25799,161.86968,162.28987,162.89714,163.32041,163.92279,164.34888,164.77723,165.37452,165.8054,166.39675,166.82983,167.26505,167.85,168.28711,168.72613,169.30358,169.74398,170.18628,170.75563,171.199,171.64412,172.09095,172.65025,173.09746,173.54621,173.99649,174.44826,174.99441,175.44602,175.89897,176.3532,176.80868,177.33953,177.79397,178.24948,178.706,179.16349,179.62191 0.00249,0.0043,0.0045,0.00464,0.00471,0.00474,0.00472,0.00468,0.00464,0.00461,0.00459,0.00461,0.00463,0.00465,0.00466,0.00465,0.00459,0.00447,0.00428,0.004,0.00363,0.00316,0.0026,0.00197,0.00127,0.00054,-0.00217,-0.00295,-0.0037,-0.00442,-0.00509,-0.00573,-0.00634,-0.00695,-0.00987,-0.01052,-0.01123,-0.01201,-0.01289,-0.01569,-0.01659,-0.01752,-0.01847,-0.02044,-0.02119,-0.0219,-0.02252,-0.02335,-0.02377,-0.02418,-0.0246,-0.02491,-0.02546,-0.02617,-0.02658,-0.02758,-0.02809,-0.02929,-0.03053,-0.03101,-0.03213,-0.03245,-0.03332,-0.034,-0.03413,-0.03452,-0.03476,-0.03492,-0.03538,-0.03537,-0.03598,-0.03586,-0.03657,-0.0364,-0.03717,-0.037,-0.03778,-0.03849,-0.03831,-0.0389,-0.03936,-0.03916,-0.03949,-0.0398,-0.03965,-0.04003,-0.04053,-0.04054,-0.04124,-0.04206,-0.043,-0.04399,-0.0441,-0.04502,-0.04578,-0.04625,-0.04631,-0.04584,-0.04479,-0.04318,-0.04113,-0.03884,-0.03659,-0.03464,-0.03322,-0.03243,-0.03227,-0.03262,-0.03334,-0.03429,-0.03538,-0.03621,-0.03742,-0.03882,-0.04044,-0.04157,-0.04349,-0.04554,-0.04668,-0.04856,-0.05009,-0.05067,-0.05137,-0.05138,-0.05115,-0.0502,-0.04865,-0.04779,-0.0456,-0.04452,-0.04185,-0.04065,-0.03775,-0.03657,-0.03374,-0.03278,-0.03032,-0.02976,-0.02796,-0.0279,-0.0269,-0.02735,-0.02802,-0.028,-0.02907,-0.02953,-0.03085,-0.03224,-0.03295,-0.03436,-0.03573,-0.03646,-0.03769,-0.03879,-0.03954,-0.04037,-0.04099,-0.04161,-0.04182,-0.04182,-0.04163,-0.04172,-0.04128,-0.04082,-0.04038,-0.04,-0.03975,-0.03947,-0.03926,-0.03913,-0.03903,-0.03897,-0.03865,-0.03857,-0.03848,-0.03836,-0.0382,-0.038,-0.03773,-0.03741,-0.03683,-0.03648,-0.03616,-0.03588,-0.0357,-0.03564,-0.03572,-0.03593,-0.03625,-0.03664,-0.03708,-0.03749,-0.03783,-0.03806,-0.03812,-0.038,-0.03768,-0.03715,-0.03644,-0.03559,-0.03465,-0.0337,-0.03272,-0.03198,-0.03145,-0.03118,-0.03116,-0.03138,-0.03178,-0.03228,-0.03327,-0.03377,-0.03409,-0.03418,-0.03403,-0.03363,-0.0334,-0.03256,-0.03163,-0.0307,-0.03001,-0.02923,-0.02863,-0.02823,-0.02821,-0.02815,-0.02823,-0.02839,-0.02862,-0.02871,-0.02871,-0.02836,-0.02801,-0.02756,-0.02662,-0.02605,-0.02558,-0.02493,-0.0249,-0.02497,-0.02556,-0.0264,-0.02728,-0.02841,-0.02929,-0.03033,-0.03073,-0.03135,-0.03109,-0.03122,-0.03047,-0.03023,-0.02936,-0.029,-0.0283,-0.02774,-0.02746,-0.02686,-0.02661,-0.02569,-0.02452,-0.02412,-0.02274,-0.02148,-0.02126,-0.02051,-0.02031,-0.0207,-0.02123,-0.02229,-0.02368,-0.02523,-0.02681,-0.0274,-0.0288,-0.03006,-0.03115,-0.03207,-0.03284,-0.03344,-0.03388,-0.03416,-0.03426,-0.03419,-0.03395,-0.03356,-0.03304,-0.03239,-0.03172,-0.03087,-0.02992,-0.02892,-0.02789,-0.02691,-0.02602,-0.0253,-0.02476,-0.02406,-0.0238,-0.02361,-0.02314,-0.02302,-0.02282,-0.02246,-0.02219,-0.02181,-0.02143,-0.02099,-0.02048,-0.01987,-0.01926,-0.01849,-0.01772,-0.01682,-0.01592,-0.01497,-0.01403,-0.01308,-0.01228,-0.01147,-0.01101,-0.01047,-0.01053,-0.01033,-0.01022,-0.01109,-0.0112,-0.01129,-0.0127,-0.01278,-0.01276,-0.01431,-0.01414,-0.01385,-0.01527,-0.01487,-0.01442,-0.01395,-0.01515,-0.01472,-0.01433,-0.01401,-0.01482,-0.01448,-0.01415,-0.0138,-0.01339,-0.01288,-0.01257,-0.01175,-0.0108,-0.00972,-0.00855,-0.00733,-0.00612,-0.00511,-0.00415,-0.00338,-0.00286,-0.00259,-0.00256,-0.00275,-0.00312,-0.0036,-0.00412,-0.00462,-0.00503,-0.00529,-0.00538,-0.00527,-0.00496,-0.00445,-0.00377,-0.00294,-0.00201,-0.00102,1e-05,0.00104,0.00204,0.00298,0.00538,0.00609,0.00669,0.00719,0.0076,0.00794,0.00822,0.00918,0.00922,0.00923,0.00922,0.0092,0.00921,0.00924,0.00918,0.00918,0.00926,0.00911,0.0093,0.00958,0.00992,0.01012,0.01061,0.01109,0.01179,0.01235,0.01284,0.01396,0.01445,0.01487,0.0162,0.01663,0.01702,0.01837,0.01876,0.01994,0.02026,0.02117,0.02128,0.02184,0.02162,0.02119,0.02117,0.02038,0.02009,0.01979,0.01873,0.01851,0.01746,0.01749,0.01662,0.01701,0.01764,0.01716,0.01812,0.01919,0.01902,0.02016,0.02124,0.02121,0.02223,0.02322,0.02422,0.02438,0.02549,0.02658,0.02761,0.02846,0.02879,0.02933,0.0296,0.02967,0.02966,0.02968,0.02986,0.03027,0.03091,0.03175,0.03271,0.03368,0.03456,0.03528,0.03566,0.03604,0.03624,0.03634,0.0364,0.03646,0.03662,0.0369,0.03729,0.03754,0.03801,0.03848,0.03847,0.03877,0.03902,0.0386,0.03881,0.03904,0.03854,0.03879,0.0383,0.03836,0.03784,0.03749,0.03688,0.03608,0.03542,0.03441,0.03388,0.03308,0.03285,0.03268,0.03288,0.03349,0.03412,0.0349,0.03628,0.03726,0.03874,0.03969,0.0406,0.04154,0.04215,0.04267,0.04264,0.04284,0.04296,0.04208,0.04206,0.04203,0.042,0.04094,0.04098,0.04102,0.04104,0.04041,0.0405,0.04057,0.04064,0.0407,0.04045,0.04055,0.04066,0.04077,0.04089,0.041,0.04108,0.04061,0.04057,0.04048,0.04029,0.04001,0.03962,0.03912,0.03849,0.03772,0.03681,0.03578,0.03463,0.03339,0.03209,0.03059,0.02937,0.02826,0.02731,0.02664,0.02617,0.02601,0.02617,0.02665,0.02741,0.02844,0.02969,0.0311,0.03264,0.03427,0.03592,0.03755,0.03911,0.04161,0.04283,0.04386,0.04468,0.04527,0.04563,0.04578,0.04624,0.04598,0.04558,0.04506,0.04447,0.04394,0.04325,0.04254,0.04186,0.04092,0.04028,0.03971,0.0386,0.03817,0.03786,0.03768,0.03674,0.03677,0.03693,0.03635,0.03671,0.03654,0.03707,0.03764,0.03808,0.03883,0.0396,0.04068,0.04158,0.04298,0.04385,0.0452,0.04577,0.04659,0.04655,0.04648,0.04571,0.04472,0.04332,0.0417,0.03995,0.03822,0.03672,0.03511,0.03414,0.03283,0.03242,0.03231,0.03131,0.03143,0.03168,0.03208,0.03137,0.03214,0.03324,0.03466,0.0348,0.03663,0.03847,0.04015,0.04147,0.04229,0.0425,0.04215,0.04156,0.04048,0.03902,0.03734,0.03559,0.03389,0.03234,0.03085,0.0297,0.02897,0.02871,0.02891,0.02949,0.02918,0.03004,0.03085,0.03145,0.03171,0.03107,0.03068,0.02991,0.02864,0.02741,0.02612,0.02461,0.02352,0.02226,0.02168,0.02147,0.02089,0.0212,0.02096,0.02149,0.02133,0.02168,0.02129,0.02117,0.02036,0.01973,0.01853,0.01769,0.01634,0.01572,0.01449,0.01338,0.01341,0.01262,0.0131,0.01254,0.0121,0.01272,0.01227,0.01179,0.01209,0.01137,0.01049,0.01033,0.00912,0.00777,0.00629,0.00577,0.00421,0.00269,0.00127,-1e-05,0.0002,-0.00059,-0.00116,-0.00151,-0.00165,0.00018,0.00041,0.00075,0.00114,0.00158,0.00204
213.75 -179.72761,-179.28067,-178.83309,-178.38512,-177.93662,-177.48763,-177.03819,-176.58837,-176.13821,-175.68777,-175.23709,-174.78142,-174.33409,-173.8867,-173.43931,-172.99199,-172.5448,-172.08177,-171.63146,-171.18142,-170.73171,-170.28254,-169.83383,-169.38562,-168.938,-168.491,-168.04467,-167.59907,-167.15425,-166.71028,-166.20633,-165.76078,-165.31626,-164.87285,-164.43057,-163.98947,-163.46798,-163.02586,-162.58511,-162.14587,-161.70814,-161.17309,-160.735,-160.29857,-159.86383,-159.3182,-158.88357,-158.45081,-158.02003,-157.46494,-157.03489,-156.60693,-156.04438,-155.61743,-155.19275,-154.62329,-154.20007,-153.77932,-153.20381,-152.78493,-152.36861,-151.78748,-151.37337,-150.78761,-150.37606,-149.78597,-149.3772,-148.97141,-148.37738,-147.97473,-147.37718,-146.97802,-146.37724,-145.98177,-145.37805,-144.7709,-144.38028,-143.77089,-143.3847,-142.77326,-142.15884,-141.77858,-141.16276,-140.78762,-140.1708,-139.55154,-139.18342,-138.56369,-137.94191,-137.3182,-136.95994,-136.33659,-135.71159,-135.08511,-134.45736,-134.11281,-133.48652,-132.85923,-132.23108,-131.60232,-130.973,-130.34324,-129.7132,-129.08305,-128.45303,-127.82318,-127.19364,-126.56458,-125.93617,-125.30862,-124.682,-124.05646,-123.71753,-123.09044,-122.46491,-121.84098,-121.2188,-120.86638,-120.24369,-119.62319,-119.00501,-118.64278,-118.02493,-117.40976,-117.04063,-116.42644,-116.05266,-115.43978,-114.83014,-114.45026,-113.84251,-113.45847,-112.8531,-112.25153,-111.86237,-111.26367,-110.87086,-110.27543,-109.87922,-109.2874,-108.88798,-108.30016,-107.89781,-107.49302,-106.90924,-106.50181,-105.92284,-105.513,-105.10088,-104.52717,-104.11302,-103.54498,-103.12903,-102.71101,-102.14941,-101.72993,-101.30849,-100.75404,-100.33152,-99.90718,-99.48105,-98.9355,-98.50876,-98.08036,-97.54345,-97.11482,-96.68467,-96.25303,-95.81997,-95.29559,-94.8629,-94.42893,-93.99371,-93.55728,-93.04707,-92.61162,-92.17513,-91.73764,-91.2992,-90.85986,-90.41966,-89.93011,-89.4917,-89.05261,-88.61287,-88.17254,-87.73167,-87.2903,-86.84849,-86.40629,-85.96375,-85.52093,-85.07787,-84.63463,-84.19127,-83.74782,-83.30433,-82.86087,-82.4175,-81.97425,-81.53119,-81.08837,-80.64584,-80.20365,-79.76184,-79.32046,-78.87957,-78.43922,-77.99946,-77.56034,-77.12191,-76.62992,-76.18975,-75.75041,-75.31196,-74.87445,-74.43793,-74.00243,-73.48979,-73.05339,-72.61819,-72.18422,-71.75149,-71.22465,-70.79159,-70.35997,-69.92981,-69.39186,-68.9619,-68.53355,-68.10681,-67.5588,-67.1327,-66.70838,-66.28586,-65.72911,-65.30773,-64.88826,-64.32435,-63.90638,-63.49043,-62.9201,-62.50602,-61.92998,-61.51799,-61.10822,-60.52704,-60.11974,-59.5337,-59.12902,-58.53848,-58.13676,-57.54215,-57.14361,-56.74755,-56.15003,-55.54826,-55.15666,-54.55192,-54.16415,-53.55673,-53.17292,-52.56329,-52.18369,-51.57226,-50.9575,-50.58399,-49.96799,-49.34914,-48.98235,-48.36285,-47.74079,-47.38114,-46.75912,-46.135,-45.50883,-45.15932,-44.53399,-43.9071,-43.2788,-42.6491,-42.0183,-41.68576,-41.05713,-40.42773,-39.79768,-39.16722,-38.53651,-37.90567,-37.27473,-36.64402,-36.01367,-35.38383,-34.75447,-34.41733,-33.78592,-33.15552,-32.52624,-31.89815,-31.27152,-30.91716,-30.28988,-29.66431,-29.04061,-28.67587,-28.05228,-27.43098,-27.05876,-26.43809,-25.82004,-25.44111,-24.82448,-24.21068,-23.82562,-23.21366,-22.82414,-22.21452,-21.82082,-21.21378,-20.8161,-20.21213,-19.81081,-19.21015,-18.80531,-18.20823,-17.80028,-17.20731,-16.79656,-16.20794,-15.79462,-15.37859,-14.79485,-14.37656,-13.7979,-13.37777,-12.95516,-12.38263,-11.95858,-11.53225,-10.96654,-10.53901,-10.10935,-9.55085,-9.12054,-8.68828,-8.25413,-7.70528,-7.27101,-6.83496,-6.39711,-5.85859,-5.42113,-4.98219,-4.54181,-4.10006,-3.57523,-3.13447,-2.69245,-2.24915,-1.80477,-1.35936,-0.85193,-0.40823,0.03633,0.48167,0.92775,1.37459,1.8222,2.27037,2.71906,3.16819,3.61771,4.06756,4.51769,4.96805,5.43118,5.87856,6.32599,6.77343,7.22082,7.67289,8.12344,8.57377,9.02382,9.47361,9.92319,10.37233,10.82096,11.26905,11.71656,12.16343,12.60961,13.05506,13.54972,13.99693,14.44324,14.88855,15.33287,15.77615,16.21835,16.73343,17.17626,17.61785,18.05841,18.49766,19.02678,19.46597,19.90367,20.33987,20.87978,21.31547,21.74952,22.18212,22.73174,23.16336,23.5932,24.15052,24.57894,25.0054,25.56967,25.99438,26.41723,26.98788,27.40872,27.98496,28.40345,28.81973,29.40079,29.8144,30.40017,30.81094,31.40127,31.80894,32.40316,32.80745,33.40515,33.80586,34.40666,34.80357,35.40708,35.80019,36.40618,37.01577,37.40301,38.01426,38.397,39.00953,39.62502,40.00102,40.61742,41.23645,41.85789,42.22435,42.84557,43.46881,44.09391,44.44978,45.07382,45.69937,46.32632,46.95442,47.58366,47.92208,48.54897,49.17647,49.80441,50.43265,51.06104,51.6895,52.31782,52.94582,53.57338,54.20044,54.52683,55.15608,55.78433,56.41143,57.03724,57.66164,58.00557,58.63089,59.25448,59.87618,60.23084,60.85254,61.47193,61.83413,62.45292,63.06906,63.43821,64.05316,64.66522,65.04081,65.65107,66.03119,66.63931,67.24392,67.62932,68.23118,68.62048,69.21932,69.61236,70.20776,70.6042,71.1958,71.59539,72.18285,72.58532,72.99043,73.57346,73.98119,74.5593,74.96931,75.38174,75.95418,76.36852,76.78515,77.35125,77.76945,78.18981,78.74893,79.17047,79.59399,80.14544,80.56977,80.99593,81.53909,81.96569,82.39401,82.82397,83.35667,83.78657,84.21796,84.65078,85.08499,85.60423,86.03779,86.47259,86.90858,87.34569,87.78389,88.28575,88.72258,89.16033,89.59895,90.03838,90.47859,90.9195,91.36108,91.80326,92.27706,92.71684,93.15707,93.59769,94.03866,94.47989,94.92136,95.363,95.80478,96.24663,96.68851,97.13035,97.57211,98.01373,98.45513,98.89628,99.33714,99.77764,100.21775,100.6574,101.13557,101.57764,102.01906,102.45977,102.89976,103.33896,103.77734,104.21483,104.65139,105.15748,105.59544,106.03225,106.46788,106.90231,107.33548,107.85881,108.29267,108.7251,109.15607,109.69111,110.12221,110.55168,110.97947,111.40554,111.95258,112.37823,112.80201,113.35725,113.78023,114.20109,114.7638,115.18349,115.60099,116.17068,116.58667,117.00031,117.57632,117.98799,118.39712,118.97862,119.38546,119.97183,120.37611,120.96701,121.36847,121.76711,122.3618,122.75714,123.35553,123.74746,124.34924,124.73747,125.34229,125.95072,126.33404,126.9448,127.32365,127.93653,128.5525,128.92538,129.54278,129.91065,130.5292,131.15019,131.51087,132.13237,132.7561,133.38193,133.73277,134.3583,134.98557,135.61422,135.95387,136.58124,137.20981,137.83947,138.47005,139.10142,139.73343,140.3659,140.99851,141.63116,142.26384,142.89639,143.52865,144.16046,144.79168,145.42214,146.05154,146.67968,147.30654,147.6591,148.28737,148.914,149.53884,150.16172,150.52779,151.15099,151.77148,152.14485,152.76503,153.38245,153.76284,154.37934,154.99267,155.37957,155.99125,156.38226,156.99181,157.59754,157.99417,158.59719,158.99763,159.59765,160.00171,160.59819,161.00541,161.59796,162.00837,162.59671,163.01007,163.42573,164.00993,164.42824,165.0071,165.42755,165.85009,166.42333,166.84792,167.41501,167.84139,168.26968,168.82993,169.25942,169.69068,170.1237,170.67534,171.10933,171.54497,172.08795,172.52415,172.96184,173.40077,173.9328,174.37177,174.81206,175.25362,175.69643,176.21476,176.65699,177.10031,177.54444,177.98957,178.43565,178.88264,179.38063,179.82614 0.00754,0.00723,0.00683,0.00639,0.00597,0.00559,0.00531,0.00515,0.00513,0.00527,0.00555,0.00573,0.0063,0.0069,0.00748,0.00798,0.00835,0.00815,0.00813,0.00795,0.00762,0.00716,0.0066,0.00598,0.00531,0.00464,0.00398,0.00336,0.00278,0.00225,0.00048,-5e-05,-0.00059,-0.00116,-0.0018,-0.00251,-0.00501,-0.00594,-0.00699,-0.00815,-0.00939,-0.01244,-0.01372,-0.01496,-0.01614,-0.01873,-0.01963,-0.02044,-0.02117,-0.02285,-0.02344,-0.02408,-0.02535,-0.02616,-0.02713,-0.02841,-0.0296,-0.03088,-0.03204,-0.03324,-0.03431,-0.03488,-0.03553,-0.03555,-0.03571,-0.03534,-0.03512,-0.0347,-0.03424,-0.03368,-0.03349,-0.03293,-0.03311,-0.0326,-0.03313,-0.03384,-0.03351,-0.03444,-0.03423,-0.03529,-0.03628,-0.03626,-0.03711,-0.03712,-0.03775,-0.03821,-0.03818,-0.03855,-0.03895,-0.03943,-0.03941,-0.04004,-0.04076,-0.04154,-0.04232,-0.04217,-0.04271,-0.04295,-0.0428,-0.04215,-0.04096,-0.03931,-0.03735,-0.0353,-0.03342,-0.03197,-0.03113,-0.03096,-0.03142,-0.03237,-0.03358,-0.03488,-0.03487,-0.03604,-0.0371,-0.03809,-0.03909,-0.03972,-0.04114,-0.04272,-0.04438,-0.0459,-0.0475,-0.04876,-0.04983,-0.05024,-0.05063,-0.05003,-0.04887,-0.04822,-0.04631,-0.04523,-0.04281,-0.04019,-0.0387,-0.03588,-0.03433,-0.03156,-0.03019,-0.02784,-0.02686,-0.02526,-0.02481,-0.02463,-0.0241,-0.0244,-0.02455,-0.02523,-0.0261,-0.02677,-0.02787,-0.02875,-0.03001,-0.03137,-0.03252,-0.03401,-0.03551,-0.03706,-0.03853,-0.03986,-0.04099,-0.0424,-0.04302,-0.04332,-0.04389,-0.04356,-0.04302,-0.04236,-0.04164,-0.04111,-0.0404,-0.0398,-0.03932,-0.03896,-0.03869,-0.03848,-0.03833,-0.03819,-0.03805,-0.03789,-0.0377,-0.03737,-0.03706,-0.03674,-0.03642,-0.03612,-0.03586,-0.03568,-0.0356,-0.03565,-0.03581,-0.0361,-0.03648,-0.03693,-0.03738,-0.0378,-0.03814,-0.03835,-0.03841,-0.03829,-0.03799,-0.03751,-0.03688,-0.03613,-0.03529,-0.03441,-0.03354,-0.03273,-0.03201,-0.03142,-0.03098,-0.03085,-0.03078,-0.03085,-0.031,-0.0312,-0.03139,-0.03152,-0.0323,-0.03222,-0.03197,-0.03158,-0.03107,-0.03083,-0.03012,-0.02946,-0.0289,-0.02844,-0.02815,-0.02808,-0.02823,-0.0283,-0.0287,-0.02919,-0.0297,-0.02962,-0.02987,-0.02999,-0.02919,-0.02893,-0.02857,-0.02736,-0.02704,-0.02621,-0.02634,-0.02674,-0.02703,-0.028,-0.02893,-0.03016,-0.0312,-0.0323,-0.03289,-0.03354,-0.03397,-0.03347,-0.03258,-0.03235,-0.03116,-0.03092,-0.02992,-0.02997,-0.02934,-0.0297,-0.02921,-0.02856,-0.02889,-0.0278,-0.02643,-0.02643,-0.02485,-0.02342,-0.02346,-0.02251,-0.02207,-0.02216,-0.02265,-0.02324,-0.02412,-0.02515,-0.02624,-0.0273,-0.02732,-0.0282,-0.02904,-0.02985,-0.03063,-0.03136,-0.03202,-0.03254,-0.03289,-0.03303,-0.03297,-0.03271,-0.03283,-0.0323,-0.03161,-0.03078,-0.02983,-0.02882,-0.0285,-0.0275,-0.0266,-0.02581,-0.02557,-0.02496,-0.0244,-0.02425,-0.02376,-0.02327,-0.02317,-0.02271,-0.02227,-0.02214,-0.02172,-0.02149,-0.02104,-0.02068,-0.02013,-0.01962,-0.01897,-0.0183,-0.01754,-0.01673,-0.01586,-0.01498,-0.01409,-0.01328,-0.01259,-0.01208,-0.01173,-0.01184,-0.01196,-0.01273,-0.01324,-0.0138,-0.01519,-0.01584,-0.0164,-0.0178,-0.0182,-0.01845,-0.01943,-0.01944,-0.01929,-0.01901,-0.01935,-0.01889,-0.01837,-0.0178,-0.01755,-0.01693,-0.01631,-0.01571,-0.01513,-0.01428,-0.0136,-0.01287,-0.01208,-0.0112,-0.01025,-0.00881,-0.00781,-0.00684,-0.00594,-0.00516,-0.00455,-0.00416,-0.004,-0.00409,-0.00442,-0.00496,-0.00564,-0.00641,-0.00721,-0.00903,-0.00974,-0.01029,-0.01065,-0.01081,-0.00941,-0.00909,-0.0086,-0.00795,-0.00716,-0.00627,-0.00528,-0.00423,-0.00314,-0.00201,-0.00087,0.00028,0.00141,0.00363,0.00453,0.00537,0.00617,0.00691,0.00759,0.00822,0.00875,0.00915,0.00952,0.00985,0.01015,0.01007,0.01029,0.01047,0.01061,0.01049,0.01058,0.01062,0.01056,0.01068,0.01063,0.0105,0.01101,0.01095,0.01088,0.01186,0.01192,0.01202,0.01347,0.01372,0.01534,0.01566,0.01598,0.01748,0.01765,0.01875,0.01862,0.01914,0.01866,0.01863,0.01784,0.01741,0.01647,0.01588,0.01495,0.01441,0.0136,0.01333,0.01335,0.01288,0.01338,0.01321,0.01415,0.01533,0.01553,0.01685,0.01816,0.01938,0.01965,0.02078,0.02192,0.02313,0.02346,0.02478,0.02611,0.02732,0.02829,0.02892,0.02877,0.02882,0.02859,0.02822,0.02791,0.02781,0.02803,0.02859,0.02944,0.03049,0.0316,0.03288,0.03381,0.03456,0.03511,0.03546,0.03566,0.03595,0.03603,0.03616,0.03641,0.0368,0.03731,0.03796,0.03848,0.03917,0.0398,0.04007,0.04046,0.04068,0.04063,0.04064,0.04044,0.04021,0.03969,0.03925,0.03834,0.03769,0.03651,0.03576,0.03465,0.03402,0.03338,0.03305,0.03316,0.03323,0.03346,0.03449,0.03505,0.03644,0.03717,0.03796,0.03921,0.03987,0.04048,0.04098,0.04125,0.04141,0.04094,0.04076,0.04054,0.03945,0.03916,0.03896,0.03795,0.03796,0.03809,0.03832,0.03792,0.03828,0.03864,0.03897,0.03924,0.0391,0.03929,0.03944,0.03954,0.03962,0.03968,0.0395,0.03955,0.03959,0.03962,0.03961,0.03954,0.03939,0.03914,0.03877,0.03826,0.0376,0.03681,0.0359,0.0349,0.03384,0.03276,0.03168,0.03063,0.02965,0.02877,0.02803,0.02745,0.02704,0.02683,0.02681,0.02699,0.02738,0.02795,0.02871,0.02955,0.03077,0.03211,0.03353,0.03497,0.0364,0.03774,0.03894,0.03996,0.04178,0.04239,0.04276,0.0429,0.04283,0.0426,0.04338,0.04294,0.04246,0.04199,0.0423,0.04184,0.04145,0.04117,0.041,0.04082,0.04072,0.04073,0.04016,0.04024,0.04041,0.03966,0.0399,0.04019,0.03943,0.03977,0.04011,0.03951,0.03988,0.04028,0.04009,0.04057,0.04091,0.0415,0.04233,0.04293,0.04343,0.04433,0.04452,0.04495,0.04459,0.04419,0.04324,0.04198,0.04032,0.03875,0.03681,0.03527,0.03349,0.03199,0.03086,0.02988,0.02907,0.02854,0.02828,0.02782,0.02786,0.02816,0.02875,0.02897,0.0301,0.03157,0.03327,0.03409,0.03581,0.0374,0.03873,0.03972,0.04033,0.04055,0.04043,0.03999,0.03933,0.03849,0.03756,0.03659,0.03565,0.03481,0.03419,0.03384,0.03383,0.03412,0.03328,0.0339,0.03454,0.03507,0.0354,0.03468,0.03466,0.03437,0.03328,0.03258,0.0317,0.03017,0.02914,0.02816,0.02663,0.02594,0.02472,0.02449,0.02451,0.02391,0.02427,0.02391,0.02434,0.02395,0.0242,0.02356,0.02352,0.02257,0.02238,0.02124,0.02005,0.01995,0.0188,0.01891,0.01789,0.01696,0.01724,0.01647,0.01671,0.01606,0.01548,0.01568,0.01513,0.01454,0.01389,0.014,0.01311,0.01205,0.01188,0.01054,0.00909,0.00762,0.00738,0.00612,0.00506,0.00426,0.00372,0.00492,0.00495,0.00514,0.00544,0.00579,0.00611,0.00637,0.00784,0.00775
100.0 -179.84518,-178.90069,-177.95198,-176.99952,-176.04378,-175.08533,-174.12472,-173.16247,-172.19913,-171.23525,-170.27139,-169.30809,-168.34589,-167.3853,-166.42691,-165.47125,-164.4514,-163.48713,-162.52735,-161.57257,-160.6233,-159.53104,-158.57928,-157.63473,-156.49822,-155.55519,-154.62101,-153.44646,-152.51779,-151.5995,-150.39383,-149.48496,-148.25499,-147.35837,-146.10763,-145.22602,-143.95819,-143.0942,-141.81313,-140.5157,-139.67881,-138.37437,-137.05727,-135.72887,-134.93655,-133.61028,-132.27676,-130.93753,-129.59419,-128.24834,-126.90157,-125.55556,-124.21199,-122.87249,-122.16796,-120.82083,-119.48197,-118.15292,-117.39589,-116.06839,-115.28616,-113.96434,-112.6588,-111.84701,-110.55372,-109.72286,-108.44589,-107.59852,-106.34179,-105.48058,-104.60732,-103.37554,-102.49229,-101.5983,-100.39936,-99.49943,-98.5903,-97.67234,-96.52058,-95.6021,-94.67651,-93.74431,-92.6518,-91.7245,-90.79241,-89.85605,-88.91597,-87.97274,-87.02693,-86.07911,-85.12989,-84.17984,-83.22957,-82.27968,-81.33076,-80.3834,-79.4382,-78.49573,-77.55657,-76.62125,-75.69034,-74.76435,-73.65188,-72.72139,-71.79764,-70.88111,-69.97225,-68.79469,-67.88802,-66.99065,-65.77369,-64.88266,-64.00243,-62.75351,-61.88369,-61.02594,-59.75311,-58.90954,-57.61716,-56.79042,-55.48243,-54.67506,-53.35555,-52.56989,-51.24301,-49.90282,-49.15091,-47.80993,-46.45968,-45.74729,-44.40285,-43.05338,-41.70041,-40.34557,-38.99048,-37.63679,-36.28613,-34.94011,-33.6003,-32.26832,-30.94559,-30.13144,-28.81008,-27.50176,-26.65523,-25.35472,-24.07079,-23.19856,-21.92867,-21.03975,-19.78759,-18.88454,-17.6538,-16.73939,-15.53334,-14.61027,-13.6773,-12.50312,-11.56542,-10.61929,-9.4836,-8.53663,-7.58286,-6.49157,-5.54077,-4.5849,-3.62442,-2.65982,-1.6916,-0.68548,0.27257,1.23254,2.19389,3.15609,4.11856,5.08078,6.04225,7.00244,7.96084,8.9169,9.87014,10.82005,11.76614,12.7079,13.64486,14.79001,15.7302,16.66404,17.59112,18.51104,19.71224,20.62956,21.53826,22.43799,23.67571,24.56823,25.45062,26.71348,27.58528,28.86831,29.72712,30.57399,31.87042,32.70123,34.00964,34.82243,36.13944,37.46937,38.25443,39.58741,40.93003,41.68202,43.02202,44.36827,45.71945,46.42113,47.76235,49.10508,50.44798,51.7897,53.12891,54.46428,55.79452,56.54339,57.87784,59.20389,60.52036,61.3118,62.62516,63.92583,64.74431,66.03663,66.87276,68.15348,69.41694,70.27134,71.1369,72.38508,73.26216,74.48967,75.37606,76.58019,77.47362,78.37564,79.28597,80.4561,81.36941,82.28978,83.42299,84.34313,85.26898,86.20019,87.13637,88.07711,89.14077,90.07515,91.01267,91.9529,92.8954,93.83974,94.78547,95.73214,96.67929,97.62647,98.57322,99.51909,100.46363,101.40638,102.34693,103.28483,104.21964,105.2801,106.22137,107.15812,108.08995,109.01646,110.1398,111.06766,111.98883,112.90296,114.07041,114.98162,115.88453,117.08372,117.98048,118.86781,120.09291,120.97098,122.21678,123.08333,124.3469,125.19972,126.47796,127.31497,128.60478,129.90914,130.72218,132.03281,133.35497,134.68761,135.46172,136.79312,138.13157,139.47582,140.82448,142.17616,143.52949,144.8831,146.23566,147.58575,148.932,149.65654,151.00928,152.3546,153.11588,154.4619,155.79699,156.59017,157.92038,158.73413,160.05572,160.88803,162.19744,163.04616,164.33999,165.20277,166.07707,167.35228,168.2374,169.48868,170.38206,171.28478,172.19652,173.41289,174.32825,175.25127,176.18151,177.11854,178.28045,179.21505 -0.01077,-0.01111,-0.01155,-0.01202,-0.01246,-0.0128,-0.013,-0.01305,-0.01295,-0.0127,-0.01232,-0.01187,-0.01137,-0.01087,-0.01039,-0.00996,-0.00772,-0.00728,-0.00682,-0.0063,-0.00568,-0.00239,-0.00141,-0.00029,0.00432,0.00576,0.00723,0.01296,0.01445,0.01581,0.02208,0.02311,0.02949,0.03,0.03609,0.03596,0.04149,0.04074,0.04561,0.05011,0.04868,0.0527,0.05652,0.06017,0.0583,0.06159,0.06454,0.06703,0.06894,0.07022,0.07088,0.07101,0.07077,0.07032,0.07363,0.07304,0.0724,0.07164,0.0748,0.07361,0.07647,0.07452,0.07201,0.07406,0.07081,0.07246,0.0689,0.07042,0.06703,0.06863,0.07028,0.06728,0.06895,0.07061,0.0676,0.06906,0.07044,0.07175,0.0682,0.06927,0.07023,0.07107,0.06707,0.06758,0.06787,0.06794,0.06776,0.06735,0.06673,0.06594,0.065,0.06397,0.06285,0.06168,0.06047,0.05925,0.05801,0.05679,0.05559,0.05443,0.05331,0.05222,0.05519,0.05398,0.05271,0.05136,0.04989,0.0517,0.04977,0.0477,0.04867,0.04625,0.04375,0.04439,0.04179,0.03919,0.03988,0.03728,0.03798,0.03534,0.03592,0.0332,0.03362,0.03088,0.0312,0.03149,0.0289,0.02918,0.02937,0.02692,0.02688,0.02657,0.02593,0.02498,0.02375,0.02233,0.02082,0.01935,0.01804,0.01699,0.01624,0.01771,0.01727,0.01695,0.0182,0.01764,0.01684,0.01734,0.01591,0.01584,0.01388,0.01339,0.01118,0.01046,0.00833,0.00752,0.00663,0.00483,0.00395,0.00304,0.00163,0.00082,5e-05,-0.00095,-0.00155,-0.00208,-0.00254,-0.00295,-0.00335,-0.00394,-0.00439,-0.0049,-0.00551,-0.00623,-0.00708,-0.00805,-0.00913,-0.01029,-0.01149,-0.01268,-0.01382,-0.01486,-0.01577,-0.0165,-0.01705,-0.01799,-0.01833,-0.01853,-0.01865,-0.01871,-0.01994,-0.02015,-0.02038,-0.02066,-0.02275,-0.02318,-0.02359,-0.02598,-0.02624,-0.02853,-0.0284,-0.02802,-0.02975,-0.02884,-0.03024,-0.02882,-0.02995,-0.03102,-0.02907,-0.02992,-0.03066,-0.02839,-0.02897,-0.02953,-0.03016,-0.02794,-0.02884,-0.03001,-0.03146,-0.03312,-0.03486,-0.0365,-0.03783,-0.04097,-0.04151,-0.0414,-0.04067,-0.04269,-0.04125,-0.03961,-0.04137,-0.03988,-0.04188,-0.04093,-0.04037,-0.04298,-0.04574,-0.0457,-0.04861,-0.04841,-0.05117,-0.05039,-0.05272,-0.05479,-0.05656,-0.05415,-0.05514,-0.05576,-0.05188,-0.05175,-0.05137,-0.05078,-0.05007,-0.04931,-0.04385,-0.04315,-0.04262,-0.04234,-0.04233,-0.0426,-0.04314,-0.04389,-0.04479,-0.04575,-0.04669,-0.04752,-0.04819,-0.04866,-0.04891,-0.04894,-0.04875,-0.05284,-0.05217,-0.05132,-0.0503,-0.04912,-0.05185,-0.05029,-0.04859,-0.04675,-0.04852,-0.04638,-0.04415,-0.04561,-0.04335,-0.04111,-0.04307,-0.04109,-0.04381,-0.04209,-0.0453,-0.0436,-0.04668,-0.04463,-0.04694,-0.0486,-0.04559,-0.04622,-0.04632,-0.04596,-0.04212,-0.04132,-0.04027,-0.03901,-0.03761,-0.03616,-0.03478,-0.03355,-0.03259,-0.03193,-0.03158,-0.03408,-0.03397,-0.03395,-0.03631,-0.03615,-0.03584,-0.0378,-0.03699,-0.03854,-0.03701,-0.03797,-0.03557,-0.03581,-0.03261,-0.03216,-0.03138,-0.0275,-0.02629,-0.02251,-0.02115,-0.01971,-0.01821,-0.01529,-0.01411,-0.01303,-0.01213,-0.01145,-0.01062,-0.0106
