22.5 -175.27,-170.47891,-165.43476,-160.54397,-154.70451,-150.02386,-143.81249,-137.37573,-130.89467,-124.56024,-121.27718,-115.11697,-111.42316,-107.47155,-102.02182,-98.04238,-93.96045,-89.82646,-85.6948,-81.61967,-77.65101,-72.18809,-68.25753,-64.58619,-58.43582,-55.17981,-48.8689,-42.41973,-36.02076,-29.85008,-25.1931,-19.39419,-14.53228,-9.52006,-4.75869,-0.02683,4.64563,10.54013,15.19666,19.60327,25.98484,29.97147,36.36177,42.77223,49.0673,52.59115,58.77262,64.54778,68.42273,72.46853,76.66251,81.61653,85.70334,89.82516,93.94839,98.03939,102.97632,107.18148,111.24069,115.1307,120.90735,124.57297,130.64417,136.95798,143.39363,149.81315,153.81081,160.23015,164.65648,169.33622,175.27039,179.96974 0.03153,0.069,0.11905,0.17445,0.25045,0.30434,0.37515,0.43203,0.46846,0.48126,0.49583,0.48109,0.49472,0.51229,0.48991,0.50793,0.52277,0.52942,0.52341,0.50227,0.46744,0.42944,0.37539,0.32599,0.26622,0.23057,0.18144,0.14193,0.11324,0.09198,0.07427,0.05788,0.04502,0.03454,0.02052,0.00926,-0.00428,-0.01541,-0.0393,-0.07007,-0.1,-0.13871,-0.16718,-0.19022,-0.21069,-0.19855,-0.22789,-0.26683,-0.27952,-0.30241,-0.33522,-0.39163,-0.42089,-0.44207,-0.45145,-0.44812,-0.45071,-0.42601,-0.39569,-0.36333,-0.3293,-0.29604,-0.25578,-0.21458,-0.1758,-0.14107,-0.12232,-0.09175,-0.07338,-0.05411,-0.02366,0.00108
28.125 -178.39512,-174.46813,-170.54908,-166.67504,-162.41004,-158.51642,-153.80943,-150.07968,-145.1399,-140.0317,-134.84236,-129.66963,-124.61255,-122.02137,-117.06198,-114.18424,-111.12599,-106.51329,-103.35389,-100.08355,-96.72505,-93.30555,-89.85538,-86.40658,-82.99109,-79.63905,-76.37726,-73.22814,-68.61144,-65.56826,-62.70593,-57.7543,-52.54185,-50.13807,-44.98462,-39.81878,-34.73552,-29.82134,-26.10638,-21.42551,-17.55021,-13.30835,-9.45351,-5.55383,-1.64573,2.23028,6.04497,9.76804,14.6877,18.31144,21.75854,26.87944,30.03135,35.13858,40.27462,45.36902,50.35517,53.18517,58.07982,61.13201,65.78513,68.96679,73.25519,76.46807,79.75059,83.08753,86.46199,89.85591,93.25062,96.62742,99.96817,103.25586,106.47513,110.75792,113.94924,118.60199,121.66667,126.56657,129.41083,134.4075,139.51587,144.66829,149.79501,152.95354,158.09749,161.55575,166.51773,170.13835,173.87772,177.71013 0.01296,0.03797,0.06606,0.09705,0.14133,0.17912,0.23557,0.26886,0.32182,0.368,0.403,0.42267,0.4232,0.43155,0.40759,0.40957,0.41448,0.39572,0.41028,0.42772,0.44535,0.46022,0.46884,0.46816,0.45656,0.43495,0.40653,0.37518,0.34174,0.3092,0.28186,0.24492,0.20914,0.19804,0.17308,0.15294,0.13515,0.11676,0.09555,0.07719,0.05867,0.04335,0.02811,0.01385,-0.00049,-0.01601,-0.03386,-0.05512,-0.07996,-0.11128,-0.14507,-0.18274,-0.21442,-0.2444,-0.2666,-0.28173,-0.29166,-0.29059,-0.30036,-0.30297,-0.31671,-0.32664,-0.34233,-0.35743,-0.37332,-0.38793,-0.39905,-0.4046,-0.40358,-0.39605,-0.38312,-0.36645,-0.34765,-0.33864,-0.31635,-0.29903,-0.27555,-0.25175,-0.23052,-0.2061,-0.18228,-0.15982,-0.13806,-0.12453,-0.10186,-0.08591,-0.06458,-0.04755,-0.0293,-0.00931
33.75 -177.19996,-173.86191,-170.53312,-167.23562,-163.98825,-160.33233,-157.10537,-153.16615,-150.06684,-145.97025,-141.74509,-137.44054,-133.11234,-128.81746,-126.79559,-122.47515,-118.33219,-115.98558,-113.50799,-109.55264,-106.96653,-104.28357,-101.51429,-98.10169,-95.38924,-92.64483,-89.88451,-87.1249,-84.38258,-81.67354,-78.2512,-75.48874,-72.81359,-70.23607,-66.28012,-63.81357,-61.47804,-57.34113,-53.03031,-51.02087,-46.73924,-42.42607,-38.13819,-33.93056,-29.85179,-26.76281,-22.84192,-19.6277,-15.98846,-12.75427,-9.47021,-6.15544,-2.83149,0.47951,3.75627,6.9788,10.1273,13.18781,16.1493,20.32309,23.1448,27.41961,30.0282,34.28579,38.56836,42.83671,47.05218,51.17775,53.54261,57.59628,60.11367,64.00986,66.62673,70.29229,72.95318,75.67448,78.44833,81.26578,84.39467,87.13375,89.88311,92.63288,95.3732,98.49317,101.31384,104.0917,106.81773,109.48397,113.14686,115.77088,119.66745,122.19351,126.25081,128.62535,132.75755,136.98123,141.26014,145.55496,149.82591,152.43888,156.72961,159.55838,163.74899,166.71978,169.79072,172.95036,176.18534,179.4753 0.01303,0.03273,0.05399,0.07632,0.09915,0.13375,0.15783,0.19888,0.21961,0.26004,0.29801,0.3306,0.35454,0.36614,0.38104,0.37164,0.35231,0.35339,0.35399,0.33525,0.34154,0.35172,0.36541,0.36163,0.37584,0.38769,0.39508,0.39664,0.392,0.3818,0.38159,0.36077,0.33939,0.3188,0.29744,0.2792,0.26421,0.24292,0.22212,0.21601,0.20054,0.18693,0.17359,0.15838,0.14061,0.12123,0.10166,0.08209,0.06425,0.04662,0.02985,0.01367,-0.00241,-0.01883,-0.03619,-0.05501,-0.07572,-0.09847,-0.12285,-0.15645,-0.18222,-0.21573,-0.23481,-0.25871,-0.27556,-0.28569,-0.2905,-0.29168,-0.29484,-0.29486,-0.29906,-0.3011,-0.30795,-0.31384,-0.32395,-0.33516,-0.34662,-0.35719,-0.35774,-0.36034,-0.35867,-0.3529,-0.34373,-0.3435,-0.32962,-0.31484,-0.29989,-0.28505,-0.27565,-0.25983,-0.24759,-0.23131,-0.21656,-0.20113,-0.1861,-0.17144,-0.15746,-0.14373,-0.12924,-0.12175,-0.10435,-0.09385,-0.07544,-0.06348,-0.05061,-0.03672,-0.02159,-0.00505
39.375 -178.80562,-176.02687,-173.24381,-170.46945,-167.61624,-164.7819,-161.99868,-158.80871,-156.05629,-152.67182,-150.0211,-146.5229,-142.92527,-139.25779,-135.55384,-131.85012,-128.18303,-126.44915,-122.76942,-120.84541,-117.23982,-115.16523,-111.72111,-109.54763,-107.29375,-104.12408,-101.8495,-99.52389,-97.15586,-94.75511,-92.33219,-89.89828,-87.46485,-85.04339,-82.645,-80.2802,-77.95858,-75.68867,-72.51519,-70.26794,-68.10144,-64.65802,-62.59179,-58.99016,-57.07527,-53.4027,-51.6778,-48.02003,-44.32685,-40.63461,-36.97972,-33.39514,-29.91007,-27.2673,-23.89617,-21.15269,-17.97514,-15.20152,-12.37726,-9.51595,-6.77014,-3.99684,-1.22773,1.522,4.24239,6.9225,10.35811,13.01908,15.60509,18.10924,21.71671,24.10211,27.768,31.50045,33.64517,37.32008,40.9902,44.63264,48.22348,50.20441,53.77317,57.23416,59.37678,62.7277,64.94878,68.14231,70.40702,72.72214,75.08326,77.99144,80.33365,82.70147,85.08895,87.48979,89.89751,92.30551,94.70719,97.09603,99.46573,101.81031,104.71381,107.07857,109.39773,111.66683,114.85904,117.08559,120.43715,122.58614,126.04977,128.08843,131.61067,135.2073,138.85678,142.53511,146.21906,149.88156,152.10937,155.78645,158.17668,161.79661,164.3068,166.89991,170.37957,173.01736,175.70606,178.4355 0.00232,0.01521,0.02873,0.04276,0.06146,0.07755,0.09343,0.11905,0.13552,0.16536,0.18113,0.21229,0.24301,0.27098,0.29346,0.30783,0.31274,0.32504,0.31753,0.32378,0.30821,0.31025,0.29555,0.2987,0.30342,0.29824,0.30703,0.31718,0.3279,0.33807,0.34658,0.35225,0.35427,0.35245,0.34712,0.33893,0.32877,0.31766,0.31199,0.29871,0.28663,0.27405,0.2634,0.24924,0.24121,0.22824,0.22282,0.21237,0.20279,0.19308,0.18189,0.16818,0.15197,0.13644,0.11762,0.10023,0.08221,0.06533,0.0488,0.03273,0.01888,0.00379,-0.01132,-0.02674,-0.04277,-0.05966,-0.08295,-0.10272,-0.12303,-0.14316,-0.17237,-0.19011,-0.21621,-0.23859,-0.24635,-0.26004,-0.26887,-0.27339,-0.2745,-0.27771,-0.27634,-0.27537,-0.279,-0.28065,-0.28625,-0.29114,-0.29889,-0.30754,-0.31666,-0.32214,-0.32874,-0.33291,-0.33396,-0.33171,-0.32645,-0.31894,-0.31005,-0.30055,-0.29099,-0.28167,-0.27942,-0.26935,-0.25947,-0.24971,-0.24031,-0.22917,-0.2161,-0.2042,-0.18983,-0.1782,-0.1648,-0.15303,-0.14293,-0.134,-0.12541,-0.11619,-0.11204,-0.0997,-0.09207,-0.07767,-0.06805,-0.05782,-0.04332,-0.03261,-0.02152,-0.0099
45.0 -177.81731,-175.34592,-172.87317,-170.40766,-167.9577,-165.371,-162.89305,-160.46077,-157.63573,-155.23956,-152.2737,-149.95851,-146.90756,-143.77715,-140.58694,-137.35882,-134.11643,-130.88442,-127.68746,-126.17069,-122.96779,-121.30658,-118.15512,-116.37477,-113.33349,-111.46704,-109.53443,-106.67311,-104.70504,-102.68869,-100.62906,-98.53198,-96.08323,-94.03817,-91.97938,-89.91381,-87.84854,-85.79064,-83.74705,-81.29181,-79.19764,-77.14146,-75.12901,-73.16523,-70.30205,-68.37496,-66.51419,-63.4741,-61.70025,-58.55234,-56.89787,-53.70043,-50.43131,-49.00044,-45.77617,-42.54241,-39.32361,-36.14322,-33.02316,-30.73989,-27.67285,-24.71721,-22.32764,-19.51239,-17.08751,-14.61729,-12.0392,-9.59683,-7.13882,-4.67381,-2.21008,0.24333,2.67783,5.08519,7.45719,9.7863,12.06784,15.15834,17.38915,19.55357,22.73037,24.79561,28.00452,31.26211,33.14098,36.35807,39.57759,42.78201,45.9546,49.08102,50.82527,53.92853,56.94921,58.81486,61.75436,63.68297,66.50933,68.47801,70.48846,72.53807,75.16869,77.21662,79.29053,81.38663,83.50086,85.62893,87.8454,89.91189,91.97857,94.18924,96.31828,98.43383,100.53161,102.60753,104.65778,106.67884,109.33824,111.35208,113.32437,116.1501,118.08302,121.02321,122.89373,125.9164,129.02236,130.77226,133.90279,137.08035,140.29044,143.51648,146.74073,148.62111,151.88695,155.10457,157.17317,160.3593,162.52824,164.76409,167.86442,170.15179,172.48715,174.86558,177.27994,179.72174 0.00213,0.01232,0.02263,0.03299,0.04334,0.05953,0.07094,0.08238,0.10336,0.11608,0.14043,0.15349,0.17895,0.2038,0.22624,0.24434,0.25684,0.26353,0.26517,0.27548,0.27102,0.27798,0.26903,0.27297,0.2634,0.26674,0.27054,0.26574,0.27149,0.27796,0.28499,0.29231,0.287,0.2926,0.29766,0.30176,0.30442,0.30534,0.30441,0.31307,0.30734,0.30061,0.29341,0.2862,0.28261,0.27462,0.26716,0.25952,0.25225,0.24284,0.23625,0.22674,0.21768,0.21286,0.20521,0.19788,0.19001,0.1806,0.16905,0.15872,0.1432,0.12686,0.11235,0.09607,0.08129,0.06649,0.05276,0.03893,0.0252,0.01149,-0.00232,-0.01644,-0.03104,-0.04625,-0.06211,-0.07852,-0.09517,-0.11881,-0.13532,-0.15051,-0.17349,-0.1852,-0.20485,-0.22214,-0.227,-0.23904,-0.24804,-0.25395,-0.25708,-0.25813,-0.26105,-0.26077,-0.26117,-0.2643,-0.26658,-0.27098,-0.27506,-0.28082,-0.28719,-0.29411,-0.29846,-0.30437,-0.30907,-0.3117,-0.31167,-0.3088,-0.29421,-0.28673,-0.27856,-0.27952,-0.27144,-0.26398,-0.25728,-0.25126,-0.24589,-0.24091,-0.24067,-0.23494,-0.22908,-0.22323,-0.21579,-0.20511,-0.19655,-0.18247,-0.16731,-0.15844,-0.14389,-0.1313,-0.12122,-0.11342,-0.10709,-0.10718,-0.10054,-0.09288,-0.08928,-0.07928,-0.07292,-0.06535,-0.05407,-0.04555,-0.03656,-0.02726,-0.0177,-0.00789
50.625 -178.91902,-176.76958,-174.61486,-172.55644,-170.33724,-168.13171,-165.94637,-163.58869,-161.39111,-159.23445,-156.70175,-154.57992,-151.94177,-149.21667,-147.18226,-144.41341,-141.59355,-138.73728,-135.86123,-132.98255,-130.11846,-128.83178,-125.93906,-123.10463,-121.64386,-118.84706,-117.29013,-114.572,-112.94105,-111.25538,-108.66006,-106.9345,-105.16552,-103.35607,-100.99622,-99.19658,-97.37223,-95.52764,-93.66763,-91.79728,-89.92182,-88.04659,-86.17691,-84.31801,-82.47495,-80.65252,-78.85517,-76.49176,-74.68561,-72.92019,-71.19842,-68.60231,-66.92123,-65.29496,-62.57815,-61.02642,-58.2326,-56.77718,-53.94699,-51.0593,-49.77827,-46.92008,-44.04798,-41.17907,-38.33048,-35.51859,-32.75769,-30.72739,-28.01059,-25.3805,-23.2639,-20.73916,-18.58823,-16.39663,-14.04605,-11.8666,-9.66723,-7.45436,-5.40142,-3.25253,-1.10885,1.02314,3.13734,5.73593,7.86232,9.95391,12.0064,14.01606,16.79707,18.75489,20.65794,23.4917,25.31282,28.16894,31.06013,32.73184,35.59203,38.45757,41.31601,44.15545,46.96442,49.73229,51.29054,54.0363,56.7167,58.36927,60.9876,62.69167,65.22513,66.96484,68.7395,71.15312,72.94108,74.75565,76.59456,78.81652,80.63955,82.47741,84.32732,86.18642,88.05174,89.92023,91.78886,93.65456,95.51429,97.36509,99.20407,101.02844,103.24739,105.08824,106.90494,108.69522,111.10733,112.88486,114.62756,117.16076,118.8683,121.4873,123.14357,125.82553,128.57349,130.13614,132.90706,135.71962,138.5633,141.42653,144.29713,147.16306,148.83611,151.73374,154.59666,156.4204,159.2613,161.16773,163.12929,165.91818,167.93201,169.98919,172.08579,174.72644,176.82385,178.94352 -0.00869,-0.00162,0.00545,0.01457,0.02227,0.02996,0.03772,0.05119,0.06016,0.06961,0.0876,0.09853,0.11933,0.14125,0.15122,0.17132,0.18921,0.2038,0.21447,0.22134,0.22514,0.23493,0.23516,0.23357,0.24039,0.23604,0.24085,0.23509,0.239,0.243,0.23914,0.24421,0.24952,0.25488,0.25168,0.25598,0.25998,0.26385,0.26774,0.2717,0.27544,0.2786,0.28079,0.28167,0.28124,0.27953,0.27685,0.28014,0.27545,0.27065,0.26585,0.26372,0.25811,0.25251,0.24725,0.2412,0.23425,0.22821,0.22063,0.21308,0.20797,0.20136,0.19524,0.18926,0.18269,0.17476,0.16496,0.15761,0.14432,0.12997,0.11861,0.10366,0.09149,0.07898,0.0656,0.05359,0.04153,0.02942,0.01831,0.00631,-0.00602,-0.01876,-0.03195,-0.04917,-0.06368,-0.07828,-0.09262,-0.10633,-0.12627,-0.13822,-0.14862,-0.16619,-0.17363,-0.1888,-0.20267,-0.20606,-0.21713,-0.22649,-0.23381,-0.23903,-0.24223,-0.24386,-0.24733,-0.24787,-0.24867,-0.25226,-0.25415,-0.25846,-0.26126,-0.26604,-0.27094,-0.27352,-0.27821,-0.28272,-0.28667,-0.28354,-0.28413,-0.28284,-0.27949,-0.27429,-0.26769,-0.26035,-0.2529,-0.24581,-0.2394,-0.23379,-0.22899,-0.22496,-0.22714,-0.22386,-0.22088,-0.21802,-0.21938,-0.21574,-0.21176,-0.20945,-0.20408,-0.19806,-0.19168,-0.18228,-0.17043,-0.16321,-0.14912,-0.1342,-0.11983,-0.10727,-0.0971,-0.0892,-0.08863,-0.08307,-0.07753,-0.07733,-0.07046,-0.06835,-0.065,-0.05586,-0.05087,-0.04505,-0.03856,-0.02926,-0.02262,-0.01574
56.25 -178.08852,-176.1271,-174.16254,-172.19825,-170.23989,-168.25818,-166.26764,-164.29784,-162.35336,-160.16614,-158.23022,-155.93661,-154.03368,-151.65818,-149.21318,-147.38296,-144.90123,-142.37602,-139.8179,-137.23801,-134.64886,-132.06322,-129.49364,-128.33027,-125.74131,-123.20008,-121.89723,-119.3846,-118.00269,-115.54838,-114.10286,-112.61165,-110.24401,-108.71303,-107.14374,-105.53794,-103.33718,-101.72726,-100.09176,-98.43368,-96.75634,-95.0633,-93.35834,-91.57852,-89.93144,-88.28451,-86.49935,-84.79525,-83.10339,-81.42755,-79.77126,-78.1378,-76.53018,-74.32716,-72.72437,-71.15827,-69.6306,-67.26275,-65.77539,-63.3088,-61.88081,-60.5031,-57.99299,-55.41678,-54.15665,-51.57167,-50.41286,-47.84792,-45.26743,-42.68388,-40.11016,-37.55826,-35.03943,-32.56416,-30.73729,-28.29898,-25.93,-24.03145,-21.7442,-19.81282,-17.84681,-15.69172,-13.7268,-11.74138,-9.76476,-7.81126,-5.85171,-3.89202,-1.93541,0.01361,1.95074,3.87182,5.77291,7.64968,9.49898,11.93982,13.76866,15.55974,18.08646,19.82951,21.52651,24.0829,25.71056,28.28219,30.88306,32.38955,34.96541,37.54657,40.12481,42.6918,45.23875,47.75769,50.24128,51.64943,54.11219,55.58165,58.00533,60.36593,61.89231,63.45223,65.74503,67.33232,69.537,71.1396,72.76588,74.4143,76.47594,78.11819,79.77574,81.44663,83.12883,84.82021,86.51856,88.27178,89.92913,91.58657,93.33603,95.03486,96.72691,98.40996,100.08188,101.74062,103.38424,105.44375,107.09396,108.72216,110.32681,112.53051,114.12024,115.68055,117.97542,119.50455,121.86575,123.35226,125.76327,128.22775,129.6394,132.1253,134.64704,137.19721,139.76764,142.34991,144.93544,147.5159,149.0235,151.62966,154.20659,155.83628,158.39856,160.09815,162.62259,164.37698,166.1714,168.00378,170.45103,172.30426,174.185,176.09041,178.01597,179.95771 -0.00538,-0.00031,0.00477,0.00991,0.01513,0.02174,0.02787,0.03435,0.04131,0.05268,0.06124,0.07592,0.08549,0.10225,0.11977,0.12739,0.14316,0.15753,0.16982,0.1796,0.18679,0.19175,0.19491,0.20275,0.20387,0.20394,0.21021,0.20835,0.21335,0.20973,0.21374,0.21778,0.2144,0.21915,0.22425,0.22946,0.22716,0.23148,0.23513,0.23813,0.24071,0.2432,0.24594,0.23875,0.24203,0.2455,0.25901,0.26121,0.26239,0.26249,0.26163,0.25999,0.25779,0.26078,0.25737,0.2538,0.24996,0.2487,0.24392,0.24033,0.2349,0.22952,0.22417,0.21807,0.21281,0.2064,0.20164,0.19549,0.18964,0.18405,0.17835,0.17193,0.16425,0.15499,0.14993,0.13795,0.1251,0.11681,0.10332,0.09395,0.08401,0.07135,0.06139,0.05122,0.03994,0.02985,0.0195,0.00887,-0.00209,-0.0134,-0.02504,-0.03694,-0.04896,-0.06088,-0.07243,-0.08864,-0.09942,-0.10917,-0.12507,-0.13297,-0.13972,-0.15362,-0.15847,-0.17088,-0.1826,-0.18506,-0.19524,-0.20437,-0.21213,-0.2182,-0.22239,-0.22479,-0.22579,-0.23017,-0.23024,-0.23448,-0.235,-0.23614,-0.24134,-0.24654,-0.24847,-0.25351,-0.25436,-0.25846,-0.26208,-0.26513,-0.26123,-0.26229,-0.26235,-0.26116,-0.25859,-0.25461,-0.24943,-0.23617,-0.23027,-0.22453,-0.22523,-0.22021,-0.21597,-0.21247,-0.20959,-0.20722,-0.20516,-0.20715,-0.20496,-0.20259,-0.19991,-0.20068,-0.19718,-0.19324,-0.19241,-0.1876,-0.18494,-0.17938,-0.17461,-0.16793,-0.16152,-0.15234,-0.14099,-0.12793,-0.11419,-0.10091,-0.08901,-0.07893,-0.0754,-0.06827,-0.06217,-0.06133,-0.05568,-0.05481,-0.04841,-0.04656,-0.04411,-0.04104,-0.03278,-0.02887,-0.0246,-0.02004,-0.0153,-0.01039
61.875 -178.91812,-177.37998,-175.57547,-173.76924,-171.96484,-170.16589,-168.37534,-166.59674,-164.71301,-162.9227,-161.15583,-159.14509,-157.39076,-155.29579,-153.57121,-151.41133,-149.19448,-147.53092,-145.28321,-142.9979,-140.68281,-138.34653,-135.99786,-133.64615,-131.3012,-130.28427,-127.91128,-125.56906,-124.42527,-122.09135,-120.87267,-118.57,-117.28691,-115.03834,-113.70355,-111.53102,-110.1585,-108.75242,-106.6858,-105.26215,-103.81193,-102.33694,-100.83921,-98.97702,-97.49565,-96.00059,-94.49442,-92.97984,-91.45963,-89.93667,-88.41382,-86.89398,-85.38001,-83.87467,-82.38068,-80.55204,-79.03549,-77.53961,-76.06663,-74.6186,-72.56547,-71.12961,-69.72633,-68.3567,-66.1843,-64.85277,-62.60529,-61.32572,-59.02491,-57.80996,-55.47862,-54.33862,-51.99963,-49.63034,-48.61719,-46.27637,-43.92915,-41.58545,-39.25419,-36.9443,-34.66425,-32.42188,-30.76114,-28.54996,-26.83105,-24.67431,-22.58462,-20.83392,-19.05219,-17.06522,-15.27903,-13.47253,-11.62527,-9.83866,-8.04383,-6.24355,-4.44148,-2.64105,-0.84578,0.94006,2.71363,4.47216,6.21272,7.93259,9.6292,11.30025,13.55151,15.19778,16.81089,19.12153,20.69141,22.22261,24.55258,26.02399,28.3625,30.72487,32.09575,34.4392,36.78868,39.13678,41.47765,43.80507,46.11312,48.39577,49.65935,51.93246,54.1658,55.50023,57.70101,59.85041,61.23262,62.64294,64.73966,66.1748,68.2021,69.65294,71.12474,73.0592,74.53431,76.02557,77.53169,79.05126,80.82411,82.32742,83.83887,85.35692,86.87998,88.40641,89.93457,91.4628,92.98944,94.51284,96.03137,97.54343,99.04748,100.81804,102.33868,103.84598,105.33854,106.81505,108.74821,110.22172,111.67437,113.70103,115.13822,116.55028,118.6474,120.032,122.18194,124.3836,125.72078,127.95547,129.24321,131.49689,133.78172,136.09214,138.42239,140.7664,143.11785,145.47101,147.81836,149.19016,151.55674,153.89975,155.37278,157.70745,159.2407,161.54744,163.12855,164.7443,167.00373,168.64988,170.32405,172.02394,173.74725,175.49138,177.6038,179.33706 -0.0023,-3e-05,0.00372,0.00752,0.0114,0.01538,0.01951,0.02384,0.02949,0.03489,0.04067,0.04985,0.05696,0.06874,0.07632,0.08928,0.10255,0.10801,0.12002,0.13139,0.14178,0.15093,0.15848,0.16437,0.16864,0.17551,0.17784,0.17911,0.18516,0.18511,0.19064,0.18905,0.19367,0.19075,0.19467,0.19172,0.19585,0.2003,0.19844,0.2033,0.20808,0.21245,0.21616,0.21122,0.2131,0.21449,0.21575,0.21731,0.21947,0.22227,0.22558,0.22906,0.23231,0.23502,0.23692,0.24603,0.24565,0.24457,0.24295,0.24095,0.24434,0.2415,0.23841,0.23497,0.23452,0.2302,0.22754,0.22278,0.21893,0.21429,0.20973,0.20539,0.2002,0.1945,0.19037,0.18441,0.17835,0.17215,0.16555,0.15825,0.15001,0.14077,0.13691,0.12613,0.12068,0.10897,0.09743,0.09042,0.08281,0.07156,0.06353,0.05515,0.04475,0.03619,0.02735,0.01827,0.00891,-0.0007,-0.01055,-0.02058,-0.0307,-0.04079,-0.05067,-0.06016,-0.06912,-0.07742,-0.09061,-0.09789,-0.10439,-0.11711,-0.12241,-0.12702,-0.13848,-0.14183,-0.15234,-0.16247,-0.16421,-0.17337,-0.18179,-0.18909,-0.19487,-0.19891,-0.20123,-0.20217,-0.20718,-0.207,-0.20663,-0.21147,-0.21152,-0.212,-0.2176,-0.22337,-0.22427,-0.22996,-0.22973,-0.23449,-0.23854,-0.23521,-0.23756,-0.23919,-0.24012,-0.24033,-0.23263,-0.23128,-0.22905,-0.22593,-0.22204,-0.21761,-0.21295,-0.20837,-0.2041,-0.20034,-0.19716,-0.19455,-0.19244,-0.19476,-0.1932,-0.19166,-0.18997,-0.18794,-0.18918,-0.18615,-0.18259,-0.18209,-0.17764,-0.17284,-0.17166,-0.16645,-0.16495,-0.16285,-0.15695,-0.15353,-0.14709,-0.14202,-0.1354,-0.12709,-0.11721,-0.10621,-0.09483,-0.08381,-0.07369,-0.06911,-0.06092,-0.05388,-0.05133,-0.04567,-0.04396,-0.03886,-0.03721,-0.0354,-0.02998,-0.02752,-0.02471,-0.02159,-0.01824,-0.01472,-0.0092,-0.00575
67.5 -179.82507,-178.20492,-176.57906,-174.94935,-173.31882,-171.69043,-170.09126,-168.43442,-166.78807,-165.15443,-163.39613,-161.75692,-159.91131,-158.27996,-156.6763,-154.74917,-152.76661,-151.19259,-149.16534,-147.0952,-145.58702,-143.50071,-141.38775,-139.25437,-137.10759,-134.95443,-132.80201,-130.65797,-129.71918,-127.5545,-125.41663,-124.37294,-122.24229,-121.1359,-119.03,-117.86873,-115.80504,-114.5984,-112.59391,-111.35232,-110.08131,-108.78157,-106.86623,-105.55095,-104.21245,-102.85213,-101.08137,-99.72723,-98.35808,-96.97581,-95.58243,-94.18004,-92.77085,-91.35713,-89.94117,-88.52531,-87.11188,-85.70319,-84.30148,-82.90896,-81.52772,-80.15977,-78.80699,-77.03417,-75.67564,-74.33905,-73.02579,-71.10959,-69.81224,-68.5437,-66.5372,-65.30047,-64.09662,-62.03398,-60.8757,-58.77141,-57.66813,-55.53966,-54.49914,-52.36392,-50.20229,-48.02142,-47.126,-44.97729,-42.82815,-40.6855,-38.5564,-36.44781,-34.36596,-32.86011,-30.79466,-28.77202,-27.20075,-25.22275,-23.61633,-21.69949,-20.07149,-18.23015,-16.59428,-14.93952,-13.20958,-11.56666,-9.91334,-8.25245,-6.69249,-5.06532,-3.43884,-1.81628,-0.19939,1.40937,3.00763,4.59309,6.16361,8.16288,9.72916,11.27342,12.79414,14.2898,16.37648,17.84281,19.96999,21.39691,22.79084,24.93023,26.27322,28.41922,30.5835,31.84116,33.98991,36.14501,38.30102,40.45281,42.59486,44.72283,46.83225,48.91885,50.08283,52.15978,54.203,55.42563,57.44157,58.69946,60.67777,61.96473,63.89589,65.20511,67.08039,68.405,69.74816,71.54997,72.89892,74.26284,75.64076,77.33562,78.707,80.0884,81.4787,82.87673,84.28127,85.69107,87.10487,88.55602,89.94061,91.32525,92.77378,94.18785,95.59804,97.00307,98.40169,99.79268,101.17487,102.54713,104.24042,105.61947,106.9846,108.33485,110.13572,111.48039,112.80655,114.6814,115.99242,117.92354,119.21249,120.4776,122.45121,124.46787,125.6928,127.73715,129.8155,130.98197,133.07022,135.18164,137.31187,139.45636,141.61088,143.76982,145.92793,148.07999,149.33843,151.50636,153.65604,155.00034,157.14367,158.53921,160.66131,162.09946,163.5678,165.65887,167.1569,168.68008,170.22698,172.24387,173.7997,175.37313,176.96162,178.56298 -0.00461,-0.00166,0.00131,0.00431,0.00732,0.01033,0.01442,0.0176,0.0208,0.02403,0.02952,0.03351,0.04086,0.04595,0.05122,0.06132,0.07215,0.07745,0.08798,0.09825,0.10144,0.1107,0.11962,0.12807,0.13572,0.14224,0.14735,0.15091,0.15627,0.15792,0.15851,0.16344,0.16308,0.16799,0.16691,0.17151,0.16988,0.17394,0.17224,0.1759,0.17957,0.1834,0.18152,0.18557,0.18979,0.19399,0.19059,0.19357,0.19585,0.19741,0.19844,0.19926,0.20029,0.20186,0.20413,0.20706,0.21041,0.21386,0.21701,0.21957,0.22134,0.22222,0.22218,0.22894,0.22741,0.22552,0.22348,0.2278,0.22524,0.22243,0.2238,0.22008,0.21617,0.21482,0.21058,0.20826,0.20424,0.20139,0.19755,0.19391,0.18932,0.18393,0.17971,0.17351,0.16677,0.15953,0.15176,0.14348,0.13474,0.13178,0.12245,0.11299,0.10888,0.09918,0.09417,0.08459,0.07882,0.06967,0.06333,0.05656,0.04809,0.04099,0.03357,0.02587,0.01852,0.01071,0.00274,-0.00537,-0.01354,-0.0217,-0.02974,-0.03756,-0.04504,-0.05627,-0.0632,-0.0696,-0.07546,-0.08085,-0.09143,-0.09609,-0.10648,-0.11025,-0.11348,-0.12287,-0.12514,-0.13403,-0.14285,-0.1442,-0.15251,-0.16021,-0.16682,-0.17191,-0.17534,-0.17723,-0.17795,-0.17801,-0.18264,-0.18244,-0.18236,-0.18701,-0.18704,-0.1918,-0.19166,-0.19664,-0.19608,-0.20134,-0.20015,-0.2053,-0.21018,-0.20758,-0.21132,-0.21435,-0.21668,-0.21188,-0.21311,-0.21376,-0.21381,-0.21318,-0.21181,-0.20968,-0.20684,-0.19925,-0.19573,-0.19206,-0.19216,-0.1887,-0.18562,-0.18294,-0.18061,-0.17854,-0.17662,-0.1747,-0.17722,-0.1751,-0.1726,-0.16967,-0.17079,-0.16685,-0.16246,-0.16166,-0.15653,-0.15492,-0.14948,-0.14401,-0.14212,-0.14012,-0.13423,-0.13153,-0.12818,-0.1213,-0.11683,-0.11158,-0.10553,-0.0987,-0.09119,-0.0833,-0.07535,-0.06764,-0.06436,-0.05701,-0.05035,-0.04712,-0.04152,-0.03899,-0.03449,-0.03258,-0.0308,-0.02734,-0.02559,-0.02365,-0.02146,-0.01833,-0.01584,-0.01317,-0.01037,-0.00752
73.125 -179.09156,-177.57891,-176.06207,-174.5431,-173.02415,-171.50705,-169.99367,-168.47614,-166.94306,-165.42087,-163.91185,-162.26543,-160.75511,-159.03697,-157.53618,-156.05969,-154.27575,-152.44543,-150.99669,-149.12915,-147.22516,-145.83208,-143.91322,-141.97053,-140.0089,-138.03345,-136.04985,-134.06374,-132.08069,-131.24268,-129.23534,-127.24592,-126.3126,-124.32052,-122.36096,-121.34822,-119.40869,-118.34871,-116.44283,-115.34287,-114.21459,-112.35209,-111.19425,-110.01099,-108.21906,-107.0185,-105.79655,-104.10014,-102.87396,-101.63122,-100.37321,-99.1013,-97.817,-96.52189,-95.05219,-93.78177,-92.50628,-91.2274,-89.94687,-88.66642,-87.38777,-86.11264,-84.84272,-83.37029,-82.07603,-80.79272,-79.52193,-78.26517,-77.02379,-75.34211,-74.10141,-72.88124,-71.68254,-69.8901,-68.70897,-67.55332,-65.69111,-64.56516,-63.46761,-61.56273,-60.5053,-58.56719,-57.55709,-55.59939,-53.60948,-52.6789,-50.69201,-48.68749,-47.85216,-45.87222,-43.88943,-41.90926,-39.93737,-37.97943,-36.0405,-34.12545,-32.7344,-30.83436,-28.97074,-27.52428,-25.69789,-24.2201,-22.44397,-20.94589,-19.23144,-17.72387,-16.08091,-14.57475,-13.05555,-11.52545,-10.01092,-8.50045,-6.98618,-5.47015,-3.95408,-2.44014,-0.93033,0.5733,2.06825,3.55283,5.02555,6.48475,7.92885,9.35634,11.24287,12.65788,14.05127,15.42204,17.36107,18.70454,20.02175,21.98382,23.26288,25.23983,27.24025,28.45642,30.45468,31.61685,33.60161,35.59179,37.58378,39.5738,41.5576,43.5313,45.49092,47.43304,49.35453,50.43331,52.34541,54.22854,55.35661,57.21657,58.37493,60.20361,61.38709,63.17679,64.38027,66.12414,67.34223,68.57679,70.26142,71.50313,72.75857,74.37095,75.62602,76.89183,78.16756,79.45236,80.94527,82.21799,83.49658,84.78012,86.06766,87.35821,88.65081,89.94444,91.23812,92.53083,93.8216,95.10942,96.39334,97.67238,98.94563,100.43688,101.72241,102.99893,104.2656,105.52161,107.13291,108.38945,109.63233,111.31627,112.55219,113.77168,115.51528,116.72033,118.51005,119.69523,121.52424,122.68444,124.54505,125.67507,127.55915,129.47231,130.5532,132.47613,134.41988,136.38128,138.35702,140.34303,142.33533,144.32986,146.32274,148.31026,149.47311,151.47448,153.4594,154.69524,156.67559,157.95601,159.92153,161.24034,162.58554,164.52822,165.90094,167.29639,169.1921,170.60383,172.03364,173.48016,174.94184,176.41717,177.90442,179.40201 -0.0075,-0.00484,-0.00209,0.00069,0.00347,0.0062,0.00882,0.013,0.01547,0.01782,0.02007,0.02514,0.02785,0.03455,0.03813,0.04188,0.05093,0.06057,0.06455,0.07395,0.08299,0.08583,0.09419,0.10236,0.11029,0.11785,0.12462,0.13019,0.13426,0.13888,0.14079,0.14127,0.1452,0.14465,0.14375,0.14786,0.14711,0.15147,0.15107,0.15542,0.15959,0.15936,0.16295,0.16626,0.16481,0.16742,0.17018,0.16728,0.17023,0.17335,0.17636,0.17896,0.18096,0.18232,0.17575,0.17633,0.17697,0.17799,0.17959,0.18183,0.18465,0.18778,0.19091,0.20224,0.20432,0.20555,0.20585,0.20527,0.204,0.21035,0.20838,0.20636,0.20442,0.20995,0.20769,0.20516,0.20786,0.20439,0.20068,0.20074,0.19668,0.19588,0.19188,0.19067,0.18871,0.18461,0.18144,0.17714,0.17231,0.16666,0.1601,0.15273,0.14472,0.13628,0.12765,0.1191,0.11663,0.10831,0.10036,0.0974,0.08972,0.08617,0.07877,0.07463,0.06763,0.06297,0.05651,0.05146,0.04601,0.04019,0.03454,0.02846,0.02208,0.01543,0.00854,0.00148,-0.00568,-0.01287,-0.01999,-0.02694,-0.03363,-0.03998,-0.04592,-0.05143,-0.06098,-0.06581,-0.07025,-0.07432,-0.08325,-0.08663,-0.08955,-0.09771,-0.0998,-0.10756,-0.11539,-0.11684,-0.12472,-0.126,-0.13363,-0.14067,-0.14662,-0.15107,-0.1539,-0.15535,-0.15581,-0.15581,-0.1558,-0.16013,-0.16043,-0.16094,-0.16523,-0.16538,-0.16926,-0.16831,-0.17179,-0.16984,-0.17344,-0.1713,-0.1755,-0.18009,-0.17844,-0.18312,-0.18755,-0.18544,-0.18891,-0.19179,-0.19409,-0.19586,-0.19172,-0.19258,-0.1928,-0.19231,-0.19105,-0.18902,-0.18636,-0.18322,-0.17984,-0.17642,-0.17311,-0.17004,-0.16722,-0.16465,-0.16225,-0.16415,-0.16183,-0.15938,-0.15674,-0.15382,-0.15523,-0.15182,-0.14813,-0.1489,-0.14468,-0.14035,-0.13992,-0.13528,-0.13395,-0.1292,-0.12719,-0.12234,-0.1197,-0.11447,-0.11093,-0.1069,-0.10058,-0.09571,-0.09069,-0.08564,-0.08071,-0.07595,-0.07141,-0.06706,-0.06284,-0.05864,-0.05764,-0.05261,-0.04745,-0.0449,-0.0397,-0.03716,-0.03278,-0.03087,-0.02921,-0.02663,-0.02555,-0.02447,-0.02316,-0.022,-0.02058,-0.01889,-0.01695,-0.0148,-0.01251,-0.01007
78.75 -179.62651,-178.2425,-176.85349,-175.46158,-174.06853,-172.75861,-171.33834,-169.92197,-168.51107,-167.10691,-165.64508,-164.2312,-162.82995,-161.2833,-159.88408,-158.27789,-156.88855,-155.2309,-153.86085,-152.16125,-150.81927,-149.08838,-147.32598,-146.03176,-144.25585,-142.45851,-140.64364,-138.81538,-136.97795,-135.13595,-133.29399,-132.53966,-130.67185,-128.81551,-126.97552,-126.11009,-124.26859,-123.35357,-121.52153,-119.72445,-118.74992,-117.74936,-115.97026,-114.93568,-113.1995,-112.13757,-111.0531,-109.37233,-108.27003,-107.14817,-105.54341,-104.41405,-103.26882,-102.10864,-100.93452,-99.46144,-98.29664,-97.12235,-95.9398,-94.7503,-93.55518,-92.35583,-91.15366,-89.95011,-88.74663,-87.54465,-86.3456,-85.1509,-83.96194,-82.78004,-81.60651,-80.15361,-78.96773,-77.79475,-76.6358,-75.49188,-74.36391,-72.7583,-71.63807,-70.53746,-68.85642,-67.77385,-66.71385,-64.97804,-63.9455,-62.1672,-61.16887,-59.35881,-58.40072,-56.5702,-55.65753,-53.81788,-52.9548,-51.11695,-49.26298,-47.39785,-46.64579,-44.8066,-42.9675,-41.13307,-39.30793,-37.49627,-35.70218,-34.42435,-32.63711,-30.87812,-29.15056,-27.81057,-26.11434,-24.74658,-23.09225,-21.70523,-20.10218,-18.70538,-17.16176,-15.76302,-14.35168,-12.92917,-11.49096,-10.08251,-8.66869,-7.25102,-5.83124,-4.55271,-3.16324,-1.77655,-0.39491,0.98084,2.34921,3.70879,5.39486,6.75772,8.10672,9.44094,10.75931,12.06087,13.83608,15.1213,16.38591,18.19571,19.43435,20.6499,22.47662,23.65858,25.49728,27.35446,28.48091,30.33588,31.41594,33.26026,35.11002,36.96152,38.81189,40.65815,42.49736,44.32625,46.14189,47.94147,49.72213,50.72744,52.49902,54.24543,55.29265,57.01921,58.09261,59.79273,60.8883,62.55587,63.66939,65.29868,66.42584,67.56769,69.14845,70.29807,71.46022,72.98168,74.14557,75.31967,76.50335,77.94248,79.1202,80.30498,81.4961,82.69285,83.89445,85.10014,86.30913,87.57035,88.75918,89.94882,91.13849,92.32742,93.58676,94.79599,96.00199,97.20397,98.40115,99.59277,100.77811,101.95644,103.39436,104.5788,105.75373,106.9185,108.43913,109.60231,110.753,111.89069,113.47632,114.60473,116.23385,117.34873,119.01637,120.11342,121.81387,122.88886,124.61598,125.6648,127.41201,129.18455,130.19167,131.97353,133.77442,135.59157,137.42214,139.26307,141.1113,142.96378,144.81746,146.66957,148.51634,149.59698,151.45453,153.29816,154.44183,156.28336,157.46645,159.29615,160.51301,161.75309,163.56609,164.83222,166.11915,167.89764,169.20101,170.52131,171.85756,173.20866,174.91139,176.26295,177.62474,178.9954 -0.01484,-0.01228,-0.00955,-0.00672,-0.00387,-0.00021,0.00242,0.00484,0.007,0.00886,0.01197,0.01346,0.01479,0.01863,0.02026,0.02572,0.02813,0.03554,0.03873,0.04751,0.05097,0.06002,0.06886,0.07192,0.08019,0.08815,0.09579,0.10305,0.10966,0.11525,0.11951,0.12399,0.12623,0.12696,0.12652,0.12966,0.12845,0.13168,0.13064,0.13005,0.13398,0.13812,0.13873,0.14319,0.14453,0.14873,0.15247,0.15239,0.15454,0.1562,0.15283,0.154,0.15563,0.15772,0.16011,0.15582,0.15773,0.15927,0.16037,0.16111,0.16168,0.16231,0.16322,0.1646,0.16652,0.16895,0.17173,0.17457,0.17713,0.17914,0.18037,0.18905,0.18855,0.1873,0.18552,0.18345,0.18135,0.18787,0.18611,0.18452,0.1909,0.18886,0.18646,0.19007,0.18655,0.18803,0.18386,0.18431,0.17996,0.17999,0.17561,0.17498,0.17025,0.16842,0.16538,0.1611,0.15513,0.14936,0.14258,0.13502,0.127,0.11888,0.11101,0.10929,0.10196,0.09522,0.08902,0.087,0.08105,0.07859,0.07278,0.06991,0.06428,0.06109,0.05577,0.05235,0.04862,0.04455,0.03971,0.03533,0.03056,0.02539,0.01988,0.0152,0.00939,0.00336,-0.0028,-0.00899,-0.01507,-0.02095,-0.02945,-0.03483,-0.03979,-0.0443,-0.04839,-0.05211,-0.05994,-0.06318,-0.0661,-0.07367,-0.07597,-0.07792,-0.08481,-0.08625,-0.09301,-0.09996,-0.10125,-0.10844,-0.10958,-0.11646,-0.1227,-0.12785,-0.13157,-0.13382,-0.13482,-0.13498,-0.13478,-0.13468,-0.13502,-0.1395,-0.14047,-0.14166,-0.14599,-0.14656,-0.15006,-0.14916,-0.15166,-0.14949,-0.15157,-0.14919,-0.15169,-0.1547,-0.15332,-0.15714,-0.16131,-0.16028,-0.16432,-0.1681,-0.17149,-0.16853,-0.17102,-0.17312,-0.17479,-0.17596,-0.17648,-0.17627,-0.17523,-0.16745,-0.16485,-0.16174,-0.15835,-0.15494,-0.15779,-0.15481,-0.15216,-0.14982,-0.14774,-0.14581,-0.14392,-0.14191,-0.14404,-0.14127,-0.13817,-0.13479,-0.13505,-0.13135,-0.12768,-0.12413,-0.12437,-0.12103,-0.12106,-0.11777,-0.11709,-0.11364,-0.11197,-0.10814,-0.10529,-0.10081,-0.09666,-0.09179,-0.08615,-0.08053,-0.07484,-0.06942,-0.06452,-0.06036,-0.05704,-0.05457,-0.05276,-0.05134,-0.04979,-0.04995,-0.04701,-0.04318,-0.04137,-0.03646,-0.03431,-0.02963,-0.02805,-0.02681,-0.02421,-0.02398,-0.02392,-0.02342,-0.02368,-0.02369,-0.02335,-0.02262,-0.02232,-0.02096,-0.01925,-0.01718
84.375 -178.98856,-177.68365,-176.37537,-175.06507,-173.7538,-172.44285,-171.134,-169.85158,-168.52483,-167.2045,-165.89179,-164.50528,-163.18617,-161.87931,-160.42198,-159.1188,-157.6114,-156.31885,-154.76811,-153.49329,-151.90718,-150.65721,-149.04436,-147.40425,-145.73925,-144.54328,-142.87152,-141.18351,-139.48264,-137.77239,-136.0563,-134.33812,-132.62162,-131.91012,-130.17311,-128.44709,-127.66203,-125.92937,-124.21754,-123.3681,-121.66441,-120.77552,-119.08911,-118.16492,-116.50489,-115.55026,-113.9254,-112.9456,-111.94573,-110.36502,-109.34748,-108.31214,-106.79266,-105.7479,-104.68816,-103.61412,-102.52653,-101.11211,-100.02876,-98.93539,-97.83297,-96.72252,-95.60508,-94.48177,-93.35373,-92.22212,-91.08814,-89.95299,-88.8179,-87.68407,-86.55272,-85.42503,-84.30218,-83.18529,-82.07548,-80.97379,-79.88124,-78.79878,-77.38302,-76.29655,-75.2237,-74.1652,-73.12175,-71.60168,-70.56783,-69.55183,-67.97101,-66.97284,-65.99476,-64.37032,-63.41747,-61.75821,-60.83595,-59.15058,-58.26369,-56.56133,-55.71393,-54.0037,-52.27284,-51.48984,-49.76584,-48.03112,-46.28928,-45.60745,-43.89174,-42.17821,-40.47063,-38.77252,-37.08734,-35.4185,-34.22388,-32.56183,-30.92467,-29.68171,-28.06654,-26.48342,-25.21047,-23.66263,-22.37203,-20.86745,-19.56635,-18.1117,-16.80704,-15.49012,-14.10609,-12.7955,-11.47738,-10.15292,-8.82353,-7.56596,-6.25719,-4.94801,-3.63987,-2.33373,-1.03095,0.2672,1.55944,2.84438,4.12054,5.38725,6.64347,7.88822,9.50915,10.74808,11.97156,13.17936,14.84898,16.04039,17.21339,18.91079,20.0597,21.18794,22.89605,23.99414,25.71191,27.44618,28.49562,30.22689,31.23569,32.95758,34.68479,36.41459,38.14428,39.87091,41.59213,43.30562,45.00904,46.69999,48.37619,50.03557,50.97695,52.62746,54.25591,55.23314,56.84425,57.84437,59.43294,60.4527,62.01366,63.04965,64.57833,65.62709,67.11927,68.17726,69.24707,70.69302,71.76732,72.85166,73.94559,75.3273,76.41947,77.51924,78.62609,79.73945,81.02944,82.13349,83.24197,84.3543,85.46985,86.588,87.70812,88.82955,89.95166,91.0738,92.19531,93.31556,94.4339,95.54969,96.66231,97.77114,98.87558,100.16432,101.2782,102.38561,103.486,104.57882,105.95965,107.05436,108.13952,109.21468,110.66007,111.73086,112.78985,114.28174,115.33161,116.86019,117.8974,119.45845,120.47952,122.06837,123.06984,124.68144,125.66012,127.28926,128.94059,129.88351,131.54389,133.22123,134.91345,136.61818,138.33319,140.05606,141.7844,143.51596,145.24773,146.97692,148.70096,149.71027,151.4438,153.16606,154.23069,155.95089,157.04995,158.76068,159.89005,161.04009,162.74027,163.91462,165.58695,166.77988,167.98925,169.21436,170.84468,172.07873,173.32525,174.58331,175.85194,177.13005,178.41692,179.71121 -0.01622,-0.01367,-0.01096,-0.00815,-0.00537,-0.00269,-0.00024,0.00246,0.00436,0.00588,0.00701,0.0089,0.00953,0.00997,0.01234,0.01303,0.01692,0.01843,0.0244,0.02695,0.03478,0.03808,0.04688,0.05574,0.06436,0.06743,0.07527,0.08255,0.08923,0.09519,0.10028,0.10431,0.1072,0.11165,0.11295,0.11314,0.11643,0.11548,0.11421,0.11701,0.1159,0.11904,0.11872,0.12251,0.1234,0.1279,0.12992,0.13472,0.13927,0.14062,0.14362,0.14564,0.14259,0.14282,0.14298,0.14343,0.14433,0.13989,0.14128,0.14276,0.14414,0.14526,0.14612,0.14675,0.14733,0.14802,0.14897,0.15031,0.1521,0.15427,0.15672,0.15921,0.16147,0.16322,0.16427,0.16449,0.16389,0.1626,0.16889,0.16679,0.16466,0.16264,0.16088,0.16768,0.16633,0.165,0.1714,0.16921,0.16652,0.17024,0.16635,0.16835,0.16381,0.16505,0.16031,0.16117,0.15629,0.15653,0.15595,0.15039,0.14843,0.1453,0.14099,0.13432,0.12875,0.12239,0.11554,0.1086,0.10189,0.09571,0.09475,0.08921,0.0842,0.08297,0.07813,0.07339,0.0715,0.06658,0.06433,0.05938,0.05696,0.0522,0.04973,0.04713,0.04268,0.03991,0.03688,0.03353,0.02981,0.02522,0.02101,0.01644,0.01155,0.00642,0.00113,-0.0042,-0.00945,-0.0145,-0.01923,-0.02359,-0.02754,-0.03109,-0.03751,-0.04058,-0.04338,-0.04595,-0.05244,-0.05469,-0.05667,-0.06304,-0.06455,-0.06582,-0.0719,-0.07293,-0.07913,-0.08556,-0.0866,-0.09316,-0.09393,-0.09996,-0.10525,-0.10947,-0.11239,-0.11401,-0.11458,-0.11444,-0.11405,-0.11381,-0.11409,-0.11507,-0.11975,-0.12154,-0.12355,-0.12814,-0.12951,-0.13321,-0.13313,-0.13565,-0.13424,-0.13595,-0.134,-0.13554,-0.1337,-0.13553,-0.13769,-0.13615,-0.13876,-0.14166,-0.14475,-0.14243,-0.14517,-0.14779,-0.15024,-0.15249,-0.1481,-0.14974,-0.15095,-0.15155,-0.15138,-0.15031,-0.14833,-0.14551,-0.1421,-0.13836,-0.1346,-0.13106,-0.12791,-0.12525,-0.12314,-0.12153,-0.12035,-0.12637,-0.1253,-0.12408,-0.12259,-0.12071,-0.12297,-0.12,-0.11683,-0.11362,-0.11383,-0.11081,-0.10805,-0.1086,-0.10622,-0.10673,-0.1043,-0.10411,-0.10116,-0.0998,-0.09605,-0.09333,-0.0887,-0.08471,-0.08,-0.07447,-0.06924,-0.06397,-0.05898,-0.0545,-0.05076,-0.04794,-0.04606,-0.04503,-0.04461,-0.04437,-0.04375,-0.04405,-0.04182,-0.03828,-0.03662,-0.03153,-0.02938,-0.0241,-0.02245,-0.02126,-0.018,-0.01816,-0.0168,-0.01809,-0.01956,-0.02102,-0.02116,-0.02231,-0.02299,-0.02314,-0.02273,-0.02179,-0.02034,-0.01847
90.0 -179.44489,-178.23624,-177.02417,-175.94429,-174.70605,-173.46746,-172.22973,-170.99383,-169.76065,-168.53181,-167.28478,-166.04505,-164.81328,-163.49599,-162.26075,-161.03692,-159.65986,-158.44088,-157.02123,-155.81299,-154.35657,-153.16459,-151.67787,-150.16334,-148.99849,-147.46474,-145.90914,-144.33387,-143.22422,-141.647,-140.05747,-138.45857,-136.85324,-135.24443,-133.63529,-132.98615,-131.35597,-129.73309,-128.12065,-127.3841,-125.76664,-124.99036,-123.37511,-121.78319,-120.95607,-119.37869,-118.52032,-116.96491,-116.07922,-115.17432,-113.64421,-112.71746,-111.2269,-110.28304,-109.32297,-108.34703,-106.91177,-105.92725,-104.92922,-103.91825,-102.56206,-101.55178,-100.53138,-99.50161,-98.46326,-97.41718,-96.1987,-95.1669,-94.13046,-93.0903,-92.04733,-91.0025,-89.95676,-88.91105,-87.86635,-86.82358,-85.7837,-84.74762,-83.71625,-82.49606,-81.4506,-80.41295,-79.38394,-78.36438,-77.35498,-75.99777,-74.98788,-73.99098,-73.00763,-71.57186,-70.59726,-69.63855,-68.69607,-67.20553,-66.2803,-64.75053,-63.84726,-62.96314,-61.40846,-60.55179,-58.97534,-58.14997,-56.55923,-54.94533,-54.17087,-52.55497,-51.82023,-50.20952,-48.58861,-46.96045,-45.32824,-44.70604,-43.09944,-41.49642,-39.8999,-38.31285,-36.73815,-35.62961,-34.05692,-32.50391,-30.97276,-29.80945,-28.29754,-26.8134,-25.62305,-24.16914,-22.96264,-21.54547,-20.32837,-18.95371,-17.73174,-16.49835,-15.18329,-13.95344,-12.71571,-11.47126,-10.24378,-9.01253,-7.77851,-6.54272,-5.30608,-4.06978,-2.83491,-1.6026,-0.5743,0.62771,2.06615,3.27677,4.4796,5.6737,6.85817,8.03168,9.19397,10.3443,11.88597,13.02681,14.15313,15.26442,16.83843,17.93154,19.52805,20.59913,21.65195,23.25691,24.28228,25.89376,27.51948,28.50166,30.12528,31.07194,32.68744,34.30728,35.92979,37.55297,39.17453,40.7923,42.40399,44.00759,45.60134,47.18338,48.75199,50.30536,51.1904,52.73566,54.26134,55.17748,56.68782,57.62409,59.11488,60.06864,61.53579,62.5043,63.94389,64.92426,66.33272,67.3221,68.32221,69.69177,70.69693,71.71137,73.03507,74.0506,75.07389,76.10453,77.14209,78.39284,79.42519,80.46277,81.50512,82.55174,83.60212,84.65576,85.71213,86.82727,87.86895,88.9117,89.95498,90.99828,92.04109,93.08287,94.19662,95.2532,96.30708,97.35776,98.40471,99.44743,100.48543,101.51824,102.76802,103.80614,104.83738,105.8613,106.8775,108.20057,109.21577,110.22172,111.59085,112.59185,113.58214,114.99039,115.97176,117.4113,118.38089,119.84811,120.80302,122.29408,123.23157,124.74234,125.65976,127.18602,128.73199,129.61839,131.17263,132.74215,134.32524,135.92017,136.74116,138.33079,139.92753,141.52913,142.38051,144.00527,145.62954,147.2512,148.86855,149.81567,151.44133,153.05636,154.05192,155.6656,156.6918,158.29899,159.35276,160.94652,162.02375,163.11802,164.69442,165.80697,166.93462,168.07685,169.62101,170.77282,171.93664,173.11174,174.29778,175.49356,176.96157,178.15326,179.35139 -0.01321,-0.01182,-0.01022,-0.00951,-0.00731,-0.00515,-0.00309,-0.00122,0.00039,0.0017,0.00358,0.00434,0.00475,0.00595,0.00588,0.00568,0.00695,0.00697,0.00946,0.0103,0.0148,0.0168,0.02346,0.0313,0.03471,0.04334,0.05191,0.06004,0.06249,0.06927,0.07518,0.0802,0.08437,0.08773,0.09036,0.09528,0.09704,0.0981,0.09852,0.10217,0.10159,0.10459,0.10348,0.10236,0.10526,0.1047,0.10814,0.1087,0.11296,0.11756,0.11976,0.12481,0.12686,0.13106,0.13435,0.13656,0.13317,0.13328,0.13306,0.13286,0.12776,0.1281,0.12874,0.12957,0.13045,0.13125,0.12554,0.12585,0.12617,0.12661,0.12729,0.12831,0.12971,0.13148,0.13353,0.13571,0.13786,0.13972,0.14113,0.14909,0.14918,0.14853,0.14723,0.14542,0.14336,0.14877,0.14678,0.14502,0.14352,0.15007,0.1489,0.14759,0.14596,0.15151,0.1487,0.15254,0.14852,0.14413,0.14628,0.14146,0.14316,0.13828,0.13962,0.14049,0.13527,0.1352,0.12951,0.12825,0.12608,0.123,0.11902,0.11251,0.10786,0.10275,0.09745,0.09221,0.08728,0.087,0.08251,0.07847,0.07474,0.07419,0.07038,0.0665,0.06507,0.06085,0.05891,0.05461,0.05246,0.04839,0.04621,0.04402,0.04035,0.03811,0.03575,0.03322,0.02968,0.0268,0.02363,0.02017,0.01641,0.01238,0.00815,0.0038,0.00078,-0.00322,-0.00901,-0.01289,-0.01646,-0.01972,-0.02267,-0.02535,-0.02781,-0.03004,-0.03526,-0.0372,-0.03891,-0.04038,-0.04548,-0.04657,-0.0518,-0.05259,-0.05325,-0.05869,-0.05932,-0.06512,-0.07115,-0.07185,-0.07785,-0.07816,-0.0834,-0.08783,-0.09122,-0.09343,-0.09454,-0.09481,-0.09457,-0.09423,-0.09413,-0.09454,-0.09561,-0.09731,-0.10187,-0.10421,-0.10662,-0.11125,-0.11304,-0.11705,-0.11754,-0.12059,-0.11979,-0.12202,-0.12043,-0.12217,-0.12019,-0.12167,-0.1231,-0.12078,-0.12223,-0.12382,-0.12129,-0.12299,-0.12478,-0.12661,-0.12845,-0.1247,-0.12618,-0.12764,-0.12906,-0.13035,-0.13136,-0.13188,-0.13171,-0.12428,-0.12236,-0.11951,-0.11586,-0.11168,-0.10728,-0.10301,-0.10593,-0.10283,-0.10039,-0.09863,-0.0975,-0.09687,-0.09659,-0.09649,-0.1035,-0.10284,-0.10182,-0.10039,-0.09863,-0.10151,-0.09903,-0.09659,-0.09808,-0.09577,-0.0936,-0.09485,-0.09261,-0.09337,-0.09064,-0.09046,-0.08688,-0.08556,-0.0811,-0.07857,-0.07335,-0.06983,-0.06582,-0.06018,-0.05608,-0.05218,-0.04866,-0.04565,-0.04228,-0.04049,-0.03921,-0.03836,-0.03935,-0.03896,-0.03873,-0.03832,-0.03734,-0.03796,-0.03549,-0.0318,-0.0306,-0.02537,-0.02338,-0.01771,-0.01584,-0.01107,-0.0102,-0.00991,-0.00757,-0.00859,-0.01006,-0.01186,-0.01128,-0.01322,-0.01497,-0.01641,-0.01743,-0.01799,-0.0153,-0.01501,-0.01429
95.625 -178.88071,-177.7333,-176.58316,-175.43077,-174.27737,-173.124,-172.03349,-170.8626,-169.69463,-168.53039,-167.37061,-166.17689,-165.00945,-163.84981,-162.59599,-161.4352,-160.28499,-158.9803,-157.83573,-156.49446,-155.36026,-153.98741,-152.86853,-151.46952,-150.04613,-148.95166,-147.51139,-146.05169,-144.57442,-143.528,-142.04812,-140.55677,-139.05613,-137.54876,-136.03713,-134.52374,-133.92815,-132.39379,-130.86411,-129.34164,-128.66585,-127.13544,-125.61903,-124.89061,-123.37639,-122.61516,-121.10941,-120.31788,-118.82699,-118.00812,-116.53845,-115.69563,-114.25327,-113.39023,-112.5112,-111.10169,-110.20754,-109.29888,-107.93438,-107.01629,-106.08555,-104.77721,-103.84295,-102.89819,-101.94349,-100.9794,-100.00656,-98.8046,-97.83959,-96.86838,-95.89167,-94.91022,-93.92478,-92.93613,-91.94507,-90.95241,-89.95896,-88.96554,-87.97298,-86.9821,-85.99369,-85.00856,-84.02748,-83.05121,-82.0805,-81.11605,-79.91281,-78.94069,-77.97738,-77.02349,-76.07961,-74.7792,-73.83726,-72.90758,-71.99057,-70.62573,-69.71829,-68.82539,-67.4159,-66.5382,-65.67652,-64.23453,-63.39315,-61.92405,-61.1067,-59.6166,-58.82663,-57.32188,-56.56224,-55.04922,-54.3224,-52.80736,-51.27851,-50.60426,-49.08349,-47.55556,-46.02305,-44.48873,-43.91753,-42.40791,-40.90261,-39.40414,-37.915,-36.88246,-35.39188,-33.91691,-32.45951,-31.02154,-29.92842,-28.50735,-27.39099,-25.99315,-24.62255,-23.48987,-22.15086,-21.0079,-19.85179,-18.55673,-17.39762,-16.14582,-14.98791,-13.82221,-12.63034,-11.47227,-10.30969,-9.14346,-7.97434,-6.88536,-5.73368,-4.58196,-3.43118,-2.28269,-1.13692,0.00525,1.14296,2.27537,3.40167,4.52076,5.63203,7.0439,8.15437,9.25467,10.34417,11.42223,12.88536,13.9529,15.00708,16.04749,17.5366,18.5601,20.06676,21.06952,22.05593,23.56856,24.53048,26.04903,27.57932,28.50234,30.0303,30.92192,32.4432,33.96896,35.49727,37.02612,37.83406,39.34333,40.8492,42.3499,43.84374,44.62232,46.11958,47.60588,49.07975,50.53984,51.37485,52.82743,54.26262,55.12507,56.54675,57.42692,58.8314,59.72724,61.1112,62.02042,63.38061,64.30088,65.63428,66.56319,67.50189,68.80221,69.74626,70.69892,71.96021,72.9149,73.87694,74.84598,76.05465,77.02145,77.9939,78.97164,79.95427,81.09036,82.06559,83.04431,84.02609,85.01051,85.99715,86.98557,87.97535,88.96603,89.95717,90.94833,91.93907,92.92893,93.91749,94.9043,95.88892,96.87093,97.84992,98.82546,99.96058,100.94359,101.92175,102.89466,103.86195,105.06989,106.0395,107.00214,107.95746,109.21824,110.17161,111.11639,112.41638,113.35589,114.28563,115.61888,116.54003,117.90019,118.81038,120.19445,121.09132,122.49606,123.37731,124.79936,125.66295,127.09866,128.55185,129.38804,130.84884,132.32354,133.81076,135.30903,136.08888,137.58384,139.08574,140.59282,142.10344,142.91146,144.44182,145.97165,147.49904,149.02195,149.91396,151.44372,152.96427,153.89942,155.41991,156.38254,157.89714,158.88437,160.38796,161.39675,162.42124,163.91252,164.95402,166.0093,167.47632,168.54342,169.62268,170.7135,171.81517,173.23681,174.34115,175.45389,176.5744,177.70223,178.83621,179.97551 -0.0058,-0.00559,-0.0053,-0.00498,-0.00463,-0.00429,-0.00351,-0.00276,-0.0021,-0.00155,-0.00112,0.00078,0.001,0.00105,0.00229,0.00201,0.00169,0.00254,0.00235,0.00385,0.00432,0.00741,0.00893,0.01414,0.02071,0.02377,0.03157,0.03958,0.04729,0.04931,0.05549,0.06064,0.06478,0.06801,0.07055,0.07262,0.07754,0.07936,0.08097,0.08234,0.08678,0.08742,0.08751,0.09081,0.09004,0.09287,0.09187,0.09478,0.09424,0.09769,0.09816,0.10239,0.10394,0.1089,0.11399,0.11558,0.11996,0.12355,0.12124,0.12253,0.12302,0.11766,0.11759,0.11754,0.11764,0.1179,0.11828,0.11357,0.1137,0.1137,0.11359,0.11345,0.11341,0.1136,0.11413,0.11508,0.11647,0.11824,0.12028,0.12244,0.12451,0.1263,0.12759,0.12828,0.12826,0.12755,0.13295,0.13118,0.12911,0.12699,0.12497,0.13018,0.12868,0.1274,0.12624,0.13231,0.13082,0.12891,0.13376,0.13061,0.1269,0.12991,0.12536,0.12774,0.12296,0.12509,0.12039,0.12222,0.11749,0.11865,0.11362,0.11371,0.11305,0.10723,0.10565,0.10355,0.10096,0.09791,0.09222,0.08904,0.08558,0.08194,0.07827,0.07865,0.07495,0.07152,0.06834,0.06534,0.06545,0.06243,0.06206,0.05877,0.05549,0.05424,0.05091,0.04925,0.04739,0.04431,0.04238,0.03972,0.03775,0.03571,0.03337,0.03118,0.02885,0.02635,0.02365,0.02131,0.0184,0.01533,0.01215,0.00889,0.00561,0.00238,-0.00077,-0.00381,-0.0067,-0.00944,-0.01203,-0.0171,-0.01941,-0.02153,-0.02344,-0.02509,-0.0293,-0.03042,-0.03123,-0.03173,-0.03551,-0.03569,-0.03983,-0.03997,-0.04009,-0.04497,-0.0453,-0.05073,-0.05641,-0.05687,-0.06238,-0.06241,-0.06699,-0.0707,-0.07337,-0.07495,-0.07177,-0.07192,-0.07171,-0.07156,-0.07181,-0.07569,-0.0766,-0.07804,-0.07989,-0.08197,-0.08624,-0.08843,-0.09045,-0.0948,-0.0963,-0.10033,-0.10088,-0.10425,-0.10372,-0.1064,-0.10507,-0.10724,-0.10541,-0.10722,-0.10888,-0.10654,-0.10794,-0.10924,-0.1067,-0.10791,-0.10911,-0.11027,-0.10729,-0.10809,-0.10877,-0.10935,-0.10993,-0.10531,-0.10576,-0.10628,-0.10678,-0.10708,-0.10696,-0.10623,-0.1047,-0.10228,-0.09901,-0.09506,-0.09069,-0.08627,-0.08207,-0.07834,-0.07522,-0.07277,-0.07101,-0.06986,-0.07522,-0.07511,-0.07518,-0.07527,-0.07522,-0.0814,-0.08064,-0.0796,-0.07832,-0.0823,-0.08055,-0.07875,-0.08159,-0.07958,-0.07744,-0.07928,-0.07661,-0.0774,-0.07403,-0.07375,-0.06972,-0.0684,-0.0639,-0.0616,-0.05681,-0.05368,-0.05014,-0.04527,-0.04183,-0.03881,-0.03645,-0.03483,-0.03216,-0.03162,-0.03131,-0.03101,-0.03052,-0.03186,-0.03114,-0.03017,-0.02885,-0.02704,-0.02812,-0.02529,-0.02162,-0.02135,-0.01645,-0.01529,-0.0098,-0.00832,-0.00325,-0.00222,-0.0015,0.00179,0.00147,0.0007,0.00242,0.001,-0.0006,-0.00228,-0.00392,-0.00203,-0.00326,-0.00427,-0.00505,-0.00555,-0.00582,-0.00589
101.25 -179.45675,-178.36725,-177.27482,-176.1802,-175.08418,-173.98757,-172.89089,-171.795,-170.70095,-169.63037,-168.52408,-167.42214,-166.32515,-165.18141,-164.07885,-162.98403,-161.78851,-160.69389,-159.60954,-158.37035,-157.29179,-156.02097,-154.9525,-153.65426,-152.33201,-151.27912,-149.93657,-148.57371,-147.54704,-146.17218,-144.7815,-143.37667,-142.39801,-140.99361,-139.58037,-138.16018,-136.73525,-136.20682,-134.75836,-133.3103,-131.86486,-130.42436,-129.80143,-128.3512,-126.91138,-126.23938,-124.79824,-123.37333,-122.65818,-121.24065,-120.49852,-119.09372,-118.32705,-116.94028,-116.15188,-114.78827,-113.98115,-113.1596,-111.82311,-110.98705,-110.13771,-108.83864,-107.97947,-107.10851,-106.22608,-104.98063,-104.09471,-103.19915,-102.29441,-101.11847,-100.21681,-99.30802,-98.39266,-97.4713,-96.54454,-95.61301,-94.67736,-93.73825,-92.79635,-91.8092,-90.88586,-89.96188,-89.03793,-88.11467,-87.12582,-86.18414,-85.24529,-84.30997,-83.37882,-82.45249,-81.53162,-80.61679,-79.70859,-78.80756,-77.63069,-76.72671,-75.83195,-74.94687,-73.70083,-72.81936,-71.9494,-71.09124,-69.79195,-68.94374,-68.10881,-66.77239,-65.95206,-65.14617,-63.78294,-62.9958,-61.60959,-60.84427,-59.44019,-58.69945,-57.28282,-56.56909,-55.14523,-53.70528,-53.03472,-51.59626,-50.14748,-49.52597,-48.087,-46.64318,-45.19682,-43.75014,-43.22304,-41.79993,-40.38164,-38.97035,-38.00525,-36.59007,-35.18727,-33.79864,-32.42582,-31.40032,-30.03954,-28.69906,-27.64739,-26.32719,-25.03096,-23.96391,-22.69507,-21.61791,-20.52886,-19.29771,-18.20458,-17.01089,-15.91762,-14.8166,-13.67454,-12.57903,-11.47864,-10.37393,-9.30485,-8.21232,-7.11796,-6.02274,-4.92765,-3.83315,-2.74004,-1.64909,-0.56107,0.5231,1.60256,2.67689,3.74541,4.80748,5.86245,6.90971,7.94862,8.9784,10.33911,11.36327,12.37673,13.37906,14.77187,15.76217,16.73982,18.15135,19.11309,20.06093,21.48287,22.41089,23.84107,24.74668,26.18166,27.62751,28.49836,29.942,30.7847,32.22188,33.66331,35.10756,36.55298,37.32178,38.75023,40.17585,41.59747,43.01373,44.42328,45.16437,46.5763,47.9779,49.36792,50.74535,51.53562,52.90604,54.26094,55.07558,56.41843,57.24901,58.57679,59.42143,60.73118,61.58797,62.87701,63.74403,65.00979,65.88504,66.76926,68.00666,68.89635,69.79403,70.9979,71.89824,72.80551,73.97119,74.87835,75.79132,76.70982,77.63353,78.73976,79.65895,80.58218,81.5091,82.43939,83.37268,84.30862,85.32068,86.24628,87.17335,88.10154,89.03046,89.95977,90.8891,91.81807,92.74633,93.67351,94.59925,95.61026,96.5464,97.47993,98.41048,99.3377,100.26125,101.18079,102.09601,103.21038,104.12932,105.04277,105.95042,107.11556,108.0234,108.92433,109.8181,111.02612,111.91649,113.15362,114.03856,114.91458,116.18023,117.04806,118.33711,119.19477,120.50464,121.35019,122.67821,123.50976,124.85296,125.6686,127.02394,128.39487,129.18621,130.56429,131.95503,133.3574,134.11012,135.51245,136.92296,138.3402,139.76292,141.18972,142.61937,144.0504,144.83502,146.28065,147.72351,149.1622,150.00527,151.45047,152.8877,153.76933,155.20598,156.11221,157.54419,158.47287,159.89667,160.84532,161.80791,163.22133,164.19992,165.19121,166.58594,167.58934,168.6039,169.62918,170.9919,172.02287,173.06296,174.1115,175.16778,176.23119,177.30108,178.37681,179.45769 0.00067,-0.00029,-0.00128,-0.00235,-0.00347,-0.00461,-0.00572,-0.00676,-0.00768,-0.00654,-0.00683,-0.00696,-0.00695,-0.00452,-0.00431,-0.00405,-0.00209,-0.00199,-0.00189,-0.00078,-0.00074,0.00032,0.00065,0.00262,0.00566,0.00728,0.01222,0.01832,0.02089,0.02774,0.03455,0.04085,0.04156,0.04612,0.04965,0.05226,0.05422,0.05859,0.06024,0.06186,0.06362,0.06555,0.07013,0.07186,0.07322,0.077,0.07727,0.0769,0.07968,0.07877,0.0815,0.08081,0.08392,0.08398,0.08767,0.08854,0.09286,0.09746,0.09853,0.10307,0.10731,0.10581,0.10842,0.11027,0.1114,0.10636,0.10687,0.10726,0.1076,0.10328,0.10367,0.10389,0.1039,0.10367,0.10321,0.10262,0.10202,0.10156,0.10141,0.09577,0.09643,0.09763,0.09928,0.10127,0.10963,0.11171,0.11352,0.11486,0.11559,0.11561,0.11495,0.11369,0.11195,0.10991,0.11388,0.11181,0.10993,0.10831,0.11349,0.1123,0.11109,0.10971,0.11469,0.11236,0.10943,0.1127,0.10864,0.10422,0.10646,0.10179,0.1042,0.09977,0.10241,0.09828,0.10063,0.09647,0.09781,0.09827,0.09323,0.09251,0.09128,0.08563,0.08407,0.08246,0.0808,0.07902,0.07427,0.07257,0.07057,0.06828,0.0695,0.06661,0.06369,0.06084,0.05813,0.05867,0.05616,0.05379,0.05417,0.05181,0.04956,0.04933,0.04706,0.04637,0.04536,0.04318,0.04193,0.03998,0.03856,0.03698,0.03519,0.03345,0.03157,0.02954,0.02769,0.02549,0.02318,0.02076,0.01824,0.01566,0.01303,0.01039,0.00775,0.00513,0.00253,-3e-05,-0.00255,-0.00503,-0.00744,-0.00973,-0.01187,-0.01377,-0.01758,-0.01885,-0.01974,-0.02025,-0.0229,-0.0228,-0.02247,-0.025,-0.02456,-0.02414,-0.02747,-0.02739,-0.03165,-0.03199,-0.037,-0.04227,-0.04279,-0.04781,-0.04782,-0.05172,-0.05466,-0.05656,-0.05742,-0.05415,-0.05379,-0.05327,-0.05308,-0.05354,-0.05476,-0.05897,-0.06094,-0.06317,-0.06535,-0.06729,-0.07133,-0.07287,-0.0742,-0.07826,-0.07943,-0.08339,-0.0842,-0.0877,-0.08778,-0.09058,-0.08986,-0.09204,-0.09068,-0.09247,-0.0942,-0.09222,-0.09375,-0.09523,-0.09294,-0.09432,-0.09564,-0.09317,-0.09425,-0.0951,-0.09569,-0.096,-0.09212,-0.0919,-0.09161,-0.09135,-0.09122,-0.09121,-0.09129,-0.08681,-0.08658,-0.08601,-0.08497,-0.0833,-0.08096,-0.07801,-0.0746,-0.07095,-0.0673,-0.06386,-0.06356,-0.06088,-0.05876,-0.05715,-0.056,-0.05522,-0.05471,-0.05437,-0.05835,-0.05814,-0.05779,-0.05724,-0.06148,-0.06051,-0.05938,-0.05815,-0.06177,-0.06016,-0.06332,-0.06126,-0.05897,-0.06099,-0.05817,-0.05925,-0.056,-0.05619,-0.05284,-0.0523,-0.04905,-0.04773,-0.04462,-0.04232,-0.03939,-0.03628,-0.033,-0.02997,-0.0276,-0.02562,-0.02448,-0.02399,-0.02384,-0.02358,-0.0229,-0.02167,-0.01992,-0.02086,-0.01877,-0.01641,-0.01379,-0.01489,-0.0118,-0.00827,-0.00867,-0.00436,-0.0041,0.00073,0.00144,0.00616,0.00683,0.00742,0.01103,0.01103,0.01075,0.01295,0.01209,0.01102,0.00978,0.01119,0.00984,0.00848,0.00714,0.00587,0.00468,0.00359,0.00258,0.00162
106.875 -179.79472,-178.77371,-177.74969,-176.72312,-175.69496,-174.66584,-173.72061,-172.67539,-171.6312,-170.58851,-169.54805,-168.5107,-167.46459,-166.41919,-165.3791,-164.2821,-163.23823,-162.20179,-161.05989,-160.02469,-158.85001,-157.81958,-156.80012,-155.59284,-154.36244,-153.35188,-152.09937,-151.10422,-149.83393,-148.54545,-147.57393,-146.27468,-144.96107,-143.63456,-142.29665,-140.94893,-140.0433,-138.70125,-137.35408,-136.86415,-135.49467,-134.12448,-132.75548,-131.38958,-130.02874,-129.4363,-128.06745,-126.7083,-126.07242,-124.71243,-124.04912,-122.69273,-121.35381,-120.65535,-119.32745,-118.60685,-117.29441,-116.55403,-115.79985,-114.50373,-113.73296,-112.46296,-111.67837,-110.88163,-109.643,-108.83632,-108.01868,-107.19032,-105.99633,-105.16333,-104.3211,-103.46999,-102.33458,-101.48442,-100.62708,-99.76302,-98.89271,-98.01662,-97.13529,-96.11114,-95.24026,-94.36601,-93.48893,-92.60959,-91.72853,-90.84635,-89.96362,-89.0809,-88.1988,-87.31787,-86.43869,-85.56183,-84.68785,-83.81728,-82.7919,-81.91099,-81.03538,-80.16557,-79.30207,-78.44533,-77.59579,-76.45963,-75.60927,-74.76781,-73.93561,-72.74117,-71.91372,-71.097,-70.29126,-69.0525,-68.2568,-67.47324,-66.20335,-65.4337,-64.13789,-63.38489,-62.64564,-61.33374,-60.61435,-59.28711,-58.58989,-57.25179,-55.89631,-55.23429,-53.87535,-53.24076,-51.88277,-50.51523,-49.13983,-48.56458,-47.20011,-45.8326,-44.46397,-43.09615,-41.73115,-40.37068,-39.01657,-37.67064,-36.33454,-35.00985,-33.69808,-32.40073,-31.4302,-30.14358,-28.87511,-27.88107,-26.6304,-25.62108,-24.39251,-23.37131,-22.16877,-21.13964,-19.96668,-18.93286,-17.79262,-16.75753,-15.71499,-14.61955,-13.58083,-12.53683,-11.4883,-10.45618,-9.4171,-8.37575,-7.33295,-6.28911,-5.24497,-4.31725,-3.29042,-2.26517,-1.2424,-0.22267,0.79357,1.80574,2.81326,3.81555,5.06347,6.06712,7.06366,8.05261,9.0335,10.00588,10.96935,12.27247,13.22803,14.1732,15.4997,16.43345,17.35554,18.69727,19.60408,20.49825,21.84769,22.72376,24.08075,24.93652,26.2968,27.66646,28.49062,29.85854,30.65762,32.02021,33.38644,34.75513,36.1252,36.85836,38.21403,39.56783,40.91849,42.26457,43.60517,44.93916,45.64601,46.98152,48.30749,49.62288,50.92667,51.67682,52.97398,54.25712,55.02894,56.30134,57.08755,58.34659,59.14557,60.38876,61.1989,62.42387,63.24344,64.44798,65.27536,66.45745,67.29094,68.132,69.28662,70.13145,70.98301,72.10601,72.95898,73.81776,74.68213,75.76327,76.62602,77.49339,78.36511,79.24092,80.12053,81.13586,82.00947,82.88587,83.76478,84.64589,85.52889,86.41349,87.29937,88.18621,89.0737,89.96152,90.84935,91.73688,92.62379,93.50976,94.39447,95.27762,96.1589,97.038,97.91463,98.78848,99.80302,100.68294,101.55908,102.43115,103.2989,104.16204,105.24261,106.10744,106.9667,107.82016,108.94274,109.79485,110.64025,111.79457,112.63626,113.47039,114.65231,115.48039,116.68486,117.50517,118.73016,119.54108,120.7844,121.58421,122.84347,123.63054,124.90322,125.67594,126.95949,128.25712,129.00823,130.31257,131.6286,132.95525,133.67229,134.99936,136.33419,137.67569,139.02273,140.37438,141.72925,143.08604,144.44338,145.19054,146.56051,147.92802,149.29197,150.09138,151.46068,152.82257,153.65644,155.01822,155.87453,157.23313,158.10983,159.46088,160.35576,161.26332,162.60672,163.52964,164.85711,165.79249,166.73859,167.69511,168.99997,169.96446,170.9379,171.91987,172.90993,173.90761,175.16439,176.1621,177.1656,178.17434,179.18776 0.00507,0.00297,0.00083,-0.00138,-0.00366,-0.00599,-0.00719,-0.00929,-0.01129,-0.01309,-0.0146,-0.01579,-0.01419,-0.01447,-0.0144,-0.0114,-0.0108,-0.01003,-0.00707,-0.0064,-0.00426,-0.00395,-0.00382,-0.00257,-0.00135,-0.00123,0.0008,0.00135,0.00483,0.00935,0.01075,0.01623,0.02194,0.02745,0.03238,0.03644,0.0354,0.03791,0.03976,0.04357,0.045,0.04651,0.04829,0.05042,0.05282,0.05688,0.05916,0.06104,0.0645,0.06526,0.06809,0.06774,0.06705,0.06939,0.06877,0.07141,0.07138,0.07447,0.07782,0.07847,0.08218,0.08256,0.08633,0.09013,0.08876,0.09179,0.09446,0.09667,0.09241,0.0939,0.09516,0.09626,0.09233,0.09341,0.09425,0.09481,0.09503,0.09487,0.09434,0.08893,0.08777,0.08658,0.08557,0.08491,0.08475,0.08516,0.08614,0.08761,0.08943,0.09145,0.09347,0.09529,0.09675,0.0977,0.10375,0.10326,0.10214,0.10052,0.09853,0.09637,0.09422,0.09781,0.09608,0.09462,0.09338,0.09823,0.09698,0.09547,0.09355,0.09684,0.09364,0.08989,0.09146,0.08694,0.08842,0.08387,0.07953,0.082,0.07827,0.08138,0.07807,0.08088,0.08286,0.07895,0.07933,0.07473,0.07372,0.07229,0.07076,0.06557,0.06436,0.06347,0.06282,0.06221,0.06147,0.06042,0.059,0.05722,0.05514,0.05286,0.05051,0.04822,0.04894,0.04684,0.04495,0.0458,0.04413,0.04484,0.04324,0.04363,0.04199,0.042,0.04032,0.04,0.03828,0.03769,0.03688,0.03508,0.03401,0.03274,0.03128,0.02928,0.02761,0.0258,0.02387,0.02186,0.01978,0.01785,0.01583,0.0138,0.01175,0.00968,0.00759,0.00546,0.0033,0.00112,-0.00227,-0.00445,-0.00649,-0.00832,-0.00989,-0.01113,-0.012,-0.01416,-0.01429,-0.0141,-0.01547,-0.01485,-0.01416,-0.01561,-0.01506,-0.01466,-0.01714,-0.01726,-0.02081,-0.02144,-0.02578,-0.03043,-0.03115,-0.03543,-0.03549,-0.03855,-0.04066,-0.04176,-0.04191,-0.03884,-0.03796,-0.03704,-0.03653,-0.03678,-0.03794,-0.03987,-0.04399,-0.04644,-0.04878,-0.05073,-0.05215,-0.0559,-0.05683,-0.05776,-0.06168,-0.06302,-0.06712,-0.06869,-0.07252,-0.07368,-0.07676,-0.077,-0.07919,-0.07835,-0.07983,-0.07804,-0.07911,-0.0802,-0.07757,-0.07868,-0.07992,-0.07705,-0.07848,-0.07994,-0.08133,-0.07838,-0.0795,-0.08031,-0.08079,-0.08095,-0.08087,-0.0775,-0.07726,-0.07691,-0.0765,-0.07603,-0.07545,-0.07473,-0.07382,-0.07262,-0.07108,-0.06916,-0.0669,-0.06434,-0.06161,-0.05884,-0.05616,-0.05367,-0.05144,-0.0495,-0.04785,-0.04647,-0.04731,-0.04642,-0.04568,-0.04502,-0.04438,-0.0437,-0.04571,-0.04491,-0.04397,-0.04294,-0.04517,-0.04399,-0.04275,-0.04504,-0.04351,-0.04189,-0.04375,-0.04174,-0.04324,-0.04097,-0.04218,-0.03993,-0.04095,-0.03905,-0.03997,-0.03855,-0.03905,-0.03795,-0.03745,-0.03588,-0.0345,-0.03188,-0.0289,-0.02602,-0.02478,-0.02261,-0.02104,-0.01983,-0.01869,-0.01723,-0.01521,-0.01259,-0.0095,-0.00977,-0.00658,-0.00336,-0.00015,-0.00096,0.00224,0.00558,0.00498,0.00869,0.00847,0.01245,0.01254,0.0164,0.01656,0.01675,0.0198,0.01975,0.02189,0.02148,0.02094,0.02024,0.02135,0.02039,0.01928,0.01804,0.01666,0.01515,0.01513,0.01325,0.01127,0.00923,0.00715
112.5 -179.28703,-178.3095,-177.32958,-176.34782,-175.36478,-174.38066,-173.39643,-172.41265,-171.47841,-170.48253,-169.48891,-168.4979,-167.5102,-166.50143,-165.50767,-164.51921,-163.46586,-162.47531,-161.49167,-160.39912,-159.4176,-158.29626,-157.3197,-156.17238,-155.20382,-154.03357,-153.07611,-151.88639,-150.943,-149.73755,-148.51586,-147.59388,-146.36241,-145.1179,-143.86151,-142.5946,-141.3185,-140.03463,-138.74447,-137.44959,-136.15153,-134.85186,-133.55233,-132.25456,-130.96021,-130.40957,-129.10618,-127.81025,-127.21893,-125.91992,-124.63256,-124.00458,-122.72052,-122.06934,-120.79249,-120.11972,-118.85401,-118.16149,-116.91083,-116.20064,-114.9688,-114.24317,-113.50569,-112.29514,-111.54527,-110.78436,-109.60276,-108.83286,-108.05297,-106.90758,-106.12228,-105.32822,-104.52565,-103.4299,-102.62669,-101.81641,-100.9994,-100.17606,-99.34677,-98.33327,-97.51042,-96.68323,-95.85214,-95.01761,-94.1801,-93.34011,-92.49813,-91.65465,-90.81017,-89.96521,-89.12026,-88.27585,-87.43248,-86.59064,-85.75084,-84.91358,-84.07932,-83.24854,-82.4217,-81.59925,-80.58478,-79.75598,-78.93316,-78.11671,-77.30701,-76.50443,-75.40808,-74.60623,-73.8129,-73.02836,-71.88264,-71.10359,-70.33456,-69.15283,-68.39286,-67.64394,-66.43349,-65.697,-64.97238,-63.74086,-63.03171,-61.7815,-61.09008,-59.82495,-59.1533,-57.87715,-57.22712,-55.94389,-55.31707,-54.03064,-52.73271,-52.1425,-50.84774,-49.54554,-48.99605,-47.70296,-46.40652,-45.10837,-43.81015,-42.51364,-41.2203,-39.9317,-38.64942,-37.37494,-36.10966,-34.85494,-33.61212,-32.69656,-31.46121,-30.24118,-29.30125,-28.095,-26.90699,-25.9506,-24.78199,-23.81453,-22.66881,-21.69342,-20.57365,-19.59336,-18.50232,-17.5199,-16.53055,-15.47863,-14.4914,-13.49893,-12.49148,-11.50503,-10.51523,-9.52286,-8.52824,-7.59514,-6.61261,-5.62961,-4.64671,-3.66483,-2.68428,-1.70555,-0.72921,0.24422,1.21421,2.17999,3.14115,4.09737,5.04816,5.99311,6.93175,8.14461,9.0807,10.009,10.92916,11.84089,13.08767,13.99155,14.88558,15.76957,17.03385,17.90595,19.18435,20.04234,20.88878,22.17281,23.00231,24.29246,25.10346,26.39684,27.69861,28.48092,29.78041,30.54008,31.83494,33.13357,34.43475,35.14782,36.43778,37.72741,39.01575,40.30182,41.58446,42.86265,44.13524,45.40133,46.66008,47.34358,48.60158,49.84982,51.08749,51.80152,53.03301,54.25174,54.98508,56.19409,56.9404,58.13749,58.89548,60.07854,60.84677,62.01373,62.79079,63.93973,64.72416,65.85327,66.64359,67.44093,68.54608,69.34734,70.1549,71.23244,72.0419,72.85689,73.67723,74.7184,75.53802,76.36214,77.19057,78.18978,79.01492,79.84349,80.67527,81.51001,82.34747,83.18737,84.02947,84.9451,85.77906,86.61435,87.45072,88.28789,89.12561,89.96361,90.80162,91.63938,92.47661,93.31306,94.14845,94.98253,95.89732,96.73959,97.57969,98.41736,99.25233,100.08437,100.91322,101.73865,102.73727,103.56604,104.39053,105.21053,106.25123,107.07199,107.88744,108.69737,109.77456,110.58264,111.38444,112.48935,113.28726,114.07818,115.20717,115.99223,117.14112,117.91886,119.08585,119.85481,121.03798,121.7967,122.99399,123.74108,124.95037,125.68453,126.90362,128.13553,128.85042,130.08859,131.33738,132.59595,133.28036,134.5398,135.80663,137.07998,138.35901,139.64254,140.92951,142.21883,143.50949,144.80049,145.5137,146.81605,148.11587,149.4119,150.17187,151.47267,152.7672,153.55845,154.85321,155.66469,156.95625,157.78631,159.07178,159.91884,161.19553,162.05744,162.93023,164.19609,165.08086,165.97566,166.88039,168.12879,169.04139,169.96248,170.89174,172.11032,173.04326,173.98293,174.92892,175.88078,176.83808,177.80036,178.76723,179.73837 0.00591,0.00299,7e-05,-0.00283,-0.00572,-0.00859,-0.01142,-0.01413,-0.01565,-0.01791,-0.01988,-0.02147,-0.02266,-0.02151,-0.02167,-0.0214,-0.01838,-0.01745,-0.01638,-0.0129,-0.01203,-0.00921,-0.009,-0.00715,-0.00765,-0.0064,-0.00727,-0.00577,-0.0065,-0.00399,-0.0006,-0.00049,0.00398,0.00885,0.0138,0.01849,0.02262,0.02602,0.02864,0.03067,0.03232,0.03394,0.03576,0.03792,0.04042,0.04398,0.04669,0.04928,0.05265,0.05452,0.05569,0.05811,0.05816,0.06012,0.0596,0.06152,0.06121,0.06346,0.06367,0.06632,0.06678,0.0696,0.07255,0.0722,0.07495,0.07778,0.07564,0.07803,0.08036,0.07671,0.07873,0.08068,0.08255,0.07914,0.08108,0.08285,0.08437,0.08555,0.0863,0.08245,0.08219,0.08143,0.08027,0.07889,0.07749,0.07626,0.0754,0.07504,0.07523,0.07596,0.07717,0.07871,0.08045,0.08224,0.08392,0.08534,0.08636,0.08687,0.08681,0.08616,0.08996,0.08817,0.08614,0.08403,0.08198,0.08016,0.08358,0.08232,0.08126,0.08028,0.08428,0.08276,0.08081,0.08303,0.07974,0.07596,0.07627,0.07178,0.06724,0.06781,0.06368,0.06563,0.06227,0.06543,0.06268,0.06605,0.06331,0.06558,0.06224,0.06263,0.06188,0.05732,0.05558,0.05378,0.04908,0.0477,0.04686,0.04654,0.04657,0.04677,0.04692,0.04682,0.04638,0.04552,0.04427,0.04269,0.04088,0.04173,0.03976,0.03791,0.03881,0.03725,0.03584,0.03697,0.03567,0.0367,0.03533,0.03609,0.03458,0.03506,0.03345,0.03365,0.03363,0.03193,0.03161,0.03106,0.02918,0.02828,0.02716,0.02584,0.02436,0.02209,0.02047,0.0188,0.01712,0.01542,0.01373,0.01204,0.01034,0.00863,0.00688,0.00512,0.00333,0.00154,-0.0002,-0.00187,-0.00339,-0.00586,-0.00701,-0.00786,-0.0084,-0.00863,-0.00979,-0.00945,-0.00891,-0.00825,-0.00874,-0.00807,-0.0089,-0.00856,-0.00845,-0.01038,-0.01084,-0.01371,-0.0146,-0.0181,-0.02181,-0.02255,-0.02582,-0.02585,-0.02801,-0.02938,-0.02991,-0.02786,-0.02718,-0.02612,-0.02501,-0.02422,-0.02408,-0.02475,-0.02617,-0.0281,-0.03016,-0.03361,-0.03539,-0.03666,-0.03748,-0.04068,-0.04134,-0.04226,-0.04595,-0.04761,-0.05177,-0.05395,-0.05817,-0.06015,-0.06384,-0.06485,-0.06753,-0.06708,-0.06865,-0.06666,-0.06734,-0.06785,-0.06432,-0.06463,-0.0651,-0.06118,-0.06206,-0.06324,-0.06468,-0.06159,-0.06345,-0.06533,-0.06712,-0.06505,-0.06674,-0.06812,-0.06913,-0.06973,-0.06991,-0.06968,-0.06905,-0.06579,-0.06422,-0.06236,-0.06029,-0.05814,-0.05595,-0.05381,-0.05172,-0.04971,-0.04778,-0.04595,-0.04423,-0.04263,-0.04409,-0.04264,-0.04136,-0.04023,-0.03924,-0.03836,-0.03753,-0.03676,-0.03803,-0.03722,-0.03635,-0.03543,-0.03648,-0.03546,-0.03445,-0.03349,-0.03457,-0.03361,-0.03266,-0.03358,-0.0324,-0.03116,-0.03164,-0.03018,-0.03062,-0.02911,-0.02985,-0.02866,-0.02997,-0.02931,-0.03128,-0.03118,-0.0333,-0.03341,-0.03478,-0.03506,-0.0344,-0.03304,-0.03076,-0.02795,-0.02634,-0.02337,-0.02059,-0.018,-0.01546,-0.0128,-0.00978,-0.0063,-0.00244,0.00165,0.0017,0.0056,0.00928,0.01272,0.01218,0.01537,0.01852,0.01798,0.02121,0.02078,0.02397,0.02361,0.02637,0.02598,0.02798,0.02746,0.02697,0.02796,0.02738,0.02684,0.02631,0.02673,0.0262,0.0256,0.02486,0.02502,0.02399,0.02267,0.02105,0.01909,0.01685,0.01434,0.01163,0.00879
118.125 -179.59338,-178.67095,-177.7462,-176.81958,-176.00119,-175.05919,-174.11671,-173.17425,-172.23196,-171.29071,-170.351,-169.43176,-168.48323,-167.53786,-166.59586,-165.6225,-164.67598,-163.73472,-162.7221,-161.77982,-160.84438,-159.79735,-158.86442,-157.79199,-156.86418,-155.76878,-154.84886,-153.73319,-152.82356,-151.6907,-150.54147,-149.64716,-148.48559,-147.31023,-146.43808,-145.25578,-144.0626,-142.85962,-141.64804,-140.42907,-139.20397,-137.97405,-136.74069,-135.50518,-134.26896,-133.0335,-131.80021,-131.28658,-130.0436,-128.80634,-127.57609,-127.0128,-125.78014,-125.19372,-123.96192,-122.74299,-122.12583,-120.91329,-120.27657,-119.0738,-118.41908,-117.2294,-116.55847,-115.38514,-114.69984,-114.00372,-112.84844,-112.14053,-111.42247,-110.29184,-109.56485,-108.82855,-107.72893,-106.98676,-106.23628,-105.47772,-104.42037,-103.66001,-102.89274,-102.11887,-101.33869,-100.34207,-99.56523,-98.78341,-97.99698,-97.20631,-96.41179,-95.61381,-94.81278,-94.00913,-93.13892,-92.34748,-91.55479,-90.76127,-89.96735,-89.17345,-88.37999,-87.58739,-86.79607,-85.92467,-85.12123,-84.32045,-83.52275,-82.72854,-81.93822,-81.15216,-80.37076,-79.59435,-78.59699,-77.81733,-77.04401,-76.27732,-75.51756,-74.45973,-73.70186,-72.95208,-72.21063,-71.11076,-70.37525,-69.64906,-68.51837,-67.80117,-67.09413,-65.93897,-65.24377,-64.0677,-63.38638,-62.71638,-61.52715,-60.87342,-59.67118,-59.03548,-57.82359,-57.20746,-55.98927,-54.7583,-54.17294,-52.94123,-51.70039,-51.14975,-49.91356,-48.6717,-48.15911,-46.927,-45.69278,-44.45784,-43.22372,-41.99172,-40.7632,-39.53952,-38.32201,-37.1119,-35.91041,-34.71877,-33.53797,-32.66658,-31.49275,-30.3327,-29.43928,-28.29161,-27.16025,-26.25158,-25.1374,-24.21846,-23.12452,-22.1978,-21.12681,-20.19495,-19.1493,-18.21492,-17.27376,-16.26246,-15.32235,-14.37697,-13.40483,-12.46393,-11.5197,-10.57232,-9.65418,-8.71561,-7.77549,-6.83432,-5.89295,-4.95159,-4.01072,-3.07085,-2.13245,-1.34393,-0.42256,0.49576,1.4108,2.51897,3.43816,4.35265,5.26194,6.16553,7.06325,7.95476,8.83974,10.00951,10.89044,11.7634,12.62827,13.48487,14.67916,15.5271,16.36582,17.57448,18.40159,19.62164,20.43551,21.23884,22.46379,23.25164,24.48154,25.25223,26.4844,27.72428,28.46897,29.70718,30.43133,31.66502,32.90205,34.14163,34.82368,36.05374,37.28384,38.51287,39.73998,40.96439,42.18526,43.40167,44.61272,45.8176,47.01535,47.66913,48.86571,50.05329,51.2312,51.9123,53.08449,54.24512,54.94374,56.09547,56.80578,57.9468,58.66775,59.79622,60.52664,61.64081,62.37947,63.47764,64.22327,65.30386,66.05521,66.81306,67.8726,68.63441,69.40212,70.4374,71.20735,71.98255,72.99062,73.76631,74.54657,75.3312,76.30381,77.0867,77.87325,78.66326,79.45652,80.25283,81.17084,81.96217,82.7558,83.55151,84.34908,85.14829,85.9489,86.7507,87.55345,88.35691,89.16085,89.96504,90.76923,91.5732,92.37671,93.17953,93.98141,94.78214,95.58147,96.37919,97.17507,97.96888,98.76041,99.67777,100.47432,101.26785,102.05813,102.84497,103.62818,104.6003,105.38529,106.16591,106.942,107.94969,108.72532,109.49572,110.53071,111.29891,112.06122,113.12057,113.87895,114.63085,115.71135,116.45757,117.55571,118.29499,119.40919,120.14025,121.26883,121.99047,123.13168,123.8427,124.99469,125.69404,126.85501,128.02758,128.70945,129.88778,131.07584,132.27296,132.92757,134.12591,135.33143,136.54319,137.76034,138.98195,140.20718,141.43517,142.66508,143.89613,145.12718,145.80936,147.04995,148.28807,149.52284,150.24727,151.48666,152.72007,153.47275,154.70618,155.47731,156.70848,157.49682,158.72311,159.52697,160.74517,161.56287,162.39062,163.60066,164.44007,165.28873,166.48444,167.34182,168.20749,169.08122,170.25527,171.13426,172.02011,172.91253,173.81118,174.71572,175.62594,176.75055,177.65886,178.57125,179.48731 0.01246,0.00903,0.00546,0.00182,-0.00245,-0.00587,-0.0092,-0.01238,-0.01539,-0.0182,-0.02073,-0.02266,-0.02451,-0.02598,-0.02703,-0.02665,-0.02671,-0.02637,-0.02405,-0.02311,-0.02211,-0.0191,-0.01844,-0.01588,-0.01606,-0.01441,-0.01554,-0.01459,-0.01629,-0.01527,-0.01377,-0.01506,-0.01241,-0.00894,-0.00918,-0.00478,-7e-05,0.00466,0.00914,0.01313,0.01648,0.0192,0.02141,0.02332,0.02522,0.02729,0.02962,0.03289,0.03562,0.03846,0.04122,0.04442,0.0466,0.04929,0.05043,0.05099,0.05264,0.05248,0.05391,0.05371,0.05534,0.05548,0.05748,0.0578,0.05991,0.06207,0.06142,0.06318,0.06495,0.06252,0.06396,0.06553,0.06205,0.06371,0.06557,0.06758,0.06464,0.06697,0.06934,0.07166,0.07382,0.07151,0.07308,0.0741,0.07452,0.07431,0.07355,0.07236,0.07094,0.0695,0.06477,0.06393,0.06352,0.06356,0.06401,0.06476,0.06574,0.06685,0.06799,0.07365,0.07484,0.07579,0.07638,0.07656,0.07627,0.0755,0.07431,0.0728,0.07508,0.07319,0.07146,0.06994,0.06874,0.07183,0.07101,0.07023,0.06931,0.07198,0.07008,0.06765,0.06804,0.06433,0.06023,0.05909,0.05461,0.05409,0.05003,0.04631,0.04792,0.04511,0.04828,0.04606,0.04963,0.04736,0.04989,0.05117,0.04766,0.04708,0.04559,0.04128,0.03931,0.03747,0.03334,0.0321,0.03146,0.03142,0.03188,0.03266,0.03354,0.03431,0.03477,0.03478,0.03428,0.03328,0.03189,0.03284,0.03105,0.02926,0.03013,0.02856,0.02716,0.02836,0.02718,0.02843,0.02733,0.02845,0.02735,0.02827,0.02724,0.02793,0.02847,0.02746,0.02769,0.02771,0.02646,0.02603,0.02535,0.02443,0.02252,0.02126,0.01988,0.01844,0.01698,0.01553,0.01412,0.01275,0.01142,0.01019,0.00903,0.00786,0.00668,0.00485,0.00349,0.00215,0.00085,-0.00037,-0.00145,-0.00237,-0.00307,-0.00478,-0.00502,-0.00502,-0.00479,-0.00437,-0.00495,-0.00429,-0.00363,-0.00408,-0.0036,-0.00443,-0.00437,-0.00454,-0.00637,-0.00702,-0.00952,-0.01045,-0.01323,-0.01603,-0.01663,-0.01892,-0.01891,-0.02034,-0.02121,-0.02147,-0.02004,-0.01946,-0.01857,-0.01757,-0.01675,-0.01631,-0.01643,-0.01712,-0.01824,-0.01955,-0.02081,-0.02321,-0.02418,-0.02484,-0.02533,-0.02777,-0.0284,-0.02933,-0.03238,-0.03389,-0.03754,-0.03948,-0.04355,-0.04549,-0.04953,-0.05084,-0.05422,-0.05421,-0.0564,-0.05465,-0.05554,-0.05597,-0.05206,-0.05182,-0.05155,-0.04697,-0.04693,-0.04723,-0.04357,-0.04468,-0.04624,-0.04822,-0.04686,-0.0496,-0.0525,-0.0554,-0.05811,-0.06048,-0.06029,-0.06164,-0.06221,-0.06199,-0.06101,-0.05936,-0.05716,-0.05458,-0.05178,-0.04894,-0.0462,-0.04366,-0.04136,-0.03929,-0.03745,-0.03579,-0.0343,-0.03295,-0.03175,-0.0307,-0.02981,-0.02905,-0.02842,-0.03078,-0.0302,-0.02964,-0.02907,-0.02845,-0.02777,-0.02928,-0.02843,-0.02758,-0.02679,-0.028,-0.02737,-0.02684,-0.02792,-0.02738,-0.02679,-0.02727,-0.02639,-0.02539,-0.02517,-0.02397,-0.02367,-0.02251,-0.02262,-0.02176,-0.02277,-0.02236,-0.02437,-0.02434,-0.02699,-0.02696,-0.02932,-0.03087,-0.02986,-0.02981,-0.02861,-0.02645,-0.02382,-0.02086,-0.01756,-0.01407,-0.01042,-0.00663,-0.00262,0.00159,0.00594,0.01028,0.01444,0.01419,0.01791,0.02124,0.02422,0.02386,0.0267,0.02945,0.02919,0.03186,0.03153,0.03379,0.03328,0.03472,0.03391,0.03428,0.03328,0.03226,0.0316,0.03061,0.02976,0.02882,0.0283,0.02796,0.02771,0.0274,0.02736,0.02724,0.02692,0.02634,0.02541,0.02408,0.02316,0.02107,0.01856,0.01566
123.75 -179.13533,-178.24887,-177.36044,-176.47022,-175.57879,-174.68665,-173.79422,-172.96747,-172.06364,-171.16085,-170.25921,-169.35953,-168.46218,-167.56074,-166.65727,-165.75757,-164.81769,-163.91448,-163.01652,-162.04192,-161.14371,-160.2522,-159.24728,-158.35854,-157.33103,-156.44758,-155.39966,-154.52374,-153.45788,-152.5917,-151.51045,-150.41447,-149.56252,-148.45542,-147.3358,-146.20445,-145.37797,-144.24197,-143.09689,-141.94371,-140.78353,-139.61742,-138.4465,-137.27194,-136.09495,-134.91661,-133.73825,-132.56113,-132.08039,-130.89321,-129.71032,-128.53297,-128.00552,-126.82435,-125.65173,-125.093,-123.92133,-123.34263,-122.17479,-121.02052,-120.41617,-119.27053,-118.64973,-118.01829,-116.87982,-116.23376,-115.11087,-114.45188,-113.34743,-112.67726,-111.99772,-110.9144,-110.22611,-109.52916,-108.47254,-107.76945,-107.05853,-106.33994,-105.3195,-104.59827,-103.87037,-103.13603,-102.39551,-101.4272,-100.68849,-99.94474,-99.19623,-98.44329,-97.68624,-96.92541,-96.04292,-95.29007,-94.53465,-93.77703,-93.01757,-92.25663,-91.49458,-90.73179,-89.96865,-89.20552,-88.44278,-87.68081,-86.91998,-86.16066,-85.40322,-84.64801,-83.89538,-83.01196,-82.25144,-81.49473,-80.74215,-79.99404,-79.25071,-78.51244,-77.54351,-76.80351,-76.06971,-75.34237,-74.62171,-73.6009,-72.88296,-72.1727,-71.47029,-70.41349,-69.71728,-69.02974,-67.9464,-67.26766,-66.59829,-65.49397,-64.83582,-63.71321,-63.06802,-61.92992,-61.2994,-60.14864,-59.53435,-58.37389,-57.77725,-56.61007,-56.03233,-54.86139,-54.30363,-53.13183,-51.9516,-51.4251,-50.24871,-49.06683,-47.88071,-47.40091,-46.22489,-45.04768,-43.87059,-42.69482,-41.52152,-40.35188,-39.18708,-38.02823,-36.87639,-35.73271,-34.59807,-33.77226,-32.6423,-31.52406,-30.41834,-29.56723,-28.47264,-27.60803,-26.52743,-25.46292,-24.58791,-23.54133,-22.65887,-21.63266,-20.7449,-19.74121,-18.8507,-17.95352,-16.98014,-16.08321,-15.18103,-14.24229,-13.3436,-12.44116,-11.53543,-10.64448,-9.74583,-8.84523,-7.94344,-7.04066,-6.21477,-5.32336,-4.43224,-3.5418,-2.65253,-1.76508,-0.87959,0.00353,0.88391,1.76114,2.63484,3.50445,4.36971,5.23038,6.08614,7.18203,8.0368,8.88533,9.72742,10.56289,11.68974,12.51993,13.34253,14.15734,15.30239,16.10844,16.90591,18.06295,18.84962,19.62704,20.79098,21.55533,22.72574,23.47577,24.65077,25.38518,26.56224,27.7457,28.45615,29.63807,30.32988,31.50815,32.68964,33.87327,34.52688,35.70197,36.87739,38.05233,39.22592,40.39728,41.56553,42.73009,43.89022,45.04521,46.1943,47.33678,47.96338,49.10433,50.23692,51.36055,52.01154,53.1299,54.23771,54.90465,56.00441,56.68211,57.77217,58.45956,59.53831,60.23443,61.30036,62.00416,63.05581,63.76623,64.80221,65.51813,66.24009,67.25748,67.98344,68.982,69.71086,70.44482,71.18372,72.15559,72.89545,73.63968,74.58508,75.32876,76.07621,76.82725,77.58172,78.48701,79.23855,79.99288,80.74982,81.50918,82.27078,83.03442,83.8785,84.63601,85.39492,86.15504,86.91616,87.6781,88.44064,89.2036,89.96676,90.72993,91.49291,92.2555,93.01749,93.77869,94.5389,95.29792,96.05556,96.89897,97.66278,98.42455,99.18411,99.94126,100.69581,101.44759,102.35236,103.10712,103.85845,104.6062,105.35021,106.29521,107.0398,107.78003,108.51576,109.4909,110.22527,110.95457,111.95292,112.67934,113.40015,114.41903,115.13546,116.17137,116.88232,117.93395,118.63833,119.7043,120.40103,121.47989,122.1679,123.25814,123.93648,125.03649,125.7041,126.81221,127.93087,128.58257,129.7066,130.83963,131.98106,132.6084,133.75142,134.90109,136.05668,137.21744,138.3827,139.55169,140.7238,141.8982,143.07398,144.25024,145.42624,146.07997,147.26454,148.44703,149.62632,150.31836,151.50133,152.67889,153.39668,154.57484,155.30964,156.4858,157.23626,158.40789,159.17273,160.33789,161.11585,161.90309,163.0614,163.85948,164.66618,165.8125,166.62801,167.45132,168.58104,169.41041,170.24666,171.08954,171.93883,172.79444,173.89168,174.74829,175.60983,176.47598,177.34645,178.22108,179.09925,179.98057 0.01545,0.01214,0.00855,0.00478,0.00091,-0.00298,-0.0068,-0.01113,-0.01448,-0.01757,-0.02036,-0.02283,-0.02496,-0.02675,-0.02805,-0.02893,-0.02911,-0.02914,-0.02885,-0.02745,-0.02669,-0.02594,-0.02402,-0.02368,-0.02219,-0.02273,-0.02204,-0.02351,-0.02341,-0.02536,-0.02517,-0.02443,-0.02585,-0.0239,-0.02107,-0.01743,-0.01711,-0.01262,-0.00788,-0.00316,0.00131,0.00529,0.00864,0.01135,0.01352,0.0154,0.01721,0.01916,0.02234,0.02479,0.02751,0.03042,0.03393,0.03672,0.03923,0.04213,0.04382,0.04602,0.0467,0.04694,0.04823,0.04803,0.04927,0.05063,0.05062,0.05227,0.05224,0.0539,0.05311,0.05434,0.05542,0.0529,0.05349,0.05412,0.05068,0.05147,0.05256,0.05398,0.05143,0.05341,0.05564,0.05807,0.06058,0.05921,0.06158,0.06368,0.06536,0.06651,0.06704,0.06695,0.06296,0.06202,0.0609,0.05979,0.05887,0.05825,0.05799,0.05807,0.05841,0.05893,0.05952,0.06015,0.06077,0.06135,0.06191,0.06242,0.06286,0.06731,0.06731,0.06697,0.0663,0.06534,0.06416,0.06288,0.06446,0.06317,0.06211,0.06127,0.06063,0.06298,0.06233,0.06146,0.06024,0.06129,0.05889,0.05594,0.05477,0.05075,0.04649,0.0443,0.03994,0.03864,0.0349,0.03543,0.03262,0.03504,0.03296,0.0364,0.03446,0.03753,0.03515,0.03677,0.03375,0.0337,0.03266,0.02897,0.02717,0.02522,0.02343,0.0199,0.01873,0.01823,0.01843,0.01926,0.02055,0.02202,0.02339,0.02442,0.02494,0.02485,0.02419,0.02561,0.02417,0.02254,0.0209,0.02174,0.02033,0.02133,0.02032,0.01961,0.02083,0.02043,0.02162,0.02141,0.02249,0.02245,0.02338,0.02419,0.02417,0.0247,0.02502,0.02463,0.02446,0.02403,0.02334,0.02207,0.02099,0.01979,0.01853,0.01727,0.01613,0.01506,0.01408,0.01317,0.01233,0.01151,0.01068,0.00983,0.00894,0.00798,0.00697,0.00593,0.0049,0.00393,0.00305,0.00116,0.00058,0.0002,3e-05,6e-05,-0.00101,-0.00064,-0.00016,0.00039,-0.00021,0.00038,0.00091,0.00017,0.00046,0.0006,-0.00078,-0.00106,-0.00305,-0.0037,-0.00614,-0.00694,-0.00943,-0.01175,-0.01214,-0.01387,-0.01374,-0.01476,-0.01535,-0.01554,-0.01434,-0.01396,-0.01335,-0.01266,-0.01203,-0.0116,-0.01147,-0.01165,-0.0121,-0.0127,-0.01336,-0.014,-0.01555,-0.01611,-0.01662,-0.01717,-0.01881,-0.01949,-0.02027,-0.02226,-0.02319,-0.02566,-0.02679,-0.02984,-0.03117,-0.03468,-0.03599,-0.03947,-0.04006,-0.04275,-0.04181,-0.04321,-0.04406,-0.04071,-0.04053,-0.03639,-0.03586,-0.03539,-0.03507,-0.03184,-0.03223,-0.03303,-0.03191,-0.03373,-0.03602,-0.03873,-0.04179,-0.04333,-0.0466,-0.04966,-0.05229,-0.05431,-0.05559,-0.05604,-0.05334,-0.05213,-0.05027,-0.0479,-0.0452,-0.04235,-0.03951,-0.0368,-0.03433,-0.03209,-0.03007,-0.0282,-0.02643,-0.02471,-0.02304,-0.02143,-0.01994,-0.02107,-0.02012,-0.01938,-0.01882,-0.0184,-0.01808,-0.0178,-0.02036,-0.01992,-0.01938,-0.01876,-0.0181,-0.02002,-0.01941,-0.01893,-0.01857,-0.02069,-0.02046,-0.0202,-0.02183,-0.02125,-0.02051,-0.0211,-0.01994,-0.0199,-0.0185,-0.01823,-0.01676,-0.01665,-0.01523,-0.01568,-0.01445,-0.01584,-0.01479,-0.01708,-0.01607,-0.01858,-0.02067,-0.01892,-0.01972,-0.01945,-0.01815,-0.01453,-0.01197,-0.00878,-0.00511,-0.00103,0.00331,0.0078,0.01232,0.01668,0.02071,0.02427,0.02723,0.02655,0.02898,0.03102,0.03283,0.03263,0.03459,0.03654,0.03673,0.03858,0.03865,0.03986,0.03951,0.03958,0.03869,0.03746,0.03615,0.03476,0.03249,0.03112,0.02988,0.0276,0.0268,0.02625,0.02477,0.02484,0.02512,0.02557,0.02606,0.02649,0.02628,0.02645,0.0263,0.02569,0.02461,0.02302,0.02095,0.0184
129.375 -179.56209,-178.71068,-177.85726,-177.00218,-176.14581,-175.28853,-174.43055,-173.57229,-172.71429,-171.85688,-171.03912,-170.17292,-169.30849,-168.44602,-167.58618,-166.71219,-165.84748,-164.98663,-164.07839,-163.21519,-162.35699,-161.41789,-160.56014,-159.70874,-158.74277,-157.89458,-156.90843,-156.06546,-155.06112,-154.22534,-153.20495,-152.17004,-151.34429,-150.29679,-149.48351,-148.42596,-147.35701,-146.27734,-145.48724,-144.40316,-143.3107,-142.21066,-141.10394,-139.99153,-138.8744,-137.75353,-136.62996,-135.50475,-134.37885,-133.25344,-132.80205,-131.66647,-130.53404,-129.40587,-128.91067,-127.77773,-126.6517,-126.12683,-125.00006,-123.883,-123.33128,-122.21773,-121.64881,-120.54137,-119.95633,-118.85757,-118.25765,-117.1701,-116.55668,-115.48284,-114.85732,-114.22271,-113.16361,-112.51886,-111.86552,-110.82623,-110.16492,-109.49562,-108.48109,-107.80613,-107.12394,-106.13881,-105.45336,-104.76151,-104.06344,-103.35937,-102.41913,-101.71569,-101.0072,-100.29393,-99.57613,-98.85407,-97.97893,-97.26218,-96.54224,-95.81939,-95.09394,-94.36621,-93.6365,-92.90515,-92.17248,-91.43881,-90.70449,-89.96985,-89.23522,-88.50094,-87.76734,-87.03477,-86.30354,-85.57399,-84.84644,-84.1212,-83.39859,-82.67891,-81.96245,-81.08656,-80.36485,-79.64742,-78.93455,-78.22648,-77.52348,-76.58273,-75.87916,-75.18162,-74.49031,-73.80542,-72.81999,-72.13841,-71.46407,-70.44938,-69.78077,-69.12014,-68.08083,-67.42822,-66.78421,-65.72522,-65.09139,-64.46664,-63.39308,-62.78044,-61.69326,-61.09417,-59.99584,-59.41166,-58.30473,-57.73667,-56.62373,-56.07288,-54.9565,-53.8305,-53.30647,-52.18129,-51.04921,-50.55488,-49.42762,-48.29615,-47.16156,-46.71102,-45.58665,-44.46185,-43.33776,-42.21533,-41.09561,-39.97966,-38.86845,-37.76295,-36.66419,-35.57297,-34.78901,-33.70064,-32.62224,-31.55455,-30.74476,-29.68575,-28.63952,-27.81453,-26.78087,-25.76172,-24.92678,-23.92369,-23.08159,-22.09664,-21.24931,-20.39488,-19.434,-18.57722,-17.63924,-16.78196,-15.91968,-15.0125,-14.15259,-13.28886,-12.41586,-11.55697,-10.69545,-9.83194,-8.96669,-8.1498,-7.29334,-6.43627,-5.57895,-4.72186,-3.86551,-3.01006,-2.1559,-1.30338,-0.45287,0.39519,1.24032,2.08238,2.92106,3.75603,4.58698,5.41361,6.23556,7.0524,7.86409,8.92541,9.7346,10.53768,11.33443,12.12454,13.20955,13.99336,14.7699,15.86959,16.63781,17.398,18.50726,19.25701,19.9982,21.11337,21.84254,22.96354,23.67926,24.80363,25.50493,26.63115,27.7636,28.44303,29.57379,30.23605,31.36327,32.49361,33.62632,34.25389,35.37908,36.50445,37.62953,38.75366,39.87618,40.99632,42.11338,43.22655,44.33531,45.43905,46.53719,47.62914,48.23053,49.32092,50.40354,51.47775,52.1012,53.17044,54.23002,54.868,55.92028,56.56813,57.61162,58.26847,59.30177,59.9667,60.98841,61.66048,62.66936,63.34766,64.34249,65.02607,66.0057,66.69362,67.38682,68.34828,69.04448,69.74548,70.68637,71.38906,72.09606,72.80724,73.72153,74.43267,75.14747,75.86578,76.7497,77.46628,78.18582,78.90817,79.63317,80.47734,81.19856,81.92187,82.6471,83.3741,84.10269,84.8327,85.56397,86.2963,87.02954,87.7635,88.49801,89.23288,89.96794,90.70301,91.43791,92.17245,92.90647,93.63977,94.37219,95.10355,95.83367,96.56239,97.28953,98.01491,98.73839,99.45979,100.30344,101.02866,101.75123,102.47101,103.18784,104.07134,104.78994,105.50503,106.21648,106.92416,107.84197,108.54932,109.25237,110.19301,110.89442,111.59102,112.55231,113.24594,113.93429,114.91381,115.59787,116.59264,117.27145,118.28033,118.95293,119.6192,120.64017,121.67358,122.331,123.37466,124.02311,125.07561,125.71417,126.77402,127.84358,128.46767,129.54224,130.62524,131.71607,132.31814,133.41057,134.5092,135.61349,136.72284,137.83661,138.95433,140.07516,141.19838,142.32324,143.4491,144.57527,145.70129,146.32899,147.46259,148.5938,149.72196,150.38444,151.51617,152.64318,153.32935,154.45658,155.15823,156.28368,156.9998,158.12188,158.85149,159.96777,160.70945,161.45971,162.57016,163.33086,164.4309,165.20056,165.97768,166.76213,167.84837,168.6391,169.43654,170.24033,171.30579,172.1128,172.92524,173.74286,174.56555,175.39298,176.22475,177.06055,177.90008,178.743,179.589 0.01954,0.01702,0.01407,0.01076,0.00714,0.00331,-0.00066,-0.00466,-0.0086,-0.01239,-0.0163,-0.01945,-0.02224,-0.02467,-0.0267,-0.02818,-0.02933,-0.0301,-0.03018,-0.03019,-0.02993,-0.02896,-0.02837,-0.02783,-0.02678,-0.02667,-0.02621,-0.02687,-0.02725,-0.02866,-0.02956,-0.03035,-0.03199,-0.03213,-0.03309,-0.03197,-0.02989,-0.0269,-0.02597,-0.02193,-0.01749,-0.01289,-0.00839,-0.00425,-0.00068,0.00221,0.00443,0.00612,0.00754,0.00897,0.01187,0.0138,0.01615,0.01889,0.02253,0.02556,0.02857,0.03205,0.03468,0.03688,0.03951,0.04075,0.04264,0.0429,0.04421,0.04385,0.045,0.04451,0.04584,0.04537,0.04678,0.04816,0.04701,0.04791,0.04859,0.04595,0.04609,0.0462,0.04301,0.0433,0.04386,0.04168,0.04291,0.04448,0.04635,0.04849,0.04791,0.05021,0.05254,0.05477,0.05678,0.05841,0.0564,0.057,0.0571,0.05676,0.05613,0.05538,0.05468,0.05417,0.05391,0.0539,0.0541,0.05442,0.05475,0.05503,0.05521,0.05531,0.05536,0.05542,0.05553,0.05573,0.05597,0.05621,0.05636,0.05943,0.05905,0.05848,0.05781,0.05709,0.05639,0.05746,0.05681,0.05627,0.05577,0.05521,0.05641,0.05538,0.05394,0.05411,0.0516,0.0486,0.04687,0.04294,0.03878,0.03596,0.03167,0.02753,0.02564,0.0222,0.02213,0.0196,0.0214,0.01957,0.02249,0.02087,0.02374,0.02188,0.02377,0.02468,0.02206,0.02163,0.0204,0.01733,0.01544,0.01346,0.01172,0.00882,0.00782,0.00756,0.00806,0.00917,0.01067,0.01227,0.0137,0.01474,0.01529,0.01532,0.01741,0.01661,0.01554,0.0144,0.01544,0.01436,0.0136,0.01463,0.01432,0.01437,0.01558,0.01594,0.01717,0.0177,0.01889,0.02003,0.02064,0.02168,0.02228,0.02308,0.02368,0.02387,0.024,0.02384,0.02341,0.02278,0.02197,0.02102,0.02,0.01945,0.01853,0.01768,0.0169,0.0162,0.01556,0.01495,0.01432,0.01366,0.01292,0.01209,0.01116,0.01016,0.00912,0.00809,0.00711,0.00625,0.00554,0.00503,0.00471,0.00355,0.00361,0.00382,0.00414,0.00454,0.00391,0.0044,0.00488,0.0043,0.00475,0.00514,0.00433,0.00452,0.00459,0.00312,0.00282,0.00075,0.00014,-0.0023,-0.00297,-0.00532,-0.00741,-0.00751,-0.00893,-0.00842,-0.00909,-0.00943,-0.00948,-0.00799,-0.00774,-0.00744,-0.00716,-0.00696,-0.00689,-0.00696,-0.00714,-0.00741,-0.00774,-0.00812,-0.00861,-0.00924,-0.01047,-0.01126,-0.0122,-0.01324,-0.01427,-0.01516,-0.01589,-0.01673,-0.01716,-0.0182,-0.0186,-0.02013,-0.02084,-0.02304,-0.02416,-0.02681,-0.02773,-0.03016,-0.02996,-0.0315,-0.02972,-0.03022,-0.03039,-0.02721,-0.02698,-0.02672,-0.02413,-0.02425,-0.02458,-0.02515,-0.02491,-0.02625,-0.02791,-0.0299,-0.03171,-0.03425,-0.03698,-0.03977,-0.04248,-0.04351,-0.04523,-0.04638,-0.04692,-0.04682,-0.0461,-0.04482,-0.04307,-0.04099,-0.03871,-0.03637,-0.03411,-0.032,-0.03008,-0.02833,-0.02668,-0.02502,-0.02328,-0.0214,-0.01937,-0.01725,-0.01513,-0.01312,-0.01132,-0.00981,-0.00864,-0.00782,-0.00969,-0.0094,-0.00917,-0.00893,-0.00859,-0.01067,-0.01006,-0.00937,-0.00867,-0.00801,-0.01033,-0.00994,-0.00963,-0.01239,-0.01212,-0.01173,-0.01393,-0.0131,-0.01203,-0.01313,-0.01161,-0.01205,-0.01025,-0.01032,-0.0083,-0.00616,-0.00597,-0.00589,-0.00372,-0.00425,-0.00229,-0.00372,-0.00199,-0.00398,-0.00594,-0.00375,-0.00474,-0.00485,-0.00399,0.0001,0.00228,0.00517,0.00856,0.01232,0.01635,0.02045,0.02441,0.02804,0.03115,0.03364,0.03541,0.03657,0.0357,0.03645,0.03697,0.03744,0.03725,0.0381,0.03905,0.03952,0.0405,0.04092,0.04125,0.0412,0.04034,0.03957,0.03741,0.03602,0.03449,0.0313,0.02968,0.02652,0.02519,0.02405,0.02317,0.02124,0.02097,0.02101,0.02131,0.02085,0.02162,0.02248,0.02334,0.02411,0.02467,0.02492,0.02479,0.02421,0.02314,0.0216
135.0 -179.81068,-179.00171,-178.19064,-177.37782,-176.56368,-175.74855,-174.93274,-174.19217,-173.36588,-172.53973,-171.71412,-170.8895,-170.0662,-169.25998,-168.43006,-167.60247,-166.77748,-165.92971,-165.10099,-164.27609,-163.39767,-162.57138,-161.74987,-160.84391,-160.02342,-159.20891,-158.27903,-157.46805,-156.52009,-155.71419,-154.74995,-153.77159,-152.97234,-151.9805,-151.19111,-150.18794,-149.17313,-148.39783,-147.37512,-146.34258,-145.30086,-144.54923,-143.50474,-142.45321,-141.39534,-140.332,-139.26404,-138.19234,-137.11778,-136.0413,-134.96377,-133.88611,-133.46096,-132.37313,-131.28757,-130.20524,-129.12709,-128.65122,-127.56906,-126.49335,-125.99056,-124.9144,-124.39436,-123.31996,-122.25599,-121.71304,-120.65455,-120.09684,-119.04609,-118.47467,-117.43384,-116.84991,-116.25729,-115.22601,-114.6224,-113.60647,-112.99324,-112.37205,-111.37331,-110.74435,-110.10795,-109.13077,-108.4886,-107.8396,-106.88813,-106.23546,-105.57666,-104.91191,-104.24135,-103.32868,-102.65783,-101.98201,-101.30143,-100.61631,-99.75282,-99.07087,-98.38529,-97.69632,-97.00421,-96.30922,-95.61163,-94.9117,-94.20972,-93.44413,-92.75129,-92.05732,-91.3625,-90.66713,-89.97149,-89.27585,-88.58052,-87.88577,-87.19188,-86.43627,-85.73266,-85.03084,-84.3311,-83.63372,-82.93897,-82.24712,-81.55842,-80.87314,-80.19152,-79.32742,-78.64268,-77.9625,-77.28709,-76.61667,-75.70359,-75.03352,-74.36926,-73.71099,-73.05884,-72.10714,-71.45872,-70.81714,-69.83985,-69.20409,-68.57576,-67.57704,-66.95652,-66.34397,-65.32817,-64.72528,-63.69425,-63.10234,-62.51914,-61.47867,-60.90801,-59.85767,-59.30073,-58.24273,-57.1729,-56.63715,-55.56335,-55.04412,-53.96862,-52.88525,-52.3917,-51.31031,-50.22333,-49.75792,-48.67645,-47.59179,-46.5049,-46.08052,-45.00383,-43.92734,-42.85189,-41.77838,-40.70775,-39.64088,-38.57864,-37.52194,-36.47154,-35.42819,-34.67709,-33.63654,-32.60516,-31.58361,-30.80901,-29.79536,-28.79334,-28.00465,-27.01397,-26.2155,-25.23829,-24.43184,-23.47005,-22.5232,-21.713,-20.89597,-19.97054,-19.1509,-18.24598,-17.4253,-16.59987,-15.72244,-14.89841,-14.0706,-13.22375,-12.39963,-11.57289,-10.74385,-9.93846,-9.11604,-8.2923,-7.46756,-6.64225,-5.81682,-4.99142,-4.26197,-3.44768,-2.63437,-1.82237,-1.01208,-0.20392,0.60201,1.40539,2.20595,3.00339,3.79744,4.58767,5.58178,6.37235,7.15834,7.93952,8.71565,9.48644,10.51321,11.28023,12.04125,12.79605,13.84112,14.58958,15.33112,16.06565,17.12163,17.8477,18.91337,19.62968,20.33794,21.40784,22.10478,23.17988,23.86449,24.94289,25.61413,26.69359,27.77871,28.4297,29.51357,30.1489,31.22972,32.31315,33.39876,34.00229,35.08129,36.1609,37.24045,38.31916,39.39649,40.4719,41.54486,42.6147,43.68083,44.74264,45.79949,46.85098,47.89659,48.4746,49.51863,50.55541,51.5845,52.18268,53.20704,54.2225,54.83387,55.8426,56.46307,57.46383,58.09265,59.08416,59.72052,60.70159,61.34465,62.31413,62.96305,63.91984,64.57381,65.5169,66.17509,66.83823,67.76509,68.4313,69.10205,70.01055,70.68318,71.35992,72.24805,72.92551,73.60663,74.29128,75.15325,75.83711,76.52403,77.21389,78.04656,78.73415,79.42419,80.11653,80.81104,81.50757,82.20598,82.98846,83.68214,84.37721,85.07351,85.77089,86.4692,87.1683,87.86802,88.56821,89.26872,89.96939,90.67007,91.3706,92.07082,92.77059,93.46974,94.16812,94.86559,95.56199,96.25716,96.95097,97.73291,98.43147,99.12816,99.82284,100.51537,101.20561,101.89341,102.72566,103.41575,104.10292,104.78705,105.64867,106.33361,107.01502,107.69279,108.58065,109.25773,109.93072,110.83901,111.51013,112.1767,113.10342,113.76697,114.42558,115.36858,116.023,116.97975,117.62914,118.27296,119.24218,119.87987,120.86017,121.49092,122.48115,123.48203,124.10305,125.11198,125.72392,126.73962,127.76426,128.36303,129.39245,130.42959,131.47401,132.05261,133.09865,134.15061,135.20796,136.27028,137.33697,138.4074,139.48094,140.557,141.635,142.71439,143.79467,144.87504,145.95478,147.03329,147.64486,148.7291,149.8108,150.44632,151.5311,152.6112,153.26837,154.34879,155.02033,156.09972,156.78469,157.86077,158.55811,159.62906,160.33773,161.40225,162.12125,162.84782,163.90486,164.63993,165.38202,166.4282,167.17721,167.93262,168.69423,169.72397,170.48981,171.26122,172.03803,172.8199,173.60661,174.39789,175.39314,176.18408,176.97888,177.77709,178.57842,179.38259 0.01978,0.01817,0.01612,0.01366,0.0108,0.00759,0.00407,0.00035,-0.00362,-0.00764,-0.01161,-0.01544,-0.01904,-0.02222,-0.02505,-0.02746,-0.02946,-0.03044,-0.03151,-0.03219,-0.03175,-0.03171,-0.03145,-0.03025,-0.02976,-0.02933,-0.02839,-0.02835,-0.0282,-0.02878,-0.02953,-0.03068,-0.03198,-0.03334,-0.03443,-0.03526,-0.0354,-0.03538,-0.03419,-0.03209,-0.02916,-0.02763,-0.02388,-0.01983,-0.01572,-0.0118,-0.00834,-0.00549,-0.00334,-0.0018,-0.00067,0.00032,0.00255,0.00392,0.00574,0.00809,0.01091,0.01426,0.01747,0.02071,0.02412,0.02708,0.03024,0.03252,0.03423,0.03643,0.03698,0.03851,0.0381,0.03924,0.03842,0.03954,0.04074,0.03999,0.04125,0.04027,0.04123,0.04201,0.04002,0.0402,0.0402,0.03765,0.03755,0.03757,0.03591,0.03646,0.0373,0.03845,0.03988,0.04,0.04173,0.04358,0.04551,0.04745,0.04709,0.04856,0.04979,0.05069,0.0512,0.05135,0.0512,0.05087,0.05053,0.04825,0.04841,0.04874,0.04919,0.04965,0.05002,0.0502,0.05013,0.04979,0.04926,0.05068,0.05026,0.04997,0.04986,0.04995,0.05018,0.05049,0.05083,0.05113,0.05138,0.0536,0.05346,0.05327,0.05303,0.05275,0.05348,0.053,0.05235,0.05148,0.05029,0.0503,0.04844,0.04615,0.04514,0.04201,0.03854,0.03616,0.03211,0.02799,0.02491,0.02089,0.01835,0.01494,0.01187,0.01133,0.00917,0.01031,0.0089,0.01118,0.01381,0.01267,0.01491,0.0136,0.01484,0.0152,0.01321,0.01232,0.01075,0.0082,0.00613,0.00414,0.00255,0.00041,-0.00029,-0.0003,0.00031,0.00134,0.00254,0.00369,0.00465,0.00533,0.00572,0.00587,0.00805,0.00778,0.00745,0.00718,0.00857,0.00836,0.00839,0.00968,0.01,0.01132,0.01187,0.01323,0.01388,0.01451,0.01588,0.01721,0.01788,0.0192,0.01986,0.02107,0.02212,0.02255,0.02322,0.02361,0.02362,0.02358,0.02329,0.02281,0.02265,0.02206,0.02142,0.02076,0.02012,0.01951,0.01893,0.01907,0.01847,0.01783,0.01713,0.01634,0.01545,0.01449,0.01347,0.01243,0.01141,0.01047,0.00965,0.00822,0.00773,0.00745,0.00736,0.00743,0.00763,0.00706,0.00741,0.0078,0.0082,0.00773,0.00814,0.00855,0.00893,0.00843,0.00874,0.008,0.00807,0.00797,0.00658,0.00612,0.00422,0.00354,0.00143,0.00087,-0.00097,-0.00254,-0.00224,-0.00307,-0.00208,-0.00223,-0.00216,-0.00198,-0.00032,-0.00019,-0.00019,-0.00033,-0.00062,-0.001,-0.00142,-0.00185,-0.00224,-0.00262,-0.00304,-0.00363,-0.00452,-0.00581,-0.00725,-0.00893,-0.01084,-0.01276,-0.01361,-0.01496,-0.01583,-0.01587,-0.01601,-0.01592,-0.0158,-0.01601,-0.01618,-0.01701,-0.0177,-0.0191,-0.01988,-0.02137,-0.02143,-0.02245,-0.02135,-0.02172,-0.02192,-0.01984,-0.01983,-0.01987,-0.01849,-0.01892,-0.01952,-0.01976,-0.0209,-0.02221,-0.02368,-0.02535,-0.02714,-0.02906,-0.03109,-0.03287,-0.03481,-0.03663,-0.03822,-0.0395,-0.04038,-0.04078,-0.03874,-0.03805,-0.037,-0.03567,-0.03414,-0.03253,-0.03092,-0.02941,-0.02804,-0.02684,-0.02576,-0.02474,-0.02364,-0.02234,-0.02073,-0.01876,-0.01646,-0.01391,-0.01123,-0.00859,-0.00614,-0.00523,-0.00363,-0.00247,-0.00174,-0.00135,-0.00116,-0.00104,-0.00229,-0.00189,-0.00128,-0.00046,-0.00137,-0.00043,0.00048,0.00131,-0.00066,-0.00018,0.00024,-0.00242,-0.00193,-0.00127,-0.00346,-0.00226,-0.00083,-0.00211,-0.00027,-0.0011,0.00097,0.0031,0.00277,0.00503,0.00511,0.00743,0.00766,0.00773,0.0098,0.00925,0.01101,0.00995,0.00874,0.01071,0.01018,0.01031,0.01123,0.01482,0.01696,0.01965,0.02271,0.02601,0.02934,0.03252,0.03539,0.0378,0.03963,0.04085,0.04152,0.04176,0.04165,0.04134,0.04051,0.04014,0.03981,0.03929,0.03935,0.03963,0.03971,0.04016,0.04036,0.0404,0.04026,0.03935,0.03853,0.03651,0.03502,0.03226,0.03041,0.02856,0.02576,0.0241,0.02264,0.02079,0.01982,0.01912,0.01869,0.01834,0.01837,0.01862,0.01908,0.01968,0.0204,0.02116,0.02137,0.02184,0.0221,0.02208,0.02172,0.02096
140.625 -179.39637,-178.61488,-177.83171,-177.04716,-176.26142,-175.4747,-174.68746,-173.89998,-173.11258,-172.32555,-171.58126,-170.78625,-169.99245,-169.20024,-168.40991,-167.61704,-166.82192,-166.02952,-165.20671,-164.41141,-163.61993,-162.76961,-161.97736,-161.1899,-160.31493,-159.52876,-158.6353,-157.85202,-157.07522,-156.16264,-155.23646,-154.46363,-153.52351,-152.75832,-151.80606,-151.05009,-150.0876,-149.11446,-148.37161,-147.39127,-146.40188,-145.40402,-144.39831,-143.68224,-142.67509,-141.66203,-140.64367,-139.62083,-138.59428,-137.56481,-136.5332,-135.50029,-134.46681,-134.06515,-133.02163,-131.97962,-130.94002,-129.90368,-129.45437,-128.41336,-127.3777,-126.9028,-125.86554,-124.83572,-124.33738,-123.30926,-122.79581,-121.77139,-121.2436,-120.22491,-119.68366,-118.67272,-118.11896,-117.11774,-116.55259,-115.56303,-114.98757,-114.40439,-113.42709,-112.83512,-111.87423,-111.27473,-110.6683,-109.72628,-109.11406,-108.4954,-107.87042,-106.95335,-106.32491,-105.69076,-105.05105,-104.16525,-103.52454,-102.87897,-102.22871,-101.57396,-100.73123,-100.07854,-99.42215,-98.76226,-98.09908,-97.43284,-96.76377,-95.98902,-95.32621,-94.6614,-93.99484,-93.32677,-92.65743,-91.98707,-91.31596,-90.64435,-89.97249,-89.30064,-88.62906,-87.958,-87.28772,-86.61848,-85.95053,-85.2841,-84.61946,-83.95683,-83.18136,-82.51252,-81.84653,-81.18362,-80.52402,-79.86793,-79.21558,-78.37233,-77.71796,-77.0681,-76.42293,-75.78264,-74.8965,-74.25725,-73.62359,-72.99564,-72.07836,-71.45392,-70.83581,-70.22414,-69.28205,-68.67621,-68.07731,-67.11645,-66.52512,-65.54792,-64.96541,-64.3906,-63.40129,-62.8368,-61.83588,-61.28283,-60.27225,-59.73171,-58.71346,-58.18639,-57.16247,-56.64976,-55.62219,-55.12459,-54.09538,-53.05882,-52.58463,-51.5497,-50.50943,-50.06085,-49.0253,-47.98652,-46.94536,-45.90277,-45.50177,-44.46924,-43.43726,-42.40661,-41.37811,-40.35255,-39.33072,-38.31342,-37.30139,-36.29528,-35.5797,-34.57505,-33.57826,-32.58993,-31.85066,-30.86845,-29.89638,-29.14243,-28.17962,-27.22842,-26.46395,-25.52489,-24.75277,-23.82762,-23.04958,-22.14,-21.35751,-20.46503,-19.67965,-18.80563,-18.01894,-17.22748,-16.37808,-15.58743,-14.79294,-13.97099,-13.17937,-12.38506,-11.58819,-10.80347,-10.01208,-9.21909,-8.42487,-7.62985,-6.89504,-6.10842,-5.32174,-4.53529,-3.74934,-2.96435,-2.18056,-1.39816,-0.61743,0.16137,0.93795,1.71198,2.4831,3.25123,4.01612,4.77755,5.53529,6.28909,7.03876,8.00904,8.75698,9.50006,10.23806,10.97081,11.96393,12.69208,13.41433,14.13056,15.1375,15.84718,16.55029,17.56662,18.26143,19.28603,19.97162,20.64984,21.67842,22.34606,23.37867,24.03467,25.07017,25.71381,26.75063,27.79254,28.41744,29.45782,30.0683,31.10601,32.14649,33.18912,33.77049,34.80685,35.8439,36.88113,37.91796,38.9538,39.98802,40.51051,41.53325,42.04942,43.07571,44.09839,45.11691,46.13078,47.1395,48.14258,48.69886,49.70025,50.69492,51.68246,52.2572,53.24038,54.21534,54.80227,55.77097,56.36625,57.32765,57.93066,58.88364,59.82631,60.43723,61.0536,61.98662,62.60856,63.5301,64.15688,65.066,65.69685,66.33233,67.22691,67.86547,68.74553,69.38642,70.0313,70.89372,71.53992,72.18972,72.84305,73.68289,74.33618,74.99257,75.65195,76.46629,77.12432,77.78492,78.44796,79.11334,79.78093,80.55702,81.22135,81.88744,82.55517,83.22441,83.89502,84.56689,85.23987,85.91383,86.58863,87.29465,87.96318,88.63213,89.30135,89.97071,90.64008,91.30931,91.97829,92.64686,93.3523,94.02716,94.70119,95.37426,96.04622,96.71695,97.38631,98.05417,98.7204,99.38488,100.16053,100.82829,101.49386,102.15711,102.81792,103.47617,104.29015,104.94978,105.60643,106.25998,107.09953,107.75315,108.40325,109.04974,109.91194,110.55716,111.19839,112.07828,112.71721,113.35177,114.24753,114.87876,115.78783,116.41502,117.33653,117.95891,118.57607,119.50877,120.12015,121.06287,121.66771,122.61945,123.58099,124.17678,125.14568,125.73311,126.70831,127.69174,128.26703,129.25486,130.24983,131.25158,131.80844,132.81191,133.82103,134.83536,135.85435,136.87752,137.40067,138.42111,139.44441,140.47014,141.4978,142.03815,143.07564,144.11351,145.15126,146.18835,147.22444,147.8132,148.85446,149.89293,150.5036,151.54483,152.58199,153.21271,154.25041,154.89435,155.93072,156.58704,157.62059,158.28857,159.31811,159.99673,161.02011,161.70831,162.40356,163.42087,164.12446,164.83464,165.84259,166.55934,167.28214,168.01085,169.00499,169.73832,170.47692,171.22059,171.96917,172.94051,173.69079,174.44525,175.20366,175.96577,176.73136,177.5002,178.27203,179.04676,179.82409 0.0174,0.01578,0.01382,0.01151,0.00887,0.00593,0.0027,-0.00077,-0.00442,-0.00821,-0.01181,-0.01567,-0.01939,-0.02288,-0.02608,-0.02862,-0.03098,-0.03289,-0.03369,-0.03464,-0.03521,-0.03446,-0.03435,-0.03404,-0.03253,-0.03205,-0.03064,-0.03034,-0.03017,-0.02964,-0.0297,-0.03021,-0.03107,-0.03172,-0.03298,-0.03343,-0.03451,-0.0352,-0.03489,-0.03463,-0.03361,-0.0318,-0.0293,-0.02783,-0.02476,-0.02142,-0.01804,-0.01486,-0.01209,-0.00986,-0.00818,-0.00694,-0.00594,-0.00434,-0.00329,-0.00186,8e-05,0.00257,0.00502,0.00813,0.01145,0.01437,0.01771,0.02083,0.02363,0.02612,0.02862,0.03014,0.03211,0.03246,0.03386,0.03329,0.03434,0.03346,0.0345,0.03374,0.03487,0.03602,0.03525,0.03615,0.03503,0.03548,0.03572,0.03415,0.03413,0.03408,0.03409,0.03334,0.03375,0.03437,0.03523,0.03591,0.03705,0.0383,0.03964,0.04103,0.0414,0.0425,0.04354,0.04448,0.04525,0.0458,0.0461,0.04379,0.04375,0.04373,0.04384,0.04415,0.04465,0.04529,0.04599,0.04661,0.04706,0.04721,0.04701,0.04644,0.0456,0.04461,0.04361,0.04276,0.04218,0.04192,0.04468,0.045,0.04546,0.046,0.04657,0.04714,0.04767,0.05006,0.05022,0.05023,0.05003,0.04956,0.05007,0.04901,0.04756,0.04574,0.04518,0.04272,0.0399,0.03677,0.03529,0.03171,0.02796,0.02563,0.02169,0.01888,0.01505,0.01144,0.00916,0.00623,0.00511,0.00311,0.00349,0.00233,0.00397,0.0034,0.00566,0.00533,0.00746,0.00702,0.00833,0.00884,0.00759,0.00682,0.00534,0.0034,0.00135,-0.00069,-0.00244,-0.00369,-0.00498,-0.00546,-0.00549,-0.00517,-0.00469,-0.00415,-0.00365,-0.00319,-0.00275,-0.00227,-0.00025,0.00018,0.00064,0.00112,0.00271,0.00308,0.00347,0.00487,0.00529,0.00573,0.00723,0.00772,0.00926,0.00974,0.01126,0.0117,0.01322,0.01367,0.01524,0.01575,0.01734,0.01885,0.01937,0.0207,0.02181,0.02215,0.02291,0.0234,0.02363,0.02372,0.02365,0.02339,0.02299,0.02248,0.02217,0.02151,0.02082,0.02011,0.0194,0.01867,0.01794,0.01718,0.01639,0.01557,0.01473,0.0139,0.01311,0.01239,0.01177,0.01128,0.01094,0.01075,0.01072,0.00997,0.01018,0.01048,0.01083,0.0112,0.01074,0.01112,0.0115,0.01187,0.0114,0.01173,0.01201,0.01142,0.01151,0.01067,0.01044,0.01006,0.00867,0.00804,0.00642,0.00581,0.00428,0.00403,0.00298,0.00225,0.00296,0.00289,0.00413,0.00447,0.00486,0.00514,0.00637,0.0063,0.006,0.00554,0.00498,0.00441,0.00389,0.00448,0.00416,0.00313,0.00281,0.00239,0.00169,0.00053,-0.00124,-0.00362,-0.0055,-0.00838,-0.01136,-0.01409,-0.01514,-0.01683,-0.01771,-0.01753,-0.01733,-0.01676,-0.01611,-0.01564,-0.01523,-0.01509,-0.01539,-0.01591,-0.01633,-0.01701,-0.01711,-0.01754,-0.01702,-0.01704,-0.01699,-0.01602,-0.01592,-0.01548,-0.01566,-0.01602,-0.01667,-0.01748,-0.01847,-0.01962,-0.02104,-0.02238,-0.02381,-0.02534,-0.02662,-0.02821,-0.0298,-0.03136,-0.0328,-0.03403,-0.03381,-0.03422,-0.03422,-0.03384,-0.03311,-0.03208,-0.03083,-0.02947,-0.02809,-0.02676,-0.0238,-0.02291,-0.02219,-0.02157,-0.02098,-0.02029,-0.01936,-0.01811,-0.01646,-0.01574,-0.01335,-0.0107,-0.00795,-0.00526,-0.00281,-0.00074,0.00083,0.00187,0.0024,0.00183,0.0018,0.00169,0.00166,0.00186,0.00237,0.0028,0.00392,0.00522,0.00659,0.00691,0.00802,0.00898,0.00979,0.00854,0.00913,0.00978,0.00822,0.00927,0.01059,0.00959,0.01141,0.01054,0.01255,0.01161,0.01357,0.01539,0.01446,0.01615,0.0156,0.01722,0.01714,0.01725,0.01878,0.01871,0.01998,0.01962,0.01915,0.02034,0.02023,0.02063,0.02169,0.02387,0.026,0.02862,0.03157,0.03461,0.03756,0.03998,0.04228,0.04399,0.04502,0.04539,0.045,0.04483,0.04442,0.04396,0.04356,0.04325,0.04284,0.04256,0.0424,0.04178,0.04187,0.04223,0.04178,0.0424,0.04196,0.04246,0.04171,0.04157,0.04024,0.03926,0.03733,0.03572,0.03342,0.03115,0.0294,0.02723,0.02527,0.0243,0.0228,0.02158,0.02063,0.02109,0.0206,0.02028,0.02011,0.02007,0.02125,0.02122,0.02122,0.02123,0.0212,0.02109,0.02083,0.02038,0.01968,0.0187
146.25 -179.63305,-178.88721,-178.13977,-177.39096,-176.64103,-175.97967,-175.21972,-174.45935,-173.69865,-172.93811,-172.17797,-171.41851,-170.66001,-169.92417,-169.15942,-168.39642,-167.63547,-166.86342,-166.09858,-165.33669,-164.5376,-163.77341,-163.01307,-162.18922,-161.42857,-160.67265,-159.82668,-159.07233,-158.20963,-157.45837,-156.5802,-155.83336,-154.94114,-154.20013,-153.29533,-152.5616,-151.6458,-150.71938,-149.99561,-149.0608,-148.11665,-147.40654,-146.45679,-145.49919,-144.53431,-143.5627,-142.87963,-141.90768,-140.93076,-139.94944,-138.96448,-137.97656,-136.98639,-135.99469,-135.00219,-134.62157,-133.61924,-132.61777,-131.61804,-130.62082,-130.19551,-129.19315,-128.19518,-127.74561,-126.74525,-125.75106,-125.27907,-124.28533,-123.29976,-122.80739,-121.82523,-121.31966,-120.34269,-119.8247,-118.8547,-118.32514,-117.36381,-116.82363,-116.27607,-115.32291,-114.76593,-113.82576,-113.26042,-112.68825,-111.76231,-111.18324,-110.59773,-109.68951,-109.09865,-108.50182,-107.61464,-107.01411,-106.40814,-105.79684,-104.93708,-104.32424,-103.70669,-103.08456,-102.25755,-101.63608,-101.01071,-100.38162,-99.74898,-99.11297,-98.47379,-97.7044,-97.06963,-96.43242,-95.79298,-95.15151,-94.50824,-93.86338,-93.21714,-92.56977,-91.92148,-91.2725,-90.62307,-89.97342,-89.32378,-88.67438,-88.02545,-87.37723,-86.72995,-86.08382,-85.43908,-84.79596,-84.15466,-83.5154,-82.87839,-82.24384,-81.47385,-80.83493,-80.1992,-79.56685,-78.93807,-78.31303,-77.6919,-76.86449,-76.24274,-75.62558,-75.01315,-74.15312,-73.54227,-72.93676,-72.33669,-71.44935,-70.85303,-70.26268,-69.3544,-68.76944,-68.19091,-67.26501,-66.69342,-66.12867,-65.18862,-64.63225,-63.6793,-63.13235,-62.5928,-61.63177,-61.10286,-60.13319,-59.61587,-58.6393,-58.1344,-57.1527,-56.1617,-55.67594,-54.68276,-54.21145,-53.2179,-52.21817,-51.76928,-50.772,-49.77035,-49.34571,-48.34923,-47.35028,-46.34965,-45.34816,-44.96819,-43.97653,-42.9857,-41.99642,-41.00941,-40.02536,-39.04501,-38.06905,-37.09805,-36.41541,-35.44478,-34.48088,-33.52426,-32.57554,-31.86596,-30.92281,-29.98898,-29.2658,-28.34036,-27.42556,-26.69248,-25.78865,-25.04829,-24.15703,-23.41086,-22.53364,-21.78311,-20.92133,-20.16768,-19.32259,-18.56739,-17.80751,-16.98451,-16.22491,-15.46147,-14.66319,-13.90203,-13.13794,-12.36665,-11.60646,-10.84421,-10.08019,-9.31484,-8.58727,-7.82855,-7.06916,-6.30936,-5.5494,-4.78973,-4.03051,-3.27195,-2.62045,-1.87235,-1.1256,-0.38045,0.36276,1.10376,1.84244,2.5786,3.48228,4.22031,4.95483,5.68584,6.41315,7.13659,7.85596,8.57109,9.51335,10.22584,10.93344,11.63602,12.33344,13.2935,13.986,14.67275,15.64372,16.32394,16.998,17.97742,18.6437,19.30342,20.28779,20.93834,21.92802,22.56867,23.56237,24.19226,25.18821,25.80648,26.80337,27.40946,28.40615,29.40676,29.99445,30.99232,31.99273,32.99528,33.55613,34.55334,35.55132,36.54934,37.54712,38.07029,39.05933,40.04696,41.03267,42.01598,42.99628,43.50157,44.48406,45.46258,46.43667,47.40591,48.36988,48.90599,49.86814,50.824,51.77319,52.32615,53.27131,54.20886,54.77313,55.70496,56.27701,57.20209,57.78129,58.69866,59.60654,60.19317,61.09194,61.68408,62.2811,63.16986,63.7715,64.649,65.2546,66.12005,66.72896,67.34198,68.19317,68.80857,69.42779,70.26307,70.88376,71.50792,72.32575,72.95046,73.57828,74.20912,75.00472,75.63493,76.26779,76.90318,77.54102,78.3077,78.94347,79.5813,80.22106,80.86265,81.50597,82.15088,82.87456,83.51547,84.1576,84.80082,85.44501,86.09007,86.73586,87.38226,88.02917,88.67644,89.32397,89.97162,90.61928,91.26682,91.91412,92.56106,93.20751,93.85336,94.49848,95.14275,95.78606,96.42828,97.0693,97.79252,98.43756,99.08101,99.72275,100.36267,101.00066,101.63661,102.40293,103.04096,103.67656,104.30964,104.94008,105.73538,106.36646,106.99453,107.61951,108.43711,109.06155,109.68253,110.51763,111.13715,111.75288,112.60394,113.2173,113.82655,114.69191,115.29789,116.17533,116.77736,117.66611,118.26353,118.85606,119.75487,120.34192,121.24988,121.83082,122.747,123.67221,124.24474,125.17675,125.74149,126.67926,127.62463,128.17809,129.12756,130.0837,130.62421,131.58282,132.54715,133.51676,134.49126,135.47018,135.9815,136.95898,137.93977,138.92358,139.90981,140.898,141.88758,142.87815,143.40916,144.4078,145.40643,146.40432,147.40091,147.9685,148.96964,149.96823,150.55609,151.55748,152.55495,153.16125,154.15895,154.77749,155.77426,156.40444,157.39901,158.03999,159.03054,159.68144,160.66669,161.3268,161.99349,162.97383,163.64831,164.32898,165.30091,165.9881,166.68109,167.64212,168.34004,169.04315,169.7513,170.46434,171.40755,172.12326,172.84322,173.56725,174.29517,175.02681,175.76196,176.6712,177.40526,178.14207,178.88142,179.62309 0.0168,0.01489,0.01286,0.01066,0.00829,0.00645,0.00368,0.0007,-0.00247,-0.00579,-0.00922,-0.01271,-0.01621,-0.01969,-0.02309,-0.02627,-0.02917,-0.03174,-0.03383,-0.0355,-0.03647,-0.03722,-0.03759,-0.03705,-0.0368,-0.03637,-0.03503,-0.03445,-0.03302,-0.03252,-0.03136,-0.03103,-0.0304,-0.0302,-0.03019,-0.02998,-0.03053,-0.0314,-0.03109,-0.032,-0.0327,-0.03204,-0.03216,-0.03167,-0.03059,-0.0289,-0.02787,-0.02575,-0.02332,-0.02078,-0.01829,-0.01599,-0.01398,-0.01223,-0.01067,-0.00921,-0.00783,-0.00626,-0.00438,-0.00211,-0.00063,0.00213,0.00517,0.00725,0.01054,0.01373,0.01608,0.01889,0.0212,0.02327,0.02468,0.02641,0.02679,0.02811,0.02767,0.02868,0.02798,0.02895,0.02994,0.02951,0.03057,0.03036,0.03133,0.03219,0.03176,0.03227,0.03262,0.03199,0.03215,0.03226,0.03215,0.03244,0.03284,0.03338,0.03432,0.03513,0.03601,0.03694,0.03788,0.03862,0.03928,0.03988,0.0404,0.04085,0.04121,0.03978,0.0397,0.03955,0.03937,0.03923,0.03923,0.03942,0.03984,0.04049,0.0413,0.04214,0.04289,0.04341,0.04358,0.04333,0.04266,0.04162,0.04037,0.03909,0.03794,0.03707,0.03655,0.03637,0.03648,0.03683,0.04038,0.04106,0.04179,0.04251,0.04317,0.0437,0.04402,0.04648,0.04611,0.04533,0.04409,0.04439,0.04227,0.03972,0.03678,0.03582,0.03244,0.02886,0.02761,0.02389,0.02013,0.01851,0.01479,0.01119,0.00923,0.00598,0.00412,0.00152,-0.00066,-0.00136,-0.00267,-0.00221,-0.00274,-0.00125,-0.00125,0.00081,0.00293,0.00299,0.00458,0.00425,0.00477,0.00448,0.00328,0.00197,0.00021,-0.00122,-0.00304,-0.00469,-0.00603,-0.00699,-0.00763,-0.00821,-0.00859,-0.00881,-0.00889,-0.00884,-0.00859,-0.00811,-0.0074,-0.00607,-0.00515,-0.00416,-0.00321,-0.0024,-0.00129,-0.0008,-0.00052,0.00059,0.00076,0.00089,0.0023,0.00255,0.00413,0.00446,0.00609,0.00644,0.00805,0.00843,0.01006,0.0105,0.01221,0.01394,0.01449,0.01624,0.0179,0.01846,0.01995,0.02122,0.02161,0.02251,0.02312,0.02344,0.02348,0.02304,0.02268,0.02214,0.02148,0.02077,0.02004,0.01934,0.01868,0.01827,0.01783,0.01743,0.01705,0.01668,0.01632,0.01595,0.01558,0.01423,0.0139,0.01366,0.01351,0.01347,0.01352,0.01367,0.0139,0.01337,0.01372,0.01408,0.01445,0.0148,0.01436,0.01468,0.01496,0.01441,0.01457,0.01463,0.01379,0.01361,0.0133,0.01204,0.01153,0.0101,0.00956,0.00821,0.00791,0.00693,0.00709,0.00669,0.00737,0.00754,0.00792,0.00906,0.00953,0.00984,0.0099,0.01037,0.00989,0.00921,0.00843,0.0077,0.00748,0.00707,0.00695,0.00706,0.00728,0.0074,0.00678,0.00628,0.00518,0.00333,0.00073,-0.00246,-0.00474,-0.0083,-0.01167,-0.0145,-0.016,-0.01753,-0.0181,-0.01825,-0.0176,-0.01719,-0.01597,-0.01549,-0.01445,-0.01368,-0.01387,-0.01373,-0.01428,-0.01486,-0.01505,-0.0155,-0.01554,-0.01572,-0.01569,-0.0157,-0.01564,-0.01594,-0.016,-0.01615,-0.01695,-0.01733,-0.01783,-0.01865,-0.01924,-0.01993,-0.02075,-0.0211,-0.02212,-0.02333,-0.02469,-0.02613,-0.02661,-0.02792,-0.02901,-0.02976,-0.03012,-0.03006,-0.02959,-0.02709,-0.02586,-0.02446,-0.02299,-0.02157,-0.0203,-0.01924,-0.01842,-0.01781,-0.01735,-0.01694,-0.01646,-0.01579,-0.01481,-0.01347,-0.01175,-0.00967,-0.00732,-0.00482,-0.00233,-1e-05,0.00199,0.00352,0.00364,0.00426,0.00435,0.00404,0.00348,0.00285,0.00233,0.00215,0.00237,0.00299,0.00398,0.00529,0.00717,0.00875,0.01027,0.01166,0.01272,0.01365,0.01444,0.01448,0.01527,0.01623,0.01636,0.0179,0.01971,0.02025,0.02235,0.02243,0.0243,0.02354,0.02485,0.02581,0.02425,0.02479,0.02347,0.02396,0.02335,0.02318,0.02397,0.02403,0.02465,0.02448,0.02416,0.02444,0.02417,0.02431,0.02479,0.02593,0.02784,0.03036,0.03328,0.03633,0.03791,0.04066,0.04292,0.04453,0.04537,0.04546,0.04493,0.04402,0.04398,0.04314,0.04259,0.04243,0.04263,0.04318,0.04365,0.04431,0.04448,0.04526,0.04631,0.04622,0.04755,0.0473,0.04865,0.04795,0.04889,0.0475,0.04772,0.04558,0.04514,0.04247,0.03972,0.03889,0.03615,0.03356,0.03322,0.03108,0.02923,0.02993,0.02868,0.02769,0.02693,0.02631,0.02813,0.02759,0.02702,0.0264,0.02574,0.02501,0.02421,0.02437,0.02309,0.0217,0.02019,0.01855
151.875 -179.97779,-179.25724,-178.53508,-177.8115,-177.08656,-176.36068,-175.63409,-174.907,-174.17967,-173.51154,-172.7763,-172.04133,-171.30707,-170.57372,-169.84156,-169.12224,-168.38496,-167.64944,-166.91612,-166.16402,-165.42757,-164.69409,-163.91752,-163.18251,-162.45117,-161.65224,-160.9211,-160.19447,-159.3756,-158.6509,-157.81688,-157.09532,-156.24733,-155.53011,-154.66937,-153.95786,-153.08572,-152.38112,-151.49905,-150.60719,-149.91198,-149.01249,-148.10442,-147.42193,-146.50873,-145.58823,-144.66094,-143.72737,-142.78806,-142.13566,-141.19689,-140.25395,-139.30739,-138.35788,-137.40605,-136.45254,-135.49799,-135.13637,-134.17227,-133.20866,-132.24616,-131.28555,-130.88196,-129.91588,-128.95341,-127.99518,-127.56135,-126.60109,-125.64665,-125.19228,-124.23838,-123.77074,-122.81894,-122.33857,-121.39051,-120.89802,-119.95531,-119.45144,-118.51567,-118.00119,-117.07392,-116.54971,-115.63251,-115.09943,-114.19388,-113.65286,-113.1055,-112.2125,-111.65845,-111.0984,-110.22105,-109.65569,-109.0847,-108.22598,-107.65113,-107.07111,-106.48602,-105.65142,-105.06437,-104.47277,-103.87673,-103.07111,-102.47508,-101.8752,-101.27161,-100.66448,-100.05395,-99.29301,-98.68537,-98.07498,-97.462,-96.84663,-96.22904,-95.60943,-94.98797,-94.36488,-93.74034,-93.06572,-92.4487,-91.83089,-91.21249,-90.5937,-89.97471,-89.35573,-88.73697,-88.11861,-87.50086,-86.88391,-86.20857,-85.58415,-84.96119,-84.33988,-83.72043,-83.10303,-82.48785,-81.87509,-81.26493,-80.65753,-79.8961,-79.28585,-78.67901,-78.07574,-77.47618,-76.88048,-76.07452,-75.47886,-74.88764,-74.30098,-73.46616,-72.88149,-72.30191,-71.72751,-70.86867,-70.29816,-69.73328,-68.85589,-68.29635,-67.74282,-66.84987,-66.30305,-65.76258,-64.85716,-64.32464,-63.40764,-62.884,-61.95701,-61.44312,-60.50766,-60.0044,-59.06205,-58.57018,-57.62253,-57.1428,-56.19146,-55.72445,-54.77105,-53.81082,-53.36343,-52.40378,-51.97058,-51.01297,-50.05115,-49.08575,-48.68279,-47.72288,-46.76112,-45.7983,-44.83499,-43.87184,-43.52019,-42.5675,-41.61649,-40.66783,-39.72213,-38.78009,-37.8422,-37.19019,-36.25177,-35.31911,-34.39273,-33.47318,-32.79422,-31.8789,-30.97174,-30.07316,-29.37849,-28.48759,-27.7841,-26.9024,-26.03115,-25.32025,-24.46039,-23.74383,-22.89671,-22.1758,-21.34263,-20.61858,-19.80053,-19.07458,-18.34415,-17.54601,-16.81536,-16.08102,-15.30521,-14.57242,-13.83669,-13.0853,-12.35268,-11.61785,-10.88126,-10.16259,-9.43112,-8.69848,-7.96491,-7.23063,-6.49605,-5.82847,-5.10181,-4.3754,-3.64948,-2.92426,-2.19998,-1.47703,-0.75551,-0.03561,0.68248,1.39854,2.11236,2.82369,3.53223,4.23794,4.94064,5.64016,6.53013,7.22925,7.92443,8.61563,9.3027,9.98551,10.89962,11.5793,12.25408,12.92385,13.8515,14.51638,15.17587,16.11359,16.76681,17.41413,18.35864,18.99853,19.6323,20.58144,21.20667,22.16037,22.77616,23.73318,24.33895,25.29827,25.89332,26.85351,27.43713,28.39676,29.36009,29.92668,30.88783,31.85143,32.81681,33.35859,34.31911,35.28053,36.24236,37.20411,37.71125,38.66493,39.61742,40.56833,41.5173,42.46385,43.40756,44.34798,44.84194,45.78341,46.72063,47.65329,48.58099,49.09822,50.02418,50.94422,51.85799,52.39069,53.30064,54.20354,54.74673,55.64437,56.19482,57.08627,57.64344,58.52783,59.40344,59.96758,60.83485,61.40419,61.9781,62.8363,63.41465,64.2626,64.84479,65.68177,66.2672,66.85654,67.68061,68.27238,68.86776,69.67744,70.27442,70.87472,71.66858,72.26967,72.87376,73.48077,74.25456,74.8613,75.47062,76.08244,76.83388,77.44439,78.05705,78.67177,79.28846,80.01118,80.62528,81.241,81.85823,82.47688,83.09684,83.71801,84.34028,84.96355,85.63332,86.25182,86.87098,87.49067,88.11081,88.73127,89.35195,89.97275,90.59355,91.21425,91.83473,92.4549,93.07464,93.69384,94.3124,94.98171,95.60505,96.22741,96.84867,97.46874,98.0875,98.70486,99.3207,99.93494,100.65729,101.27414,101.88903,102.50186,103.11255,103.86368,104.4757,105.08524,105.6922,106.29649,107.07298,107.67731,108.27866,109.07231,109.67289,110.27015,111.07966,111.67535,112.26742,113.09138,113.68104,114.2668,115.1037,115.68624,116.53415,117.11285,117.68718,118.54534,119.11506,119.98237,120.54691,121.42259,121.98141,122.86467,123.75625,124.30714,125.20494,125.74856,126.65165,127.56181,128.09498,129.00901,129.92931,130.45061,131.37329,132.30131,133.23429,134.17189,134.67108,135.60822,136.54906,137.49321,138.44022,139.38965,140.34106,141.29408,142.24828,143.20342,143.71777,144.68019,145.6422,146.60335,147.56323,148.11125,149.07553,150.03738,150.60413,151.56815,152.52851,153.11234,154.07327,154.66855,155.62866,156.23467,157.1925,157.80859,158.76309,159.38864,160.33862,160.97273,161.61298,162.55836,163.20608,164.14386,164.79829,165.45821,166.12352,167.05206,167.72231,168.39754,169.07771,169.99274,170.67605,171.36364,172.05538,172.75111,173.64492,174.34165,175.04173,175.74501,176.45132,177.16046,177.87236,178.5868,179.30349 0.01857,0.01625,0.01389,0.01151,0.00909,0.00664,0.00413,0.00155,-0.0011,-0.00362,-0.00655,-0.00956,-0.01262,-0.0157,-0.01875,-0.02229,-0.02523,-0.02797,-0.03042,-0.03317,-0.0349,-0.0362,-0.03744,-0.03789,-0.03799,-0.03789,-0.0375,-0.03698,-0.03621,-0.03561,-0.03458,-0.03396,-0.03275,-0.03204,-0.03078,-0.02988,-0.0288,-0.02773,-0.02715,-0.02713,-0.0262,-0.02682,-0.02772,-0.027,-0.02798,-0.02873,-0.02908,-0.02896,-0.02835,-0.02782,-0.02681,-0.02541,-0.02373,-0.02182,-0.01978,-0.01764,-0.01539,-0.01363,-0.01143,-0.00911,-0.00666,-0.00415,-0.00315,-0.00063,0.00194,0.0045,0.00594,0.00867,0.01124,0.0131,0.01536,0.01724,0.01886,0.02057,0.02136,0.02279,0.0228,0.02396,0.02346,0.02447,0.02403,0.02507,0.02503,0.02617,0.02652,0.02763,0.02864,0.02902,0.02978,0.03038,0.03061,0.03101,0.03134,0.03172,0.03205,0.03241,0.03283,0.03368,0.03431,0.03502,0.03578,0.03677,0.03742,0.03795,0.03834,0.03858,0.03869,0.03785,0.03752,0.03713,0.03669,0.03623,0.03577,0.03535,0.03502,0.03486,0.03493,0.03292,0.03342,0.03413,0.03494,0.03572,0.03631,0.03656,0.03637,0.0357,0.03461,0.0332,0.03423,0.03286,0.03174,0.03097,0.03056,0.03047,0.03065,0.03103,0.03157,0.03219,0.03623,0.0369,0.03746,0.03782,0.03791,0.03764,0.04016,0.03892,0.03716,0.03485,0.03491,0.0317,0.02814,0.02432,0.02339,0.01946,0.01556,0.01481,0.01117,0.00773,0.00708,0.00401,0.00126,0.00049,-0.00177,-0.00259,-0.00419,-0.00462,-0.00553,-0.00524,-0.00552,-0.0044,-0.00424,-0.0025,-0.00219,-0.0003,-0.00013,0.00134,0.00224,0.00169,0.00159,0.00066,-0.00023,-0.00151,-0.00296,-0.00384,-0.00514,-0.00634,-0.00741,-0.00835,-0.00917,-0.00966,-0.01035,-0.01082,-0.01097,-0.01075,-0.01015,-0.0092,-0.00843,-0.00723,-0.00602,-0.00497,-0.00423,-0.00367,-0.00343,-0.00357,-0.00398,-0.00337,-0.00374,-0.00276,-0.00282,-0.00268,-0.0012,-0.00075,0.00085,0.0014,0.00297,0.00351,0.00501,0.00554,0.00707,0.00867,0.00928,0.011,0.01279,0.01354,0.01533,0.01705,0.01771,0.01914,0.02034,0.02126,0.02115,0.02155,0.02169,0.02159,0.02132,0.02095,0.02048,0.02022,0.02,0.01984,0.01974,0.01969,0.01966,0.01963,0.01956,0.01945,0.01926,0.01901,0.0187,0.01835,0.018,0.01766,0.01737,0.01627,0.01621,0.01623,0.01631,0.01644,0.01661,0.01638,0.01663,0.01686,0.01707,0.01687,0.01704,0.01715,0.01671,0.01668,0.01656,0.01568,0.01536,0.01497,0.01368,0.01321,0.01187,0.01152,0.01043,0.01038,0.00977,0.01013,0.01008,0.01079,0.01114,0.01158,0.01232,0.01253,0.01246,0.01204,0.0117,0.01067,0.0095,0.00835,0.0074,0.00668,0.00635,0.00648,0.007,0.00773,0.00844,0.00885,0.00872,0.00816,0.00689,0.00487,0.00224,-0.00076,-0.00318,-0.00635,-0.00916,-0.01136,-0.01335,-0.0144,-0.01459,-0.01538,-0.01442,-0.01456,-0.01297,-0.01285,-0.0113,-0.01,-0.01041,-0.00982,-0.01067,-0.01161,-0.01182,-0.01286,-0.01325,-0.01416,-0.0146,-0.01531,-0.01585,-0.01633,-0.01674,-0.01707,-0.01748,-0.01772,-0.01791,-0.01782,-0.01786,-0.0179,-0.01798,-0.01716,-0.01749,-0.01807,-0.01897,-0.01884,-0.02024,-0.02175,-0.0232,-0.02449,-0.02419,-0.02474,-0.02481,-0.0244,-0.02355,-0.02234,-0.02086,-0.01926,-0.01765,-0.0146,-0.0133,-0.01225,-0.01144,-0.01087,-0.01043,-0.01001,-0.00951,-0.0088,-0.00781,-0.0065,-0.00488,-0.003,-0.00094,0.00115,0.00191,0.0038,0.00532,0.00635,0.00685,0.00682,0.00634,0.00551,0.00449,0.00328,0.00243,0.00183,0.00157,0.0017,0.00261,0.00359,0.00485,0.00625,0.00772,0.01003,0.01133,0.01246,0.01413,0.01494,0.01572,0.01704,0.01813,0.0195,0.02143,0.0234,0.02553,0.0276,0.02962,0.03069,0.03196,0.03271,0.03177,0.03155,0.02971,0.02907,0.02741,0.02701,0.02624,0.02599,0.02632,0.02639,0.02668,0.02642,0.02586,0.0256,0.02482,0.02435,0.02425,0.02484,0.02634,0.02868,0.03161,0.03321,0.03642,0.03934,0.04173,0.04341,0.04428,0.04434,0.04367,0.04245,0.04096,0.04071,0.03958,0.03896,0.039,0.03972,0.04098,0.04234,0.04399,0.04514,0.04688,0.04881,0.0496,0.05167,0.05226,0.05438,0.05462,0.05642,0.05599,0.05704,0.05574,0.05583,0.05373,0.0513,0.05047,0.04777,0.04681,0.04427,0.04187,0.03967,0.03963,0.03803,0.03669,0.0356,0.03659,0.03588,0.03523,0.03457,0.03384,0.03435,0.03328,0.03203,0.03058,0.02894,0.02713,0.02515,0.02305,0.02085
157.5 -179.60523,-178.90655,-178.20647,-177.50519,-176.8029,-176.09983,-175.39601,-174.69179,-173.98742,-173.28309,-172.57904,-171.87542,-171.20464,-170.49491,-169.78635,-169.07911,-168.37347,-167.66429,-166.95481,-166.24748,-165.51442,-164.80468,-164.09787,-163.39428,-162.63487,-161.93072,-161.15523,-160.45166,-159.7524,-158.9589,-158.26182,-157.45458,-156.76066,-155.94073,-155.25117,-154.41965,-153.73556,-152.89371,-152.04225,-151.36531,-150.50548,-149.63696,-148.97001,-148.09525,-147.21295,-146.55905,-145.67283,-144.78026,-143.88181,-142.97797,-142.06922,-141.44543,-140.53795,-139.62699,-138.71307,-137.79679,-136.87871,-136.54302,-135.61492,-134.68641,-133.75808,-132.83044,-131.90413,-131.52018,-130.58823,-129.65915,-128.73362,-128.32097,-127.39285,-126.46968,-126.03736,-125.11381,-124.19675,-123.74633,-122.83128,-122.36912,-121.45752,-120.98414,-120.07743,-119.59351,-118.69307,-118.19928,-117.3065,-116.80362,-115.91993,-115.4087,-114.89134,-114.01676,-113.4921,-112.63002,-112.09892,-111.56221,-110.71401,-110.17207,-109.62484,-108.79318,-108.24201,-107.68593,-107.12501,-106.31465,-105.75148,-105.18393,-104.6121,-103.82744,-103.25509,-102.67897,-102.09921,-101.51593,-100.7658,-100.18416,-99.59956,-99.01214,-98.42206,-97.82947,-97.23454,-96.63741,-95.94727,-95.35518,-94.76149,-94.16638,-93.57002,-92.97258,-92.37424,-91.77518,-91.17559,-90.57563,-89.97551,-89.37538,-88.77546,-88.1759,-87.5769,-86.97863,-86.38127,-85.78501,-85.19001,-84.59646,-84.00451,-83.31379,-82.71684,-82.1221,-81.52972,-80.93986,-80.35268,-79.76833,-79.18695,-78.43641,-77.85343,-77.27397,-76.69817,-76.12614,-75.34121,-74.76974,-74.20255,-73.63976,-72.82921,-72.26871,-71.71304,-71.16229,-70.33055,-69.78377,-69.24229,-68.39407,-67.85783,-67.32722,-66.4652,-65.94105,-65.06658,-64.54975,-64.03904,-63.15554,-62.6532,-61.76068,-61.26744,-60.3673,-59.88394,-58.97756,-58.50476,-57.59355,-57.13196,-56.21733,-55.2953,-54.8509,-53.92789,-53.49612,-52.57352,-51.64597,-51.23389,-50.30896,-49.38052,-48.44921,-48.06583,-47.14019,-46.21329,-45.28567,-44.3579,-43.43055,-42.50425,-42.17807,-41.26257,-40.34943,-39.4393,-38.82152,-37.9092,-37.00128,-36.09827,-35.20065,-34.30897,-33.42359,-32.77014,-31.88869,-31.01477,-30.34833,-29.4807,-28.62171,-27.94531,-27.09468,-26.25366,-25.57013,-24.73943,-24.05049,-23.23136,-22.53805,-21.73158,-21.03512,-20.33376,-19.54378,-18.84084,-18.06609,-17.36256,-16.65546,-15.90092,-15.19477,-14.48569,-13.7533,-13.04662,-12.33777,-11.62691,-10.92422,-10.21765,-9.50974,-8.80066,-8.09078,-7.42743,-6.72401,-6.02032,-5.31659,-4.613,-3.90978,-3.20733,-2.50567,-1.805,-1.10553,-0.40746,0.28902,0.98354,1.67606,2.36641,3.05442,3.73992,4.42272,5.10266,5.77941,6.45297,7.12319,7.78995,8.65907,9.32425,9.98534,10.64223,11.29488,12.18108,12.83012,13.47446,14.37185,15.01118,15.64541,16.27447,17.17955,17.80234,18.7146,19.33017,19.93998,20.85573,21.4575,22.37763,22.97065,23.8938,24.47731,25.40218,25.97567,26.90146,27.46442,28.38993,29.31869,29.86573,30.79236,31.72142,32.25123,33.17659,34.10321,35.03053,35.95833,36.45704,37.37837,38.2992,39.21909,40.13759,41.05434,41.96903,42.88134,43.79088,44.69728,45.17543,46.08258,46.98565,47.88433,48.77832,49.27779,50.17012,51.05691,51.93789,52.45173,53.32905,54.19982,54.72333,55.58919,56.1195,56.97969,57.51631,58.37,59.2156,59.75884,60.59679,61.14494,61.97451,62.52707,63.08376,63.90405,64.46445,65.27471,65.8383,66.40559,67.20415,67.77388,68.5609,69.13255,69.70744,70.48054,71.05662,71.63565,72.21758,72.9731,73.55525,74.14002,74.72731,75.46312,76.04969,76.63849,77.22943,77.82244,78.53287,79.12401,79.71689,80.31143,80.90754,81.50513,82.18287,82.77725,83.3728,83.96942,84.56701,85.16549,85.76476,86.36472,86.96528,87.56633,88.16778,88.76953,89.37148,89.97354,90.5756,91.17756,91.77934,92.38082,92.9819,93.5825,94.18252,94.78185,95.3804,95.97807,96.57478,97.17042,97.7649,98.44225,99.03996,99.6362,100.23087,100.8239,101.41518,102.12529,102.71847,103.30958,103.89857,104.48533,105.22087,105.80837,106.39335,106.97572,107.73103,108.31319,108.89247,109.46879,110.24173,110.81689,111.38882,112.1757,112.74573,113.54419,114.11179,114.67568,115.48588,116.0466,116.86686,117.42389,117.97681,118.80638,119.3549,120.19288,120.7365,121.58217,122.12037,122.97297,123.83327,124.36397,125.22999,125.75392,126.62487,127.50239,128.01666,128.89787,129.78492,130.28814,131.17742,132.07171,132.97071,133.87411,134.35699,135.26025,136.16703,137.07698,137.98968,138.90481,139.82202,140.74099,141.66138,142.58272,143.50455,144.00329,144.93165,145.85955,146.78675,147.71272,148.24264,149.17229,150.09957,150.64677,151.57618,152.50238,153.06553,153.992,154.56571,155.49131,156.07506,156.99895,157.59223,158.51313,159.11517,160.03171,160.64185,161.55317,162.1708,162.79394,163.69983,164.32927,164.96389,165.86186,166.50183,167.1466,167.79608,168.68311,169.33622,169.99358,170.65512,171.3208,172.19077,172.85802,173.52877,174.20285,174.88011,175.56059,176.24394,176.93,177.61858,178.3095,179.0026,179.8234 0.01727,0.0147,0.01218,0.0097,0.00729,0.00493,0.00261,0.00031,-0.00198,-0.00429,-0.00661,-0.00895,-0.01168,-0.01424,-0.0168,-0.01933,-0.02179,-0.02527,-0.02753,-0.02955,-0.03243,-0.03379,-0.03477,-0.0354,-0.03651,-0.03649,-0.03682,-0.03646,-0.03609,-0.03591,-0.03554,-0.03505,-0.0346,-0.03363,-0.0329,-0.03131,-0.03014,-0.02813,-0.02626,-0.02471,-0.02338,-0.02274,-0.02162,-0.02196,-0.02284,-0.02229,-0.02358,-0.02489,-0.02602,-0.02686,-0.02735,-0.02725,-0.02737,-0.02704,-0.0262,-0.02485,-0.02296,-0.02112,-0.01858,-0.01564,-0.01241,-0.00905,-0.00577,-0.00455,-0.00183,0.00052,0.0025,0.0034,0.00526,0.00704,0.00847,0.01024,0.0117,0.01334,0.01434,0.01588,0.01626,0.01762,0.01747,0.01866,0.01825,0.01937,0.01913,0.02035,0.02058,0.02197,0.02336,0.02418,0.02553,0.02651,0.02765,0.02861,0.02945,0.03014,0.03071,0.03141,0.03183,0.0322,0.03257,0.03314,0.03359,0.03414,0.03478,0.03553,0.03625,0.0369,0.03742,0.03775,0.03746,0.0372,0.03673,0.03611,0.03538,0.03462,0.03385,0.03309,0.0307,0.0299,0.02918,0.02862,0.02828,0.02821,0.02843,0.02891,0.02956,0.03024,0.03082,0.03111,0.031,0.03042,0.02938,0.02799,0.02642,0.02487,0.02351,0.02246,0.02177,0.02441,0.02443,0.02467,0.02508,0.02558,0.0261,0.02657,0.02694,0.0307,0.03071,0.03039,0.02967,0.02848,0.03049,0.02822,0.02543,0.02218,0.02192,0.01799,0.01391,0.00981,0.0091,0.0053,0.0018,0.00176,-0.00111,-0.00354,-0.00312,-0.00494,-0.00466,-0.00597,-0.00691,-0.00681,-0.00736,-0.00727,-0.0075,-0.00713,-0.00712,-0.00628,-0.00611,-0.00479,-0.00461,-0.00308,-0.00162,-0.00181,-0.0009,-0.00147,-0.00128,-0.00157,-0.00253,-0.00319,-0.00403,-0.00495,-0.00569,-0.00654,-0.00746,-0.00843,-0.00943,-0.01036,-0.01109,-0.01153,-0.01174,-0.01151,-0.01083,-0.01016,-0.00902,-0.00777,-0.00662,-0.00576,-0.00536,-0.00548,-0.00518,-0.00587,-0.00685,-0.00658,-0.00747,-0.00813,-0.00733,-0.00738,-0.00705,-0.00566,-0.00492,-0.00339,-0.00251,-0.00102,-0.00017,0.00119,0.00254,0.00331,0.00465,0.00553,0.00697,0.00849,0.00958,0.01119,0.01282,0.01382,0.01527,0.01661,0.01779,0.01792,0.01867,0.01925,0.01966,0.01995,0.01964,0.01997,0.0203,0.02064,0.02102,0.02142,0.02182,0.02219,0.02251,0.02275,0.02287,0.02285,0.0227,0.02241,0.022,0.02149,0.02093,0.02033,0.01975,0.01919,0.01868,0.01823,0.01785,0.01745,0.0173,0.01719,0.01711,0.01706,0.0173,0.01735,0.0174,0.01766,0.01772,0.01776,0.01778,0.01766,0.01753,0.01693,0.01662,0.01627,0.0152,0.01478,0.01367,0.01338,0.01254,0.01255,0.01217,0.01247,0.01254,0.01299,0.01324,0.01346,0.01359,0.01337,0.01281,0.01205,0.01085,0.00942,0.00793,0.00656,0.00545,0.00465,0.00435,0.00457,0.00522,0.00617,0.0072,0.00809,0.00864,0.00868,0.00849,0.00753,0.00605,0.0042,0.00216,0.0002,-0.00194,-0.00378,-0.00519,-0.00715,-0.0078,-0.00782,-0.00899,-0.00808,-0.00869,-0.00711,-0.00737,-0.00567,-0.00419,-0.00471,-0.00388,-0.00486,-0.00475,-0.00614,-0.00762,-0.00807,-0.00962,-0.01011,-0.01156,-0.01288,-0.01318,-0.01429,-0.0143,-0.01513,-0.01576,-0.01513,-0.01535,-0.01536,-0.01522,-0.01354,-0.01324,-0.01301,-0.013,-0.01169,-0.01233,-0.01331,-0.0146,-0.01611,-0.01627,-0.0178,-0.01913,-0.02012,-0.02068,-0.02076,-0.01907,-0.01828,-0.01712,-0.01568,-0.0141,-0.01248,-0.01093,-0.00955,-0.00838,-0.00744,-0.00671,-0.00612,-0.0056,-0.00504,-0.00436,-0.00347,-0.00233,-0.00094,0.00066,0.00239,0.00413,0.00575,0.00712,0.00813,0.00868,0.00875,0.00835,0.00733,0.00631,0.00514,0.00399,0.00299,0.00222,0.00157,0.00145,0.00164,0.00214,0.00286,0.00419,0.00533,0.00649,0.00759,0.00956,0.01049,0.01128,0.01199,0.01386,0.01473,0.01578,0.01842,0.02008,0.02333,0.02538,0.02741,0.03042,0.03193,0.03358,0.03401,0.03393,0.03325,0.03233,0.03075,0.02974,0.02838,0.02791,0.02739,0.0273,0.02761,0.02772,0.02795,0.02762,0.02688,0.02648,0.02538,0.0245,0.02437,0.02453,0.02567,0.02776,0.03062,0.03252,0.03588,0.03904,0.04168,0.04359,0.04466,0.04486,0.04427,0.04301,0.04128,0.03941,0.03846,0.0371,0.03647,0.03672,0.0379,0.039,0.04117,0.04373,0.04515,0.04782,0.05052,0.05167,0.05426,0.05528,0.05771,0.05855,0.06058,0.06102,0.06221,0.06196,0.06203,0.06097,0.05999,0.05826,0.05626,0.05457,0.0524,0.0502,0.04864,0.04668,0.04488,0.04327,0.04232,0.04116,0.04019,0.03939,0.03868,0.03789,0.03715,0.03632,0.03532,0.03412,0.0327,0.03105,0.02916,0.02706,0.02479,0.02236,0.01892
163.125 -179.81655,-179.14673,-178.47542,-177.80293,-177.12946,-176.45518,-175.78028,-175.10497,-174.49239,-173.80967,-173.12703,-172.4447,-171.76287,-171.08176,-170.4015,-169.73727,-169.05218,-168.36862,-167.68673,-166.99359,-166.30858,-165.62586,-164.94561,-164.22631,-163.54464,-162.86611,-162.12734,-161.44875,-160.69532,-160.01752,-159.34398,-158.57423,-157.90293,-157.12069,-156.45267,-155.65887,-154.99517,-154.19083,-153.37712,-152.71859,-151.89602,-151.24445,-150.41424,-149.57606,-148.93394,-148.08999,-147.23908,-146.38154,-145.75457,-144.89416,-144.02823,-143.15722,-142.28157,-141.40175,-140.80473,-139.92678,-139.04593,-138.16268,-137.27758,-136.95674,-136.06202,-135.16668,-134.27125,-133.37626,-132.48214,-131.58951,-131.21607,-130.31849,-129.42381,-129.03043,-128.13274,-127.2393,-126.82709,-125.93263,-125.04366,-124.61406,-123.72615,-123.28527,-122.3997,-121.52196,-121.06609,-120.19282,-119.72715,-118.85957,-118.38474,-117.5241,-117.04074,-116.55151,-115.69713,-115.20021,-114.35589,-113.85205,-113.3427,-112.50902,-111.99372,-111.47321,-110.65269,-110.12732,-109.59701,-108.79208,-108.25809,-107.71951,-106.93244,-106.39139,-105.84614,-105.29677,-104.53257,-103.98227,-103.42829,-102.87076,-102.30977,-101.57629,-101.01631,-100.45336,-99.88757,-99.31908,-98.74801,-98.1745,-97.48847,-96.91866,-96.34695,-95.77347,-95.19839,-94.62185,-94.04401,-93.46503,-92.88507,-92.30429,-91.72285,-91.14092,-90.55866,-89.97625,-89.39384,-88.81161,-88.22972,-87.64833,-87.06761,-86.48772,-85.90883,-85.3311,-84.75468,-84.17973,-83.6064,-83.03484,-82.4652,-81.77868,-81.20538,-80.63452,-80.06625,-79.50071,-78.93801,-78.37828,-77.64445,-77.08375,-76.52652,-75.97286,-75.42287,-74.65844,-74.10942,-73.56451,-73.02382,-72.23661,-71.69842,-71.16483,-70.35981,-69.82992,-69.30498,-68.48444,-67.96437,-67.44953,-66.6159,-66.10703,-65.60366,-64.75945,-64.26302,-63.40883,-62.92009,-62.05718,-61.57684,-61.10249,-60.23521,-59.77007,-58.89711,-58.44177,-57.56439,-56.6792,-56.23887,-55.35138,-54.92233,-54.03384,-53.13988,-52.72821,-51.8353,-50.93815,-50.54531,-49.6512,-48.75422,-47.85499,-47.48929,-46.59585,-45.70151,-44.80676,-43.91211,-43.0181,-42.1253,-41.23432,-40.34559,-39.4596,-38.57684,-37.69778,-36.82291,-35.95267,-35.08757,-34.22794,-33.60138,-32.74463,-31.89451,-31.05134,-30.40973,-29.57234,-28.7429,-28.09183,-27.27004,-26.61203,-25.7991,-24.99555,-24.3324,-23.53934,-22.87188,-22.09036,-21.41964,-20.74429,-19.97767,-19.30047,-18.54772,-17.86971,-17.18809,-16.45368,-15.77264,-15.0886,-14.37433,-13.69221,-13.0078,-12.31525,-11.63399,-10.95104,-10.26655,-9.58085,-8.92318,-8.24267,-7.56144,-6.87973,-6.19768,-5.51554,-4.83362,-4.22866,-3.55435,-2.88064,-2.20774,-1.53581,-0.86504,-0.19578,0.47197,1.13805,1.80229,2.46452,3.12459,3.78228,4.43738,5.25673,5.91232,6.5649,7.21435,7.86048,8.50309,9.14219,9.98732,10.62423,11.25718,11.88607,12.7446,13.36965,13.99022,14.60628,15.47458,16.08559,16.69171,17.5667,18.16664,19.04815,19.64136,20.22918,21.11399,21.69407,22.58247,23.1543,24.0456,24.60864,25.50169,26.05532,26.94883,27.49258,28.38586,29.28244,29.81146,30.70618,31.60294,32.11586,33.00926,33.90404,34.79976,35.69602,36.18015,37.07032,37.96014,38.8493,39.73744,40.62417,41.50913,42.39189,43.27225,44.14988,45.02452,45.89579,46.36282,47.23418,48.10131,48.96399,49.44669,50.30769,51.16355,52.01396,52.51006,53.35709,54.198,54.70314,55.53945,56.05093,56.88196,57.39937,58.22443,59.04199,59.56571,60.37624,60.90464,61.70748,62.24009,62.77659,63.57096,64.11104,64.89621,65.43939,66.21479,66.7606,67.30976,68.07369,68.62481,69.17904,69.93028,70.48581,71.0442,71.78163,72.34065,72.90227,73.46642,74.18644,74.75037,75.31657,75.88496,76.58572,77.15305,77.72229,78.29337,78.86622,79.44076,80.11317,80.68541,81.25905,81.83401,82.41021,82.98757,83.56599,84.1454,84.77662,85.35216,85.92841,86.50527,87.08267,87.6605,88.23869,88.81715,89.39579,89.97452,90.55325,91.1319,91.71038,92.2886,92.86647,93.4439,94.02081,94.59711,95.17272,95.80354,96.38302,96.96153,97.53898,98.11528,98.69035,99.26411,99.83647,100.50855,101.08322,101.65621,102.22745,102.79685,103.36433,104.06483,104.6334,105.19978,105.76391,106.4837,107.04806,107.6099,108.16914,108.90639,109.46501,110.02078,110.77188,111.32636,111.87775,112.64156,113.19099,113.73708,114.51241,115.05589,115.841,116.38139,116.91805,117.71256,118.24551,119.04837,119.57711,120.38768,120.91175,121.72938,122.24828,123.07228,123.90343,124.4153,125.25175,125.75728,126.59835,127.44557,127.94208,128.79271,129.64876,130.13493,130.99315,131.85611,132.72352,133.5952,134.06267,134.93428,135.80924,136.68724,137.56799,138.45116,139.33652,140.22369,141.11229,142.00189,142.8922,143.78287,144.67367,145.16381,146.06007,146.95538,147.84935,148.36237,149.25973,150.15504,150.68419,151.58142,152.47531,153.01923,153.9134,154.46721,155.36096,155.92422,156.81619,157.38827,158.27739,158.85774,159.74327,160.33138,161.21206,161.80714,162.4074,163.28317,163.88961,164.50098,165.37006,165.98648,166.60745,167.46715,168.0922,168.7215,169.35488,169.99224,170.83816,171.47771,172.12079,172.76737,173.4173,174.07037,174.89364,175.54661,176.20222,176.8604,177.52099,178.18375,178.84853,179.51515 0.01534,0.01287,0.01047,0.00818,0.00601,0.00398,0.00206,0.00024,-0.00116,-0.003,-0.00483,-0.00666,-0.0085,-0.01035,-0.01222,-0.01472,-0.01676,-0.01879,-0.02078,-0.02385,-0.02571,-0.02738,-0.02883,-0.03127,-0.03216,-0.03282,-0.03413,-0.03433,-0.03499,-0.035,-0.0351,-0.03534,-0.03548,-0.03542,-0.03544,-0.03476,-0.03437,-0.03278,-0.03066,-0.02933,-0.02663,-0.02499,-0.02243,-0.02044,-0.01924,-0.01834,-0.01828,-0.0189,-0.01868,-0.01993,-0.02143,-0.02302,-0.02456,-0.02594,-0.02629,-0.02741,-0.02803,-0.02798,-0.02712,-0.02582,-0.02361,-0.02062,-0.01698,-0.01293,-0.00885,-0.00515,-0.00359,-0.00095,0.00092,0.00174,0.00291,0.00384,0.00484,0.00586,0.00682,0.00821,0.00904,0.01048,0.01091,0.01101,0.01227,0.01204,0.01323,0.01292,0.01411,0.01401,0.01532,0.01672,0.01727,0.01889,0.01996,0.02172,0.0234,0.02475,0.02624,0.02754,0.0287,0.02968,0.03047,0.03123,0.03173,0.03213,0.03239,0.03269,0.03304,0.03348,0.03374,0.03443,0.03517,0.0359,0.03651,0.03648,0.03655,0.03631,0.03578,0.03501,0.03408,0.03308,0.03065,0.02953,0.02844,0.02738,0.02636,0.02541,0.02458,0.02394,0.02355,0.02345,0.02366,0.0241,0.02466,0.02518,0.02549,0.02545,0.02498,0.02405,0.02273,0.02119,0.01959,0.01814,0.01697,0.01615,0.0157,0.0156,0.01577,0.01897,0.01942,0.01988,0.02027,0.02051,0.02054,0.0203,0.02308,0.02223,0.02095,0.01923,0.01706,0.01813,0.01504,0.01161,0.00795,0.00735,0.00341,-0.00039,-0.00102,-0.00432,-0.00716,-0.00684,-0.00881,-0.01023,-0.0091,-0.00981,-0.01011,-0.009,-0.00902,-0.00835,-0.0083,-0.00803,-0.00802,-0.00803,-0.00792,-0.00801,-0.00766,-0.00779,-0.00701,-0.00593,-0.00613,-0.005,-0.00546,-0.00464,-0.00412,-0.00508,-0.00503,-0.00525,-0.00645,-0.00678,-0.00718,-0.00764,-0.00871,-0.00923,-0.0099,-0.0107,-0.01154,-0.01227,-0.01272,-0.01279,-0.01245,-0.01175,-0.01085,-0.0099,-0.0091,-0.00863,-0.0086,-0.00905,-0.00824,-0.00927,-0.01049,-0.01166,-0.01115,-0.01192,-0.01226,-0.01132,-0.01099,-0.00976,-0.00893,-0.00791,-0.00644,-0.00529,-0.00383,-0.00266,-0.00126,8e-05,0.00128,0.00257,0.00393,0.0052,0.00649,0.00795,0.00922,0.01048,0.01167,0.01274,0.01376,0.0142,0.01491,0.01555,0.01614,0.0167,0.01639,0.01699,0.01767,0.01842,0.01924,0.0201,0.02099,0.02152,0.02241,0.02319,0.02382,0.02426,0.02449,0.02452,0.02434,0.02397,0.02344,0.02277,0.02202,0.0212,0.02035,0.01976,0.01897,0.01822,0.01752,0.01687,0.01628,0.01574,0.01591,0.01559,0.01534,0.01516,0.01585,0.01587,0.01597,0.01614,0.01694,0.01713,0.01733,0.01768,0.01771,0.01751,0.01732,0.01707,0.0163,0.01598,0.01511,0.01488,0.01419,0.01415,0.0138,0.01389,0.01376,0.01378,0.01363,0.01338,0.01286,0.01216,0.01117,0.00997,0.0086,0.00717,0.00577,0.00457,0.00374,0.00313,0.00292,0.00313,0.0037,0.00457,0.00557,0.00657,0.0074,0.00793,0.00807,0.00781,0.00752,0.00663,0.00549,0.00425,0.00319,0.00191,0.0008,-3e-05,-0.0012,-0.00156,-0.00149,-0.00231,-0.00158,-0.0021,-0.00084,-0.00112,0.00027,0.00145,0.00107,0.00177,0.00105,0.00122,0.00013,-0.00115,-0.00139,-0.00287,-0.00304,-0.0046,-0.00455,-0.00612,-0.00766,-0.00735,-0.00874,-0.00997,-0.00919,-0.01,-0.01051,-0.00898,-0.00899,-0.00881,-0.00853,-0.00665,-0.00656,-0.00668,-0.00709,-0.00648,-0.00755,-0.00888,-0.01039,-0.01196,-0.01348,-0.01341,-0.01448,-0.01523,-0.01559,-0.01554,-0.01508,-0.01426,-0.01316,-0.01131,-0.00995,-0.00854,-0.00717,-0.0059,-0.0048,-0.0039,-0.00318,-0.00261,-0.00212,-0.00161,-0.00101,-0.00023,0.00075,0.00193,0.00325,0.00463,0.00596,0.00711,0.00833,0.00882,0.0089,0.00857,0.00791,0.00701,0.00601,0.00503,0.00383,0.00314,0.0027,0.00252,0.00258,0.00284,0.00297,0.00358,0.00424,0.00492,0.00583,0.00653,0.00714,0.00763,0.00887,0.00933,0.0098,0.01169,0.01259,0.0137,0.01686,0.01853,0.0203,0.02413,0.02578,0.02904,0.03003,0.03065,0.03199,0.03179,0.03173,0.03111,0.03031,0.02984,0.02909,0.02907,0.02876,0.02869,0.02904,0.02897,0.02905,0.02858,0.02778,0.02729,0.02624,0.02535,0.02519,0.02523,0.02613,0.02794,0.03052,0.03223,0.03537,0.03847,0.04121,0.04337,0.04479,0.04546,0.04538,0.04465,0.0434,0.04184,0.04024,0.03895,0.03797,0.03771,0.03839,0.04001,0.04061,0.04328,0.0463,0.04743,0.05047,0.05329,0.0543,0.05673,0.05764,0.05964,0.06046,0.0619,0.06252,0.06316,0.06338,0.06305,0.06273,0.06155,0.0607,0.05957,0.05772,0.05624,0.05458,0.05252,0.0507,0.04881,0.04655,0.04471,0.043,0.04147,0.04015,0.03808,0.03709,0.03621,0.0354,0.03457,0.03365,0.03138,0.03009,0.02858,0.02682,0.02483,0.02264,0.02029,0.01783
168.75 -179.48059,-178.82976,-178.17778,-177.52479,-176.87089,-176.21623,-175.56108,-174.90559,-174.24994,-173.59431,-172.93877,-172.32198,-171.66068,-171.0001,-170.34039,-169.68177,-169.03038,-168.36769,-167.70656,-167.04725,-166.36948,-165.70758,-165.04809,-164.3911,-163.68952,-163.03155,-162.37668,-161.65738,-161.00276,-160.27008,-159.61655,-158.87118,-158.21967,-157.5726,-156.8137,-156.16997,-155.40054,-154.76102,-153.98202,-153.19441,-152.55996,-151.76423,-151.13644,-150.33372,-149.52366,-148.90489,-148.08952,-147.2677,-146.43975,-145.83506,-145.00442,-144.16867,-143.32814,-142.48321,-141.63432,-140.78188,-139.92635,-139.06817,-138.20776,-137.34553,-136.48196,-135.61758,-134.75291,-133.88842,-133.02459,-132.16176,-131.80474,-130.93685,-130.07131,-129.20865,-128.82656,-127.96133,-127.10016,-126.70073,-125.83873,-124.98193,-124.56645,-123.71071,-123.28481,-122.43126,-121.99534,-121.14523,-120.69968,-119.85417,-119.39958,-118.55976,-118.0967,-117.26368,-116.79277,-115.96773,-115.48957,-114.67365,-114.18891,-113.69904,-112.89263,-112.39704,-111.89655,-111.1019,-110.59667,-110.0868,-109.30608,-108.7925,-108.27457,-107.50987,-106.9893,-106.46473,-105.93621,-105.1919,-104.66212,-104.12879,-103.592,-103.05183,-102.3349,-101.79521,-101.25259,-100.70713,-100.15895,-99.60818,-98.92856,-98.38035,-97.83001,-97.27766,-96.72344,-96.16747,-95.60989,-95.05084,-94.49045,-93.92888,-93.31906,-92.76341,-92.20704,-91.6501,-91.09273,-90.53508,-89.97729,-89.4195,-88.86187,-88.30453,-87.74763,-87.19132,-86.63574,-86.02534,-85.46386,-84.90359,-84.34465,-83.78721,-83.23138,-82.67731,-82.12513,-81.57497,-81.02695,-80.34692,-79.79636,-79.24841,-78.70319,-78.16081,-77.62138,-76.90415,-76.36427,-75.82777,-75.29474,-74.76526,-74.02076,-73.49257,-72.96833,-72.44811,-71.6833,-71.16574,-70.65254,-69.87176,-69.36228,-68.85746,-68.0628,-67.56274,-67.06757,-66.26122,-65.77179,-64.9547,-64.47169,-63.99399,-63.16911,-62.69866,-61.86588,-61.40329,-60.56372,-60.10962,-59.26439,-58.81934,-57.96956,-57.53413,-56.68095,-56.25555,-55.4002,-54.53891,-54.12885,-53.26733,-52.8684,-52.00772,-51.14299,-50.27461,-49.89927,-49.03427,-48.16697,-47.29795,-46.94822,-46.08498,-45.22112,-44.35708,-43.49335,-42.63045,-41.76893,-40.90921,-40.05172,-39.1969,-38.34517,-37.497,-36.65278,-35.81301,-34.97799,-34.37681,-33.54378,-32.71655,-31.89547,-31.27894,-30.46254,-29.6532,-29.02679,-28.22388,-27.42887,-26.79495,-26.00806,-25.36852,-24.59075,-23.94645,-23.1788,-22.53066,-21.77408,-21.12311,-20.3784,-19.72542,-18.99338,-18.33932,-17.68174,-16.96637,-16.30896,-15.64858,-14.95154,-14.29262,-13.6313,-12.95408,-12.29536,-11.6348,-10.97266,-10.32178,-9.66373,-9.00459,-8.34459,-7.68386,-7.02262,-6.4125,-5.75743,-5.10233,-4.4474,-3.79279,-3.13868,-2.48529,-1.83284,-1.18138,-0.53109,0.11789,0.76539,1.41124,2.05515,2.69714,3.33704,3.97473,4.61008,5.24293,5.87317,6.5005,7.30309,7.92981,8.55332,9.17354,9.79035,10.40358,11.22488,11.83536,12.44197,13.04461,13.87727,14.47585,15.07008,15.91067,16.50001,17.08474,17.93171,18.51062,19.08458,19.93548,20.50279,21.35825,21.91838,22.77735,23.32963,24.19085,24.73483,25.59771,26.13296,26.99656,27.52259,28.38577,29.25194,29.76414,30.62874,31.49553,31.99283,32.85649,33.72132,34.58713,35.45366,35.9242,36.78536,37.6463,38.50657,39.36601,40.22432,41.08121,41.93631,42.78933,43.63989,44.48775,45.33267,46.17438,46.62673,47.46844,48.30619,49.13974,49.60665,50.43849,51.26545,52.08731,52.56671,53.38543,54.19844,54.68634,55.4951,55.98896,56.7928,57.29222,58.09051,58.88183,59.38722,60.17208,60.68196,61.45974,61.97366,62.49126,63.26131,63.78238,64.54395,65.06803,65.82061,66.3473,66.87717,67.61925,68.15112,68.68597,69.41647,69.95272,70.49172,71.20958,71.74937,72.29168,72.99592,73.53843,74.08322,74.63022,75.17938,75.86375,76.41215,76.96246,77.5146,78.1798,78.73043,79.28264,79.83636,80.39152,80.94805,81.50587,82.1391,82.69412,83.25018,83.80719,84.36509,84.92379,85.48322,86.04329,86.60393,87.16506,87.7266,88.28846,88.85057,89.41285,89.97521,90.53757,91.09986,91.66199,92.22387,92.78544,93.34661,93.90729,94.46742,95.0269,95.58566,96.14363,96.70072,97.25686,97.81197,98.44487,99.00279,99.55943,100.11471,100.66855,101.22089,101.77165,102.43658,102.98887,103.53933,104.08789,104.63449,105.32136,105.86855,106.41353,106.95623,107.66028,108.2028,108.7428,109.4605,109.99973,110.53621,111.26657,111.80166,112.33378,113.07578,113.60591,114.13287,114.88538,115.40975,116.17128,116.69264,117.21047,117.98059,118.49482,119.27261,119.78281,120.56769,121.07342,121.86481,122.36566,123.16296,123.9669,124.46112,125.27001,125.75828,126.57145,127.39035,127.8701,128.69216,129.51934,129.98947,130.81873,131.65252,132.49055,133.33255,133.78531,134.62731,135.47255,136.32075,137.17166,138.02505,138.88055,139.73783,140.59653,141.45641,142.31713,143.17852,144.04016,144.90167,145.37773,146.24405,147.10941,147.9736,148.47099,149.33834,150.20348,150.7158,151.58257,152.44634,152.97254,153.83676,154.37219,155.23569,155.77987,156.64175,157.19425,158.05389,158.61427,159.47038,160.03797,160.88957,161.46381,162.04301,162.8907,163.47576,164.0654,164.90673,165.50131,166.10022,166.93362,167.53664,168.14362,168.75449,169.57655,170.19017,170.80739,171.42803,172.05199,172.85757,173.48249,174.11028,174.74095,175.37428,176.01009,176.64827,177.28866,177.93114,178.57556,179.2219,179.86992 0.01337,0.01115,0.00903,0.00704,0.00519,0.00347,0.00185,0.0003,-0.00122,-0.00272,-0.00423,-0.00621,-0.00776,-0.00932,-0.01091,-0.01253,-0.01473,-0.01644,-0.01816,-0.01987,-0.02238,-0.02403,-0.0256,-0.02708,-0.02918,-0.03033,-0.0314,-0.03272,-0.03351,-0.03431,-0.03496,-0.03543,-0.03605,-0.03668,-0.03676,-0.03714,-0.03664,-0.03648,-0.0351,-0.03311,-0.03193,-0.02913,-0.02761,-0.02458,-0.02177,-0.02061,-0.01862,-0.01736,-0.01685,-0.01684,-0.01721,-0.01811,-0.01943,-0.02108,-0.02293,-0.02488,-0.02669,-0.02814,-0.02898,-0.02894,-0.02785,-0.02565,-0.02243,-0.01844,-0.01407,-0.00982,-0.00746,-0.00418,-0.00189,-0.00054,0.00047,0.001,0.0013,0.00222,0.00265,0.00317,0.00436,0.00487,0.00607,0.0063,0.00742,0.00733,0.00839,0.00817,0.00926,0.00915,0.01032,0.0105,0.01183,0.01244,0.01403,0.01515,0.01702,0.01895,0.02053,0.02248,0.02432,0.02584,0.02737,0.02868,0.02962,0.03046,0.03108,0.03118,0.03146,0.03169,0.03193,0.03165,0.03212,0.03274,0.03348,0.03426,0.03433,0.03486,0.03511,0.03501,0.03455,0.03377,0.0314,0.03014,0.02881,0.02748,0.02619,0.02493,0.0237,0.02251,0.02137,0.02034,0.01715,0.01646,0.01606,0.01599,0.01622,0.01665,0.01713,0.01749,0.01759,0.01728,0.01654,0.0154,0.01396,0.01466,0.01315,0.01188,0.01096,0.01044,0.0103,0.0105,0.01094,0.01151,0.0121,0.01491,0.01514,0.01511,0.01475,0.01401,0.01287,0.0142,0.01236,0.01015,0.00761,0.00481,0.00491,0.00164,-0.00168,-0.00494,-0.00576,-0.00885,-0.01155,-0.01193,-0.01384,-0.01513,-0.01425,-0.01458,-0.0144,-0.01271,-0.01207,-0.01054,-0.00987,-0.00922,-0.0085,-0.00821,-0.00811,-0.00822,-0.00843,-0.00882,-0.00897,-0.00947,-0.00926,-0.0098,-0.0092,-0.00982,-0.00908,-0.00837,-0.00934,-0.00895,-0.01025,-0.01021,-0.01029,-0.01043,-0.01201,-0.0121,-0.01215,-0.01225,-0.01369,-0.01388,-0.01426,-0.01479,-0.01535,-0.01582,-0.01608,-0.0161,-0.0159,-0.01556,-0.0152,-0.01494,-0.01487,-0.01507,-0.01552,-0.01405,-0.01487,-0.01572,-0.01645,-0.01552,-0.01595,-0.01598,-0.01495,-0.01447,-0.01369,-0.0124,-0.01136,-0.00996,-0.00879,-0.00731,-0.00604,-0.00451,-0.00311,-0.00154,3e-05,0.00157,0.00326,0.00473,0.00609,0.00765,0.00881,0.00987,0.01089,0.01165,0.0123,0.01253,0.01289,0.01319,0.01348,0.01308,0.01339,0.01381,0.01437,0.01508,0.01593,0.01592,0.01695,0.018,0.01904,0.02,0.02084,0.0215,0.02197,0.02222,0.02226,0.02209,0.02174,0.02123,0.0206,0.01987,0.01908,0.01825,0.0174,0.01656,0.01572,0.01491,0.01497,0.01423,0.01354,0.01292,0.01239,0.01196,0.01257,0.01242,0.01242,0.01256,0.01374,0.01412,0.01458,0.01579,0.01625,0.01668,0.01739,0.01759,0.01772,0.01768,0.01759,0.01713,0.01693,0.01627,0.01607,0.01542,0.01523,0.01467,0.0144,0.01383,0.01335,0.01266,0.0119,0.01099,0.00999,0.00888,0.00785,0.00673,0.00568,0.00471,0.00391,0.0037,0.0033,0.00316,0.00332,0.00377,0.00449,0.00538,0.00633,0.0072,0.00787,0.00821,0.00816,0.00773,0.00727,0.00641,0.00536,0.00427,0.00374,0.00283,0.00216,0.00178,0.0015,0.00156,0.00195,0.0018,0.00258,0.00248,0.00346,0.00338,0.00429,0.00499,0.0048,0.0052,0.00486,0.00509,0.00459,0.00396,0.00423,0.00344,0.00393,0.00296,0.00362,0.00243,0.00109,0.00164,0.00012,-0.00144,-0.00105,-0.00245,-0.00365,-0.00295,-0.00361,-0.00399,-0.00285,-0.00286,-0.00278,-0.00271,-0.00275,-0.00217,-0.00263,-0.00335,-0.0043,-0.00462,-0.00582,-0.0071,-0.00839,-0.00962,-0.01072,-0.0116,-0.01124,-0.01164,-0.01173,-0.01149,-0.01091,-0.01005,-0.00898,-0.00775,-0.00648,-0.00524,-0.00412,-0.00318,-0.00244,-0.00191,-0.00151,-0.00119,-0.00085,-0.00041,0.0002,0.00099,0.00195,0.00301,0.0041,0.00512,0.00598,0.00663,0.00701,0.00712,0.00699,0.00694,0.00633,0.00569,0.00511,0.00463,0.0043,0.00413,0.0038,0.00394,0.00419,0.0045,0.00481,0.00507,0.0054,0.00566,0.00582,0.0062,0.00628,0.0063,0.00699,0.00714,0.00742,0.00914,0.00998,0.01103,0.01418,0.01569,0.01724,0.02092,0.02232,0.02554,0.02645,0.0272,0.02909,0.02945,0.03037,0.0306,0.03083,0.0311,0.03096,0.03127,0.03093,0.03054,0.03061,0.03003,0.02974,0.02891,0.02798,0.02735,0.02643,0.02573,0.0255,0.02559,0.02635,0.02783,0.02995,0.03115,0.03375,0.03638,0.03877,0.04073,0.04216,0.04306,0.04344,0.0434,0.04303,0.04243,0.04177,0.04123,0.04104,0.04068,0.0412,0.04243,0.04431,0.04483,0.04737,0.05,0.05095,0.05341,0.05546,0.05636,0.05788,0.05869,0.05968,0.06038,0.06082,0.06136,0.06119,0.06148,0.06069,0.06071,0.05951,0.05928,0.0589,0.0575,0.05681,0.0559,0.05419,0.0528,0.05114,0.04862,0.04653,0.04439,0.04229,0.03925,0.03747,0.03598,0.03474,0.03373,0.03195,0.03123,0.03049,0.02964,0.02862,0.02739,0.02591,0.02419,0.02226,0.02016,0.01793,0.01565
174.375 -179.69434,-179.06849,-178.44154,-177.81363,-177.1849,-176.5555,-175.99526,-175.35891,-174.7222,-174.08541,-173.4487,-172.81223,-172.17616,-171.54058,-170.92774,-170.28746,-169.64823,-169.01019,-168.37355,-167.72978,-167.09004,-166.45215,-165.81632,-165.14911,-164.51157,-163.87663,-163.19184,-162.55624,-161.85824,-161.22284,-160.59083,-159.87764,-159.247,-158.52221,-157.89368,-157.15802,-156.53242,-155.78666,-155.16483,-154.40982,-153.79267,-153.02932,-152.41763,-151.64685,-150.86878,-150.26426,-149.48032,-148.68984,-148.09475,-147.29996,-146.49946,-145.69356,-145.11281,-144.30505,-143.49285,-142.67651,-141.85638,-141.03287,-140.20637,-139.3773,-138.54607,-137.71306,-136.87862,-136.04321,-135.20731,-134.37139,-133.5359,-132.70122,-132.35896,-131.51915,-130.68116,-129.84553,-129.47964,-128.64109,-127.80613,-127.42364,-126.58738,-125.75565,-125.35772,-124.52633,-124.11842,-123.28841,-122.46476,-122.04328,-121.22284,-120.79243,-119.97622,-119.53738,-118.72639,-118.27964,-117.47485,-117.02074,-116.22322,-115.76227,-115.29639,-114.50589,-114.03392,-113.25323,-112.77577,-112.29373,-111.52359,-111.03693,-110.5459,-109.78827,-109.29355,-108.79471,-108.29179,-107.5499,-107.0445,-106.53533,-105.81032,-105.29964,-104.78553,-104.26808,-103.74735,-103.04678,-102.5261,-102.00253,-101.47616,-100.94709,-100.2757,-99.74826,-99.21853,-98.68663,-98.15265,-97.61671,-97.07893,-96.53942,-95.91737,-95.38198,-94.84529,-94.30743,-93.76854,-93.22872,-92.68813,-92.14687,-91.60509,-91.06292,-90.52049,-89.97793,-89.43537,-88.89296,-88.35081,-87.80907,-87.26787,-86.72733,-86.1876,-85.64878,-85.11102,-84.57444,-84.03916,-83.41664,-82.87728,-82.33965,-81.80388,-81.27007,-80.73834,-80.20881,-79.68157,-79.00983,-78.48099,-77.95486,-77.43153,-76.9111,-76.21027,-75.68982,-75.17265,-74.65884,-74.14846,-73.42328,-72.91443,-72.40935,-71.66735,-71.16479,-70.6663,-70.17193,-69.41426,-68.9236,-68.43732,-67.6672,-67.18554,-66.70848,-65.92786,-65.45631,-64.66591,-64.20045,-63.40135,-62.94257,-62.48889,-61.68433,-61.23801,-60.42726,-59.98888,-59.17293,-58.74298,-57.92285,-57.50182,-56.67852,-55.84887,-55.44143,-54.61046,-54.21296,-53.38169,-52.54587,-52.16385,-51.32935,-50.49129,-50.12586,-49.29073,-48.45327,-47.61404,-47.27222,-46.4381,-45.60318,-44.76786,-43.93255,-43.09775,-42.26398,-41.4316,-40.60101,-39.7726,-38.94675,-38.1239,-37.30444,-36.48881,-35.67728,-34.87019,-34.28981,-33.48459,-32.68477,-31.89067,-31.29602,-30.50622,-29.72296,-29.11887,-28.34148,-27.57137,-26.96018,-26.1975,-25.58081,-24.82646,-24.20512,-23.46,-22.83494,-22.09992,-21.4719,-20.74773,-20.11759,-19.40501,-18.77354,-18.13868,-17.44126,-16.80619,-16.16823,-15.48754,-14.85053,-14.21117,-13.54859,-12.91123,-12.27201,-11.63112,-10.99262,-10.35513,-9.71645,-9.0767,-8.43609,-7.82923,-7.19368,-6.55773,-5.92155,-5.28529,-4.6491,-4.01325,-3.37783,-2.82445,-2.19622,-1.5688,-0.94234,-0.31698,0.30707,0.92965,1.5507,2.17011,2.78773,3.54164,4.16048,4.77707,5.3913,6.00306,6.61224,7.21871,7.82237,8.6049,9.20719,9.80629,10.40212,10.99457,11.79203,12.38159,12.96743,13.54948,14.35668,14.93484,15.50892,16.3235,16.89269,17.45753,18.27753,18.83684,19.39157,20.21542,20.76379,21.59141,22.13291,22.96382,23.49803,24.3313,24.85772,25.6922,26.21032,27.04545,27.555,28.39002,29.22795,29.72455,30.56076,31.39907,31.88178,32.71745,33.55441,34.3923,35.23078,35.68856,36.52218,37.35581,38.18909,39.0217,39.85325,40.68356,41.51236,42.33945,43.16447,43.98716,44.80722,45.62437,46.43842,46.87673,47.69069,48.50092,49.30716,49.75916,50.5638,51.3638,52.15901,52.62259,53.41481,54.20172,54.67334,55.4563,55.93355,56.71195,57.19448,57.96772,58.73448,59.22266,59.98342,60.47587,61.23008,61.72643,62.4736,62.97344,63.47664,64.21597,64.72213,65.45317,65.96189,66.47365,67.19506,67.70884,68.22547,68.93626,69.45436,69.97512,70.67431,71.19598,71.72011,72.4068,72.93129,73.45801,73.98691,74.65789,75.18645,75.71696,76.24935,76.90315,77.4345,77.96752,78.50213,79.03828,79.57589,80.20455,80.74011,81.27691,81.81487,82.35393,82.89401,83.43505,83.97697,84.56946,85.10805,85.64728,86.1871,86.72742,87.26819,87.80932,88.35075,88.8924,89.4342,89.97607,90.51795,91.05975,91.60142,92.14287,92.68403,93.22483,93.76519,94.30506,94.84434,95.38298,95.97513,96.51712,97.05824,97.5984,98.13754,98.6756,99.21249,99.74816,100.37654,100.91427,101.45053,101.98528,102.51843,103.04993,103.70349,104.23603,104.7667,105.29542,105.9662,106.49528,107.02218,107.54687,108.23338,108.7577,109.27958,109.97863,110.49961,111.01793,111.53356,112.24548,112.75949,113.48083,113.99284,114.50181,115.2328,115.73923,116.47853,116.98201,117.48213,118.2293,118.72593,119.48016,119.97292,120.73371,121.22222,121.98904,122.47291,123.24522,124.02373,124.50132,125.28441,125.75637,126.5434,127.33579,127.79973,128.59513,129.39533,129.8503,130.65256,131.45903,132.26951,133.08371,133.52242,134.33676,135.15421,135.97458,136.7976,137.62296,138.45038,139.27955,140.11025,140.94219,141.77522,142.60892,143.44298,144.27704,145.11088,145.57381,146.41217,147.24963,148.0858,148.56857,149.40742,150.24417,150.74089,151.57937,152.41496,152.92464,153.76034,154.27863,155.11371,155.64031,156.4742,157.00862,157.84013,158.38186,159.21014,159.75873,160.58324,161.13824,161.69783,162.51848,163.08361,163.89812,164.46836,165.04276,165.62125,166.42914,167.01153,167.59772,168.39646,168.98581,169.57863,170.17483,170.77432,171.55918,172.16024,172.76432,173.37121,173.98081,174.593,175.20767,175.82471,176.58246,177.19862,177.8167,178.43656,179.05809,179.68115 0.01874,0.01696,0.01521,0.01351,0.01186,0.01025,0.00681,0.00523,0.00366,0.00204,0.00039,-0.0013,-0.00303,-0.00479,-0.00744,-0.00912,-0.01082,-0.01254,-0.01428,-0.01648,-0.01822,-0.01999,-0.02179,-0.02389,-0.02568,-0.02748,-0.0293,-0.03096,-0.03238,-0.03381,-0.0352,-0.03597,-0.03712,-0.03751,-0.03838,-0.03843,-0.03891,-0.03855,-0.03848,-0.03753,-0.03681,-0.03513,-0.03386,-0.03155,-0.02892,-0.02745,-0.02482,-0.02234,-0.02151,-0.01973,-0.01844,-0.01771,-0.01803,-0.01808,-0.01863,-0.01967,-0.02116,-0.02303,-0.02515,-0.0273,-0.02918,-0.03043,-0.03076,-0.02991,-0.02787,-0.02476,-0.0209,-0.01672,-0.01381,-0.01001,-0.00703,-0.00501,-0.00337,-0.00256,-0.00221,-0.00124,-0.00106,-0.00074,0.00031,0.00081,0.00191,0.00233,0.00256,0.00344,0.00336,0.00419,0.00406,0.00496,0.00505,0.0061,0.00653,0.0077,0.00844,0.00978,0.01126,0.01252,0.01429,0.01593,0.01791,0.01994,0.02172,0.02363,0.0254,0.02666,0.02795,0.02898,0.02975,0.02965,0.02996,0.03017,0.0295,0.02974,0.0301,0.03061,0.03128,0.0312,0.03197,0.03261,0.03302,0.03309,0.0314,0.0306,0.02949,0.02815,0.02669,0.02518,0.02367,0.0222,0.01849,0.01705,0.01567,0.01437,0.0132,0.01221,0.01147,0.01104,0.01096,0.01118,0.01163,0.01216,0.01262,0.01285,0.0127,0.01213,0.01116,0.00985,0.00837,0.00687,0.00553,0.00451,0.00389,0.00569,0.00591,0.00645,0.00717,0.00794,0.00862,0.00906,0.00915,0.01051,0.00968,0.0084,0.00669,0.00461,0.0045,0.00196,-0.00071,-0.00342,-0.00607,-0.00658,-0.0092,-0.0116,-0.01243,-0.01453,-0.0162,-0.01739,-0.01752,-0.01785,-0.01766,-0.01642,-0.01548,-0.01428,-0.01247,-0.01125,-0.00982,-0.00901,-0.00836,-0.00815,-0.00823,-0.00858,-0.0092,-0.00986,-0.01079,-0.01136,-0.01239,-0.01256,-0.01358,-0.01335,-0.01292,-0.01398,-0.01359,-0.01486,-0.01472,-0.01475,-0.01638,-0.01661,-0.01681,-0.0185,-0.01855,-0.01846,-0.01828,-0.01974,-0.01959,-0.01958,-0.01975,-0.02006,-0.02045,-0.02085,-0.02121,-0.0215,-0.02174,-0.02194,-0.02213,-0.02233,-0.02253,-0.02271,-0.02281,-0.02137,-0.02148,-0.02142,-0.02117,-0.02003,-0.01959,-0.01895,-0.01777,-0.01693,-0.01602,-0.01471,-0.01375,-0.01235,-0.01134,-0.00982,-0.00868,-0.00698,-0.00563,-0.00375,-0.00219,-0.00024,0.00136,0.00322,0.00494,0.00622,0.00763,0.00884,0.00947,0.0103,0.01094,0.0109,0.01123,0.01143,0.01155,0.01109,0.01118,0.01133,0.01157,0.01195,0.01171,0.01229,0.01297,0.01375,0.01457,0.0154,0.01617,0.01684,0.01597,0.0163,0.01648,0.01651,0.01638,0.01612,0.01574,0.01527,0.01473,0.01415,0.01475,0.01406,0.01336,0.01267,0.01198,0.01131,0.01066,0.01003,0.0103,0.00977,0.00933,0.009,0.00883,0.00968,0.00984,0.01018,0.01066,0.01212,0.0128,0.01354,0.01496,0.01561,0.0162,0.0171,0.01746,0.01775,0.01796,0.01805,0.01784,0.01779,0.01726,0.01708,0.01631,0.01596,0.015,0.01443,0.01334,0.01255,0.01138,0.01028,0.00943,0.0085,0.00769,0.00734,0.00686,0.00644,0.00605,0.00565,0.00609,0.00575,0.0055,0.00547,0.00571,0.00628,0.00711,0.0081,0.00908,0.00988,0.01034,0.01036,0.00991,0.00904,0.00802,0.00678,0.00546,0.00425,0.00351,0.00276,0.0024,0.00244,0.00241,0.00295,0.00375,0.00396,0.00496,0.00513,0.00606,0.00609,0.00674,0.00722,0.007,0.00735,0.00713,0.00764,0.00751,0.00836,0.00829,0.00816,0.00933,0.00909,0.01027,0.00976,0.00902,0.00968,0.00849,0.00708,0.00687,0.00518,0.00352,0.00291,0.00154,0.00044,0.00011,-0.00046,-0.00079,-0.00093,-0.00101,-0.00106,-0.00115,-0.00132,-0.00174,-0.00208,-0.00255,-0.00317,-0.00392,-0.00479,-0.00508,-0.00597,-0.0069,-0.0078,-0.00858,-0.00917,-0.00951,-0.00955,-0.00863,-0.0081,-0.0073,-0.00629,-0.00516,-0.00401,-0.00292,-0.00197,-0.00122,-0.0007,-0.00039,-0.00028,-0.00028,-0.00033,-0.00036,-0.00031,-0.00014,0.00016,0.00057,0.00106,0.00159,0.00342,0.00393,0.00433,0.00462,0.00478,0.00483,0.00479,0.00468,0.00482,0.00458,0.00439,0.00424,0.00412,0.00403,0.00435,0.00438,0.00439,0.00437,0.00486,0.00481,0.0047,0.00454,0.00487,0.00467,0.0045,0.00499,0.00506,0.00529,0.00571,0.00754,0.00849,0.01129,0.01259,0.01392,0.01728,0.01857,0.02179,0.0229,0.02399,0.02664,0.02762,0.02966,0.03055,0.03186,0.03252,0.03301,0.0333,0.03298,0.03226,0.03193,0.03082,0.03023,0.02901,0.02786,0.02726,0.02632,0.02562,0.02537,0.02526,0.02566,0.02667,0.02824,0.02885,0.03092,0.03307,0.03505,0.03668,0.03785,0.03857,0.03893,0.03907,0.03912,0.03922,0.0395,0.03997,0.04074,0.04182,0.04245,0.04385,0.04555,0.04744,0.04817,0.05012,0.05186,0.05266,0.05402,0.05494,0.05571,0.05621,0.05697,0.05718,0.05788,0.05781,0.05834,0.05794,0.05821,0.05751,0.05757,0.0568,0.05676,0.0567,0.05609,0.05592,0.05534,0.05479,0.05394,0.05274,0.05069,0.04866,0.04637,0.04306,0.04053,0.03815,0.03606,0.03433,0.03223,0.03133,0.03072,0.0303,0.02994,0.02955,0.02902,0.02828,0.02788,0.02678,0.02547,0.02395,0.02228,0.02053
180.0 -179.39418,-178.78515,-178.17517,-177.56424,-176.95261,-176.34042,-175.72781,-175.11493,-174.50193,-173.88882,-173.31683,-172.69835,-172.0803,-171.46282,-170.84609,-170.23019,-169.62222,-169.00254,-168.38422,-167.76734,-167.13594,-166.51654,-165.89907,-165.2837,-164.63086,-164.01421,-163.40012,-162.7312,-162.11687,-161.43583,-160.82192,-160.2114,-159.51651,-158.90745,-158.20196,-157.59516,-156.87973,-156.27595,-155.55129,-154.95116,-154.21804,-153.62248,-152.88174,-152.29154,-151.54402,-150.78975,-150.20634,-149.44668,-148.68099,-148.10658,-147.33699,-146.56204,-145.78205,-145.22102,-144.43929,-143.65341,-142.86368,-142.0704,-141.27383,-140.47441,-139.67248,-138.86844,-138.06267,-137.25551,-136.44726,-135.63835,-134.82921,-134.02031,-133.21203,-132.88316,-132.06979,-131.25793,-130.44793,-130.0967,-129.28356,-128.4734,-127.66673,-127.29464,-126.48691,-125.68348,-125.29711,-124.49408,-124.09847,-123.29679,-122.89223,-122.09286,-121.30018,-120.88364,-120.09487,-119.67047,-118.8865,-118.45471,-118.0181,-117.23772,-116.79431,-116.02095,-115.57122,-114.80586,-114.35035,-113.89038,-113.13321,-112.66815,-111.92127,-111.45174,-110.9781,-110.24247,-109.76518,-109.284,-108.79896,-108.07737,-107.58976,-107.09855,-106.39222,-105.89932,-105.40312,-104.90369,-104.21662,-103.71663,-103.21373,-102.70802,-102.19955,-101.5378,-101.03019,-100.52019,-100.0079,-99.49341,-98.97681,-98.45821,-97.83472,-97.31894,-96.80155,-96.28263,-95.76231,-95.24069,-94.71789,-94.19401,-93.66918,-93.1435,-92.61711,-92.09012,-91.56264,-91.0348,-90.50672,-89.97853,-89.45034,-88.92228,-88.39447,-87.86703,-87.34008,-86.81375,-86.28814,-85.76339,-85.2396,-84.71689,-84.19538,-83.67517,-83.15638,-82.63912,-82.12349,-81.49961,-80.98117,-80.46475,-79.95045,-79.43835,-78.92856,-78.27002,-77.75912,-77.25088,-76.7454,-76.24276,-75.55806,-75.05573,-74.55658,-74.06066,-73.56804,-72.86158,-72.37068,-71.88337,-71.1617,-70.677,-70.19615,-69.71919,-68.98354,-68.51025,-67.76318,-67.29422,-66.82953,-66.07242,-65.61283,-65.15771,-64.39246,-63.94312,-63.16993,-62.7269,-61.94672,-61.51053,-61.07914,-60.2954,-59.87143,-59.08291,-58.28714,-57.8744,-57.07534,-56.67121,-55.86987,-55.47469,-54.67205,-53.86453,-53.48308,-52.67575,-51.86439,-51.49785,-50.68815,-49.87548,-49.52467,-48.71516,-47.90384,-47.09098,-46.76253,-45.95477,-45.14642,-44.33783,-43.52949,-42.72186,-41.91528,-41.1101,-40.30667,-39.50535,-38.70654,-37.91061,-37.11797,-36.32887,-35.54361,-34.98592,-34.20182,-33.42247,-32.6482,-31.87924,-31.30521,-30.54016,-29.78113,-29.19812,-28.4445,-27.85512,-27.10786,-26.36774,-25.77262,-25.04011,-24.44046,-23.71642,-23.11311,-22.39828,-21.79195,-21.08704,-20.47846,-19.78414,-19.17414,-18.56072,-17.88023,-17.26639,-16.64962,-15.9844,-15.36828,-14.74972,-14.10107,-13.4841,-12.86521,-12.23427,-11.61791,-11.0001,-10.38093,-9.76061,-9.15797,-8.54173,-7.92475,-7.30721,-6.68923,-6.07096,-5.50497,-4.89244,-4.28004,-3.66792,-3.05621,-2.44505,-1.83458,-1.22506,-0.6165,-0.00903,0.59722,1.20213,1.80557,2.40733,3.00732,3.60547,4.20167,4.79583,5.38783,6.13115,6.72306,7.31243,7.89915,8.48314,9.0643,9.8268,10.40615,10.98234,11.55527,12.1249,12.89964,13.46626,14.02927,14.81213,15.37118,15.92636,16.47764,17.26664,17.81313,18.60763,19.14868,19.68544,20.4833,21.0141,21.81576,22.34007,23.1444,23.66174,24.46829,24.97834,25.78631,26.28865,27.09706,27.59125,28.39944,29.21051,29.69267,30.50242,31.3141,31.7832,32.5923,33.40276,34.21431,35.02661,35.47251,36.28026,37.08802,37.89558,38.70274,39.50914,40.31452,41.11853,41.921,42.72167,43.52038,44.31682,45.11075,45.90193,46.69008,47.11502,47.90296,48.68734,49.46799,49.90575,50.68487,51.45965,52.22992,52.67855,53.44598,53.90051,54.66457,55.42332,55.88487,56.6394,57.10595,57.8557,58.5994,59.07137,59.80948,60.28552,61.01758,61.49734,62.22287,62.70601,63.19237,63.91072,64.39997,65.11065,65.60242,66.09711,66.79895,67.29567,67.98881,68.48719,68.98817,69.67096,70.17311,70.67768,71.18462,71.8545,72.36196,72.8716,73.52917,74.03883,74.55046,75.06401,75.70615,76.21908,76.73372,77.25002,77.76792,78.39048,78.90697,79.42486,79.94407,80.46455,80.98623,81.50906,82.10326,82.62362,83.14492,83.66708,84.19004,84.71373,85.2381,85.76307,86.28858,86.81457,87.34096,87.8677,88.3947,88.92191,89.44926,89.97668,90.5041,91.03146,91.55868,92.08571,92.61247,93.13889,93.66491,94.19047,94.71549,95.23991,95.76366,96.28668,96.80891,97.33028,97.85072,98.44463,98.96755,99.48933,100.00991,100.52923,101.04723,101.56384,102.18615,102.70418,103.22062,103.7354,104.24848,104.89041,105.40412,105.91591,106.42573,107.08313,107.59294,108.10058,108.77031,109.27744,109.78221,110.28457,110.96724,111.46844,111.96704,112.66009,113.15704,113.85881,114.35374,114.84576,115.55639,116.0459,116.76422,117.25084,117.73425,118.45978,118.93982,119.67191,120.14823,120.88639,121.35866,122.10242,122.85225,123.31912,124.07374,124.53561,125.29446,125.75096,126.51352,127.28111,127.73008,128.50051,129.27549,129.71604,130.49292,131.27377,132.05838,132.84656,133.27188,134.06029,134.85175,135.64597,136.44273,137.24172,138.04273,138.84554,139.64991,140.45566,141.26245,142.06997,142.87793,143.68611,144.49428,145.30226,145.75297,146.56499,147.37588,148.18547,148.65465,149.46682,150.27708,150.75935,151.57093,152.37966,152.87399,153.68294,154.18542,154.99398,155.5042,156.3113,156.82884,157.63378,158.15828,158.96055,159.49158,160.29004,160.82703,161.36835,162.16347,162.71022,163.49987,164.05143,164.60689,165.39024,165.94977,166.51308,167.08002,167.85544,168.42539,168.99867,169.57521,170.33948,170.91809,171.49963,172.084,172.6711,173.26086,174.00704,174.59716,175.18957,175.78414,176.38077,176.97935,177.57977,178.18195,178.78583,179.39119,179.99789 0.02385,0.02239,0.02091,0.01941,0.01787,0.01627,0.01459,0.01279,0.01088,0.00885,0.00517,0.00308,0.00092,-0.00128,-0.00348,-0.00567,-0.00864,-0.01066,-0.01267,-0.01469,-0.01712,-0.0191,-0.02114,-0.02324,-0.02545,-0.02758,-0.02974,-0.03163,-0.03366,-0.03513,-0.03687,-0.03846,-0.03917,-0.04026,-0.04043,-0.04096,-0.04063,-0.04055,-0.03978,-0.03909,-0.03789,-0.03668,-0.03514,-0.0336,-0.03182,-0.02992,-0.02842,-0.02659,-0.0248,-0.02396,-0.0226,-0.02147,-0.02062,-0.02098,-0.02072,-0.0208,-0.02126,-0.02213,-0.02345,-0.02516,-0.02718,-0.02928,-0.03117,-0.03251,-0.03295,-0.0323,-0.03052,-0.02777,-0.02433,-0.0215,-0.0177,-0.01424,-0.01141,-0.00914,-0.00746,-0.00639,-0.00567,-0.00464,-0.00419,-0.00367,-0.00275,-0.00215,-0.0012,-0.00075,0.00012,0.00023,0.00012,0.00082,0.00071,0.00152,0.00176,0.00276,0.00381,0.00457,0.0057,0.00671,0.00793,0.00921,0.01064,0.01221,0.01395,0.01576,0.01767,0.01953,0.02139,0.02297,0.0245,0.02585,0.02697,0.02713,0.02768,0.02804,0.02735,0.0275,0.02768,0.02794,0.02746,0.02801,0.02866,0.02935,0.02999,0.02926,0.02931,0.02898,0.02827,0.02722,0.02587,0.02433,0.02056,0.01879,0.01702,0.01531,0.01367,0.01211,0.01064,0.00928,0.00809,0.0071,0.0064,0.00602,0.00599,0.00627,0.0068,0.00744,0.00803,0.00841,0.00846,0.00812,0.00736,0.00627,0.00495,0.00358,0.0023,0.00128,0.00064,0.00044,0.00069,0.0013,0.00218,0.00457,0.00543,0.00606,0.00631,0.00608,0.00531,0.00522,0.00344,0.00127,-0.00116,-0.00373,-0.0048,-0.00732,-0.00964,-0.01169,-0.01341,-0.01399,-0.01536,-0.0164,-0.01711,-0.01777,-0.01806,-0.01799,-0.01794,-0.01722,-0.01623,-0.01496,-0.01357,-0.01195,-0.0107,-0.00966,-0.00874,-0.00837,-0.00829,-0.00866,-0.00933,-0.01031,-0.01156,-0.01272,-0.01425,-0.01518,-0.01575,-0.01718,-0.01723,-0.01854,-0.01827,-0.01953,-0.01924,-0.0191,-0.02048,-0.02061,-0.0209,-0.02236,-0.02269,-0.02291,-0.02419,-0.02418,-0.02404,-0.02383,-0.02492,-0.02479,-0.02474,-0.02483,-0.02505,-0.02536,-0.02575,-0.02617,-0.02659,-0.02698,-0.0273,-0.02752,-0.0276,-0.02749,-0.02718,-0.02619,-0.02569,-0.02505,-0.02433,-0.02357,-0.0226,-0.02186,-0.02113,-0.02005,-0.01932,-0.01814,-0.01742,-0.01675,-0.01541,-0.0147,-0.0132,-0.01235,-0.0106,-0.00952,-0.00751,-0.00624,-0.00408,-0.00278,-0.00065,0.00139,0.00234,0.00408,0.00564,0.00603,0.00723,0.00823,0.00821,0.0089,0.0094,0.00917,0.00944,0.00962,0.00972,0.00982,0.00956,0.00971,0.00993,0.01024,0.01064,0.0111,0.01084,0.01128,0.01171,0.01209,0.01241,0.01263,0.01276,0.01278,0.01267,0.01248,0.0122,0.01186,0.01146,0.01102,0.01056,0.01008,0.0096,0.0091,0.00859,0.00875,0.00821,0.00767,0.00716,0.00668,0.00628,0.00665,0.00648,0.00647,0.00662,0.00695,0.00819,0.00885,0.00963,0.01125,0.01215,0.01309,0.01402,0.01541,0.01621,0.01721,0.01782,0.01841,0.0188,0.01923,0.01915,0.01938,0.01881,0.01877,0.0177,0.01732,0.01583,0.01512,0.01343,0.01256,0.01098,0.00971,0.00918,0.00855,0.00832,0.0087,0.00902,0.00939,0.00963,0.00966,0.01056,0.01024,0.0098,0.00942,0.00928,0.00949,0.01006,0.01091,0.01187,0.01274,0.01334,0.01351,0.01321,0.01244,0.01128,0.01004,0.00858,0.00716,0.00594,0.00492,0.00425,0.00401,0.00414,0.00398,0.00465,0.00481,0.00584,0.00697,0.00726,0.00831,0.00841,0.00916,0.00974,0.00948,0.00996,0.00973,0.01044,0.0104,0.01145,0.01159,0.01176,0.01303,0.01321,0.01429,0.0143,0.01413,0.01452,0.0139,0.01341,0.0122,0.01072,0.00905,0.00724,0.00542,0.00373,0.00185,0.0006,-0.00037,-0.00179,-0.00225,-0.00251,-0.00262,-0.00346,-0.00332,-0.00314,-0.00296,-0.00283,-0.00293,-0.00282,-0.00285,-0.00306,-0.00345,-0.004,-0.00467,-0.00465,-0.00532,-0.0059,-0.00632,-0.0065,-0.00641,-0.00605,-0.00544,-0.00462,-0.00368,-0.00267,-0.0017,-0.00082,-0.00012,0.00037,0.00062,0.00061,0.00037,-6e-05,-0.0006,-0.00117,-0.00168,-0.00209,-0.00234,-0.00242,-0.00232,-0.00205,-0.00164,-0.0011,-0.0005,0.00011,0.00187,0.00222,0.00244,0.00251,0.00244,0.00225,0.00195,0.00245,0.00211,0.00177,0.00144,0.00116,0.00195,0.00178,0.00166,0.00158,0.00242,0.00237,0.00233,0.00291,0.00285,0.00283,0.00287,0.00349,0.00376,0.00417,0.00565,0.00645,0.00874,0.00987,0.01102,0.01397,0.0152,0.01835,0.01956,0.02075,0.02387,0.02499,0.02787,0.02881,0.0311,0.03167,0.03301,0.03353,0.03332,0.03289,0.03235,0.03136,0.03076,0.02966,0.02854,0.02818,0.02716,0.02622,0.02595,0.02518,0.02478,0.02491,0.02566,0.02583,0.02734,0.0292,0.03113,0.03285,0.03415,0.03498,0.03537,0.0355,0.03556,0.03573,0.03622,0.03708,0.03832,0.03993,0.04181,0.04298,0.045,0.04701,0.04891,0.04974,0.05122,0.0523,0.05272,0.05319,0.05327,0.05353,0.05341,0.05387,0.05388,0.05453,0.05475,0.05538,0.05566,0.05604,0.05624,0.05632,0.05653,0.05643,0.05631,0.05666,0.05648,0.05683,0.05638,0.05573,0.05503,0.05356,0.05171,0.04949,0.04648,0.04366,0.04082,0.03815,0.03528,0.03342,0.03202,0.03113,0.03067,0.03052,0.03105,0.03132,0.03152,0.03155,0.03135,0.03088,0.03014,0.02917,0.028,0.02669,0.0253
185.625 -179.61558,-179.02852,-178.44054,-177.9292,-177.33453,-176.73927,-176.14354,-175.5474,-174.95108,-174.3547,-173.75838,-173.16228,-172.56646,-171.9964,-171.39608,-170.79651,-170.19779,-169.60009,-169.002,-168.4011,-167.8016,-167.2037,-166.58409,-165.98406,-165.38606,-164.79019,-164.15096,-163.55421,-162.96001,-162.30606,-161.71187,-161.04681,-160.45331,-159.86316,-159.18549,-158.59692,-157.90951,-157.32327,-156.62677,-156.04359,-155.33866,-154.75918,-154.04648,-153.47136,-152.75169,-152.02543,-151.45595,-150.72391,-150.16055,-149.42351,-148.68088,-147.93285,-147.37985,-146.62875,-145.87295,-145.11267,-144.5732,-143.81181,-143.04684,-142.27855,-141.50723,-140.73309,-139.95653,-139.17789,-138.39753,-137.61583,-136.83307,-136.04955,-135.26561,-134.48168,-133.69817,-133.38143,-132.59292,-131.80571,-131.02007,-130.23634,-129.89311,-129.10663,-128.32305,-127.96528,-127.18034,-126.39933,-126.02771,-125.24664,-124.47018,-124.08583,-123.3107,-122.91804,-122.1451,-121.74444,-120.97459,-120.56624,-119.80042,-119.38475,-118.62376,-118.20122,-117.44585,-117.01691,-116.26797,-115.83308,-115.09148,-114.6511,-114.20656,-113.47232,-113.02292,-112.56952,-111.84438,-111.38679,-110.92534,-110.21097,-109.74612,-109.27763,-108.57555,-108.10443,-107.62989,-106.94163,-106.46525,-105.98573,-105.5031,-104.83217,-104.34872,-103.86246,-103.37345,-102.88176,-102.23361,-101.74239,-101.24881,-100.75295,-100.25489,-99.75471,-99.13698,-98.63881,-98.13886,-97.63724,-97.13403,-96.62932,-96.12322,-95.61583,-95.10724,-94.53991,-94.03558,-93.53041,-93.02449,-92.51795,-92.01087,-91.50336,-90.99554,-90.48751,-89.97938,-89.47125,-88.96323,-88.45543,-87.94796,-87.44092,-86.93442,-86.42857,-85.92346,-85.41921,-84.85144,-84.34295,-83.83566,-83.32968,-82.8251,-82.32202,-81.82053,-81.32074,-80.82273,-80.20466,-79.70466,-79.20678,-78.71112,-78.21774,-77.72673,-77.07832,-76.58686,-76.09809,-75.61207,-75.12886,-74.45776,-73.97539,-73.49613,-73.02003,-72.33166,-71.85741,-71.38658,-70.68444,-70.21626,-69.75172,-69.03733,-68.57621,-68.11895,-67.39384,-66.94078,-66.49172,-65.75755,-65.31337,-64.57067,-64.13186,-63.69733,-62.94856,-62.51998,-61.76481,-61.34265,-60.58186,-60.16659,-59.401,-58.99304,-58.22346,-57.8232,-57.05054,-56.65829,-55.88346,-55.49952,-54.72343,-53.94272,-53.5715,-52.79086,-52.00634,-51.64895,-50.8658,-50.07975,-49.73691,-48.95363,-48.1685,-47.38176,-46.59375,-46.27737,-45.49438,-44.71096,-43.92754,-43.14459,-42.36238,-41.58123,-40.80143,-40.02335,-39.24736,-38.47384,-37.70309,-36.93538,-36.171,-35.4102,-34.87104,-34.11137,-33.35619,-32.60568,-32.05304,-31.30561,-30.56356,-30.00166,-29.26418,-28.53273,-27.96365,-27.23797,-26.51888,-25.94418,-25.23205,-24.65304,-23.94867,-23.36594,-22.66998,-22.08419,-21.39732,-20.80925,-20.1321,-19.54242,-18.94938,-18.28483,-17.69111,-17.03765,-16.44396,-15.84767,-15.20892,-14.61352,-14.01599,-13.41645,-12.79729,-12.19986,-11.60084,-11.00041,-10.40272,-9.8055,-9.20726,-8.60817,-8.00833,-7.43861,-6.84325,-6.24761,-5.65176,-5.05584,-4.45998,-3.8643,-3.269,-2.6742,-2.07997,-1.48645,-0.89375,-0.30199,0.28865,0.87802,1.46609,2.05274,2.63786,3.22134,3.80308,4.38288,4.96067,5.53641,6.11,6.68136,7.25039,7.97831,8.5465,9.11201,9.67478,10.23475,10.97705,11.53501,12.08978,12.64133,13.39345,13.94202,14.48715,15.02879,15.78837,16.32597,16.85986,17.62485,18.15417,18.92454,19.44876,19.9689,20.74203,21.25642,22.0331,22.54141,23.32088,23.82267,24.60391,25.09872,25.88129,26.36889,27.15213,27.93845,28.41521,29.20081,29.66946,30.45393,31.24046,31.69696,32.48122,33.26664,34.05312,34.84048,35.27526,36.05862,36.84213,37.62546,38.40842,39.19081,39.97246,40.75305,41.53233,42.31001,43.08589,43.85979,44.63151,45.40084,46.16754,46.93138,47.34354,48.10707,48.86721,49.62378,50.04791,50.80307,51.55414,51.98666,52.73539,53.47956,53.91955,54.66055,55.39655,55.84317,56.57524,57.02665,57.7543,58.47628,58.93289,59.6497,60.11022,60.8214,61.28549,61.75276,62.45796,62.92839,63.62689,64.10015,64.79156,65.2673,65.74585,66.42912,66.9097,67.5849,68.06717,68.55196,69.21762,69.70365,70.19202,70.84733,71.33648,71.8278,72.32124,72.96366,73.45728,73.95285,74.4503,75.0785,75.57555,76.0743,76.5747,77.18744,77.68685,78.18772,78.68998,79.1936,79.69851,80.28877,80.79184,81.296,81.80121,82.30739,82.8145,83.32248,83.83126,84.38944,84.89529,85.40175,85.90877,86.41627,86.92421,87.43251,87.94113,88.44999,88.95904,89.46821,89.97744,90.48668,90.99586,91.50492,92.0138,92.52244,93.03077,93.53874,94.04628,94.55334,95.05985,95.56576,96.12363,96.63248,97.14052,97.6477,98.15397,98.65926,99.16351,99.66668,100.25668,100.76169,101.26542,101.7678,102.26878,102.76832,103.38084,103.88137,104.38027,104.87746,105.50546,106.00307,106.4988,106.99259,107.63484,108.12846,108.61996,109.10929,109.76447,110.25304,110.73927,111.40482,111.88981,112.3723,113.04743,113.52823,114.21143,114.69021,115.1662,115.85756,116.33105,117.02954,117.50022,117.96783,118.67296,119.13732,119.84853,120.30931,121.02617,121.48306,122.20511,122.93283,123.38454,124.11669,124.56361,125.29972,126.04085,126.48116,127.22547,127.66023,128.40722,129.15846,129.91379,130.33824,131.09502,131.85539,132.61914,133.03166,133.79575,134.5627,135.33231,136.10428,136.87848,137.65467,138.43267,139.21229,139.99322,140.7752,141.55795,142.3413,143.125,143.90892,144.6927,145.47601,145.91525,146.70218,147.48806,148.27277,148.72935,149.51635,150.30127,150.77002,151.55614,152.33969,152.81984,153.60361,154.09135,154.87443,155.3694,156.1512,156.65315,157.43319,157.9417,158.71893,159.23353,160.00726,160.5276,161.29739,161.82304,162.3526,163.11819,163.65234,164.19021,164.9504,165.49233,166.03775,166.79075,167.33937,167.89122,168.44629,169.19013,169.74754,170.30783,170.87095,171.43682,172.00536,172.73392,173.30332,173.87505,174.44902,175.02514,175.60333,176.1835,176.76564,177.34954,177.93507,178.62998,179.2135,179.79837 0.03114,0.02972,0.02823,0.02561,0.02407,0.02245,0.02071,0.01886,0.01686,0.01471,0.01243,0.01002,0.00751,0.00427,0.00174,-0.00078,-0.00327,-0.0057,-0.00863,-0.01089,-0.01311,-0.01531,-0.01799,-0.0202,-0.02247,-0.02481,-0.02744,-0.02982,-0.03219,-0.03446,-0.03657,-0.03827,-0.03991,-0.04124,-0.04188,-0.04253,-0.04245,-0.04239,-0.04168,-0.04101,-0.03979,-0.03863,-0.03706,-0.03559,-0.03382,-0.03207,-0.03043,-0.0288,-0.02732,-0.02603,-0.02497,-0.0241,-0.02361,-0.02328,-0.0231,-0.02306,-0.02381,-0.02415,-0.02461,-0.02525,-0.02612,-0.02728,-0.02875,-0.03045,-0.03225,-0.03386,-0.03498,-0.03534,-0.03477,-0.03321,-0.03078,-0.02858,-0.02526,-0.02179,-0.01846,-0.01548,-0.01331,-0.01111,-0.00934,-0.00811,-0.00697,-0.00604,-0.00537,-0.00469,-0.00415,-0.00354,-0.00328,-0.00264,-0.0027,-0.00206,-0.00229,-0.00159,-0.00156,-0.00067,-7e-05,0.00103,0.0021,0.00324,0.00451,0.00565,0.00704,0.00826,0.00956,0.0113,0.01279,0.01438,0.01634,0.01798,0.01962,0.0212,0.02256,0.02378,0.02429,0.02501,0.02557,0.02511,0.02535,0.02554,0.02572,0.02519,0.02551,0.02592,0.02642,0.02696,0.0266,0.02685,0.02686,0.02655,0.02589,0.02489,0.02181,0.02016,0.01836,0.01648,0.01458,0.0127,0.01088,0.00914,0.00749,0.004,0.0026,0.00139,0.00043,-0.00026,-0.0006,-0.00062,-0.00032,0.0002,0.00086,0.00152,0.00203,0.0023,0.00226,0.00189,0.00123,0.00036,-0.00061,-0.00153,-0.0012,-0.00176,-0.00192,-0.00166,-0.00102,-0.0001,0.00095,0.00196,0.00275,0.0041,0.00399,0.00333,0.00212,0.00042,-0.00169,-0.00333,-0.00585,-0.00834,-0.01063,-0.01262,-0.01362,-0.0149,-0.01574,-0.01619,-0.01647,-0.01658,-0.01646,-0.01694,-0.01663,-0.01612,-0.01625,-0.01538,-0.01439,-0.01358,-0.01238,-0.01126,-0.01012,-0.00934,-0.00866,-0.00856,-0.0088,-0.00941,-0.01043,-0.01178,-0.01342,-0.01508,-0.01706,-0.01848,-0.02048,-0.02128,-0.02305,-0.02313,-0.0246,-0.02416,-0.02538,-0.02481,-0.02441,-0.02546,-0.02533,-0.02544,-0.02643,-0.02669,-0.02695,-0.02778,-0.02792,-0.02795,-0.0279,-0.02781,-0.02861,-0.02859,-0.02863,-0.02872,-0.02886,-0.02903,-0.02922,-0.02939,-0.02952,-0.0296,-0.02959,-0.02947,-0.02922,-0.0288,-0.02822,-0.02762,-0.02685,-0.02607,-0.02533,-0.02461,-0.02398,-0.02344,-0.02267,-0.02218,-0.02174,-0.02081,-0.02035,-0.01989,-0.01879,-0.01825,-0.01697,-0.01625,-0.01473,-0.01377,-0.01199,-0.01084,-0.00887,-0.00768,-0.00568,-0.00368,-0.0028,-0.00097,-0.00036,0.00127,0.0028,0.00322,0.00455,0.00573,0.00672,0.00699,0.00768,0.00819,0.00852,0.00851,0.00864,0.0087,0.00875,0.00882,0.00861,0.00874,0.00894,0.0092,0.0095,0.00983,0.01014,0.01042,0.01064,0.01079,0.01087,0.01086,0.01076,0.01059,0.01035,0.01006,0.00971,0.00932,0.0089,0.00844,0.00795,0.00743,0.00689,0.00633,0.00579,0.00527,0.00513,0.00477,0.00451,0.0044,0.00444,0.00498,0.00535,0.00588,0.00658,0.00781,0.00876,0.00982,0.01097,0.01255,0.01375,0.01499,0.01639,0.01755,0.01862,0.01966,0.0207,0.0212,0.02207,0.02204,0.02261,0.02189,0.02202,0.02053,0.02015,0.01802,0.01721,0.01485,0.01271,0.01189,0.01044,0.01013,0.00974,0.00999,0.01077,0.01176,0.01285,0.01378,0.01435,0.0153,0.01523,0.01479,0.01418,0.01361,0.01325,0.01319,0.01344,0.0139,0.01442,0.01486,0.01505,0.0149,0.01438,0.01349,0.01233,0.01153,0.01015,0.00882,0.00768,0.00693,0.00623,0.00587,0.00557,0.00573,0.00617,0.0064,0.0073,0.00835,0.00887,0.00998,0.01037,0.01121,0.01179,0.0118,0.01214,0.0121,0.01251,0.01262,0.01277,0.01348,0.01377,0.01439,0.01469,0.01495,0.01518,0.01534,0.01499,0.01488,0.01384,0.01327,0.01241,0.01027,0.00883,0.00716,0.00426,0.00247,0.00077,-0.00076,-0.00319,-0.00417,-0.00488,-0.0053,-0.00646,-0.00633,-0.006,-0.00552,-0.00529,-0.0045,-0.00374,-0.00304,-0.00249,-0.00212,-0.00157,-0.00159,-0.0018,-0.00218,-0.00266,-0.00316,-0.00363,-0.00398,-0.00353,-0.00356,-0.00343,-0.00316,-0.00276,-0.00228,-0.00175,-0.00122,-0.00073,-0.00033,-7e-05,0.0,-0.00017,-0.00061,-0.00131,-0.00221,-0.00322,-0.00424,-0.00516,-0.00592,-0.00644,-0.00669,-0.00666,-0.00544,-0.0049,-0.0042,-0.00343,-0.00269,-0.00205,-0.00159,-0.00136,-0.00042,-0.0006,-0.00094,-0.00138,-0.00185,-0.00231,-0.00168,-0.00199,-0.00219,-0.00226,-0.00133,-0.00122,-0.00101,-0.00072,0.00024,0.00052,0.0008,0.00105,0.00162,0.00174,0.00184,0.0024,0.0026,0.00287,0.00411,0.0047,0.00661,0.00745,0.00828,0.01085,0.01172,0.01458,0.01539,0.01606,0.01914,0.0197,0.02286,0.02326,0.02625,0.0264,0.02877,0.03044,0.03008,0.03085,0.03034,0.03054,0.03037,0.0301,0.02975,0.02965,0.02903,0.02809,0.02693,0.02662,0.02542,0.02456,0.02428,0.02444,0.02522,0.0267,0.02866,0.03079,0.03276,0.0343,0.03529,0.03577,0.03589,0.03586,0.03594,0.03629,0.03704,0.03822,0.0398,0.04167,0.04299,0.04514,0.04726,0.04924,0.05033,0.05173,0.05266,0.05293,0.05303,0.05269,0.05244,0.05194,0.05193,0.05185,0.05232,0.05293,0.05375,0.05483,0.05565,0.05685,0.05739,0.05853,0.05877,0.0598,0.05978,0.05962,0.06023,0.05973,0.05905,0.05843,0.05707,0.0554,0.05297,0.05054,0.04786,0.04502,0.04168,0.03905,0.03669,0.03472,0.03324,0.03226,0.03226,0.0323,0.03265,0.03316,0.03375,0.03429,0.03466,0.03478,0.0346,0.03413,0.0346,0.03363,0.03246
191.25 -179.92307,-179.35179,-178.77962,-178.20657,-177.63284,-177.05856,-176.48383,-175.90878,-175.33353,-174.80364,-174.22312,-173.64271,-173.06257,-172.48278,-171.90351,-171.32486,-170.7575,-170.17514,-169.59379,-169.01355,-168.43457,-167.84199,-167.26057,-166.68078,-166.1028,-165.49096,-164.91152,-164.33429,-163.70793,-163.13012,-162.55492,-161.9151,-161.34012,-160.69008,-160.11598,-159.54519,-158.88363,-158.31464,-157.64418,-157.07748,-156.39867,-155.83505,-155.14853,-154.58866,-153.89509,-153.33941,-152.6394,-151.93331,-151.38308,-150.67172,-149.95478,-149.4116,-148.69048,-147.96435,-147.42983,-146.7009,-145.96763,-145.23023,-144.70857,-143.97002,-143.22809,-142.48308,-141.73524,-140.98482,-140.23203,-139.47719,-138.72064,-137.96268,-137.20376,-136.44408,-135.68392,-134.92354,-134.16337,-133.40377,-133.09243,-132.32839,-131.56578,-130.80483,-130.47374,-129.70986,-128.94841,-128.1898,-127.84043,-127.08069,-126.32474,-125.96253,-125.20663,-124.83621,-124.08109,-123.33087,-122.94912,-122.20098,-121.81179,-121.06653,-120.67019,-119.9287,-119.52549,-118.78851,-118.37887,-117.64708,-117.23142,-116.50554,-116.08428,-115.65902,-114.93868,-114.50834,-113.79581,-113.36085,-112.92212,-112.21785,-111.77506,-111.32869,-110.63417,-110.18443,-109.73125,-109.0479,-108.59207,-108.13299,-107.46218,-107.00118,-106.53716,-106.07017,-105.41498,-104.94698,-104.47626,-104.00288,-103.5269,-102.89222,-102.41639,-101.93824,-101.45783,-100.97525,-100.3646,-99.88334,-99.40019,-98.91525,-98.4286,-97.94031,-97.45047,-96.87531,-96.3884,-95.90026,-95.41097,-94.92062,-94.42932,-93.93714,-93.44419,-92.95056,-92.45634,-91.96164,-91.46654,-90.97116,-90.47558,-89.9799,-89.48423,-88.98866,-88.4933,-87.99823,-87.50356,-87.00939,-86.51582,-86.02293,-85.53082,-85.0396,-84.54934,-84.06015,-83.57211,-83.00096,-82.50978,-82.02007,-81.53192,-81.04541,-80.56062,-80.07764,-79.59653,-78.98561,-78.50321,-78.023,-77.54504,-77.06941,-76.43452,-75.95876,-75.4856,-75.01511,-74.54734,-73.89202,-73.42528,-72.96151,-72.50077,-71.82987,-71.37107,-70.91552,-70.23212,-69.77923,-69.32979,-68.63526,-68.18919,-67.74672,-67.04248,-66.60407,-66.16944,-65.45698,-65.02698,-64.30674,-63.88182,-63.4609,-62.73519,-62.31986,-61.58826,-61.17898,-60.44218,-60.03934,-59.29808,-58.90209,-58.15709,-57.76827,-57.0204,-56.63901,-55.88909,-55.13431,-54.76427,-54.0087,-53.24893,-52.89126,-52.1319,-51.36913,-51.02467,-50.26362,-49.5002,-49.16945,-48.40895,-47.64678,-46.88321,-46.11856,-45.81307,-45.05337,-44.2935,-43.53386,-42.77468,-42.01627,-41.25884,-40.50281,-39.74849,-38.99629,-38.2464,-37.49909,-36.75465,-36.01325,-35.49467,-34.75393,-34.01709,-33.28437,-32.55599,-32.02182,-31.29624,-30.57566,-30.03289,-29.3165,-28.60568,-28.05585,-27.35029,-26.79505,-26.09558,-25.40254,-24.84307,-24.15708,-23.59388,-22.91558,-22.34933,-21.67939,-21.11084,-20.44977,-19.8794,-19.30575,-18.65618,-18.08168,-17.44232,-16.86756,-16.2902,-15.66429,-15.0875,-14.50853,-13.92756,-13.31958,-12.74024,-12.15928,-11.56708,-10.98855,-10.40877,-9.82788,-9.24597,-8.67895,-8.10073,-7.5219,-6.94256,-6.36287,-5.7829,-5.2028,-4.62278,-4.09837,-3.52374,-2.94944,-2.37558,-1.80227,-1.22962,-0.65786,-0.08699,0.48289,1.05167,1.61924,2.18551,2.7503,3.31352,3.87513,4.43505,5.12432,5.68485,6.24327,6.79952,7.35357,7.90534,8.45477,9.16477,9.71307,10.25862,10.80144,11.34149,12.06368,12.60149,13.13626,13.66794,14.39848,14.92689,15.45199,16.18921,16.71053,17.22835,17.97051,18.4838,19.23085,19.73932,20.24399,20.99386,21.49308,22.24596,22.73934,23.49487,23.98214,24.73962,25.22038,25.9789,26.45278,27.21188,27.97407,28.43785,29.1996,29.65574,30.41626,31.17872,31.94301,32.38401,33.14591,33.90884,34.67253,35.09691,35.85693,36.61733,37.37775,38.13796,38.89765,39.65668,40.41484,41.17199,41.92783,42.68215,43.43468,44.18524,44.93366,45.67976,46.42339,47.16429,47.56412,48.30473,49.04208,49.77604,50.18712,50.91967,51.64843,52.06747,52.79403,53.5163,53.94245,54.66176,55.37636,55.80879,56.51971,56.95669,57.66351,58.10478,58.80702,59.25225,59.94949,60.39839,61.09019,61.54245,62.22841,62.68373,63.36346,63.82154,64.49468,64.9552,65.41844,66.08408,66.54934,67.20749,67.67447,68.14389,68.79321,69.26392,69.73692,70.37667,70.85053,71.32652,71.95599,72.43243,72.91081,73.39109,74.00776,74.48795,74.96988,75.45348,76.05617,76.53915,77.02363,77.50958,77.99693,78.48565,79.06803,79.55533,80.0438,80.53341,81.02409,81.51579,82.07546,82.56497,83.05533,83.54647,84.03836,84.53092,85.0241,85.51786,86.01212,86.50685,87.00198,87.49745,87.99321,88.4892,88.98536,89.48165,89.97799,90.47433,90.97062,91.4668,91.9628,92.45859,92.95408,93.44924,93.944,94.43831,94.93211,95.42535,95.91796,96.4099,96.90111,97.39153,97.88112,98.44052,98.93231,99.42308,99.91277,100.40134,100.88874,101.3749,101.95972,102.44719,102.93326,103.41786,103.90096,104.50346,104.98721,105.46927,105.94961,106.56611,107.04656,107.5251,108.00169,108.63104,109.10719,109.58124,110.22087,110.69406,111.16496,111.81419,112.28381,112.751,113.40908,113.87456,114.54014,115.00358,115.46434,116.13744,116.59575,117.27548,117.73104,118.41701,118.86952,119.31899,120.01051,120.45653,121.15328,121.85558,122.29712,123.00399,123.44125,124.15227,124.58499,125.29971,126.01913,126.44558,127.16799,127.8947,128.31406,129.04294,129.77568,130.18708,130.92124,131.65879,132.39962,132.79979,133.54093,134.28477,135.03112,135.7798,136.53064,137.28346,138.03808,138.79423,139.55168,140.31017,141.06954,141.82958,142.59016,143.35096,144.1117,144.87212,145.63206,146.06063,146.82398,147.58631,148.3473,148.79207,149.555,150.31598,150.7722,151.53443,152.29409,152.76099,153.52058,153.99459,154.75361,155.23452,155.99253,156.47996,157.236,157.72956,158.48301,158.98239,159.73284,160.23771,160.98416,161.49399,162.00752,162.75025,163.26831,163.78989,164.52768,165.05305,165.58173,166.31287,166.84482,167.37988,167.91798,168.64078,169.18113,169.72427,170.27014,170.81875,171.52938,172.07914,172.63124,173.18564,173.74225,174.30101,174.99331,175.55181,176.11209,176.67408,177.23768,177.80284,178.3695,178.93747,179.50664 0.03504,0.03359,0.03197,0.03022,0.02837,0.02644,0.02444,0.02234,0.02014,0.01802,0.01566,0.01319,0.0106,0.00793,0.00522,0.0025,7e-05,-0.00252,-0.00502,-0.00741,-0.00969,-0.01193,-0.01411,-0.01628,-0.01849,-0.02114,-0.02352,-0.02597,-0.02889,-0.03135,-0.03374,-0.0363,-0.03828,-0.04017,-0.0415,-0.04246,-0.04308,-0.04329,-0.0431,-0.04271,-0.04188,-0.04108,-0.03975,-0.03872,-0.03695,-0.03574,-0.03365,-0.0315,-0.03008,-0.02799,-0.0262,-0.02495,-0.02378,-0.02316,-0.02271,-0.02297,-0.02363,-0.02453,-0.02552,-0.02675,-0.02789,-0.02888,-0.02979,-0.03068,-0.03166,-0.03281,-0.03412,-0.03547,-0.03667,-0.03746,-0.03759,-0.03691,-0.03537,-0.03308,-0.03119,-0.02807,-0.0247,-0.02128,-0.01909,-0.01596,-0.01309,-0.01053,-0.00932,-0.0075,-0.00612,-0.00574,-0.00507,-0.00489,-0.00475,-0.005,-0.00482,-0.00529,-0.00492,-0.0053,-0.00464,-0.00447,-0.00352,-0.00258,-0.00138,9e-05,0.0013,0.00285,0.00398,0.00507,0.00656,0.00774,0.00944,0.0108,0.01222,0.01423,0.01569,0.01713,0.01885,0.02005,0.02115,0.02191,0.0226,0.02318,0.02303,0.02334,0.02359,0.02381,0.02346,0.02374,0.02406,0.02443,0.02481,0.02479,0.02503,0.02513,0.02502,0.02464,0.02283,0.0217,0.0203,0.01869,0.01692,0.01505,0.01313,0.00997,0.0081,0.00629,0.00453,0.00287,0.00132,-8e-05,-0.0013,-0.00231,-0.00305,-0.00351,-0.00367,-0.00358,-0.00328,-0.00285,-0.0024,-0.00202,-0.0018,-0.00178,-0.00198,-0.00237,-0.00288,-0.00345,-0.00397,-0.00435,-0.00451,-0.00439,-0.00397,-0.00264,-0.00173,-0.00071,0.00029,0.00109,0.00154,0.00154,0.00105,0.00068,-0.00088,-0.00281,-0.005,-0.00729,-0.00933,-0.01147,-0.01328,-0.01465,-0.01553,-0.016,-0.01606,-0.01577,-0.01525,-0.01517,-0.01457,-0.01395,-0.01424,-0.01363,-0.01303,-0.01314,-0.01242,-0.01173,-0.01123,-0.01051,-0.00994,-0.0093,-0.0091,-0.00901,-0.00949,-0.01033,-0.01165,-0.01329,-0.0154,-0.01765,-0.02001,-0.0225,-0.02441,-0.02676,-0.02774,-0.02964,-0.02961,-0.03101,-0.03024,-0.02929,-0.03015,-0.02919,-0.0285,-0.02924,-0.02888,-0.0288,-0.02956,-0.02966,-0.0298,-0.03053,-0.03065,-0.03076,-0.03086,-0.03096,-0.03183,-0.03199,-0.03212,-0.0322,-0.0322,-0.03207,-0.03183,-0.0315,-0.03113,-0.03077,-0.03042,-0.03009,-0.02973,-0.02931,-0.02868,-0.02808,-0.02746,-0.02683,-0.02624,-0.02555,-0.02508,-0.02466,-0.0241,-0.02373,-0.02332,-0.02274,-0.02227,-0.02159,-0.02103,-0.02034,-0.01947,-0.0186,-0.01752,-0.01643,-0.01513,-0.01393,-0.01246,-0.01132,-0.00977,-0.00815,-0.0073,-0.0057,-0.005,-0.00339,-0.00176,-0.00096,0.0007,0.00229,0.00376,0.00467,0.00585,0.00678,0.00736,0.00784,0.0081,0.0082,0.00819,0.00796,0.00786,0.00782,0.00786,0.00801,0.00825,0.00858,0.00896,0.00924,0.00969,0.01011,0.01048,0.01077,0.01098,0.0111,0.01113,0.01106,0.0109,0.01063,0.01026,0.00981,0.00926,0.00863,0.00793,0.00695,0.00626,0.0056,0.00499,0.00448,0.0041,0.00388,0.00387,0.004,0.00429,0.00475,0.00535,0.00609,0.00696,0.00795,0.00906,0.01033,0.01167,0.01311,0.01463,0.0162,0.01782,0.01924,0.02083,0.02197,0.02344,0.02487,0.02544,0.02661,0.02655,0.02728,0.02638,0.0265,0.02463,0.02409,0.02141,0.02037,0.01741,0.01472,0.01378,0.01198,0.0116,0.01107,0.01136,0.0123,0.01317,0.01459,0.01594,0.017,0.01757,0.01797,0.01791,0.01749,0.01687,0.01619,0.01558,0.01509,0.01475,0.01453,0.01437,0.01417,0.01386,0.01334,0.01258,0.01158,0.01037,0.01024,0.00892,0.00768,0.00661,0.00655,0.00585,0.00541,0.0056,0.00556,0.00578,0.00631,0.00695,0.00775,0.00861,0.00947,0.01027,0.01083,0.01138,0.01146,0.01181,0.01163,0.01197,0.01184,0.0123,0.01223,0.01275,0.01252,0.01294,0.01235,0.01262,0.01285,0.01179,0.01188,0.01048,0.01037,0.01009,0.00806,0.00728,0.00622,0.00341,0.00192,0.00029,-0.00266,-0.00418,-0.00553,-0.00664,-0.00834,-0.00873,-0.00881,-0.00857,-0.00823,-0.00736,-0.00634,-0.00523,-0.00412,-0.00308,-0.0017,-0.00101,-0.00056,-0.00035,-0.00035,-0.00054,-0.00052,-0.00089,-0.00126,-0.00159,-0.00186,-0.00207,-0.0022,-0.00229,-0.00232,-0.00233,-0.00232,-0.0023,-0.00225,-0.0022,-0.00217,-0.00217,-0.00226,-0.0025,-0.00291,-0.00352,-0.00429,-0.00516,-0.00604,-0.00683,-0.00747,-0.00789,-0.00807,-0.00798,-0.00764,-0.00709,-0.00638,-0.00561,-0.00486,-0.00398,-0.00353,-0.00332,-0.00337,-0.00365,-0.0041,-0.00465,-0.00453,-0.00498,-0.0053,-0.00543,-0.00536,-0.0045,-0.00414,-0.00364,-0.00303,-0.00212,-0.00149,-0.00087,-0.00031,0.00023,0.00053,0.0007,0.00088,0.0008,0.00064,0.00093,0.0008,0.00068,0.00171,0.00182,0.00349,0.00377,0.00398,0.0062,0.00635,0.00877,0.00879,0.01141,0.01133,0.01116,0.01415,0.01402,0.01724,0.02039,0.02019,0.02296,0.02267,0.02493,0.02465,0.02654,0.02803,0.028,0.02913,0.02973,0.0297,0.02961,0.02895,0.02865,0.02761,0.02655,0.02581,0.02614,0.02641,0.02745,0.02922,0.03152,0.03399,0.03629,0.03811,0.03924,0.03968,0.03952,0.03901,0.03847,0.0381,0.03811,0.03858,0.0395,0.04079,0.04204,0.04384,0.04571,0.04751,0.04908,0.05048,0.05138,0.05217,0.05216,0.0516,0.05154,0.05061,0.05056,0.05,0.05044,0.05075,0.05181,0.05288,0.0543,0.05566,0.05705,0.05828,0.05938,0.06015,0.06086,0.06131,0.06111,0.06105,0.06069,0.05899,0.05801,0.05673,0.05354,0.05179,0.04983,0.04768,0.04427,0.04223,0.04021,0.03833,0.03665,0.03562,0.03475,0.03422,0.03405,0.03422,0.03466,0.03582,0.0365,0.03717,0.03771,0.03805,0.03809,0.03782,0.0372,0.03626
196.875 -179.66727,-179.10999,-178.55194,-177.99322,-177.43395,-176.87423,-176.31406,-175.75367,-175.19315,-174.6326,-174.07215,-173.5119,-172.97718,-172.41266,-171.8487,-171.28537,-170.72279,-170.16112,-169.59707,-169.03242,-168.46902,-167.90695,-167.32373,-166.75962,-166.19725,-165.63671,-165.03582,-164.47425,-163.91483,-163.30061,-162.74091,-162.18382,-161.55726,-161.00071,-160.36479,-159.80921,-159.25686,-158.61039,-158.05998,-157.40538,-156.85745,-156.19519,-155.6502,-154.98087,-154.43959,-153.76382,-153.22683,-152.54518,-151.8579,-151.32603,-150.6339,-149.93667,-149.41174,-148.71074,-148.00504,-147.48821,-146.77989,-146.06758,-145.35147,-144.63174,-144.12983,-143.40947,-142.68616,-141.96017,-141.23183,-140.50131,-139.76887,-139.03466,-138.29907,-137.56239,-136.82498,-136.08712,-135.34906,-134.61096,-133.87322,-133.57188,-132.82974,-132.08874,-131.3493,-130.61158,-130.28681,-129.54655,-128.80864,-128.47116,-127.73181,-126.99571,-126.64603,-125.9097,-125.17748,-124.81624,-124.08484,-123.7162,-122.98627,-122.26146,-121.88275,-121.16065,-120.77529,-120.0567,-119.6649,-118.95055,-118.55274,-117.84321,-117.43973,-117.03246,-116.32692,-115.91445,-115.21537,-114.79809,-114.1062,-113.68452,-113.25931,-112.57486,-112.14577,-111.71331,-111.03773,-110.60196,-110.16295,-109.49757,-109.05591,-108.61118,-107.95721,-107.51049,-107.06089,-106.60845,-105.9686,-105.51499,-105.05878,-104.60001,-103.97644,-103.51735,-103.05593,-102.59226,-102.12638,-101.52387,-101.05874,-100.59167,-100.12272,-99.65198,-99.1795,-98.70536,-98.13412,-97.66219,-97.1889,-96.7143,-96.23849,-95.76153,-95.28353,-94.80455,-94.32469,-93.84402,-93.36264,-92.84709,-92.37014,-91.89275,-91.41502,-90.93704,-90.45888,-89.98063,-89.5024,-89.02425,-88.54628,-88.06858,-87.59123,-87.11431,-86.59835,-86.11702,-85.63642,-85.15663,-84.67773,-84.19981,-83.72296,-83.24724,-82.77276,-82.29957,-81.82777,-81.25622,-80.78222,-80.30988,-79.83929,-79.37051,-78.9036,-78.43863,-77.83589,-77.3702,-76.90671,-76.4455,-75.98661,-75.36287,-74.90431,-74.44832,-73.99494,-73.35497,-72.90278,-72.45342,-72.00693,-71.3529,-70.90844,-70.46704,-69.80162,-69.36289,-68.92739,-68.25182,-67.81966,-67.39085,-66.70644,-66.28153,-65.86016,-65.16834,-64.75137,-64.05241,-63.64024,-62.93486,-62.52791,-62.12476,-61.41539,-61.01791,-60.30374,-59.91228,-59.1939,-58.80889,-58.08701,-57.70865,-56.98409,-56.25447,-55.88617,-55.15507,-54.79417,-54.06226,-53.32627,-52.97692,-52.24117,-51.50218,-51.16503,-50.42752,-49.68767,-48.94566,-48.62591,-47.88688,-47.14631,-46.4046,-46.10357,-45.36627,-44.62867,-43.89106,-43.15367,-42.41675,-41.68054,-40.94544,-40.21177,-39.47982,-38.74979,-38.02196,-37.29648,-36.57368,-35.85383,-35.35225,-34.63304,-33.91744,-33.20566,-32.69097,-31.98134,-31.2762,-30.57571,-30.05112,-29.3544,-28.66279,-28.13128,-27.4445,-26.90797,-26.22678,-25.55151,-25.01062,-24.34178,-23.79718,-23.13541,-22.58791,-21.93378,-21.38378,-20.73777,-20.18583,-19.63071,-18.99523,-18.43911,-17.81297,-17.2563,-16.69703,-16.08322,-15.52425,-14.96312,-14.36262,-13.8025,-13.24055,-12.67688,-12.09402,-11.5324,-10.96943,-10.4052,-9.84148,-9.28023,-8.71808,-8.15519,-7.59165,-7.02755,-6.4931,-5.93326,-5.37322,-4.81308,-4.25298,-3.69299,-3.13323,-2.5739,-2.01503,-1.45671,-0.89906,-0.34216,0.21387,0.76887,1.32277,1.8755,2.42698,2.97713,3.52583,4.07301,4.61848,5.16223,5.7042,6.24432,6.9204,7.46044,7.99824,8.53379,9.06705,9.59795,10.28987,10.81938,11.34627,11.87041,12.57222,13.09406,13.61304,14.12908,14.83883,15.35169,15.86139,16.57694,17.083,17.58575,18.30615,18.80465,19.52942,20.02319,20.51338,21.24077,21.72588,22.45634,22.93591,23.66858,24.14232,24.87688,25.34454,26.08035,26.54158,27.27784,28.01693,28.46856,29.20744,29.65198,30.38994,31.12971,31.87113,32.3014,33.04073,33.78123,34.52264,34.93739,35.67533,36.41363,37.1521,37.89057,38.62876,39.36644,40.10333,40.83931,41.57421,42.30788,43.04004,43.77051,44.49905,45.2255,45.94971,46.67151,47.05683,47.77867,48.49761,49.21351,49.92616,50.32471,51.03601,51.74369,52.14977,52.85543,53.55706,53.96993,54.66878,55.36323,55.7821,56.4731,56.89632,57.58346,58.01078,58.69368,59.12485,59.80309,60.23779,60.91098,61.34894,62.01669,62.45763,63.11959,63.56322,64.21904,64.66509,65.11374,65.76261,66.2133,66.85521,67.30763,67.76242,68.39616,68.85229,69.31064,69.9355,70.3948,70.85617,71.4715,71.93344,72.39728,72.86299,73.46647,73.93224,74.39973,74.86888,75.4594,75.9281,76.39831,76.86998,77.34308,77.91724,78.38927,78.86255,79.33703,79.81267,80.36892,80.8429,81.31786,81.79377,82.27056,82.74819,83.22661,83.70577,84.18562,84.70987,85.18701,85.66468,86.14282,86.62138,87.10031,87.57955,88.05906,88.53877,89.01865,89.49864,89.97867,90.45871,90.93871,91.41859,91.89833,92.37785,92.85712,93.33607,93.81466,94.29284,94.77055,95.24774,95.77171,96.25161,96.73083,97.20932,97.68702,98.16388,98.63986,99.1149,99.58896,100.14499,100.62072,101.0953,101.56868,102.04081,102.61477,103.08798,103.55977,104.03011,104.49894,105.08928,105.55857,106.02619,106.49211,107.09544,107.56131,108.02531,108.4874,109.10262,109.56415,110.02363,110.64839,111.10692,111.56324,112.19689,112.65188,113.1045,113.74635,114.19723,114.84605,115.29492,115.74118,116.39698,116.84084,117.5028,117.94397,118.61173,119.04993,119.72314,120.1581,120.83638,121.2678,121.95073,122.37832,123.06553,123.48903,124.18011,124.59926,125.29381,125.99278,126.40595,127.1077,127.81349,128.21985,128.92768,129.63916,130.03801,130.75085,131.46694,132.18609,132.57432,133.29377,134.01578,134.74023,135.46693,136.19574,136.92648,137.65893,138.02234,138.75273,139.48431,140.21689,140.60156,141.33957,142.0781,142.81692,143.55572,144.29439,145.03271,145.7706,146.18929,146.9302,147.66991,148.40824,148.84208,149.58228,150.32069,150.76531,151.50461,151.95634,152.69592,153.43264,153.89399,154.6303,155.09809,155.83313,156.30701,157.04021,157.51992,158.25092,158.7362,159.4641,159.95448,160.67862,161.17377,161.67247,162.39344,162.89641,163.40267,164.1188,164.62875,165.14184,165.85218,166.36848,166.88771,167.59055,168.11223,168.63663,169.16381,169.69362,170.38613,170.91733,171.4509,171.98677,172.52488,173.20341,173.74194,174.28238,174.82469,175.36879,175.9146,176.46213,177.0112,177.56171,178.11356,178.66667,179.22094,179.77631 0.03602,0.03447,0.03266,0.03063,0.02845,0.02615,0.02377,0.02131,0.01877,0.01616,0.01348,0.01072,0.00882,0.00601,0.00318,0.00037,-0.00236,-0.00501,-0.00656,-0.00891,-0.01112,-0.01319,-0.01453,-0.01654,-0.01857,-0.02067,-0.02275,-0.02508,-0.02748,-0.03014,-0.03252,-0.03476,-0.03719,-0.03892,-0.04071,-0.04172,-0.04238,-0.04298,-0.04301,-0.04292,-0.04258,-0.04202,-0.04157,-0.04061,-0.04012,-0.03866,-0.03804,-0.03597,-0.03355,-0.03242,-0.02965,-0.02702,-0.02572,-0.02365,-0.02233,-0.02177,-0.02181,-0.02269,-0.02423,-0.02614,-0.02767,-0.02976,-0.03156,-0.03296,-0.03402,-0.03485,-0.03562,-0.03645,-0.03741,-0.0384,-0.03928,-0.03979,-0.03971,-0.03884,-0.03718,-0.03564,-0.03295,-0.02979,-0.02633,-0.02277,-0.0207,-0.01723,-0.01395,-0.01224,-0.00954,-0.00733,-0.00646,-0.00526,-0.00477,-0.00477,-0.00514,-0.00537,-0.00625,-0.00726,-0.00724,-0.00784,-0.00735,-0.00701,-0.00601,-0.00466,-0.00335,-0.00146,-0.00017,0.00105,0.00267,0.00369,0.00507,0.00614,0.00762,0.00894,0.01035,0.01232,0.01385,0.01533,0.01719,0.01839,0.01943,0.0204,0.021,0.02148,0.02153,0.02176,0.02196,0.02218,0.02197,0.02228,0.02263,0.02303,0.02326,0.02368,0.02403,0.02423,0.02425,0.02359,0.02297,0.02208,0.02095,0.01959,0.01806,0.01639,0.01383,0.01209,0.01033,0.00858,0.00687,0.00519,0.00356,0.00199,0.00051,-0.00086,-0.0021,-0.00296,-0.00393,-0.00476,-0.00543,-0.00596,-0.00638,-0.00671,-0.00699,-0.00725,-0.0075,-0.00775,-0.00798,-0.00816,-0.00643,-0.00659,-0.00665,-0.00657,-0.00632,-0.00588,-0.00525,-0.00446,-0.00356,-0.00264,-0.00179,-0.00039,3e-05,6e-05,-0.00035,-0.00119,-0.00244,-0.004,-0.00557,-0.0076,-0.00959,-0.01141,-0.01295,-0.01442,-0.01519,-0.01548,-0.01536,-0.01516,-0.01448,-0.01368,-0.01287,-0.01257,-0.01194,-0.01143,-0.01156,-0.0112,-0.01094,-0.01103,-0.01077,-0.0106,-0.01029,-0.01012,-0.01008,-0.00978,-0.01012,-0.01048,-0.01151,-0.01298,-0.01484,-0.01704,-0.01985,-0.02257,-0.02554,-0.02834,-0.03069,-0.03312,-0.0343,-0.03612,-0.03605,-0.0353,-0.03625,-0.0349,-0.03557,-0.03412,-0.03289,-0.03357,-0.03274,-0.03225,-0.03316,-0.03295,-0.0329,-0.03294,-0.03394,-0.03406,-0.03426,-0.03453,-0.03581,-0.03618,-0.0365,-0.03668,-0.03664,-0.03633,-0.03576,-0.03502,-0.03424,-0.03352,-0.03296,-0.03257,-0.03229,-0.03203,-0.03169,-0.03054,-0.03,-0.02933,-0.02857,-0.02751,-0.02678,-0.02603,-0.02527,-0.0247,-0.02399,-0.02324,-0.02289,-0.02213,-0.0218,-0.02098,-0.02006,-0.0196,-0.01857,-0.01795,-0.01688,-0.01612,-0.01516,-0.01427,-0.01353,-0.01254,-0.01143,-0.01091,-0.00965,-0.00909,-0.00759,-0.00595,-0.00488,-0.00299,-0.00107,0.00048,0.00231,0.00395,0.00534,0.00637,0.00716,0.00766,0.00789,0.00781,0.00768,0.00748,0.00729,0.00718,0.00717,0.00708,0.00735,0.00775,0.00826,0.00882,0.00941,0.00999,0.01052,0.01099,0.01138,0.01169,0.0119,0.012,0.01199,0.01185,0.01158,0.01117,0.01063,0.00996,0.00918,0.00832,0.00742,0.00652,0.00568,0.00475,0.00424,0.00392,0.00381,0.00392,0.00424,0.00477,0.00544,0.00626,0.00721,0.00816,0.00933,0.01063,0.01206,0.0134,0.01507,0.01685,0.01844,0.02034,0.02227,0.02377,0.02559,0.0268,0.02841,0.02987,0.03043,0.03146,0.03133,0.03178,0.03076,0.03049,0.02848,0.02753,0.02469,0.02328,0.02012,0.0171,0.01584,0.01361,0.0128,0.01173,0.01151,0.01201,0.01216,0.01327,0.01455,0.01574,0.01561,0.0164,0.01686,0.017,0.01686,0.01651,0.01597,0.01531,0.01457,0.01378,0.01299,0.01222,0.01146,0.01065,0.00973,0.00868,0.00751,0.0076,0.00634,0.00514,0.00411,0.00332,0.00359,0.00314,0.00295,0.00341,0.00348,0.0037,0.00435,0.00479,0.00527,0.00616,0.00657,0.00745,0.00749,0.00821,0.00774,0.00831,0.00757,0.00816,0.00751,0.00825,0.00779,0.00859,0.00812,0.00877,0.00809,0.00845,0.00869,0.00757,0.00762,0.00635,0.00625,0.00612,0.00453,0.00411,0.00352,0.00135,0.00034,-0.00086,-0.00343,-0.00478,-0.00612,-0.00736,-0.00909,-0.00972,-0.01001,-0.00997,-0.00947,-0.00862,-0.00754,-0.0063,-0.00498,-0.00298,-0.00179,-0.00079,-2e-05,0.00048,0.00108,0.00104,0.00085,0.00057,0.00025,-7e-05,-0.00037,-0.00065,-0.0009,-0.00087,-0.00119,-0.00157,-0.00203,-0.00256,-0.00313,-0.0037,-0.00422,-0.00465,-0.00499,-0.00523,-0.00539,-0.00553,-0.0057,-0.00592,-0.00621,-0.00655,-0.00689,-0.0072,-0.00741,-0.0075,-0.00744,-0.00722,-0.00717,-0.00663,-0.006,-0.00533,-0.0047,-0.00419,-0.00386,-0.00377,-0.00396,-0.00439,-0.00499,-0.00572,-0.00645,-0.0071,-0.00713,-0.00727,-0.00714,-0.00674,-0.00608,-0.00477,-0.00385,-0.00287,-0.00187,-0.0009,-0.00014,0.00048,0.00091,0.00092,0.00089,0.00066,0.00012,-0.00042,-0.00106,-0.00144,-0.00205,-0.00265,-0.00221,-0.00261,-0.00148,-0.00176,-0.00209,-0.00048,-0.00087,0.00093,0.00045,0.00249,0.00206,0.0045,0.00421,0.00708,0.00695,0.01008,0.01001,0.01315,0.01309,0.01616,0.01616,0.01915,0.02196,0.02204,0.02451,0.02649,0.02633,0.02757,0.02819,0.02769,0.02781,0.02767,0.02755,0.02753,0.02806,0.02913,0.03083,0.03313,0.03582,0.03856,0.04099,0.04241,0.04383,0.04433,0.04393,0.043,0.04181,0.04049,0.03935,0.03859,0.0383,0.03845,0.03891,0.03987,0.04082,0.04185,0.04287,0.04468,0.04559,0.04616,0.04769,0.04757,0.04851,0.04765,0.04657,0.04698,0.04606,0.04668,0.04648,0.04762,0.04819,0.04979,0.05067,0.05241,0.05302,0.05461,0.0545,0.05572,0.05677,0.05533,0.05582,0.05604,0.05305,0.05268,0.05206,0.04811,0.04725,0.04631,0.04292,0.04223,0.0415,0.04074,0.03992,0.03893,0.03838,0.03777,0.03716,0.03662,0.037,0.03671,0.0366,0.0367,0.03699,0.03742,0.03791,0.03838,0.03872,0.03884,0.03866,0.03814,0.03724
202.5 -179.89983,-179.36112,-178.82169,-178.28156,-177.74093,-177.19986,-176.65847,-176.16299,-175.61667,-175.0703,-174.52392,-173.9777,-173.43174,-172.88612,-172.34098,-171.79639,-171.25852,-170.71062,-170.16363,-169.61759,-169.07267,-168.51237,-167.96516,-167.4194,-166.8752,-166.29765,-165.75197,-165.20819,-164.61762,-164.07312,-163.53089,-162.92809,-162.38576,-161.846,-161.23188,-160.69288,-160.07018,-159.53244,-158.99778,-158.36544,-157.83274,-157.19294,-156.66286,-156.01611,-155.48905,-154.83579,-154.31224,-153.65306,-152.98844,-152.46932,-151.79968,-151.28545,-150.61131,-149.93241,-149.42474,-148.74247,-148.05592,-147.55621,-146.86717,-146.17439,-145.47805,-144.7784,-144.29284,-143.59273,-142.88978,-142.18429,-141.4765,-140.76668,-140.05512,-139.34198,-138.62747,-137.91178,-137.19528,-136.47822,-135.76103,-135.04384,-134.32687,-133.61033,-133.31305,-132.5926,-131.87334,-131.15569,-130.84102,-130.12084,-129.40282,-128.68714,-128.35633,-127.6394,-126.9256,-126.58349,-125.86952,-125.15959,-124.80671,-124.09764,-123.73789,-123.03028,-122.66388,-121.95834,-121.25807,-120.88275,-120.1857,-119.80443,-119.11137,-118.72439,-118.03589,-117.64359,-117.24777,-116.56292,-116.16218,-115.48329,-115.07802,-114.40573,-113.99627,-113.58351,-112.91795,-112.5015,-112.08186,-111.42435,-111.00149,-110.57562,-109.92744,-109.49891,-109.06748,-108.42975,-107.99628,-107.56008,-107.12119,-106.49624,-106.05606,-105.61337,-105.16822,-104.55804,-104.11238,-103.66448,-103.21438,-102.62085,-102.17102,-101.71922,-101.26551,-100.80995,-100.3526,-99.78338,-99.32744,-98.86996,-98.41102,-97.95066,-97.48897,-97.026,-96.56184,-96.02842,-95.56717,-95.10499,-94.64195,-94.17812,-93.71359,-93.24841,-92.78269,-92.31648,-91.84988,-91.38296,-90.9158,-90.44849,-89.98109,-89.5137,-89.0464,-88.57925,-88.11236,-87.64579,-87.17962,-86.71394,-86.24882,-85.78434,-85.32058,-84.8576,-84.3955,-83.93434,-83.40059,-82.93652,-82.47366,-82.01208,-81.55184,-81.09302,-80.63567,-80.17987,-79.61039,-79.15319,-78.69779,-78.24424,-77.79261,-77.2013,-76.74923,-76.29931,-75.8516,-75.40614,-74.79581,-74.35087,-73.9084,-73.46843,-72.84338,-72.40472,-71.96876,-71.53552,-70.89773,-70.46655,-70.03827,-69.39007,-68.96446,-68.54186,-67.88436,-67.46499,-67.04882,-66.3833,-65.97083,-65.29783,-64.88943,-64.48445,-63.80569,-63.40525,-62.72052,-62.325,-61.6349,-61.24466,-60.85799,-60.16512,-59.78415,-59.0873,-58.38472,-58.01224,-57.30697,-56.94087,-56.23353,-55.87411,-55.1653,-54.45217,-54.1031,-53.38944,-53.04765,-52.33417,-51.61759,-51.28707,-50.57178,-49.85412,-49.13431,-48.81995,-48.10269,-47.38382,-46.66377,-45.94293,-45.65066,-44.93414,-44.21738,-43.50063,-42.78401,-42.06795,-41.35273,-40.63871,-39.92603,-39.21493,-38.50559,-37.79826,-37.09325,-36.39081,-35.69119,-35.20589,-34.50674,-33.81087,-33.11857,-32.62085,-31.93066,-31.24459,-30.5628,-30.05547,-29.37704,-28.70337,-28.18954,-27.52036,-27.0016,-26.33745,-25.67873,-25.15555,-24.50274,-23.9761,-23.32979,-22.8001,-22.16074,-21.62843,-20.99651,-20.46228,-19.92494,-19.30266,-18.76405,-18.15033,-17.61097,-17.06908,-16.46667,-15.92484,-15.38076,-14.79054,-14.24717,-13.70191,-13.15493,-12.58093,-12.03557,-11.48878,-10.94065,-10.38427,-9.83865,-9.29207,-8.74458,-8.19631,-7.66278,-7.11804,-6.57282,-6.02726,-5.48143,-4.93544,-4.38945,-3.84353,-3.29776,-2.80724,-2.26656,-1.72629,-1.18654,-0.64746,-0.10912,0.42843,0.96509,1.50078,2.03541,2.56887,3.10101,3.73765,4.27105,4.80292,5.33318,5.86174,6.38846,6.91335,7.43634,8.09648,8.61904,9.13944,9.65755,10.17336,10.68684,11.36065,11.8725,12.38181,12.88852,13.57097,14.07514,14.57652,15.26591,15.76433,16.25977,16.95461,17.4464,17.93506,18.63431,19.11897,19.82259,20.30276,20.77954,21.48528,21.9572,22.66598,23.13275,23.84383,24.30504,25.01768,25.47311,26.18703,26.63648,27.35105,28.06832,28.50872,29.22565,29.94491,30.37565,31.09384,31.81368,32.23402,32.95182,33.6708,34.39084,34.79662,35.51363,36.23104,36.94862,37.66624,38.3838,39.10104,39.81773,40.53366,41.24861,41.96246,42.67507,43.38625,44.09579,44.80351,45.5092,46.21271,46.91392,47.28775,47.98898,48.68747,49.38306,49.76749,50.46205,51.1533,51.84112,52.2347,52.9206,53.60273,54.00283,54.68237,55.08707,55.76362,56.43579,56.84583,57.5144,57.92838,58.59298,59.01065,59.67093,60.09204,60.74761,61.1719,61.8224,62.24959,62.89469,63.32452,63.96391,64.39612,64.83085,65.46379,65.90054,66.52698,66.96549,67.40631,68.02517,68.46737,68.91173,69.52236,69.96774,70.41514,71.01691,71.46497,71.91491,72.36669,72.95746,73.40943,73.8631,74.31841,74.89714,75.35218,75.80872,76.26671,76.83242,77.28967,77.74823,78.20806,78.66911,79.21847,79.6782,80.13901,80.60083,81.06363,81.52736,81.99197,82.51798,82.98052,83.44378,83.90773,84.37231,84.83747,85.30317,85.76937,86.236,86.70303,87.1704,87.63808,88.10599,88.57411,89.04238,89.51075,89.97916,90.44758,90.91596,91.38423,91.85237,92.3203,92.788,93.2554,93.72246,94.18913,94.65536,95.1211,95.58631,96.05094,96.51494,96.97827,97.44087,97.96664,98.43132,98.89512,99.358,99.8199,100.28079,100.74062,101.28977,101.75092,102.21084,102.66951,103.12687,103.6924,104.15052,104.60718,105.06234,105.51596,106.09636,106.55017,107.00228,107.59292,108.04485,108.49495,108.94316,109.54482,109.99239,110.43794,111.04847,111.49301,111.9354,112.55419,112.99518,113.43388,114.06027,114.49722,115.13012,115.56506,115.99749,116.63685,117.0669,117.712,118.13942,118.78993,119.21445,119.87004,120.2914,120.9517,121.36961,122.03426,122.4485,123.11714,123.52744,124.1997,124.87634,125.28132,125.96097,126.36135,127.04358,127.7296,128.12348,128.81144,129.50285,129.88959,130.58231,131.27808,131.97676,132.67816,133.05231,133.75373,134.45748,135.1634,135.87136,136.58116,137.29261,137.64574,138.35531,139.06605,139.77782,140.49048,140.86807,141.58564,142.30348,143.02145,143.73939,144.45714,145.17453,145.58032,146.30072,147.02008,147.73829,148.15867,148.87892,149.59753,150.31421,150.74799,151.46537,151.90586,152.62357,153.33861,153.78817,154.50252,154.95808,155.67121,156.13256,156.84412,157.31105,158.0203,158.49238,159.19864,159.67559,160.37851,160.86009,161.34494,162.0447,162.53357,163.02557,163.72096,164.21662,164.71526,165.4052,165.90681,166.41123,167.09424,167.60121,168.11078,168.62291,169.29727,169.81103,170.32713,170.84551,171.36621,172.02844,172.54978,173.07308,173.59829,174.12533,174.6542,175.18479,175.71699,176.35678,176.88794,177.42043,177.95423,178.4892,179.02524,179.56226 0.03711,0.03599,0.03446,0.03255,0.0303,0.02778,0.02505,0.02255,0.01969,0.01677,0.01381,0.01082,0.00781,0.00479,0.00178,-0.0012,-0.00296,-0.00578,-0.00847,-0.01101,-0.01338,-0.01434,-0.01636,-0.01824,-0.02003,-0.02073,-0.02252,-0.02433,-0.02568,-0.0277,-0.02971,-0.03179,-0.03375,-0.03552,-0.03756,-0.03888,-0.04044,-0.04116,-0.04163,-0.04226,-0.04234,-0.0425,-0.04246,-0.04237,-0.04242,-0.04212,-0.04224,-0.04148,-0.04018,-0.03982,-0.03756,-0.03666,-0.03355,-0.03025,-0.02878,-0.0257,-0.02329,-0.02246,-0.02154,-0.0218,-0.02314,-0.0253,-0.02694,-0.02968,-0.03224,-0.03434,-0.03587,-0.0369,-0.0376,-0.03819,-0.03886,-0.03968,-0.0406,-0.04142,-0.04188,-0.04172,-0.04074,-0.0389,-0.03729,-0.03443,-0.03111,-0.02759,-0.02547,-0.02192,-0.01854,-0.01541,-0.01341,-0.01077,-0.00869,-0.00728,-0.0062,-0.00589,-0.00549,-0.00619,-0.00631,-0.00762,-0.00789,-0.00912,-0.00993,-0.00954,-0.00915,-0.00812,-0.00651,-0.00505,-0.00288,-0.00144,-0.00015,0.00148,0.00246,0.00352,0.00444,0.00546,0.00669,0.00807,0.00979,0.01148,0.01318,0.01515,0.01665,0.01793,0.0191,0.01984,0.02036,0.02047,0.02065,0.02079,0.02092,0.02063,0.02087,0.0212,0.02161,0.02184,0.02243,0.02299,0.02346,0.02354,0.02355,0.02327,0.02269,0.02183,0.02073,0.01869,0.01728,0.01581,0.01431,0.0128,0.01129,0.0098,0.00832,0.00708,0.00578,0.00448,0.0032,0.00194,0.0007,-0.0005,-0.00167,-0.00281,-0.0039,-0.00496,-0.006,-0.007,-0.00796,-0.00888,-0.00972,-0.01047,-0.01108,-0.01151,-0.01174,-0.01172,-0.01144,-0.01092,-0.0102,-0.00931,-0.00832,-0.00729,-0.00565,-0.00472,-0.00385,-0.00311,-0.00254,-0.0022,-0.00216,-0.00245,-0.00243,-0.00343,-0.0047,-0.00616,-0.0077,-0.00938,-0.01095,-0.0123,-0.01337,-0.0141,-0.01482,-0.01479,-0.01448,-0.01394,-0.01329,-0.01256,-0.0119,-0.01138,-0.01091,-0.01065,-0.01055,-0.01052,-0.01059,-0.01079,-0.01082,-0.01107,-0.01138,-0.01111,-0.01143,-0.01114,-0.01172,-0.01255,-0.01319,-0.0147,-0.01656,-0.01887,-0.02182,-0.02465,-0.02757,-0.03092,-0.03374,-0.0364,-0.03822,-0.04013,-0.04059,-0.04185,-0.04114,-0.04192,-0.04051,-0.03892,-0.03951,-0.0381,-0.03887,-0.03789,-0.03718,-0.03833,-0.03791,-0.03765,-0.03749,-0.0388,-0.03884,-0.03906,-0.03945,-0.03995,-0.04168,-0.0422,-0.04251,-0.04251,-0.04212,-0.04137,-0.04036,-0.03928,-0.03833,-0.03762,-0.03718,-0.03695,-0.03679,-0.03651,-0.03598,-0.03433,-0.0334,-0.0322,-0.0308,-0.02928,-0.0279,-0.02648,-0.02507,-0.02424,-0.023,-0.02181,-0.02144,-0.0204,-0.02017,-0.0192,-0.01826,-0.01806,-0.01722,-0.01697,-0.01633,-0.01604,-0.01571,-0.01536,-0.01531,-0.01482,-0.01418,-0.01405,-0.01311,-0.01259,-0.01121,-0.00963,-0.00823,-0.00624,-0.00416,-0.00217,-8e-05,0.00187,0.0036,0.00492,0.00604,0.00684,0.00732,0.00732,0.00732,0.00716,0.00693,0.0067,0.00629,0.00622,0.00628,0.00649,0.00683,0.00728,0.00782,0.00839,0.00898,0.00898,0.00953,0.01006,0.01057,0.01104,0.01146,0.01181,0.01205,0.01218,0.01214,0.01193,0.01154,0.01053,0.00972,0.00879,0.0078,0.00681,0.0059,0.00513,0.00457,0.00403,0.00405,0.00434,0.0049,0.00571,0.00673,0.00766,0.00894,0.01035,0.01186,0.01302,0.01469,0.01645,0.01784,0.01973,0.02164,0.02326,0.02515,0.02696,0.02849,0.03007,0.03128,0.03248,0.03341,0.03387,0.0342,0.03394,0.03358,0.0325,0.03146,0.02959,0.02798,0.02549,0.02357,0.02077,0.01793,0.01612,0.01373,0.01184,0.01057,0.00961,0.00931,0.00849,0.00892,0.00971,0.01069,0.01001,0.01101,0.01193,0.01272,0.01335,0.01379,0.014,0.01392,0.01355,0.01291,0.01207,0.01111,0.01008,0.00904,0.00799,0.00691,0.0058,0.00471,0.00436,0.00334,0.00248,0.00184,0.00174,0.00143,0.00135,0.00143,0.00164,0.0018,0.00195,0.00232,0.00247,0.00299,0.00309,0.00304,0.00362,0.00326,0.00373,0.00297,0.00332,0.00238,0.00281,0.00207,0.00274,0.00239,0.00328,0.00322,0.00408,0.00402,0.00462,0.00504,0.0046,0.00467,0.00402,0.0038,0.00351,0.00251,0.00198,0.00138,-0.0001,-0.001,-0.002,-0.00396,-0.00515,-0.00635,-0.00751,-0.00911,-0.00986,-0.01032,-0.01046,-0.01008,-0.00936,-0.00835,-0.00711,-0.005,-0.00352,-0.00212,-0.00089,0.00012,0.00127,0.00163,0.00175,0.00169,0.00149,0.00124,0.00098,0.00081,0.00067,0.00055,0.00041,0.00022,-8e-05,-0.00051,-0.00108,-0.00179,-0.00258,-0.00342,-0.00423,-0.00493,-0.00549,-0.00588,-0.00608,-0.00614,-0.0061,-0.00601,-0.00593,-0.00591,-0.00593,-0.00601,-0.00611,-0.0062,-0.00625,-0.00623,-0.00613,-0.00592,-0.00562,-0.00524,-0.00482,-0.00441,-0.00398,-0.00374,-0.00368,-0.00386,-0.00427,-0.00491,-0.00571,-0.00669,-0.00754,-0.00826,-0.00875,-0.00896,-0.00837,-0.00783,-0.00704,-0.00603,-0.0049,-0.00302,-0.00188,-0.00085,0.00041,0.00103,0.00141,0.00155,0.00136,0.00096,0.00036,-0.0007,-0.0016,-0.00257,-0.00369,-0.00461,-0.00548,-0.00594,-0.00658,-0.00636,-0.00684,-0.00727,-0.00657,-0.00697,-0.00599,-0.00635,-0.00506,-0.00528,-0.00353,-0.00353,-0.00131,-0.00115,0.00141,0.00165,0.00441,0.00468,0.00755,0.01053,0.01076,0.01372,0.01379,0.01653,0.01902,0.01855,0.02048,0.02203,0.02103,0.02217,0.0231,0.02393,0.02482,0.02402,0.02546,0.02738,0.02984,0.03273,0.03583,0.03879,0.03883,0.041,0.04228,0.04256,0.04194,0.04234,0.04085,0.03928,0.03791,0.03689,0.0362,0.03577,0.03643,0.03625,0.03609,0.03596,0.03737,0.03752,0.03771,0.03791,0.03975,0.03979,0.0413,0.04098,0.04058,0.04144,0.04108,0.04182,0.04188,0.04281,0.04332,0.04448,0.04503,0.04622,0.04629,0.04731,0.04648,0.0472,0.04791,0.04584,0.0462,0.04645,0.04337,0.04323,0.04299,0.03965,0.03935,0.03909,0.03695,0.03715,0.03749,0.03793,0.03814,0.03888,0.03949,0.0399,0.04008,0.04104,0.0408,0.04034,0.03976,0.03915,0.0386,0.03819,0.03794,0.03809,0.03804,0.03813,0.03827,0.03834,0.03823,0.03785
208.125 -179.68378,-179.15762,-178.63087,-178.1036,-177.57591,-177.04789,-176.51957,-175.9911,-175.46258,-174.93408,-174.40572,-173.89979,-173.36753,-172.83564,-172.30427,-171.77349,-171.2434,-170.71412,-170.1781,-169.64615,-169.1153,-168.58565,-168.0326,-167.50101,-166.97095,-166.4425,-165.87361,-165.34411,-164.81648,-164.23559,-163.70749,-163.18166,-162.58958,-162.06401,-161.54098,-160.93852,-160.41632,-159.80597,-159.28519,-158.76758,-158.1485,-157.63286,-157.0069,-156.4938,-155.86146,-155.35156,-154.71335,-154.20695,-153.56328,-152.91458,-152.41233,-151.75908,-151.26187,-150.6046,-149.94286,-149.45177,-148.78688,-148.11806,-147.44551,-146.96388,-146.28944,-145.61165,-144.93073,-144.46059,-143.77936,-143.09557,-142.40941,-141.72098,-141.03058,-140.33845,-139.64484,-138.95007,-138.25425,-137.55757,-136.86022,-136.16254,-135.46477,-134.76736,-134.07036,-133.78111,-133.08028,-132.38036,-131.68167,-130.98451,-130.67486,-129.9755,-129.27845,-128.5838,-128.25897,-127.56325,-126.87049,-126.53524,-125.84241,-125.50044,-124.8081,-124.12007,-123.76843,-123.08185,-122.72401,-122.03945,-121.67565,-120.99364,-120.317,-119.94531,-119.2723,-118.89529,-118.51501,-117.84458,-117.45927,-116.79399,-116.40404,-115.74433,-115.35007,-114.95265,-114.29822,-113.89693,-113.2494,-112.84458,-112.43677,-111.79652,-111.38564,-110.97189,-110.34013,-109.92376,-109.50468,-108.88255,-108.4614,-108.03765,-107.42611,-107.00084,-106.57315,-106.14308,-105.54447,-105.11357,-104.68047,-104.2452,-103.80781,-103.22589,-102.78854,-102.34927,-101.90813,-101.46517,-100.90261,-100.46057,-100.01694,-99.57176,-99.1251,-98.67702,-98.22757,-97.69328,-97.24596,-96.79752,-96.34801,-95.8975,-95.44606,-94.99376,-94.54066,-94.08683,-93.63235,-93.17728,-92.7217,-92.24128,-91.7898,-91.33803,-90.88604,-90.43392,-89.98173,-89.52955,-89.07743,-88.62547,-88.17372,-87.72226,-87.24147,-86.78593,-86.3309,-85.87647,-85.42271,-84.96967,-84.51744,-84.06608,-83.61566,-83.16624,-82.71788,-82.27066,-81.73609,-81.28676,-80.8388,-80.39226,-79.94722,-79.50372,-79.06182,-78.49904,-78.05623,-77.61525,-77.17615,-76.73896,-76.15689,-75.71967,-75.28458,-74.85166,-74.42095,-73.82224,-73.39237,-72.96489,-72.53983,-71.92821,-71.50469,-71.08375,-70.46158,-70.04273,-69.6266,-68.99482,-68.58132,-68.17069,-67.53046,-67.1229,-66.71834,-66.07085,-65.66982,-65.01549,-64.61834,-64.22435,-63.56474,-63.17507,-62.50991,-62.12488,-61.4546,-61.07461,-60.3998,-60.02504,-59.34642,-58.97718,-58.29542,-57.93189,-57.24756,-56.89002,-56.20368,-55.85233,-55.16455,-54.4725,-54.13082,-53.43827,-53.10332,-52.41085,-51.71548,-51.01736,-50.69661,-49.99989,-49.30089,-48.99153,-48.29472,-47.59639,-46.89689,-46.19644,-45.90746,-45.21084,-44.51382,-43.81647,-43.11919,-42.42226,-41.72604,-41.03065,-40.3363,-39.64314,-38.95144,-38.26148,-37.57354,-36.88782,-36.20447,-35.73724,-35.05382,-34.37335,-33.69601,-33.02207,-32.54073,-31.86862,-31.20026,-30.53581,-30.04504,-29.3838,-28.88757,-28.23008,-27.57727,-27.07537,-26.42709,-25.92089,-25.27785,-24.64006,-24.13052,-23.4986,-22.98586,-22.3603,-21.84508,-21.2264,-20.70916,-20.18876,-19.5788,-19.05698,-18.45488,-17.93228,-17.4071,-16.81537,-16.28993,-15.76222,-15.18167,-14.65446,-14.12535,-13.55677,-13.02872,-12.49904,-11.96784,-11.41508,-10.88584,-10.35539,-9.82382,-9.29126,-8.75916,-8.22945,-7.69907,-7.16808,-6.63657,-6.10469,-5.59897,-5.07098,-4.54286,-4.01471,-3.4866,-2.95864,-2.43097,-1.90364,-1.37673,-0.85033,-0.32452,0.20061,0.72493,1.24836,1.77085,2.29234,2.81274,3.33197,3.84996,4.36655,4.88173,5.39545,6.0231,6.53725,7.04967,7.56025,8.06894,8.57574,9.21968,9.72575,10.22968,10.73142,11.23084,11.88597,12.38372,12.87906,13.37192,14.0353,14.52568,15.01341,15.68298,16.16784,16.64989,17.32481,17.8034,18.27899,18.95779,19.42953,20.11257,20.58014,21.04454,21.72964,22.18934,22.87716,23.33201,24.0222,24.47187,25.16369,25.60785,26.30072,26.99672,27.43287,28.12926,28.55932,29.25544,29.95372,30.37458,31.07201,31.77117,32.18235,32.87975,33.57824,34.27775,34.67519,35.37209,36.06951,36.76727,37.46508,38.16286,38.86046,39.55776,40.25448,40.95045,41.64543,42.33931,43.03193,43.7232,44.4129,45.10083,45.78686,46.47079,46.83106,47.51518,48.19686,48.87599,49.55237,49.92514,50.60056,51.27285,51.65272,52.32341,52.99063,53.37698,54.04205,54.70333,55.09552,55.754,56.15039,56.8057,57.4567,57.85785,58.50514,58.90985,59.55308,59.96115,60.60002,61.01117,61.64532,62.05931,62.68841,63.105,63.52412,64.1477,64.56909,65.18687,65.61028,66.22199,66.64716,67.07456,67.67924,68.10808,68.53904,69.13604,69.56808,70.0021,70.59084,71.0256,71.46221,71.90063,72.47916,72.91789,73.35829,73.92729,74.36766,74.80957,75.25297,75.69783,76.25302,76.69731,77.14292,77.5898,78.03792,78.57786,79.02488,79.47299,79.92215,80.37231,80.82344,81.34425,81.79366,82.24388,82.69488,83.14661,83.59902,84.05207,84.50573,84.95993,85.41464,85.90242,86.35443,86.8068,87.25949,87.71245,88.16564,88.61901,89.07253,89.52613,89.97979,90.43344,90.88705,91.34058,91.79396,92.24717,92.70015,93.15287,93.60526,94.0573,94.50893,94.99957,95.45382,95.90752,96.36062,96.81309,97.26488,97.71594,98.16623,98.6157,99.1363,99.5875,100.03774,100.48698,100.93518,101.38229,101.82827,102.37026,102.81725,103.26296,103.70737,104.15042,104.70737,105.15089,105.59293,106.03343,106.60228,107.04283,107.4817,107.91886,108.49867,108.93543,109.37035,109.959,110.39318,110.82538,111.4223,111.85343,112.28245,112.88704,113.31464,113.73999,114.35166,114.77526,115.39301,115.8146,116.23375,116.8575,117.27429,117.9034,118.31761,118.95177,119.36315,120.00204,120.41032,121.05359,121.45854,122.10589,122.50728,123.15835,123.55594,124.21039,124.86895,125.26142,125.92279,126.58795,126.97457,127.64192,128.31274,128.6929,129.36534,130.04092,130.41399,131.09054,131.76983,132.45168,132.81467,133.49659,134.18072,134.86697,135.55515,136.24509,136.93656,137.62944,137.96941,138.66037,139.35237,140.04523,140.41213,141.10972,141.80761,142.50572,143.20386,143.90195,144.59972,145.29694,145.69439,146.39427,147.09315,147.79092,148.20215,148.90171,149.59949,150.02042,150.71912,151.41566,151.8458,152.54264,153.23671,153.67529,154.36862,154.8129,155.50517,155.95497,156.64564,157.10059,157.78889,158.24875,158.93434,159.3989,160.08132,160.55017,161.02207,161.70139,162.17718,162.852,163.33141,163.81366,164.48357,164.96882,165.45677,165.94738,166.6113,167.1044,167.59999,168.25626,168.75365,169.25333,169.75532,170.25953,170.90525,171.41036,171.91744,172.42643,172.93728,173.45,173.96445,174.59267,175.10669,175.62218,176.13907,176.65739,177.17694,177.69767,178.21949,178.74232,179.26609,179.79074 0.03643,0.03542,0.034,0.03214,0.02987,0.02724,0.02432,0.02119,0.01792,0.01458,0.01123,0.00847,0.00523,0.00205,-0.00106,-0.00408,-0.00699,-0.00978,-0.01169,-0.0142,-0.01653,-0.01865,-0.01975,-0.0215,-0.02306,-0.02442,-0.02502,-0.02628,-0.02743,-0.02844,-0.0297,-0.03086,-0.03256,-0.03374,-0.03476,-0.0367,-0.03753,-0.03919,-0.03975,-0.04022,-0.04125,-0.04159,-0.04221,-0.0426,-0.04302,-0.04355,-0.04385,-0.04447,-0.04439,-0.04376,-0.04384,-0.04208,-0.04145,-0.03847,-0.03495,-0.03345,-0.02971,-0.02639,-0.02386,-0.02334,-0.02252,-0.02295,-0.02448,-0.02614,-0.02872,-0.03145,-0.03393,-0.03586,-0.03718,-0.03796,-0.03844,-0.03891,-0.03956,-0.04046,-0.04153,-0.04253,-0.04315,-0.04308,-0.04213,-0.04105,-0.03877,-0.03585,-0.03258,-0.02925,-0.02712,-0.02395,-0.02111,-0.01863,-0.01646,-0.0144,-0.01281,-0.01088,-0.01002,-0.00859,-0.00865,-0.00929,-0.00883,-0.01011,-0.01005,-0.01136,-0.01124,-0.01176,-0.01145,-0.01032,-0.00873,-0.0071,-0.00543,-0.00326,-0.00175,-0.00023,0.00083,0.0015,0.00232,0.00319,0.0038,0.00506,0.00624,0.00802,0.0099,0.01173,0.01365,0.0154,0.01666,0.01787,0.01877,0.01881,0.01921,0.01947,0.01885,0.01903,0.01924,0.01951,0.01923,0.01978,0.02043,0.02112,0.02182,0.02195,0.02241,0.02262,0.02252,0.02208,0.02036,0.01933,0.01815,0.01689,0.01561,0.01435,0.01311,0.0113,0.01031,0.00934,0.00838,0.00741,0.00642,0.00542,0.0044,0.00336,0.0023,0.00119,4e-05,-0.00038,-0.00169,-0.00312,-0.00468,-0.00634,-0.00805,-0.00974,-0.01136,-0.01279,-0.01397,-0.01481,-0.01441,-0.01439,-0.014,-0.01327,-0.01227,-0.01108,-0.00982,-0.00857,-0.00741,-0.00639,-0.00555,-0.00489,-0.00386,-0.00358,-0.00353,-0.00372,-0.00414,-0.00479,-0.00562,-0.00648,-0.00768,-0.0089,-0.01008,-0.01115,-0.01252,-0.01327,-0.01378,-0.01407,-0.01416,-0.014,-0.01368,-0.01332,-0.01299,-0.01211,-0.01188,-0.01178,-0.01119,-0.01134,-0.01164,-0.01149,-0.012,-0.01263,-0.01262,-0.01331,-0.01409,-0.0138,-0.01461,-0.01433,-0.01538,-0.01666,-0.01731,-0.01919,-0.02108,-0.02358,-0.02658,-0.02943,-0.03286,-0.03566,-0.03871,-0.04106,-0.04307,-0.04475,-0.04544,-0.04644,-0.04597,-0.04648,-0.04534,-0.04401,-0.04445,-0.04335,-0.04404,-0.04336,-0.04284,-0.04242,-0.0436,-0.0433,-0.04307,-0.04434,-0.04437,-0.04462,-0.04511,-0.04574,-0.04743,-0.04804,-0.04842,-0.04841,-0.04795,-0.04707,-0.0459,-0.04465,-0.04356,-0.04277,-0.04232,-0.04212,-0.04197,-0.04165,-0.04096,-0.03934,-0.03804,-0.03635,-0.03435,-0.03218,-0.03043,-0.02837,-0.02637,-0.0245,-0.02337,-0.02181,-0.02101,-0.01976,-0.01867,-0.01826,-0.01744,-0.01721,-0.01664,-0.01635,-0.01628,-0.01635,-0.01634,-0.01671,-0.01668,-0.01709,-0.01687,-0.0165,-0.01638,-0.0156,-0.01478,-0.01352,-0.01203,-0.01024,-0.00837,-0.00638,-0.00419,-0.00218,-0.00025,0.00139,0.0029,0.00419,0.00521,0.00553,0.00603,0.0063,0.00639,0.00632,0.00585,0.00569,0.00554,0.00544,0.00541,0.00549,0.00527,0.00545,0.0057,0.00601,0.00638,0.0068,0.00728,0.00782,0.00843,0.00908,0.00976,0.01044,0.01108,0.01164,0.01207,0.01235,0.01241,0.01225,0.01187,0.01129,0.01055,0.00971,0.00789,0.00707,0.00643,0.00605,0.00597,0.00622,0.00605,0.00693,0.00807,0.00942,0.01093,0.01188,0.01354,0.01525,0.01694,0.01804,0.01971,0.02129,0.02254,0.02405,0.02542,0.0269,0.02813,0.02915,0.03068,0.03142,0.03266,0.03294,0.03288,0.03328,0.03257,0.03221,0.03086,0.02979,0.02794,0.02635,0.02419,0.02222,0.02001,0.01771,0.01537,0.01312,0.01086,0.00882,0.00689,0.00544,0.00453,0.0032,0.00311,0.00353,0.00433,0.00387,0.00509,0.00645,0.00785,0.00925,0.01055,0.01167,0.0125,0.01296,0.01301,0.01266,0.012,0.01112,0.0101,0.00902,0.00791,0.00682,0.00577,0.00501,0.00411,0.00335,0.00279,0.00243,0.00203,0.00192,0.00189,0.00167,0.00164,0.00149,0.00139,0.00111,0.00075,0.00088,0.00057,0.00086,0.00057,0.00025,0.00042,-0.00011,-0.00013,-0.00083,-0.00087,-0.00143,-0.00121,-0.0013,-0.00069,-0.00026,0.00059,0.00147,0.00212,0.00281,0.00332,0.00365,0.00388,0.00377,0.00349,0.00314,0.00249,0.00171,0.00075,-0.00033,-0.00149,-0.00301,-0.00434,-0.00565,-0.00691,-0.00834,-0.00927,-0.00994,-0.01021,-0.01012,-0.00968,-0.00889,-0.00781,-0.00575,-0.00427,-0.00278,-0.00138,-0.00018,0.00123,0.00174,0.00196,0.00194,0.00174,0.00145,0.0008,0.00052,0.00035,0.0003,0.00032,0.00037,0.00037,0.00027,2e-05,-0.0004,-0.00124,-0.00193,-0.0027,-0.00345,-0.00414,-0.00468,-0.005,-0.00509,-0.00497,-0.00467,-0.00426,-0.00382,-0.00342,-0.00312,-0.00296,-0.00297,-0.00313,-0.00342,-0.0038,-0.0042,-0.00503,-0.00519,-0.00526,-0.00523,-0.00511,-0.00492,-0.0047,-0.00449,-0.00434,-0.00414,-0.00435,-0.00475,-0.00534,-0.0061,-0.00697,-0.00788,-0.00888,-0.00947,-0.00981,-0.00985,-0.00961,-0.00834,-0.00748,-0.00649,-0.00545,-0.00333,-0.00237,-0.00158,-0.00097,0.0003,0.00042,0.00031,0.00041,-0.00016,-0.00088,-0.00176,-0.00273,-0.00373,-0.00498,-0.0059,-0.00671,-0.00762,-0.00815,-0.00862,-0.0089,-0.00909,-0.00918,-0.00928,-0.00915,-0.00921,-0.00876,-0.00871,-0.00778,-0.00758,-0.00614,-0.00581,-0.00395,-0.00355,-0.00142,-0.00103,0.00124,0.00359,0.00377,0.00604,0.00829,0.00794,0.00985,0.01161,0.01057,0.01196,0.01323,0.01171,0.0128,0.01386,0.01499,0.01332,0.01468,0.01641,0.01855,0.02111,0.02396,0.02686,0.02953,0.02743,0.02916,0.03014,0.03036,0.03342,0.03267,0.03169,0.03075,0.03,0.02946,0.02902,0.02854,0.03011,0.0294,0.0286,0.02783,0.02931,0.02894,0.02894,0.03085,0.03135,0.03216,0.03404,0.03494,0.03602,0.03726,0.03827,0.0391,0.04009,0.0407,0.0416,0.04209,0.0426,0.0429,0.04263,0.04264,0.04141,0.04115,0.04094,0.03888,0.03861,0.0365,0.03627,0.03607,0.03442,0.03428,0.03418,0.03413,0.03376,0.03412,0.0347,0.03593,0.03702,0.03824,0.03952,0.04075,0.04284,0.0437,0.04423,0.04439,0.04417,0.04362,0.0428,0.04262,0.04146,0.04036,0.03939,0.03863,0.03811,0.0378,0.03764,0.03755,0.03739,0.03705
213.75 -179.94109,-179.43153,-178.92143,-178.41082,-177.89981,-177.43183,-176.91626,-176.40053,-175.88472,-175.36892,-174.85321,-174.33768,-173.82244,-173.30754,-172.7931,-172.28285,-171.76532,-171.2485,-170.73251,-170.21742,-169.70331,-169.1695,-168.65332,-168.13843,-167.62494,-167.0758,-166.5609,-166.04766,-165.48686,-164.97284,-164.46084,-163.95091,-163.37685,-162.86682,-162.28474,-161.77514,-161.26819,-160.67666,-160.17078,-159.57199,-159.06749,-158.56605,-157.9593,-157.46015,-156.84717,-156.35053,-155.73166,-155.23803,-154.61376,-154.12383,-153.49471,-152.86096,-152.37507,-151.73704,-151.25586,-150.61425,-149.9686,-149.49374,-148.84515,-148.19292,-147.53716,-147.071,-146.41372,-145.75338,-145.09015,-144.63506,-143.97133,-143.30521,-142.63702,-141.96684,-141.29482,-140.6211,-139.94588,-139.26943,-138.59197,-137.9139,-137.23525,-136.55621,-135.87692,-135.19771,-134.51881,-133.84069,-133.55437,-132.87285,-132.19244,-131.51323,-130.83556,-130.53031,-129.85067,-129.17328,-128.49839,-128.17904,-127.50335,-126.8305,-126.50147,-125.82861,-125.49336,-124.82104,-124.15266,-123.80845,-123.14165,-122.79164,-122.12685,-121.77126,-121.10897,-120.74801,-120.08868,-119.72262,-119.06683,-118.69587,-118.04422,-117.66861,-117.02174,-116.64169,-116.00015,-115.61603,-114.98017,-114.59229,-114.20153,-113.57123,-113.17711,-112.78021,-112.15652,-111.75666,-111.3541,-110.73811,-110.33304,-109.92539,-109.31815,-108.90842,-108.49627,-107.89884,-107.48509,-107.06904,-106.65071,-106.06511,-105.64584,-105.22446,-104.801,-104.2288,-103.80505,-103.37939,-102.95188,-102.52254,-101.96742,-101.53858,-101.10813,-100.6761,-100.24253,-99.8075,-99.27451,-98.84093,-98.40607,-97.97,-97.53278,-97.09445,-96.65508,-96.21472,-95.71381,-95.27614,-94.8377,-94.39856,-93.95877,-93.5184,-93.0775,-92.63616,-92.19442,-91.75235,-91.31002,-90.8675,-90.42485,-89.98213,-89.53942,-89.09678,-88.65427,-88.21196,-87.76992,-87.32821,-86.8869,-86.44605,-86.00572,-85.56599,-85.1269,-84.68853,-84.25092,-83.74972,-83.30944,-82.87016,-82.43192,-81.99479,-81.55883,-81.12408,-80.69061,-80.15739,-79.72247,-79.28904,-78.85714,-78.42682,-77.99813,-77.44283,-77.01365,-76.58629,-76.1608,-75.73721,-75.16487,-74.74159,-74.32039,-73.90131,-73.3156,-72.89747,-72.48162,-72.06807,-71.47057,-71.05864,-70.64911,-70.04183,-69.63441,-69.22956,-68.61356,-68.21123,-67.81161,-67.18796,-66.79127,-66.3974,-65.76718,-65.37666,-64.74005,-64.35325,-63.96938,-63.32793,-62.94814,-62.30139,-61.92605,-61.27453,-60.90383,-60.2482,-59.88241,-59.22329,-58.8626,-58.2005,-57.84518,-57.1806,-56.83085,-56.16429,-55.82034,-55.15221,-54.48014,-54.14516,-53.47258,-52.79684,-52.47128,-51.79587,-51.11775,-50.8022,-50.12513,-49.4458,-49.14081,-48.46347,-47.78465,-47.10458,-46.42341,-46.13734,-45.45958,-44.78106,-44.10222,-43.42333,-42.7447,-42.06644,-41.38876,-40.71171,-40.03567,-39.36085,-38.68759,-38.01598,-37.34621,-36.67844,-36.01274,-35.56023,-34.89464,-34.23182,-33.5719,-32.91503,-32.44917,-31.79383,-31.14201,-30.6685,-30.01933,-29.37409,-28.89397,-28.25204,-27.61441,-27.1289,-26.49555,-26.00588,-25.37723,-24.75336,-24.26007,-23.64157,-23.14534,-22.53273,-22.03393,-21.42755,-20.92647,-20.42233,-19.82392,-19.31842,-18.72724,-18.22066,-17.71143,-17.12967,-16.62003,-16.10822,-15.53675,-15.02512,-14.51148,-13.95097,-13.4381,-12.92361,-12.40756,-11.86162,-11.3471,-10.83129,-10.31427,-9.78399,-9.26928,-8.75366,-8.23721,-7.72004,-7.20224,-6.69592,-6.18139,-5.66651,-5.15134,-4.63597,-4.12053,-3.60507,-3.08968,-2.57446,-2.05947,-1.54481,-1.03062,-0.57589,-0.06666,0.44196,1.02043,1.53137,2.04137,2.55038,3.05836,3.56524,4.07096,4.57543,5.07859,5.58031,6.08057,6.57932,7.07653,7.6914,8.18852,8.68382,9.17722,9.66873,10.29633,10.78688,11.27534,11.76167,12.24577,12.88318,13.3654,13.84533,14.48994,14.96754,15.44258,16.09299,16.56517,17.03471,17.69017,18.15648,18.62,19.27915,19.7389,20.40197,20.85778,21.31062,21.97588,22.42432,23.09207,23.53583,24.20582,24.64475,25.31649,25.75029,26.42308,27.09881,27.52492,28.2012,28.62165,29.29786,29.97616,30.38795,31.0654,31.74465,32.42546,32.82513,33.50412,34.18408,34.86491,35.25133,35.92955,36.60821,37.28713,37.96607,38.6449,39.32349,40.00177,40.67946,41.35639,42.03238,42.70727,43.38093,44.05326,44.72411,45.39327,46.06061,46.72596,47.07543,47.74094,48.40411,49.06487,49.42435,50.08445,50.74173,51.39605,51.76427,52.4171,53.06665,53.44108,54.08861,54.73258,55.11266,55.75402,56.13815,56.77655,57.16453,57.79965,58.43053,58.82274,59.44984,59.84529,60.46832,60.86681,61.48543,61.8867,62.29053,62.90443,63.31073,63.9195,64.32804,64.9314,65.34195,65.75479,66.35196,66.76648,67.35759,67.77359,68.19165,68.77562,69.19482,69.61596,70.19223,70.61419,71.03797,71.46355,72.03029,72.45627,72.88392,73.44175,73.86949,74.29875,74.72951,75.27624,75.70668,76.13848,76.5716,77.00601,77.5388,77.97239,78.40713,78.84298,79.2799,79.71786,80.23309,80.66965,81.1071,81.5454,81.98452,82.42441,82.86504,83.30635,83.79685,84.23601,84.67572,85.11595,85.55665,85.99778,86.43929,86.88115,87.32332,87.76574,88.20837,88.65119,89.09413,89.53716,89.98023,90.42331,90.86634,91.30929,91.75212,92.19477,92.63721,93.0794,93.52128,93.96283,94.40399,94.84473,95.285,95.72476,96.16397,96.65423,97.0956,97.53628,97.97624,98.41542,98.85379,99.29132,99.72795,100.24298,100.68102,101.11803,101.55397,101.9888,102.42249,102.95511,103.38962,103.82284,104.25475,104.68531,105.23189,105.66277,106.09216,106.52003,107.07774,107.50552,107.93164,108.49827,108.92399,109.34792,109.77004,110.34622,110.76752,111.18689,111.77078,112.18901,112.60517,113.19621,113.61092,114.20804,114.62107,115.03182,115.63514,116.04389,116.65263,117.05914,117.46318,118.07708,118.47857,119.0972,119.49591,120.11894,120.51462,121.14175,121.5342,122.16514,122.80031,123.18854,123.82701,124.2114,124.85285,125.23318,125.87724,126.52485,126.89955,127.54923,128.20218,128.57068,129.22515,129.88257,130.54284,130.90261,131.5635,132.22685,132.89255,133.24233,133.90788,134.57543,135.24482,135.91589,136.58841,137.26232,137.93747,138.61372,139.29093,139.9689,140.64742,141.32631,142.00545,142.6847,143.36394,144.04294,144.72144,145.10787,145.78906,146.46938,147.14873,147.82688,148.22963,148.90921,149.58706,149.99891,150.67761,151.35424,151.77476,152.45141,152.87761,153.55378,154.22701,154.66091,155.3331,155.77215,156.44256,156.88645,157.55467,158.00324,158.66898,159.12197,159.78444,160.24146,160.70137,161.36102,161.82472,162.4801,162.94717,163.41688,164.06754,164.54019,165.01543,165.66063,166.13839,166.6185,167.10096,167.73891,168.22323,168.7098,169.19851,169.82762,170.31745,170.80921,171.30288,171.79843,172.29582,172.91125,173.40872,173.90776,174.40831,174.91031,175.41377,175.91854,176.42456,176.93174,177.44003,178.0276,178.53424,179.04172,179.54996 0.03467,0.03403,0.0331,0.03182,0.03014,0.02871,0.02619,0.02335,0.02026,0.01701,0.01369,0.01037,0.00709,0.00392,0.00087,-0.0022,-0.00506,-0.00778,-0.01034,-0.01273,-0.01495,-0.01745,-0.01936,-0.02104,-0.02246,-0.02401,-0.02498,-0.02568,-0.02662,-0.02704,-0.02729,-0.02741,-0.02857,-0.02877,-0.0304,-0.03078,-0.03117,-0.03336,-0.03393,-0.03619,-0.03687,-0.03764,-0.0396,-0.04044,-0.04193,-0.04282,-0.0439,-0.04485,-0.04565,-0.04659,-0.04704,-0.04703,-0.04742,-0.04636,-0.04611,-0.04372,-0.04053,-0.03937,-0.03553,-0.03176,-0.0285,-0.0281,-0.02628,-0.02561,-0.02611,-0.02796,-0.02972,-0.03191,-0.03409,-0.03595,-0.03724,-0.03793,-0.03816,-0.0382,-0.03835,-0.03882,-0.03966,-0.04078,-0.04189,-0.04268,-0.0428,-0.04208,-0.04153,-0.03949,-0.03693,-0.03415,-0.03149,-0.02954,-0.02714,-0.02513,-0.02348,-0.02136,-0.01998,-0.01886,-0.01676,-0.01601,-0.01418,-0.01401,-0.01422,-0.01321,-0.01404,-0.01351,-0.01454,-0.01412,-0.0146,-0.0138,-0.01317,-0.01176,-0.01005,-0.00822,-0.00623,-0.00447,-0.00312,-0.00184,-0.00151,-0.00063,-0.00085,9e-05,0.00119,0.00154,0.00323,0.00513,0.00637,0.00861,0.01079,0.01184,0.01366,0.01518,0.01506,0.016,0.01668,0.01568,0.01616,0.01657,0.01697,0.01621,0.01684,0.01752,0.01827,0.01814,0.01896,0.01969,0.02027,0.02063,0.01931,0.01898,0.01835,0.01747,0.01643,0.01531,0.01241,0.01147,0.01065,0.00993,0.0093,0.0087,0.00811,0.00752,0.00622,0.00575,0.00525,0.0047,0.00411,0.00344,0.00269,0.00181,0.00078,-0.00044,-0.00187,-0.00349,-0.00529,-0.0072,-0.00914,-0.01101,-0.0127,-0.01411,-0.01514,-0.01572,-0.01581,-0.01544,-0.01464,-0.01352,-0.0122,-0.0108,-0.00945,-0.00814,-0.00711,-0.00629,-0.00568,-0.00527,-0.00503,-0.00495,-0.00502,-0.00496,-0.00539,-0.00595,-0.00662,-0.00737,-0.00816,-0.00939,-0.01029,-0.01114,-0.0119,-0.01258,-0.01353,-0.01391,-0.01419,-0.01439,-0.01418,-0.01415,-0.01412,-0.01412,-0.01334,-0.01344,-0.01364,-0.01311,-0.01358,-0.01421,-0.01416,-0.01508,-0.01614,-0.01624,-0.01742,-0.01869,-0.01846,-0.01975,-0.01942,-0.02087,-0.02246,-0.02286,-0.02484,-0.02636,-0.02875,-0.03134,-0.03392,-0.03705,-0.0395,-0.04241,-0.04437,-0.04639,-0.04763,-0.04846,-0.04897,-0.04875,-0.04875,-0.04802,-0.0472,-0.04722,-0.04673,-0.04644,-0.04697,-0.047,-0.04699,-0.04775,-0.04776,-0.04773,-0.04859,-0.04878,-0.04916,-0.04973,-0.05042,-0.05158,-0.05218,-0.05252,-0.05245,-0.05192,-0.05095,-0.04969,-0.04837,-0.04721,-0.04638,-0.04591,-0.04567,-0.04545,-0.04501,-0.04414,-0.04274,-0.04138,-0.03932,-0.03694,-0.03442,-0.03192,-0.03034,-0.02811,-0.02613,-0.02476,-0.02312,-0.02172,-0.02061,-0.01955,-0.01873,-0.01796,-0.01753,-0.01704,-0.01703,-0.01733,-0.01719,-0.01782,-0.01781,-0.0185,-0.01844,-0.01886,-0.01855,-0.01813,-0.01767,-0.01682,-0.01562,-0.01435,-0.01293,-0.011,-0.00931,-0.00754,-0.00553,-0.0038,-0.00213,-0.00075,0.0006,0.00181,0.00286,0.00313,0.00382,0.00436,0.00475,0.00446,0.00465,0.00475,0.00477,0.00474,0.00468,0.00436,0.0043,0.00426,0.00424,0.00427,0.00436,0.00454,0.00483,0.00523,0.00576,0.00644,0.00723,0.00777,0.00881,0.00989,0.01105,0.01194,0.0127,0.01328,0.01366,0.01381,0.01373,0.01345,0.01301,0.01248,0.01192,0.01143,0.01109,0.00949,0.00964,0.01008,0.01079,0.01172,0.0119,0.01325,0.01467,0.01608,0.01742,0.01843,0.01969,0.02075,0.02178,0.02262,0.02321,0.0243,0.02471,0.0249,0.02627,0.02636,0.02628,0.02788,0.02762,0.02899,0.02837,0.02751,0.02799,0.02661,0.02631,0.0245,0.02358,0.02155,0.02024,0.01818,0.01662,0.01488,0.01284,0.01087,0.0089,0.00679,0.00474,0.00301,0.00136,0.00019,-0.0004,-0.00104,-0.00069,0.00018,0.00145,0.00199,0.00371,0.00554,0.0074,0.0092,0.01086,0.01226,0.0133,0.01391,0.01406,0.01378,0.01315,0.01226,0.01118,0.00999,0.00874,0.0075,0.00634,0.00574,0.00485,0.00418,0.00373,0.00347,0.00326,0.00309,0.00284,0.00255,0.00205,0.00131,0.00093,8e-05,-0.00073,-0.00082,-0.00124,-0.00107,-0.00107,-0.00082,-0.00067,-0.00055,-0.0007,-0.0009,-0.00131,-0.00163,-0.00197,-0.00197,-0.0019,-0.00158,-0.00077,-7e-05,0.00111,0.00191,0.0031,0.0037,0.00415,0.00477,0.00478,0.00485,0.00439,0.00374,0.00298,0.00194,0.00075,-0.00066,-0.00207,-0.00352,-0.00495,-0.00636,-0.00752,-0.00847,-0.00887,-0.00913,-0.00905,-0.00862,-0.007,-0.00589,-0.00459,-0.00317,-0.00176,0.00038,0.00135,0.00203,0.00235,0.00234,0.00204,0.00125,0.00046,-0.00031,-0.00098,-0.00146,-0.00175,-0.00185,-0.00181,-0.00288,-0.00276,-0.00268,-0.00268,-0.00281,-0.00304,-0.00337,-0.00374,-0.00409,-0.00434,-0.00444,-0.00432,-0.00397,-0.00343,-0.00273,-0.00195,-0.00117,-0.00049,1e-05,0.00028,0.00028,3e-05,-0.00047,-0.00115,-0.00195,-0.00277,-0.00354,-0.00421,-0.00472,-0.0052,-0.00526,-0.00518,-0.005,-0.00477,-0.00455,-0.0044,-0.00439,-0.00482,-0.00532,-0.00604,-0.00695,-0.00798,-0.00904,-0.01006,-0.01069,-0.01107,-0.01118,-0.01103,-0.00962,-0.00893,-0.00817,-0.00739,-0.00527,-0.00461,-0.00408,-0.00248,-0.00233,-0.00236,-0.00256,-0.00216,-0.00274,-0.00343,-0.00382,-0.00469,-0.00554,-0.00621,-0.00691,-0.00751,-0.00792,-0.00819,-0.00849,-0.00857,-0.00883,-0.00888,-0.00898,-0.0093,-0.0095,-0.00971,-0.00995,-0.00976,-0.00994,-0.00916,-0.00919,-0.00781,-0.00611,-0.00593,-0.00402,-0.00392,-0.00206,-0.00218,-0.00053,0.00098,0.00038,0.00156,0.0026,0.00156,0.00237,0.00311,0.00383,0.00248,0.00312,0.00381,0.0046,0.00314,0.00409,0.00528,0.00675,0.00842,0.01017,0.01186,0.0133,0.01438,0.01504,0.01533,0.01534,0.01526,0.01523,0.01532,0.01552,0.01574,0.01586,0.01872,0.01843,0.01795,0.01739,0.01692,0.01908,0.01903,0.01951,0.02201,0.02332,0.02521,0.02792,0.03031,0.03267,0.03512,0.0376,0.03901,0.04094,0.04163,0.04275,0.04286,0.043,0.04265,0.04174,0.04104,0.03921,0.03834,0.03751,0.03538,0.03477,0.03317,0.03297,0.0329,0.03256,0.03282,0.03309,0.03382,0.03423,0.03467,0.03519,0.03686,0.03769,0.03869,0.03985,0.04206,0.04332,0.04452,0.04558,0.04639,0.04687,0.04747,0.04716,0.04647,0.04545,0.04417,0.04275,0.04129,0.03991,0.0387,0.03774,0.03663,0.03601,0.03554,0.03513
219.375 -179.76769,-179.26945,-178.77078,-178.27174,-177.77241,-177.27287,-176.7732,-176.27343,-175.77369,-175.27406,-174.79106,-174.28786,-173.78499,-173.28254,-172.78059,-172.27923,-171.77853,-171.26848,-170.76522,-170.26289,-169.76159,-169.2614,-168.73301,-168.23105,-167.73043,-167.23126,-166.68873,-166.18856,-165.69012,-165.19344,-164.63787,-164.14083,-163.64589,-163.08054,-162.58591,-162.0936,-161.51911,-161.02752,-160.44613,-159.95579,-159.46837,-158.8792,-158.39349,-157.7982,-157.31465,-156.71366,-156.23291,-155.62667,-155.14896,-154.53773,-154.06338,-153.44768,-152.82776,-152.35777,-151.7341,-151.26858,-150.64148,-150.01067,-149.55108,-148.91782,-148.28121,-147.64136,-147.19023,-146.54878,-145.90452,-145.25765,-144.81735,-144.17026,-143.52083,-142.86935,-142.21597,-141.56091,-140.90448,-140.24671,-139.58778,-138.92774,-138.26692,-137.60552,-136.94387,-136.28215,-135.62047,-134.95891,-134.29777,-133.6373,-133.3537,-132.69024,-132.02819,-131.36752,-130.70836,-130.40704,-129.74611,-129.08731,-128.77631,-128.11654,-127.45966,-126.80568,-126.48222,-125.82836,-125.49914,-124.84579,-124.1961,-123.85866,-123.21037,-122.86757,-122.22128,-121.87319,-121.22946,-120.87637,-120.23551,-119.87762,-119.24009,-118.87765,-118.24389,-117.87711,-117.24771,-116.87682,-116.2523,-115.87751,-115.25849,-114.88012,-114.49907,-113.88521,-113.50095,-113.11407,-112.50629,-112.11659,-111.51578,-111.12356,-110.7289,-110.13576,-109.73898,-109.33988,-108.93845,-108.3545,-107.95149,-107.5463,-106.97219,-106.56583,-106.15741,-105.74698,-105.18481,-104.77381,-104.36095,-103.94626,-103.52976,-102.98268,-102.56634,-102.14837,-101.72881,-101.30771,-100.77784,-100.35762,-99.93604,-99.51314,-99.08896,-98.66356,-98.23699,-97.73201,-97.30732,-96.88164,-96.45503,-96.02755,-95.59925,-95.17018,-94.7404,-94.30996,-93.87893,-93.44736,-93.0153,-92.5572,-92.12864,-91.6998,-91.27073,-90.84148,-90.41211,-89.98269,-89.55328,-89.12392,-88.69468,-88.26563,-87.8368,-87.40828,-86.94985,-86.51783,-86.0863,-85.65532,-85.22494,-84.79522,-84.36621,-83.93798,-83.51057,-83.08404,-82.65845,-82.23384,-81.72862,-81.30214,-80.87684,-80.45277,-80.02998,-79.60851,-79.18841,-78.65836,-78.23739,-77.81797,-77.40014,-76.98394,-76.4367,-76.02036,-75.60582,-75.19312,-74.78228,-74.22,-73.80974,-73.4015,-72.99531,-72.42113,-72.01612,-71.61331,-71.0293,-70.62807,-70.22917,-69.83259,-69.23943,-68.84498,-68.45297,-67.85219,-67.4627,-66.85495,-66.4683,-66.08427,-65.47045,-65.08963,-64.71149,-64.09255,-63.718,-63.09358,-62.72293,-62.09364,-61.7271,-61.0935,-60.73128,-60.09393,-59.73628,-59.09558,-58.74274,-58.09919,-57.75135,-57.10528,-56.76273,-56.11464,-55.77745,-55.12798,-54.47491,-54.14593,-53.49233,-52.83556,-52.51539,-51.85879,-51.1993,-50.88855,-50.23002,-49.56943,-49.26831,-48.60951,-47.94915,-47.28741,-46.62431,-46.34093,-45.68078,-45.01998,-44.35883,-43.6975,-43.03613,-42.37487,-41.71383,-41.05338,-40.39377,-39.73521,-39.07782,-38.42177,-37.7671,-37.11411,-36.46301,-35.81403,-35.16732,-34.72727,-34.0808,-33.43692,-32.79586,-32.34506,-31.7056,-31.06937,-30.61126,-29.97721,-29.34677,-28.88215,-28.25489,-27.6316,-27.16191,-26.54238,-26.06832,-25.45301,-24.84215,-24.36481,-23.75893,-23.27852,-22.67788,-22.19466,-21.59971,-21.11439,-20.6261,-20.03847,-19.5485,-18.96742,-18.47618,-17.98247,-17.41009,-16.9158,-16.35075,-15.85617,-15.35948,-14.86082,-14.30789,-13.80982,-13.31,-12.76773,-12.26891,-11.76865,-11.26706,-10.73891,-10.23907,-9.73812,-9.23614,-8.73323,-8.22339,-7.72305,-7.22204,-6.72043,-6.21832,-5.71579,-5.21293,-4.70985,-4.2308,-3.7314,-3.23196,-2.73261,-2.23339,-1.73438,-1.23567,-0.73731,-0.23939,0.25798,0.75474,1.25085,1.74623,2.24083,2.73456,3.22736,3.71909,4.20976,4.78946,5.28114,5.77152,6.26056,6.74812,7.2342,7.71877,8.20179,8.80164,9.28432,9.76519,10.24419,10.72133,11.33251,11.80853,12.28251,12.75443,13.37396,13.84398,14.31177,14.93805,15.40364,15.86685,16.32766,16.95912,17.41703,18.05353,18.50838,18.96062,19.60081,20.04946,20.69325,21.1381,21.58024,22.22618,22.66419,23.31266,23.74621,24.39672,24.82569,25.47801,26.13353,26.55572,27.21201,27.62893,28.28571,28.94508,29.35428,30.0134,30.67442,31.07523,31.73529,32.39701,32.78907,33.44923,34.11049,34.77261,35.43551,35.81185,36.47217,37.13285,37.79373,38.45458,39.1153,39.77574,40.43586,41.09539,41.75418,42.41205,43.06885,43.72446,44.37878,45.03171,45.68302,46.33259,46.66916,47.3191,47.96694,48.61256,48.95901,49.60431,50.24705,50.88711,51.24234,51.88121,52.5171,52.87855,53.51271,54.14361,54.51076,55.13945,55.76458,56.1368,56.75917,57.13512,57.75442,58.1339,58.74982,59.13261,59.74485,60.13076,60.73906,61.12785,61.73188,62.12334,62.72281,63.11671,63.71138,64.10752,64.50596,65.09527,65.49564,66.07949,66.48157,66.88577,67.46331,67.86893,68.27654,68.84723,69.25595,69.66655,70.22985,70.64126,71.05443,71.60984,72.02351,72.43884,72.98591,73.40144,73.81849,74.23703,74.77372,75.19208,75.6118,76.03285,76.45519,76.97883,77.40052,77.82338,78.24737,78.67245,79.18182,79.60578,80.03071,80.45657,80.88332,81.31091,81.73932,82.2284,82.65507,83.08242,83.51041,83.93901,84.36817,84.79786,85.22804,85.65866,86.0897,86.5211,86.95282,87.38484,87.83382,88.26297,88.69229,89.12172,89.55124,89.9808,90.41036,90.83989,91.26933,91.69866,92.12783,92.57655,93.00858,93.44034,93.87176,94.30283,94.73349,95.16371,95.59344,96.02265,96.4513,96.87934,97.30674,97.73347,98.22234,98.65081,99.07848,99.5053,99.93123,100.35624,100.78028,101.28947,101.71464,102.13872,102.56167,102.98346,103.50694,103.92939,104.35055,104.77038,105.18885,105.7254,106.14406,106.56124,106.97689,107.52385,107.93931,108.35312,108.90844,109.32175,109.73331,110.29652,110.70728,111.11616,111.52312,112.09455,112.50033,113.0778,113.48218,113.88443,114.46824,114.8688,115.45807,115.85671,116.25304,116.8477,117.2418,117.84128,118.23295,118.83698,119.22599,119.8343,120.22041,120.83268,121.2157,121.83167,122.21139,122.83075,123.20694,123.82938,124.20184,124.82705,125.45584,125.82322,126.4542,127.08848,127.4502,128.08621,128.72522,129.08071,129.72092,130.36382,130.71252,131.35597,132.00177,132.64979,133.29992,133.63678,134.28656,134.93808,135.59121,136.24572,136.90158,137.55862,138.21674,138.87579,139.5356,140.19594,140.85666,141.51767,142.17882,142.84001,143.50101,144.16159,144.82158,145.20117,145.86364,146.52524,147.18577,147.57785,148.23989,148.90032,149.55905,149.96258,150.6221,151.27946,151.6911,152.34828,152.76528,153.42199,154.07594,154.50022,155.15296,155.582,156.23296,156.66663,157.31555,157.75369,158.4001,158.84233,159.28732,159.9316,160.3804,161.02106,161.47347,162.10988,162.56545,163.02354,163.65551,164.11649,164.5799,165.2067,165.67244,166.14044,166.61067,167.23072,167.70286,168.17707,168.65331,169.265,169.74238,170.22162,170.70273,171.18565,171.78605,172.2693,172.75413,173.24048,173.7283,174.21761,174.70828,175.29065,175.78047,176.27143,176.76345,177.25653,177.75056,178.24546,178.74114,179.23755,179.73463 0.03194,0.0311,0.03011,0.02885,0.0273,0.02546,0.02333,0.02096,0.01843,0.01579,0.01323,0.01038,0.0076,0.00494,0.00243,8e-05,-0.00212,-0.00551,-0.00762,-0.0096,-0.01143,-0.01314,-0.01643,-0.01788,-0.01909,-0.02008,-0.02234,-0.02282,-0.02306,-0.0231,-0.02424,-0.02402,-0.02377,-0.02475,-0.02461,-0.02461,-0.02611,-0.02645,-0.02855,-0.02929,-0.03023,-0.03297,-0.03424,-0.03707,-0.03849,-0.04099,-0.04237,-0.04429,-0.04551,-0.04689,-0.04792,-0.04885,-0.0494,-0.05003,-0.04982,-0.05003,-0.04872,-0.04654,-0.0461,-0.04299,-0.03954,-0.03617,-0.03628,-0.0339,-0.03242,-0.03196,-0.03426,-0.03511,-0.03649,-0.03802,-0.03936,-0.04024,-0.04053,-0.04025,-0.03957,-0.03877,-0.03817,-0.03799,-0.0383,-0.039,-0.03986,-0.04058,-0.0409,-0.04067,-0.04064,-0.03936,-0.03773,-0.036,-0.03439,-0.03274,-0.03127,-0.03007,-0.02818,-0.02711,-0.02613,-0.02516,-0.02317,-0.02228,-0.02042,-0.01984,-0.0195,-0.01824,-0.01849,-0.01766,-0.01827,-0.01763,-0.01797,-0.0171,-0.01662,-0.01521,-0.01383,-0.01198,-0.01027,-0.0084,-0.00724,-0.00578,-0.00569,-0.00473,-0.00549,-0.00468,-0.00376,-0.00448,-0.00303,-0.00129,-0.00115,0.00116,0.00148,0.00398,0.00636,0.00621,0.00817,0.00981,0.01117,0.00988,0.0109,0.01179,0.01049,0.01146,0.01241,0.01336,0.01288,0.01393,0.01491,0.0158,0.01655,0.01558,0.01587,0.01587,0.0156,0.01506,0.01183,0.01083,0.00981,0.00883,0.00798,0.00729,0.00677,0.00428,0.00418,0.00413,0.00411,0.00406,0.00397,0.00384,0.00367,0.00345,0.00319,0.00287,0.00246,0.00166,0.00113,0.00037,-0.00064,-0.00191,-0.00342,-0.00512,-0.0069,-0.00866,-0.0103,-0.01169,-0.01273,-0.01336,-0.01468,-0.01437,-0.01365,-0.01261,-0.01138,-0.01007,-0.00883,-0.00773,-0.00683,-0.00615,-0.00568,-0.00538,-0.00532,-0.00522,-0.00521,-0.00528,-0.00542,-0.00564,-0.00593,-0.00677,-0.00733,-0.00794,-0.00859,-0.00926,-0.01071,-0.01143,-0.01212,-0.01278,-0.0134,-0.01431,-0.01472,-0.01506,-0.01534,-0.01532,-0.01546,-0.01561,-0.01522,-0.01551,-0.01592,-0.01648,-0.0166,-0.0176,-0.01881,-0.01939,-0.02094,-0.02143,-0.0231,-0.02482,-0.0248,-0.02642,-0.02802,-0.02764,-0.0292,-0.02918,-0.03087,-0.03177,-0.0337,-0.03564,-0.03766,-0.04023,-0.04207,-0.04455,-0.04586,-0.04761,-0.04813,-0.04887,-0.04863,-0.04854,-0.04783,-0.04749,-0.04719,-0.04663,-0.04681,-0.04723,-0.0472,-0.04791,-0.04856,-0.04877,-0.04937,-0.04983,-0.05014,-0.05066,-0.05122,-0.05187,-0.05256,-0.05294,-0.05349,-0.05376,-0.05366,-0.05311,-0.05214,-0.0509,-0.0496,-0.04846,-0.04761,-0.04707,-0.04673,-0.04635,-0.04573,-0.04469,-0.04314,-0.04113,-0.0388,-0.03766,-0.03515,-0.03277,-0.03068,-0.02953,-0.02786,-0.02655,-0.0254,-0.02439,-0.02362,-0.02238,-0.02182,-0.02149,-0.02037,-0.02036,-0.01951,-0.01989,-0.02045,-0.02001,-0.02072,-0.02042,-0.02097,-0.02061,-0.0207,-0.0201,-0.01941,-0.01866,-0.01762,-0.01638,-0.01504,-0.0136,-0.01201,-0.01039,-0.00888,-0.00724,-0.00565,-0.00413,-0.00311,-0.00187,-0.00076,-0.00035,0.00048,0.00121,0.00186,0.00178,0.00228,0.00271,0.00308,0.00336,0.00308,0.00325,0.00334,0.00336,0.00333,0.00326,0.00321,0.00318,0.00294,0.00311,0.00342,0.00389,0.00452,0.00531,0.00627,0.00736,0.00854,0.0098,0.01106,0.01231,0.0135,0.01458,0.01551,0.01627,0.01683,0.0172,0.01644,0.01631,0.01607,0.01578,0.01549,0.01524,0.01508,0.01504,0.0142,0.01459,0.01507,0.01561,0.01614,0.01681,0.01747,0.01798,0.01831,0.0194,0.01951,0.01937,0.02039,0.01997,0.01932,0.01849,0.01963,0.01879,0.02022,0.0195,0.01879,0.02055,0.01988,0.02146,0.0206,0.01968,0.02044,0.01923,0.01928,0.0179,0.0174,0.01607,0.01522,0.01414,0.01296,0.01159,0.01051,0.00877,0.00677,0.00561,0.00343,0.00137,0.0004,-0.00108,-0.00193,-0.0021,-0.0019,-0.00105,0.0003,0.002,0.00303,0.00499,0.00698,0.00889,0.01064,0.01214,0.0133,0.01406,0.01438,0.01428,0.01377,0.01294,0.01182,0.01048,0.009,0.00745,0.00595,0.00569,0.0045,0.00358,0.00298,0.00317,0.00294,0.00283,0.0027,0.00274,0.00228,0.00155,0.00113,7e-05,-0.00098,-0.00136,-0.00197,-0.00209,-0.00189,-0.00131,-0.00092,-7e-05,0.00016,0.00073,0.00054,0.0006,5e-05,-0.00014,-0.00068,-0.00063,-0.0008,-0.00016,0.00017,0.00132,0.00198,0.0027,0.00389,0.00447,0.0052,0.00544,0.00551,0.00531,0.00496,0.00441,0.00334,0.00244,0.00139,-0.00019,-0.0014,-0.00266,-0.00408,-0.00516,-0.00614,-0.00655,-0.00697,-0.00713,-0.007,-0.00543,-0.00465,-0.00365,-0.0025,-0.00127,0.00108,0.00206,0.00281,0.00327,0.00337,0.00322,0.0024,0.00129,1e-05,-0.00134,-0.00262,-0.00375,-0.0058,-0.00655,-0.00702,-0.00723,-0.00723,-0.00707,-0.00683,-0.00655,-0.00628,-0.00603,-0.00581,-0.00559,-0.00534,-0.00516,-0.0045,-0.00367,-0.00267,-0.00153,-0.00027,0.00101,0.00222,0.00327,0.00408,0.00456,0.00367,0.00339,0.00278,0.0019,0.00083,-0.00034,-0.00148,-0.00252,-0.00337,-0.00398,-0.00434,-0.00445,-0.00434,-0.00439,-0.00406,-0.00375,-0.00355,-0.00355,-0.00382,-0.00441,-0.00577,-0.00695,-0.00831,-0.00976,-0.01115,-0.01212,-0.01289,-0.01336,-0.01352,-0.01341,-0.01193,-0.01134,-0.01068,-0.00998,-0.00804,-0.00746,-0.00696,-0.00556,-0.00543,-0.00545,-0.0049,-0.00534,-0.00592,-0.0066,-0.00681,-0.00757,-0.00775,-0.00836,-0.00886,-0.00871,-0.00898,-0.00873,-0.0089,-0.0091,-0.00898,-0.00933,-0.00953,-0.0101,-0.01055,-0.0113,-0.01171,-0.01249,-0.01245,-0.01307,-0.01232,-0.01269,-0.01128,-0.01148,-0.00976,-0.01,-0.00834,-0.00679,-0.00733,-0.00603,-0.00485,-0.00557,-0.00453,-0.00364,-0.00433,-0.00363,-0.00311,-0.00385,-0.00355,-0.00332,-0.0031,-0.0028,-0.00374,-0.00332,-0.00276,-0.00213,-0.00148,-0.00096,-0.00063,-0.0005,-0.00056,-0.00072,-0.00086,-0.0009,-0.00075,-0.00043,4e-05,0.00057,0.00107,0.00147,0.00431,0.00442,0.00441,0.00438,0.00689,0.00698,0.00744,0.00839,0.01155,0.01349,0.01614,0.02005,0.02355,0.02742,0.03118,0.03483,0.03767,0.04028,0.0419,0.04297,0.04341,0.04288,0.04243,0.04058,0.03962,0.03857,0.03591,0.03491,0.03248,0.03192,0.03053,0.03065,0.03098,0.03141,0.03224,0.03309,0.03465,0.03554,0.03631,0.03698,0.03859,0.03919,0.03982,0.04055,0.04198,0.04286,0.04385,0.04487,0.04587,0.04672,0.04736,0.04772,0.04775,0.04742,0.04671,0.04567,0.0442,0.04269,0.04107,0.03943,0.03787,0.03648,0.03527,0.03427,0.03343,0.03269
225.0 -179.61817,-179.13089,-178.64326,-178.15536,-177.66724,-177.17897,-176.69065,-176.20234,-175.71412,-175.22606,-174.73826,-174.25076,-173.76367,-173.27538,-172.78541,-172.29605,-171.80739,-171.31953,-170.83255,-170.32306,-169.83405,-169.34609,-168.85933,-168.37385,-167.8478,-167.36111,-166.87592,-166.39227,-165.85352,-165.36925,-164.8869,-164.33863,-163.85621,-163.37583,-162.81853,-162.33853,-161.86095,-161.29539,-160.81885,-160.24699,-159.77164,-159.29909,-158.72005,-158.2495,-157.66501,-157.19679,-156.60703,-156.14132,-155.54671,-155.08413,-154.48517,-154.02617,-153.42311,-152.81608,-152.36101,-151.75053,-151.30013,-150.68679,-150.07002,-149.62527,-149.00608,-148.38381,-147.9459,-147.32222,-146.69583,-146.0668,-145.43521,-145.0087,-144.37689,-143.74321,-143.10764,-142.47032,-141.83131,-141.19083,-140.78467,-140.14618,-139.50679,-138.86663,-138.22575,-137.58443,-137.32836,-136.68283,-136.0373,-135.39217,-134.74747,-134.10332,-133.4598,-132.81724,-132.53227,-131.88733,-131.24398,-130.60237,-130.3045,-129.66143,-129.02038,-128.38155,-128.0717,-127.4324,-126.79598,-126.47762,-125.84161,-125.5179,-124.88254,-124.25067,-123.91931,-123.28874,-122.9524,-122.32365,-121.98249,-121.35602,-120.73433,-120.38659,-119.76796,-119.41592,-118.80072,-118.44459,-118.08585,-117.47319,-117.11063,-116.50243,-116.13624,-115.53298,-115.16343,-114.79138,-114.19291,-113.81775,-113.22544,-112.84749,-112.46717,-111.88105,-111.49829,-111.11325,-110.53413,-110.14703,-109.75774,-109.18644,-108.79547,-108.4024,-107.83977,-107.44542,-107.0491,-106.65083,-106.09869,-105.69963,-105.29877,-104.89612,-104.3559,-103.95298,-103.54841,-103.14223,-102.73447,-102.2092,-101.80184,-101.39307,-100.98291,-100.57141,-100.1586,-99.65244,-99.24082,-98.82806,-98.41421,-97.99931,-97.58341,-97.16656,-96.74879,-96.27013,-95.85457,-95.43828,-95.02131,-94.6037,-94.18551,-93.76678,-93.34758,-92.92795,-92.50795,-92.08762,-91.66703,-91.24622,-90.82525,-90.40417,-89.98304,-89.56192,-89.14085,-88.71989,-88.2991,-87.87853,-87.45823,-87.03825,-86.61866,-86.19949,-85.78081,-85.36267,-84.94511,-84.5282,-84.11196,-83.69647,-83.21756,-82.79987,-82.3831,-81.96728,-81.55247,-81.13871,-80.72605,-80.31453,-79.80817,-79.39547,-78.98409,-78.57404,-78.16539,-77.75816,-77.23273,-76.8251,-76.41906,-76.01464,-75.61185,-75.07152,-74.66902,-74.26832,-73.86941,-73.31718,-72.91908,-72.52293,-71.96101,-71.56605,-71.17317,-70.78237,-70.21106,-69.82194,-69.43502,-68.85592,-68.47107,-68.08852,-67.5024,-67.12229,-66.74454,-66.15227,-65.77731,-65.1789,-64.80707,-64.43773,-63.83454,-63.46858,-62.86047,-62.49813,-61.88561,-61.5271,-60.91056,-60.55612,-59.93597,-59.58582,-58.96237,-58.61679,-57.99047,-57.64955,-57.02098,-56.68488,-56.05454,-55.72336,-55.09175,-54.45661,-54.13313,-53.49735,-52.85822,-52.54305,-51.90399,-51.26238,-50.9558,-50.31506,-49.67227,-49.37462,-48.73329,-48.09024,-47.4456,-46.79973,-46.51858,-45.87541,-45.23159,-44.5872,-43.94242,-43.29722,-42.65203,-42.00706,-41.75515,-41.11468,-40.47486,-40.07551,-39.43309,-38.79171,-38.15159,-37.513,-36.87604,-36.24082,-35.6075,-34.97606,-34.54979,-33.91859,-33.28996,-32.66392,-32.22782,-31.60296,-30.98105,-30.36222,-29.9178,-29.30139,-28.85197,-28.2383,-27.62817,-27.17339,-26.56673,-26.10807,-25.50536,-24.90673,-24.44447,-23.85019,-23.38479,-22.79541,-22.32751,-21.74333,-21.27312,-20.79981,-20.22216,-19.7472,-19.17563,-18.69942,-18.13415,-17.65691,-17.17724,-16.62022,-16.14021,-15.65814,-15.11012,-14.62811,-14.14419,-13.6585,-13.12237,-12.63755,-12.15119,-11.62536,-11.14022,-10.6538,-10.16618,-9.67753,-9.16823,-8.68158,-8.19406,-7.70573,-7.2167,-6.72708,-6.23894,-5.75218,-5.265,-4.77751,-4.28978,-3.80187,-3.31389,-2.82589,-2.33793,-1.85012,-1.36253,-0.8752,-0.38823,0.09834,0.58443,1.06996,1.55482,2.03901,2.52245,3.00509,3.48687,3.96771,4.44753,4.92626,5.40389,5.88037,6.4489,6.9259,7.40152,7.87567,8.34835,8.81952,9.28919,9.8738,10.34289,10.81019,11.2757,11.86974,12.33412,12.79657,13.25706,13.85909,14.31772,14.77425,15.38256,15.83697,16.28914,16.90289,17.35238,17.79952,18.41754,18.86177,19.30356,19.92521,20.36364,20.98877,21.42355,22.05192,22.48294,23.11412,23.54106,24.17438,24.59695,25.23211,25.65025,26.28693,26.70038,27.33797,27.74646,28.38453,29.02511,29.42634,30.06688,30.70941,31.10274,31.7444,32.38765,33.03247,33.41478,34.05796,34.7021,35.34705,35.9927,36.35992,37.00304,37.64646,38.29003,38.93354,39.57691,40.22002,40.86279,41.50497,42.14643,42.78699,43.42654,44.06494,44.70215,45.338,45.65952,46.29618,46.93109,47.56411,48.19515,48.82409,49.15974,49.7884,50.41464,50.7571,51.38244,52.00506,52.35378,52.97498,53.59317,53.94761,54.56396,55.17704,55.53666,56.14732,56.51072,57.11868,57.72297,58.09063,58.69176,59.06267,59.66036,60.03434,60.62835,61.00515,61.59517,61.9746,62.56036,62.94221,63.32641,63.90755,64.2939,64.87016,65.25844,65.64889,66.21959,66.61168,67.17694,67.57049,67.96601,68.52484,68.92152,69.32006,69.87198,70.27138,70.67254,71.21707,71.61883,72.02222,72.42721,72.96261,73.36783,73.77453,74.18269,74.70813,75.11615,75.52549,75.93614,76.45088,76.86102,77.27235,77.68483,78.09842,78.59975,79.01239,79.42603,79.84062,80.25613,80.67252,81.08976,81.57203,81.98773,82.40415,82.82126,83.23903,83.65741,84.07636,84.49586,84.91586,85.37163,85.78934,86.20743,86.62587,87.04461,87.46363,87.88287,88.30231,88.7219,89.1416,89.56139,89.98121,90.40104,90.82083,91.24054,91.66015,92.0796,92.49886,92.91789,93.33666,93.75512,94.17325,94.59099,95.04653,95.46657,95.88611,96.30511,96.72354,97.14136,97.55853,97.97501,98.39077,98.87283,99.29014,99.70661,100.1222,100.53687,100.95058,101.36331,101.86447,102.27815,102.69072,103.10214,103.51239,104.02697,104.43772,104.84718,105.25531,105.78062,106.1889,106.59572,107.00106,107.53635,107.94148,108.345,108.7469,109.29133,109.69264,110.09219,110.64403,111.04272,111.43955,111.99832,112.39401,112.78772,113.35291,113.74517,114.13536,114.70646,115.09493,115.67115,116.05769,116.63882,117.02322,117.40527,117.99103,118.37067,118.96069,119.33771,119.93174,120.30591,120.90363,121.27476,121.87593,122.24383,122.84817,123.4562,123.81984,124.43059,124.79045,125.40362,126.02002,126.3747,126.99301,127.34339,127.96331,128.58606,129.21153,129.55426,130.18066,130.80946,131.14535,131.77446,132.40567,133.03888,133.67397,133.99813,134.63265,135.26871,135.90608,136.54471,137.18449,137.82529,138.467,139.10945,139.75245,140.3958,141.03945,141.68325,142.32712,142.97084,143.61425,144.25708,144.62739,145.27267,145.91715,146.56067,147.20304,147.58812,148.23173,148.87376,149.26713,149.91003,150.55095,150.95224,151.59316,152.23163,152.64019,153.27819,153.69171,154.32882,154.74702,155.38259,156.01475,156.43901,157.06923,157.4977,158.12533,158.55763,158.99254,159.61813,160.0567,160.67882,161.12076,161.56511,162.18361,162.63092,163.24472,163.69481,164.14716,164.75594,165.21053,165.66725,166.12608,166.72861,167.1893,167.65196,168.24717,168.71109,169.17682,169.64433,170.11365,170.69879,171.16867,171.64008,172.11301,172.58741,173.06327,173.63405,174.10959,174.58632,175.06421,175.54322,176.0233,176.50442,176.98647,177.4694,177.95312,178.43759,178.92275,179.40857,179.89496 0.02998,0.02883,0.0276,0.02622,0.02469,0.02298,0.02112,0.01913,0.01708,0.01502,0.01301,0.0111,0.00931,0.00694,0.00521,0.0036,0.00211,0.00069,-0.00068,-0.00401,-0.00546,-0.00687,-0.00825,-0.00958,-0.01307,-0.01418,-0.01516,-0.01601,-0.01843,-0.01889,-0.01931,-0.02069,-0.02089,-0.0212,-0.022,-0.02238,-0.02295,-0.02379,-0.0246,-0.02589,-0.02703,-0.02837,-0.03049,-0.03216,-0.03485,-0.03668,-0.03949,-0.04121,-0.04364,-0.04503,-0.04689,-0.04795,-0.04931,-0.05042,-0.05122,-0.0519,-0.05264,-0.05269,-0.05202,-0.05252,-0.05093,-0.0487,-0.04929,-0.04688,-0.04464,-0.04292,-0.04193,-0.04453,-0.04478,-0.04555,-0.04655,-0.04745,-0.04793,-0.0478,-0.0497,-0.04833,-0.04648,-0.04439,-0.04236,-0.04065,-0.03914,-0.03845,-0.03826,-0.03846,-0.0389,-0.03938,-0.03979,-0.04005,-0.03972,-0.03941,-0.03898,-0.0385,-0.03697,-0.03628,-0.03556,-0.03474,-0.03287,-0.03188,-0.03073,-0.02883,-0.02764,-0.02585,-0.02484,-0.02406,-0.02278,-0.02258,-0.02167,-0.02196,-0.02124,-0.02151,-0.02148,-0.02034,-0.01957,-0.01797,-0.01664,-0.01481,-0.01299,-0.01199,-0.01051,-0.01056,-0.00963,-0.01082,-0.01024,-0.00961,-0.01141,-0.01045,-0.01204,-0.01039,-0.00839,-0.00918,-0.00663,-0.00397,-0.00454,-0.00196,0.0004,-0.00071,0.00121,0.0029,0.00147,0.00302,0.00451,0.00596,0.00532,0.00691,0.00841,0.00978,0.0094,0.01041,0.01116,0.01166,0.01188,0.00964,0.00916,0.00844,0.00754,0.00651,0.00543,0.0017,0.00086,0.00025,-0.00013,-0.00027,-0.00022,-2e-05,0.00025,-0.00125,-0.00087,-0.00053,-0.00025,-1e-05,0.00021,0.00041,0.0006,0.00074,0.0008,0.0007,0.00041,-0.00014,-0.00096,-0.00203,-0.00331,-0.00472,-0.00616,-0.00752,-0.00869,-0.00957,-0.01011,-0.01027,-0.01005,-0.00951,-0.00872,-0.0078,-0.00684,-0.00594,-0.00518,-0.0046,-0.00504,-0.00472,-0.00454,-0.00443,-0.00437,-0.0043,-0.00422,-0.00415,-0.00475,-0.00483,-0.005,-0.00524,-0.00557,-0.00599,-0.00752,-0.00812,-0.00877,-0.00946,-0.01017,-0.0119,-0.01259,-0.01321,-0.01378,-0.01491,-0.01527,-0.01557,-0.01604,-0.01626,-0.01652,-0.01687,-0.01728,-0.01798,-0.01889,-0.01986,-0.02128,-0.02293,-0.02435,-0.02629,-0.0283,-0.02939,-0.03125,-0.03159,-0.03312,-0.03445,-0.03404,-0.0351,-0.03477,-0.03581,-0.03619,-0.03738,-0.03867,-0.03995,-0.04184,-0.04288,-0.0447,-0.04513,-0.04632,-0.04594,-0.04631,-0.04522,-0.04508,-0.04364,-0.04356,-0.04371,-0.04261,-0.04339,-0.04447,-0.04401,-0.04545,-0.04683,-0.0467,-0.04797,-0.04899,-0.04886,-0.04969,-0.05041,-0.05108,-0.05172,-0.05136,-0.05184,-0.0521,-0.05206,-0.05163,-0.05085,-0.04982,-0.04871,-0.04775,-0.0469,-0.04623,-0.04633,-0.04586,-0.04532,-0.04453,-0.04338,-0.04181,-0.03989,-0.03774,-0.03554,-0.03468,-0.03267,-0.03101,-0.0298,-0.02914,-0.02845,-0.02814,-0.02811,-0.02731,-0.02735,-0.02627,-0.0263,-0.02639,-0.02511,-0.02526,-0.02411,-0.02439,-0.02465,-0.02386,-0.02407,-0.02344,-0.02342,-0.02278,-0.0224,-0.02164,-0.0208,-0.02002,-0.01898,-0.01808,-0.01685,-0.01596,-0.01453,-0.01298,-0.01199,-0.01031,-0.00863,-0.00764,-0.00609,-0.00469,-0.00345,-0.00292,-0.00201,-0.00124,-0.00111,-0.00055,-3e-05,0.00045,0.0009,0.00076,0.00114,0.00148,0.00176,0.00196,0.00211,0.0019,0.00202,0.00214,0.0023,0.00253,0.00286,0.00332,0.00392,0.00466,0.00554,0.00656,0.00769,0.0089,0.01016,0.01144,0.01271,0.01395,0.01509,0.01613,0.01704,0.01781,0.0184,0.01881,0.01904,0.01907,0.01891,0.01828,0.01786,0.01736,0.01681,0.01623,0.01565,0.01507,0.01518,0.01486,0.01452,0.01411,0.01506,0.01468,0.01415,0.01347,0.01452,0.01361,0.01255,0.01343,0.01219,0.01091,0.01193,0.01078,0.00975,0.01131,0.01063,0.01011,0.01207,0.0117,0.01349,0.01304,0.01436,0.01374,0.0145,0.01381,0.01412,0.01355,0.01356,0.0132,0.01295,0.01277,0.01208,0.01191,0.01061,0.0088,0.00823,0.00586,0.00341,0.00261,0.00051,-0.00096,-0.00166,-0.00161,-0.00124,-0.00026,0.00118,0.00291,0.00359,0.00543,0.00724,0.00892,0.01038,0.01153,0.0123,0.01265,0.01258,0.0121,0.01126,0.01011,0.00868,0.00707,0.00537,0.00519,0.00358,0.0022,0.00116,0.00055,0.00038,0.00086,0.00109,0.00145,0.0018,0.00191,0.00178,0.0015,0.00081,-3e-05,-0.00069,-0.00143,-0.00178,-0.00193,-0.00149,-0.00118,-0.00014,0.00101,0.00146,0.00232,0.0024,0.00265,0.00231,0.00209,0.00157,0.00138,0.00105,0.00134,0.00141,0.00164,0.0026,0.00307,0.00398,0.00439,0.00476,0.00496,0.00504,0.00456,0.00432,0.00397,0.00274,0.00212,0.0014,-0.00017,-0.00097,-0.00179,-0.00298,-0.0036,-0.00417,-0.00467,-0.00441,-0.00443,-0.00429,-0.00395,-0.00194,-0.00116,-0.00028,0.00067,0.00304,0.00378,0.00437,0.00473,0.00484,0.00487,0.00413,0.00306,0.0017,0.00012,-0.00159,-0.00335,-0.00567,-0.00721,-0.00851,-0.00951,-0.01018,-0.01054,-0.01061,-0.01043,-0.01004,-0.00983,-0.00911,-0.00832,-0.00748,-0.00661,-0.00571,-0.00475,-0.00372,-0.00258,-0.00133,2e-05,0.00142,0.00282,0.00414,0.00529,0.00619,0.00677,0.00699,0.00682,0.00626,0.00535,0.00419,0.00285,0.00078,-0.00048,-0.00154,-0.00234,-0.00285,-0.00305,-0.00301,-0.00277,-0.00242,-0.00252,-0.00226,-0.00219,-0.00243,-0.00302,-0.00401,-0.00536,-0.00739,-0.00916,-0.01097,-0.01267,-0.01413,-0.01497,-0.01558,-0.0158,-0.01568,-0.01451,-0.01386,-0.01305,-0.01216,-0.01052,-0.00971,-0.00894,-0.00827,-0.00739,-0.00718,-0.00716,-0.00724,-0.00775,-0.00842,-0.00901,-0.00985,-0.01071,-0.01092,-0.0116,-0.01225,-0.01178,-0.01226,-0.01155,-0.01199,-0.01136,-0.01191,-0.01255,-0.01241,-0.01328,-0.0136,-0.01463,-0.01517,-0.0162,-0.01657,-0.01739,-0.01718,-0.01767,-0.01678,-0.01554,-0.01576,-0.01442,-0.01475,-0.01355,-0.01234,-0.01287,-0.01163,-0.01203,-0.01065,-0.00929,-0.00808,-0.00838,-0.00752,-0.007,-0.00756,-0.00741,-0.00739,-0.00739,-0.00732,-0.00797,-0.00775,-0.00749,-0.0073,-0.0073,-0.00758,-0.00811,-0.00885,-0.00964,-0.01036,-0.01089,-0.01117,-0.0112,-0.01102,-0.01067,-0.01021,-0.00968,-0.00764,-0.00717,-0.00678,-0.00647,-0.00621,-0.00433,-0.004,-0.00343,-0.00098,0.00031,0.00219,0.00591,0.00896,0.01261,0.01755,0.02179,0.02667,0.03049,0.03443,0.03677,0.0379,0.03957,0.0387,0.03898,0.03655,0.03594,0.0351,0.03189,0.03107,0.02846,0.02819,0.02817,0.02759,0.02842,0.02949,0.03095,0.03246,0.03477,0.03622,0.03746,0.03848,0.04027,0.04078,0.04114,0.04203,0.04219,0.04244,0.04282,0.04336,0.04394,0.04461,0.04533,0.04599,0.04653,0.04685,0.04659,0.04635,0.04579,0.04493,0.04379,0.04244,0.04094,0.03935,0.03777,0.03622,0.03478,0.03345,0.03223,0.0311
230.625 -179.92972,-179.45669,-178.98336,-178.50978,-178.03604,-177.56222,-177.08835,-176.61452,-176.14081,-175.67544,-175.19852,-174.72192,-174.24568,-173.76987,-173.29458,-172.81988,-172.34588,-171.85337,-171.37716,-170.90179,-170.42736,-169.95397,-169.44528,-168.97039,-168.49678,-168.02447,-167.55354,-167.02994,-166.5582,-166.08818,-165.55539,-165.08503,-164.61645,-164.07487,-163.60639,-163.1401,-162.59038,-162.12476,-161.66142,-161.10406,-160.64177,-160.18213,-159.61794,-159.16003,-158.59054,-158.13445,-157.55985,-157.10607,-156.52682,-156.07593,-155.49233,-155.04439,-154.45666,-154.01207,-153.42068,-152.82583,-152.38555,-151.78759,-151.35148,-150.75071,-150.14682,-149.71647,-149.11068,-148.50206,-148.07819,-147.46806,-146.85544,-146.24045,-145.82596,-145.21073,-144.59346,-143.9742,-143.3532,-142.7306,-142.3318,-141.71056,-141.08814,-140.46454,-139.84005,-139.21484,-138.58918,-137.96326,-137.33711,-136.7108,-136.08452,-135.82128,-135.19169,-134.5626,-133.93441,-133.30714,-132.68088,-132.39806,-131.76964,-131.14263,-130.51725,-130.22263,-129.59612,-128.9719,-128.34993,-128.04402,-127.42166,-126.80189,-126.48824,-125.86879,-125.25253,-124.93142,-124.31635,-123.99048,-123.3768,-123.04631,-122.43439,-121.8264,-121.48958,-120.88403,-120.54302,-119.94031,-119.5953,-118.996,-118.64708,-118.05155,-117.69899,-117.34404,-116.7515,-116.39315,-115.80516,-115.44365,-114.8606,-114.49615,-114.12942,-113.55128,-113.1819,-112.60975,-112.23791,-111.86394,-111.29818,-110.92211,-110.54397,-109.9852,-109.60531,-109.22345,-108.83961,-108.28912,-107.90399,-107.51698,-106.97512,-106.58718,-106.19749,-105.80607,-105.27469,-104.8828,-104.4893,-104.09423,-103.69759,-103.17945,-102.78294,-102.38502,-101.98571,-101.58504,-101.082,-100.68204,-100.28088,-99.87856,-99.47511,-99.07056,-98.58656,-98.18344,-97.77938,-97.37443,-96.96863,-96.56201,-96.15463,-95.74653,-95.33775,-94.92833,-94.4773,-94.07044,-93.6631,-93.25534,-92.8472,-92.43873,-92.02997,-91.62097,-91.21177,-90.80244,-90.39301,-89.98354,-89.57406,-89.16464,-88.75532,-88.34614,-87.93716,-87.52842,-87.11997,-86.71186,-86.30414,-85.89684,-85.49003,-85.03873,-84.62937,-84.22064,-83.8126,-83.40528,-82.99874,-82.59301,-82.18813,-81.78415,-81.38112,-80.89691,-80.49246,-80.0891,-79.68687,-79.28582,-78.88597,-78.38276,-77.98221,-77.58302,-77.18521,-76.78883,-76.27055,-75.87405,-75.47911,-75.08575,-74.694,-74.16252,-73.77125,-73.38171,-72.99392,-72.452,-72.06515,-71.68018,-71.12964,-70.74598,-70.36428,-69.98457,-69.42578,-69.04782,-68.67193,-68.10617,-67.73238,-67.16001,-66.7886,-66.41941,-65.84131,-65.47478,-65.11051,-64.52752,-64.16621,-63.57833,-63.22018,-62.62773,-62.27299,-61.92063,-61.32521,-60.97649,-60.37733,-60.03253,-59.42994,-59.08915,-58.48374,-58.14714,-57.53935,-56.9276,-56.59733,-55.98382,-55.65817,-55.0433,-54.42475,-54.10635,-53.48711,-53.17367,-52.55412,-51.93205,-51.62634,-51.00461,-50.38064,-49.75439,-49.45997,-48.83486,-48.20812,-47.58003,-47.29739,-46.67143,-46.04444,-45.41656,-44.78776,-44.15847,-43.52892,-43.26942,-42.64349,-42.01765,-41.39205,-40.76672,-40.14182,-39.51766,-38.89445,-38.27235,-37.87646,-37.25286,-36.63058,-36.00992,-35.39102,-34.77412,-34.36171,-33.74497,-33.13033,-32.51804,-32.0957,-31.48469,-30.87641,-30.27094,-29.84088,-29.2373,-28.63686,-28.20109,-27.60346,-27.16346,-26.56893,-25.97786,-25.53356,-24.94614,-24.49856,-23.91527,-23.46468,-22.88574,-22.43227,-21.85796,-21.40223,-20.83302,-20.37542,-19.91503,-19.35219,-18.89022,-18.33312,-17.87016,-17.40486,-16.85539,-16.38943,-15.92127,-15.37993,-14.91171,-14.44168,-13.90911,-13.43942,-12.968,-12.495,-11.97399,-11.50204,-11.02876,-10.5542,-10.04568,-9.57261,-9.09851,-8.62348,-8.14759,-7.67088,-7.18154,-6.70716,-6.23218,-5.75668,-5.28077,-4.80448,-4.32787,-3.85104,-3.37405,-2.91566,-2.44209,-1.96856,-1.49511,-1.02182,-0.54878,-0.07604,0.39636,0.86834,1.33985,1.81082,2.28117,2.75083,3.21978,3.75326,4.2237,4.69322,5.16174,5.62919,6.09556,6.56081,7.02491,7.4878,8.04409,8.50701,8.96853,9.4286,9.88723,10.45551,10.91355,11.3699,11.82452,12.27743,12.85522,13.3069,13.75674,14.34153,14.78957,15.23563,15.82634,16.27038,16.71231,17.30827,17.74767,18.18483,18.78488,19.21927,19.6514,20.25496,20.68394,21.29091,21.71641,22.32649,22.74846,23.36135,23.77948,24.39454,24.80855,25.4254,25.83523,26.45366,26.85911,27.47856,28.10057,28.49932,29.12175,29.74657,30.13829,30.76287,31.38924,31.77331,32.39881,33.02589,33.65432,34.02777,34.65453,35.28216,35.91057,36.53968,36.89865,37.52522,38.15206,38.77898,39.40587,40.03261,40.65917,41.28533,41.91092,42.53579,43.15981,43.78287,44.40488,45.02578,45.33474,45.95663,46.57699,47.19567,47.81259,48.13365,48.75064,49.36566,49.9785,50.30836,50.92056,51.53028,52.13745,52.47504,53.0809,53.42283,54.02712,54.62845,54.97565,55.57489,56.17089,56.52279,57.11628,57.4717,58.06238,58.42112,59.00872,59.3706,59.95492,60.31973,60.90043,61.26797,61.8448,62.21487,62.78761,63.16003,63.72843,64.10298,64.47975,65.0433,65.42194,65.98058,66.3609,66.74325,67.29621,67.67996,68.06563,68.61241,68.99921,69.38783,69.92795,70.31743,70.70863,71.24168,71.63346,72.02685,72.55236,72.94606,73.34125,73.7379,74.25406,74.65068,75.04865,75.44793,75.95402,76.35293,76.75303,77.1543,77.55671,78.05017,78.45179,78.85442,79.25803,79.6626,80.06808,80.54574,80.94994,81.35494,81.7607,82.1672,82.57438,82.98223,83.3907,83.79975,84.25281,84.65988,85.06741,85.47539,85.88376,86.2925,86.70157,87.11093,87.52055,87.93039,88.34041,88.75058,89.16086,89.57122,89.98161,90.39201,90.80237,91.21266,91.62284,92.03287,92.44273,92.85237,93.26175,93.67085,94.07962,94.48802,94.89603,95.3036,95.71071,96.16355,96.57266,96.98118,97.38908,97.79632,98.20287,98.60869,99.01376,99.41802,99.89551,100.30106,100.70571,101.1094,101.51212,101.91382,102.40712,102.80962,103.21099,103.61119,104.0102,104.51614,104.91553,105.3136,105.71034,106.22637,106.62314,107.01846,107.41228,107.93769,108.33121,108.72313,109.25608,109.64742,110.03705,110.57709,110.96587,111.35282,111.89953,112.28537,112.66928,113.22219,113.60471,113.98519,114.54378,114.92259,115.48611,115.86307,116.23781,116.8062,117.17881,117.75155,118.12182,118.69866,119.06641,119.64713,120.01215,120.59647,120.95855,121.5462,121.90516,122.4959,122.85155,123.4451,123.79724,124.39331,124.99264,125.34008,125.9415,126.2849,126.88803,127.494,127.83185,128.43914,129.049,129.66134,129.99147,130.60446,131.21958,131.54287,132.15808,132.77517,133.39404,134.01459,134.63668,134.94594,135.567,136.1892,136.81249,137.43674,138.06186,138.6877,139.31411,139.94086,140.56787,141.19504,141.82225,142.44938,143.07625,143.70264,144.06455,144.69328,145.32123,145.94832,146.57436,146.95055,147.57791,148.20376,148.58787,149.21459,149.83955,150.46249,150.85648,151.47926,151.87807,152.50049,153.12033,153.52585,154.1447,154.55455,155.17182,155.58592,156.20141,156.61964,157.23297,157.65502,158.26553,158.69115,159.29857,159.72767,160.3317,160.76397,161.19845,161.79897,162.23629,162.83231,163.27228,163.71438,164.30553,164.74975,165.19599,165.64421,166.2295,166.67952,167.1314,167.70966,168.16277,168.61759,169.07415,169.64386,170.1012,170.56002,171.02031,171.48206,171.94521,172.50202,172.96515,173.42948,173.89497,174.36159,174.82929,175.29806,175.76784,176.3041,176.77254,177.24175,177.71169,178.18231,178.65355,179.12534,179.5976 0.03301,0.03151,0.02998,0.02838,0.0267,0.02494,0.02312,0.02125,0.01939,0.01707,0.01534,0.01373,0.01229,0.011,0.00986,0.00885,0.00792,0.00599,0.00502,0.00403,0.00298,0.00187,-0.00086,-0.00215,-0.00348,-0.00484,-0.00623,-0.00933,-0.01065,-0.01197,-0.01467,-0.01582,-0.01703,-0.01896,-0.02008,-0.02132,-0.02249,-0.02371,-0.02505,-0.02571,-0.02707,-0.02851,-0.02911,-0.03067,-0.03169,-0.03344,-0.03509,-0.03698,-0.03908,-0.04089,-0.04302,-0.04454,-0.04637,-0.04758,-0.04911,-0.05054,-0.05163,-0.05298,-0.05421,-0.05542,-0.05622,-0.05756,-0.05772,-0.0572,-0.05846,-0.05733,-0.0559,-0.05452,-0.05643,-0.05585,-0.05587,-0.05641,-0.05729,-0.05814,-0.06125,-0.06143,-0.06087,-0.05951,-0.05747,-0.05495,-0.05219,-0.04946,-0.04694,-0.0448,-0.04314,-0.04108,-0.04049,-0.04044,-0.0409,-0.04175,-0.04283,-0.04233,-0.04319,-0.04379,-0.04404,-0.0425,-0.04211,-0.04138,-0.04034,-0.03838,-0.03707,-0.03559,-0.03367,-0.03216,-0.03075,-0.02909,-0.02812,-0.02679,-0.02648,-0.0255,-0.02575,-0.02621,-0.02536,-0.02562,-0.02445,-0.02404,-0.02243,-0.0214,-0.01955,-0.01847,-0.01683,-0.01536,-0.01543,-0.01461,-0.016,-0.01574,-0.01819,-0.01811,-0.01787,-0.02059,-0.01981,-0.02204,-0.02044,-0.01841,-0.01956,-0.01695,-0.0142,-0.01487,-0.01219,-0.00966,-0.00734,-0.00834,-0.00627,-0.00431,-0.00492,-0.00283,-0.00075,0.00128,0.00138,0.00321,0.00478,0.00604,0.00696,0.00563,0.00579,0.00561,0.00514,0.00441,0.00115,4e-05,-0.00111,-0.00221,-0.00317,-0.00391,-0.00623,-0.00636,-0.00624,-0.00589,-0.00539,-0.00481,-0.00421,-0.00364,-0.00314,-0.00268,-0.00304,-0.00255,-0.00203,-0.00145,-0.00083,-0.00021,0.00035,0.00077,0.00099,0.00094,0.00063,8e-05,-0.00067,-0.00151,-0.00235,-0.00311,-0.0037,-0.00407,-0.00418,-0.00406,-0.00372,-0.00325,-0.0027,-0.00376,-0.00315,-0.00267,-0.00234,-0.00216,-0.0021,-0.00211,-0.00213,-0.00213,-0.00206,-0.00279,-0.00262,-0.00243,-0.00226,-0.00216,-0.00215,-0.00343,-0.0037,-0.00408,-0.00454,-0.00508,-0.00704,-0.00771,-0.00842,-0.00915,-0.00986,-0.01178,-0.01239,-0.01295,-0.01346,-0.01473,-0.01508,-0.01545,-0.01638,-0.01684,-0.01743,-0.0182,-0.01967,-0.02093,-0.02241,-0.02463,-0.02653,-0.02883,-0.03084,-0.03273,-0.03444,-0.03593,-0.03713,-0.03764,-0.03827,-0.03805,-0.03835,-0.03803,-0.03831,-0.03853,-0.03894,-0.03932,-0.0403,-0.04058,-0.04167,-0.04146,-0.04213,-0.04115,-0.04118,-0.04099,-0.0391,-0.03877,-0.03676,-0.03684,-0.03734,-0.03593,-0.03727,-0.03638,-0.03842,-0.04059,-0.04033,-0.0425,-0.04437,-0.04585,-0.04544,-0.04642,-0.04713,-0.04771,-0.04679,-0.04724,-0.04765,-0.04796,-0.0481,-0.04799,-0.04764,-0.04645,-0.04598,-0.04546,-0.04494,-0.04446,-0.04399,-0.04343,-0.0427,-0.0417,-0.04152,-0.04006,-0.03835,-0.03651,-0.03467,-0.03297,-0.0323,-0.03102,-0.03019,-0.02985,-0.02967,-0.02993,-0.03052,-0.03131,-0.03104,-0.03173,-0.03228,-0.0314,-0.03154,-0.03035,-0.03015,-0.0297,-0.02851,-0.02792,-0.02692,-0.02625,-0.02544,-0.02468,-0.02399,-0.02319,-0.02256,-0.02183,-0.02122,-0.02053,-0.02001,-0.01922,-0.01877,-0.01774,-0.0165,-0.01573,-0.01416,-0.01244,-0.01129,-0.00953,-0.00785,-0.00683,-0.00548,-0.00435,-0.00342,-0.00307,-0.00245,-0.00193,-0.00147,-0.00137,-0.00093,-0.00049,-5e-05,0.00038,0.00077,0.00117,0.00155,0.0019,0.00222,0.00254,0.00288,0.00326,0.00371,0.00423,0.0054,0.00607,0.00684,0.00768,0.00858,0.00952,0.01047,0.0114,0.0123,0.01314,0.01392,0.01463,0.01526,0.0158,0.01721,0.01759,0.01781,0.01784,0.01765,0.01723,0.01658,0.01571,0.01465,0.01457,0.01339,0.01219,0.01099,0.00983,0.01039,0.00946,0.00858,0.00773,0.00689,0.00786,0.00694,0.00595,0.00666,0.00547,0.00424,0.00475,0.0035,0.00236,0.00322,0.00242,0.00185,0.00345,0.00327,0.00324,0.0052,0.00523,0.00708,0.00699,0.00855,0.00836,0.00967,0.00955,0.01074,0.01081,0.01191,0.0122,0.01306,0.01341,0.01375,0.01347,0.01341,0.01214,0.01017,0.00933,0.00667,0.00395,0.00289,0.0007,-0.00081,-0.00155,-0.00177,-0.00155,-0.00077,0.00043,0.00192,0.00219,0.00385,0.00552,0.00706,0.00835,0.00929,0.00979,0.00983,0.00945,0.00867,0.00758,0.00625,0.00477,0.00325,0.00293,0.00147,0.00026,-0.00056,-0.00092,-0.00085,-0.00059,8e-05,0.00099,0.00128,0.00212,0.00276,0.00307,0.00261,0.00226,0.00146,0.00074,6e-05,-0.0006,-0.00076,-0.00052,-0.00033,0.00052,0.00106,0.00202,0.00251,0.00308,0.00323,0.00321,0.00302,0.00268,0.0024,0.00225,0.00216,0.00251,0.00269,0.0034,0.00369,0.00397,0.00444,0.00453,0.00445,0.00427,0.00404,0.00327,0.00283,0.00233,0.00112,0.00046,-0.00023,-0.00149,-0.0021,-0.00261,-0.00316,-0.00329,-0.00329,-0.00256,-0.00212,-0.00159,-0.00098,0.00118,0.00203,0.00288,0.0037,0.00591,0.00643,0.00678,0.00693,0.00684,0.00678,0.00596,0.00488,0.00357,0.00206,0.00039,-0.00191,-0.00362,-0.00523,-0.00669,-0.00797,-0.00902,-0.00983,-0.01038,-0.01066,-0.00993,-0.00965,-0.00916,-0.00848,-0.00766,-0.00675,-0.00578,-0.00479,-0.00378,-0.00275,-0.00171,-0.00061,0.00053,0.00173,0.00295,0.00416,0.0053,0.0063,0.0071,0.00765,0.00789,0.00781,0.00738,0.00664,0.00563,0.00443,0.00316,0.00193,0.00085,-0.00054,-0.00111,-0.0014,-0.00143,-0.00128,-0.00103,-0.00078,-0.00061,-0.00063,-0.0012,-0.0018,-0.00278,-0.00412,-0.00579,-0.00769,-0.0101,-0.01204,-0.01378,-0.01519,-0.01618,-0.01674,-0.01678,-0.01642,-0.01573,-0.01458,-0.01349,-0.01227,-0.011,-0.00977,-0.00865,-0.00763,-0.00713,-0.00663,-0.00639,-0.00711,-0.00761,-0.00838,-0.00994,-0.01111,-0.01237,-0.0135,-0.01464,-0.01574,-0.01578,-0.01657,-0.01594,-0.0165,-0.01699,-0.01611,-0.01658,-0.01597,-0.01653,-0.0164,-0.01705,-0.01736,-0.01803,-0.01856,-0.01912,-0.0195,-0.01978,-0.01963,-0.01957,-0.01896,-0.01873,-0.01807,-0.01743,-0.01743,-0.01687,-0.01687,-0.01615,-0.01514,-0.01501,-0.01378,-0.0125,-0.01134,-0.01152,-0.0108,-0.01038,-0.01096,-0.01085,-0.01081,-0.01072,-0.01054,-0.01028,-0.01068,-0.0105,-0.01057,-0.011,-0.01178,-0.01282,-0.01395,-0.01501,-0.01589,-0.01655,-0.01699,-0.01722,-0.01722,-0.01695,-0.01639,-0.01503,-0.01423,-0.01339,-0.01261,-0.01196,-0.011,-0.01062,-0.01028,-0.00925,-0.00874,-0.00802,-0.00704,-0.00459,-0.00276,0.00097,0.00379,0.00682,0.01221,0.01544,0.02085,0.02312,0.02749,0.02799,0.03075,0.02938,0.03063,0.02793,0.02816,0.02506,0.02499,0.02261,0.02296,0.02349,0.02338,0.02481,0.02653,0.02866,0.03085,0.03396,0.03612,0.03802,0.0396,0.04198,0.04277,0.04321,0.04425,0.04409,0.04384,0.04359,0.04402,0.04391,0.04398,0.04423,0.04461,0.04508,0.04581,0.04615,0.04638,0.04644,0.04628,0.04589,0.04525,0.04439,0.04399,0.04286,0.0416,0.04024,0.03883,0.03739,0.03593,0.03448
236.25 -179.82752,-179.36439,-178.90105,-178.43757,-177.97402,-177.51044,-177.0469,-176.58348,-176.12023,-175.65723,-175.19453,-174.73218,-174.27027,-173.79576,-173.33141,-172.8677,-172.40469,-171.94242,-171.48098,-170.98787,-170.52468,-170.06258,-169.60161,-169.14179,-168.63408,-168.17311,-167.71354,-167.25552,-166.73666,-166.2781,-165.82115,-165.36594,-164.83667,-164.38152,-163.92843,-163.39147,-162.9388,-162.48825,-161.94399,-161.49436,-160.94475,-160.49651,-160.05082,-159.49487,-159.05077,-158.48999,-158.04801,-157.48279,-157.04329,-156.47376,-156.03679,-155.46323,-155.02932,-154.45227,-154.02195,-153.44159,-153.01481,-152.43138,-151.84485,-151.42279,-150.83402,-150.2424,-149.82578,-149.23221,-148.63604,-148.22569,-147.62853,-147.0291,-146.42749,-146.02594,-145.42386,-144.81994,-144.21445,-143.60745,-143.21881,-142.61254,-142.00502,-141.39642,-140.78693,-140.17682,-139.56605,-138.95472,-138.34288,-137.73083,-137.1187,-136.50689,-135.89537,-135.28424,-134.67352,-134.40419,-133.79094,-133.17863,-132.56753,-131.95787,-131.67394,-131.06272,-130.4531,-129.84519,-129.55052,-128.94184,-128.33536,-128.03315,-127.4267,-126.82295,-126.51342,-125.91005,-125.30956,-124.99321,-124.3937,-124.07296,-123.4748,-122.88043,-122.55342,-121.96115,-121.63011,-121.04017,-120.70523,-120.11793,-119.77926,-119.19497,-118.85272,-118.27186,-117.92621,-117.34918,-117.00026,-116.42763,-116.07566,-115.72155,-115.15274,-114.79583,-114.232,-113.87254,-113.511,-112.95214,-112.58831,-112.22247,-111.66936,-111.30151,-110.93172,-110.38505,-110.01356,-109.6402,-109.10077,-108.726,-108.34944,-107.81789,-107.44028,-107.06099,-106.68003,-106.15779,-105.7762,-105.39304,-105.00834,-104.4965,-104.11161,-103.72529,-103.33758,-102.9485,-102.44969,-102.06094,-101.67095,-101.27975,-100.88737,-100.40316,-100.01166,-99.6191,-99.22554,-98.831,-98.43552,-98.03913,-97.64187,-97.1809,-96.78536,-96.38909,-95.99214,-95.59454,-95.19634,-94.79757,-94.39828,-93.99851,-93.5983,-93.1977,-92.79674,-92.39547,-91.97662,-91.57835,-91.17991,-90.78134,-90.38269,-89.98399,-89.5853,-89.18665,-88.78809,-88.38966,-87.99141,-87.57228,-87.17104,-86.77011,-86.36954,-85.96937,-85.56964,-85.17039,-84.77167,-84.37352,-83.97598,-83.57909,-83.18288,-82.7874,-82.32622,-81.92903,-81.53272,-81.13732,-80.74286,-80.34938,-79.95692,-79.5655,-79.08113,-78.68885,-78.29775,-77.90787,-77.51923,-77.02029,-76.63132,-76.24372,-75.85753,-75.47276,-74.96082,-74.57626,-74.19324,-73.81178,-73.28946,-72.90864,-72.52949,-72.15203,-71.62042,-71.24402,-70.86941,-70.32995,-69.95675,-69.58541,-69.03873,-68.66911,-68.30143,-67.74831,-67.38265,-67.01899,-66.46019,-66.09883,-65.73953,-65.17575,-64.81903,-64.25028,-63.89635,-63.32289,-62.97201,-62.62328,-62.04635,-61.70088,-61.12012,-60.77807,-60.1939,-59.85541,-59.26829,-58.93354,-58.34374,-58.01289,-57.42077,-57.09396,-56.49976,-55.90177,-55.58122,-54.98189,-54.66573,-54.06548,-53.46232,-53.15298,-52.54943,-51.94321,-51.64118,-51.03493,-50.42648,-50.132,-49.52433,-48.915,-48.30403,-48.02028,-47.41087,-46.80004,-46.18799,-45.57502,-44.96141,-44.69547,-44.08462,-43.47338,-42.86187,-42.25003,-41.63826,-41.02676,-40.41576,-39.80528,-39.19548,-38.58631,-37.97801,-37.37079,-36.7649,-36.37646,-35.76976,-35.1646,-34.56099,-33.95922,-33.55797,-32.95667,-32.35754,-31.76069,-31.35059,-30.75474,-30.16146,-29.74518,-29.15385,-28.56539,-28.1436,-27.55736,-27.13117,-26.54779,-25.96772,-25.53768,-24.96091,-24.5273,-23.95402,-23.51736,-22.94815,-22.50894,-21.94399,-21.50231,-20.9418,-20.49799,-19.94233,-19.49697,-19.04903,-18.49966,-18.05034,-17.59866,-17.05608,-16.60376,-16.06702,-15.61424,-15.1594,-14.70261,-14.17545,-13.71885,-13.26059,-12.74192,-12.28421,-11.82495,-11.3643,-10.85675,-10.39728,-9.93661,-9.47482,-9.01194,-8.51897,-8.05783,-7.59589,-7.13319,-6.66978,-6.20572,-5.74109,-5.26971,-4.80766,-4.34526,-3.88255,-3.41959,-2.95645,-2.4932,-2.02991,-1.56664,-1.10344,-0.64038,-0.17753,0.28505,0.7473,1.20917,1.67061,2.13156,2.59197,3.05173,3.51083,3.96921,4.42685,4.88369,5.33967,5.86501,6.32181,6.77757,7.23226,7.68585,8.13827,8.58948,9.13144,9.58249,10.03216,10.48048,10.92737,11.4803,11.9264,12.37087,12.81372,13.37483,13.8165,14.25644,14.82423,15.26243,15.69878,16.27227,16.70669,17.13915,17.71768,18.14772,18.57568,19.15816,19.58351,20.17018,20.59265,21.01292,21.60214,22.01913,22.61144,23.02512,23.6202,24.03027,24.62753,25.03372,25.63278,26.03508,26.63578,27.23939,27.63574,28.24009,28.63197,29.23683,29.84411,30.22939,30.83656,31.44556,32.05628,32.43195,33.0419,33.65326,34.26584,34.63128,35.24213,35.85386,36.46637,37.07957,37.69321,38.04177,38.65262,39.26357,39.8745,40.4854,41.09604,41.70627,42.31594,42.92493,43.53314,43.82466,44.43454,45.04335,45.65094,46.25718,46.86197,47.46519,47.77373,48.37725,48.97903,49.57885,49.89621,50.49564,51.09283,51.41654,52.01287,52.60672,52.93625,53.52884,54.11871,54.4536,55.04168,55.62679,55.96649,56.54942,56.89271,57.47316,57.81984,58.39756,58.97187,59.32226,59.89342,60.24671,60.8145,61.17049,61.52888,62.09319,62.45405,63.01439,63.37751,63.93366,64.29885,64.8506,65.21769,65.58687,66.13361,66.50441,66.87721,67.41845,67.7926,68.32859,68.70393,69.08109,69.61087,69.98895,70.36873,70.75019,71.27227,71.65432,72.03794,72.55278,72.93673,73.32215,73.709,74.21486,74.60171,74.98989,75.37936,75.87552,76.26466,76.65499,77.04647,77.43908,77.9231,78.31498,78.70787,79.10173,79.49655,79.89227,80.36114,80.75567,81.151,81.5471,81.94394,82.34147,82.73968,83.13851,83.58613,83.98316,84.38071,84.77875,85.17724,85.57616,85.97546,86.37511,86.77508,87.17532,87.57582,87.97652,88.37741,88.77843,89.17956,89.58076,89.982,90.38324,90.78445,91.18558,91.58662,91.98751,92.38823,92.78875,93.18902,93.58901,93.98869,94.38802,94.78696,95.1855,95.58358,95.98117,96.37824,96.82565,97.22454,97.6228,98.02039,98.41729,98.81345,99.20885,99.60345,100.07214,100.46794,100.86283,101.25678,101.64975,102.04171,102.52558,102.91828,103.30985,103.70028,104.08953,104.58555,104.97513,105.36341,105.75038,106.25611,106.64308,107.02862,107.41269,107.92742,108.31117,108.69335,109.07393,109.59695,109.97687,110.35509,110.8848,111.26211,111.6376,112.17353,112.54784,112.92024,113.462,113.83297,114.37968,114.74903,115.11629,115.66799,116.03336,116.5895,116.95281,117.51315,117.8742,118.23292,118.79711,119.15331,119.72112,120.07461,120.64581,120.99642,121.57073,122.14849,122.4954,123.07591,123.41943,124.00242,124.34236,124.92755,125.51573,125.85086,126.44083,126.77188,127.36325,127.95721,128.28263,128.87764,129.47497,130.07454,130.39218,130.99215,131.59403,132.19771,132.50653,133.10993,133.7149,134.32133,134.92912,135.53814,135.83246,136.43998,137.04841,137.65764,138.26755,138.87802,139.48892,140.10001,140.7112,141.32243,141.93355,142.54448,142.89601,143.5095,144.12226,144.7343,145.34548,145.9557,146.32382,146.93552,147.54573,148.15437,148.53249,149.14184,149.74938,150.1347,150.74232,151.34753,151.73946,152.3442,152.74061,153.34462,153.94572,154.34802,154.9475,155.35378,155.95145,156.36161,156.95713,157.37088,157.96359,158.38069,158.97036,159.39075,159.97709,160.40047,160.82589,161.40883,161.83693,162.26712,162.84612,163.27873,163.85261,164.28723,164.72374,165.16212,165.73039,166.1705,166.61236,167.17392,167.61696,168.06163,168.50791,169.06135,169.50844,169.95693,170.40681,170.85807,171.40055,171.85197,172.30461,172.75842,173.21333,173.66932,174.12636,174.65221,175.10843,175.56552,176.02339,176.48203,176.94138,177.40139,177.86206,178.32327,178.78498,179.24712,179.70964 0.03741,0.03589,0.03429,0.03261,0.03081,0.0289,0.02691,0.02488,0.02286,0.02092,0.01912,0.01749,0.01603,0.01354,0.01247,0.01149,0.01054,0.00959,0.00858,0.00688,0.0058,0.00465,0.00342,0.00215,0.00024,-0.00111,-0.0025,-0.00392,-0.00641,-0.00796,-0.00958,-0.0113,-0.01414,-0.01597,-0.01788,-0.02049,-0.0224,-0.02433,-0.02634,-0.02816,-0.02953,-0.03121,-0.03285,-0.03362,-0.03516,-0.03576,-0.0373,-0.0381,-0.03968,-0.04085,-0.0424,-0.04382,-0.04524,-0.04669,-0.04792,-0.04933,-0.05045,-0.05193,-0.05353,-0.05484,-0.05668,-0.05852,-0.06006,-0.06168,-0.0628,-0.06418,-0.06454,-0.06433,-0.06375,-0.06496,-0.06461,-0.06466,-0.0652,-0.06618,-0.06862,-0.06986,-0.07076,-0.07102,-0.07049,-0.06916,-0.06717,-0.06474,-0.06206,-0.05932,-0.05665,-0.05414,-0.0519,-0.05008,-0.04881,-0.04637,-0.04634,-0.04693,-0.04798,-0.04916,-0.04842,-0.04932,-0.0497,-0.04948,-0.04789,-0.0469,-0.04551,-0.04353,-0.04191,-0.04023,-0.03824,-0.03663,-0.0352,-0.03342,-0.03248,-0.03103,-0.03083,-0.03116,-0.03026,-0.03111,-0.0302,-0.03096,-0.0297,-0.02981,-0.028,-0.02728,-0.02513,-0.02405,-0.02206,-0.02148,-0.02018,-0.02082,-0.02044,-0.02037,-0.02286,-0.02333,-0.02653,-0.02703,-0.02725,-0.03008,-0.0296,-0.02863,-0.03008,-0.02824,-0.02603,-0.02627,-0.02369,-0.02104,-0.02102,-0.01857,-0.01621,-0.01631,-0.01408,-0.01181,-0.0095,-0.00912,-0.00672,-0.0044,-0.00225,-0.00222,-0.00068,0.0005,0.00128,0.00169,-0.00024,-0.00049,-0.00103,-0.00179,-0.00273,-0.00515,-0.0061,-0.007,-0.00776,-0.0083,-0.00858,-0.00858,-0.00832,-0.00817,-0.0075,-0.00676,-0.00603,-0.00535,-0.00473,-0.00417,-0.00362,-0.00305,-0.0024,-0.00165,-0.00081,9e-05,0.00163,0.00256,0.00332,0.00383,0.00405,0.004,0.00371,0.00327,0.00275,0.00224,0.00181,-0.00018,-0.00031,-0.00027,-8e-05,0.0002,0.00052,0.00082,0.00107,0.00122,0.00127,0.00121,0.00109,0.00094,-0.00018,-0.00022,-0.00017,-3e-05,0.0002,0.00048,0.00077,0.00103,0.00015,0.00016,4e-05,-0.00022,-0.0006,-0.00238,-0.00297,-0.00363,-0.00435,-0.00513,-0.00723,-0.00802,-0.00881,-0.0096,-0.01141,-0.01206,-0.01268,-0.01328,-0.01453,-0.01506,-0.01564,-0.01697,-0.01778,-0.01874,-0.02084,-0.02226,-0.02379,-0.0267,-0.02844,-0.0301,-0.03296,-0.03431,-0.03536,-0.03722,-0.03766,-0.03852,-0.03844,-0.0386,-0.03827,-0.03787,-0.03801,-0.0377,-0.03816,-0.0379,-0.03853,-0.03799,-0.03836,-0.0372,-0.03697,-0.03509,-0.03434,-0.03197,-0.03114,-0.03062,-0.02836,-0.02856,-0.02683,-0.02806,-0.02991,-0.02929,-0.03196,-0.03479,-0.03482,-0.03751,-0.03973,-0.03948,-0.04086,-0.04171,-0.0422,-0.04096,-0.04115,-0.0414,-0.04174,-0.04217,-0.04263,-0.04146,-0.04201,-0.04246,-0.04279,-0.04297,-0.04301,-0.04289,-0.04258,-0.04205,-0.04127,-0.04023,-0.03896,-0.03752,-0.03599,-0.03548,-0.03394,-0.03253,-0.03138,-0.03057,-0.03032,-0.03015,-0.03049,-0.03129,-0.03168,-0.03288,-0.03415,-0.03436,-0.03525,-0.03572,-0.03515,-0.03481,-0.0338,-0.03281,-0.03146,-0.03027,-0.02873,-0.0277,-0.02619,-0.02539,-0.02403,-0.02346,-0.02235,-0.022,-0.02121,-0.02105,-0.02056,-0.02048,-0.0203,-0.01994,-0.01954,-0.01889,-0.01812,-0.017,-0.01583,-0.01431,-0.01264,-0.01092,-0.00963,-0.00809,-0.00672,-0.00594,-0.00494,-0.00412,-0.00343,-0.00305,-0.00244,-0.00185,-0.00125,-0.00062,0.00028,0.00103,0.00176,0.00245,0.00309,0.00367,0.00418,0.00556,0.00598,0.00635,0.00669,0.00703,0.00738,0.00776,0.00819,0.00865,0.00913,0.00963,0.01009,0.01052,0.0109,0.01121,0.01146,0.01166,0.01181,0.01193,0.01201,0.01205,0.01201,0.01187,0.01159,0.01297,0.01227,0.01134,0.0102,0.0089,0.00747,0.00601,0.00622,0.00486,0.00364,0.00259,0.0017,0.0025,0.00179,0.00116,0.00056,0.00123,0.00046,-0.00038,-0.00014,-0.00115,-0.00215,-0.00201,-0.00286,-0.00352,-0.00282,-0.00304,-0.00304,-0.00166,-0.00141,0.0002,0.00043,0.00061,0.0021,0.00212,0.00359,0.00359,0.00518,0.00532,0.00711,0.00745,0.00936,0.00981,0.01159,0.01301,0.01325,0.01394,0.01375,0.01331,0.01198,0.01087,0.00854,0.00584,0.00316,0.0019,-0.00014,-0.00156,-0.00233,-0.00256,-0.00248,-0.00191,-0.00093,0.00039,0.00194,0.00245,0.00411,0.00564,0.00688,0.00768,0.00799,0.0078,0.00721,0.00632,0.00524,0.0048,0.00357,0.00239,0.00138,0.00061,0.00018,0.00015,-0.00016,0.00038,0.0013,0.00247,0.00254,0.00377,0.00483,0.00469,0.00525,0.00537,0.00462,0.00404,0.00314,0.00207,0.00117,0.0005,0.00011,0.00017,0.00037,0.001,0.0015,0.00218,0.00261,0.00286,0.00282,0.00281,0.00252,0.00246,0.00243,0.00254,0.00273,0.00333,0.00367,0.00442,0.00465,0.0051,0.00503,0.00485,0.0046,0.00415,0.00366,0.00301,0.00237,0.00161,0.00085,5e-05,-0.0008,-0.00157,-0.00221,-0.00268,-0.00272,-0.00262,-0.00227,-0.00101,-0.00012,0.00089,0.00195,0.00426,0.00536,0.00636,0.00718,0.0088,0.0091,0.00916,0.00896,0.00852,0.00776,0.00665,0.00533,0.0038,0.00214,0.00042,-0.00182,-0.0033,-0.00457,-0.00561,-0.00642,-0.00704,-0.00749,-0.00779,-0.00692,-0.00683,-0.00661,-0.00626,-0.00577,-0.00515,-0.00443,-0.00364,-0.00281,-0.00197,-0.00114,-0.00031,0.0005,0.00133,0.00216,0.00302,0.00388,0.00474,0.00554,0.00627,0.00686,0.00727,0.00748,0.00745,0.00717,0.00664,0.00589,0.00498,0.00397,0.00297,0.00206,0.00131,0.00077,8e-05,-5e-05,-6e-05,-1e-05,1e-05,-6e-05,-0.00029,-0.00072,-0.0013,-0.00225,-0.00349,-0.00501,-0.00676,-0.00863,-0.01085,-0.01266,-0.01422,-0.01541,-0.01617,-0.01662,-0.01639,-0.01576,-0.01478,-0.01359,-0.01217,-0.01065,-0.00907,-0.00784,-0.00645,-0.00519,-0.00414,-0.00412,-0.00378,-0.00384,-0.00547,-0.0065,-0.00795,-0.01074,-0.01265,-0.01466,-0.01682,-0.01848,-0.01942,-0.02046,-0.02125,-0.02076,-0.021,-0.02002,-0.02,-0.01907,-0.01897,-0.01876,-0.01828,-0.01808,-0.01806,-0.01789,-0.01831,-0.01817,-0.01878,-0.01919,-0.01879,-0.01868,-0.01799,-0.01765,-0.01692,-0.01678,-0.01678,-0.01627,-0.01635,-0.01586,-0.01579,-0.01546,-0.01511,-0.0147,-0.01421,-0.01373,-0.01404,-0.01384,-0.01372,-0.01363,-0.01429,-0.01405,-0.01364,-0.01308,-0.01254,-0.01218,-0.01246,-0.01269,-0.01342,-0.01454,-0.01584,-0.01711,-0.01823,-0.01914,-0.01989,-0.02046,-0.02081,-0.0208,-0.02008,-0.01943,-0.0184,-0.01712,-0.01573,-0.01438,-0.01357,-0.01264,-0.01202,-0.01172,-0.01164,-0.01176,-0.01216,-0.01171,-0.01208,-0.01256,-0.01071,-0.01062,-0.00733,-0.00645,-0.00547,-0.00025,0.00097,0.00648,0.00704,0.0118,0.01115,0.01465,0.01292,0.01523,0.0131,0.01475,0.01316,0.01484,0.01649,0.01683,0.01919,0.02169,0.02419,0.02725,0.03063,0.0338,0.03668,0.03922,0.04213,0.04386,0.04508,0.04672,0.04711,0.04717,0.04696,0.04788,0.04754,0.0472,0.04694,0.04679,0.04826,0.04825,0.04832,0.04842,0.0485,0.04853,0.04847,0.04952,0.04916,0.04866,0.04802,0.04724,0.04633,0.04529,0.04416,0.04293,0.04163,0.04027,0.03887
241.875 -179.7309,-179.28043,-178.82988,-178.37928,-177.92871,-177.48228,-177.02869,-176.57528,-176.12212,-175.66924,-175.21672,-174.76461,-174.31301,-173.86197,-173.41156,-172.96182,-172.48251,-172.03083,-171.58002,-171.13018,-170.68136,-170.2336,-169.73777,-169.28874,-168.84096,-168.39454,-167.88805,-167.44098,-166.9954,-166.55135,-166.03481,-165.59056,-165.14821,-164.62425,-164.18213,-163.74191,-163.21081,-162.7712,-162.33385,-161.7963,-161.3601,-160.92624,-160.38259,-159.95015,-159.4019,-158.97141,-158.41894,-157.99058,-157.43388,-157.00776,-156.4472,-156.02389,-155.45992,-155.03977,-154.47247,-154.05549,-153.48516,-153.07186,-152.49908,-151.92348,-151.5149,-150.93702,-150.53272,-149.95307,-149.37112,-148.97288,-148.38981,-147.80449,-147.21703,-146.8266,-146.23875,-145.64934,-145.05825,-144.46559,-144.08674,-143.49456,-142.90115,-142.30681,-141.71157,-141.11546,-140.5185,-139.92088,-139.32278,-138.72436,-138.126,-137.52758,-136.92919,-136.33089,-135.73296,-135.13552,-134.53899,-133.94331,-133.6718,-133.07412,-132.47747,-131.88208,-131.28812,-131.00343,-130.40845,-129.81551,-129.22451,-128.92996,-128.33853,-127.74932,-127.44796,-126.85889,-126.27249,-125.96461,-125.37915,-125.06705,-124.48266,-123.90151,-123.58343,-123.00373,-122.68181,-122.10399,-121.77831,-121.20272,-120.87342,-120.30051,-119.73199,-119.39785,-119.06166,-118.49509,-118.15571,-117.59266,-117.25027,-116.69106,-116.34582,-115.79083,-115.44293,-115.09306,-114.54209,-114.18978,-113.64402,-113.28944,-112.93298,-112.39235,-112.03391,-111.67364,-111.13875,-110.77677,-110.41302,-109.88444,-109.51927,-109.15241,-108.6308,-108.2628,-107.89319,-107.37912,-107.00867,-106.6367,-106.26322,-105.7583,-105.38435,-105.009,-104.63226,-104.25415,-103.76062,-103.38253,-103.00319,-102.62262,-102.24084,-101.76009,-101.37881,-100.99646,-100.61304,-100.22859,-99.84314,-99.37851,-98.99415,-98.60891,-98.22283,-97.83595,-97.44828,-97.05988,-96.67077,-96.22891,-95.84163,-95.45378,-95.06539,-94.6765,-94.28714,-93.89735,-93.50716,-93.11662,-92.72577,-92.33464,-91.94328,-91.55171,-91.15999,-90.76815,-90.37623,-89.98428,-89.59232,-89.20041,-88.80858,-88.41687,-88.02532,-87.63397,-87.24287,-86.85204,-86.46153,-86.07138,-85.68162,-85.2923,-84.90345,-84.5151,-84.1273,-83.74008,-83.29801,-82.90896,-82.52062,-82.13302,-81.7462,-81.3602,-80.97504,-80.59075,-80.12595,-79.74059,-79.35623,-78.9729,-78.59064,-78.20946,-77.72857,-77.34689,-76.96643,-76.58719,-76.20922,-75.71557,-75.33758,-74.96096,-74.58573,-74.2119,-73.7069,-73.33356,-72.96172,-72.44834,-72.07727,-71.7078,-71.33993,-70.81828,-70.45156,-70.08654,-69.55796,-69.19436,-68.83253,-68.29764,-67.93753,-67.57924,-67.03862,-66.68233,-66.32791,-65.78218,-65.43003,-64.87911,-64.52941,-64.18168,-63.62675,-63.28168,-62.72256,-62.38033,-61.8174,-61.4782,-60.91172,-60.57571,-60.00601,-59.67334,-59.10056,-58.77143,-58.19597,-57.87048,-57.29279,-56.97105,-56.39155,-56.07365,-55.49266,-54.90844,-54.59651,-54.01125,-53.70353,-53.11732,-52.52844,-52.22726,-51.63826,-51.04708,-50.7527,-50.16192,-49.5692,-48.97446,-48.68992,-48.0962,-47.50103,-46.9047,-46.30726,-46.03591,-45.44048,-44.84421,-44.24703,-43.64935,-43.05135,-42.45327,-41.85511,-41.25702,-40.6589,-40.06107,-39.46373,-38.86713,-38.2713,-37.67634,-37.0823,-36.48917,-35.89727,-35.5187,-34.92633,-34.33553,-33.74639,-33.15885,-32.76864,-32.18146,-31.5965,-31.19964,-30.61571,-30.03405,-29.63082,-29.05062,-28.47308,-28.06477,-27.48944,-26.91693,-26.5039,-25.93384,-25.51714,-24.95016,-24.53029,-23.96657,-23.54355,-22.98324,-22.5574,-22.00101,-21.57294,-21.0207,-20.5905,-20.04249,-19.61034,-19.17567,-18.6334,-18.19749,-17.66015,-17.22311,-16.78379,-16.25289,-15.81302,-15.3712,-14.84742,-14.40537,-13.96142,-13.44505,-13.0013,-12.55606,-12.10928,-11.60295,-11.15683,-10.70935,-10.26061,-9.81075,-9.31748,-8.86895,-8.4194,-7.96889,-7.5175,-7.06534,-6.58886,-6.13873,-5.68799,-5.23666,-4.78484,-4.3326,-3.88002,-3.42713,-2.974,-2.52069,-2.06726,-1.61377,-1.17367,-0.72338,-0.27317,0.17689,0.62673,1.07632,1.52558,2.00919,2.46061,2.91155,3.36191,3.81165,4.26074,4.70914,5.15683,5.60373,6.0498,6.49494,7.00732,7.45311,7.8979,8.34162,8.78422,9.22565,9.75207,10.19333,10.63332,11.07202,11.50936,12.04619,12.48271,12.91774,13.35125,13.89594,14.32833,14.75908,15.31009,15.7392,16.16656,16.72316,17.14872,17.57245,18.13384,18.55526,18.97477,19.54005,19.95714,20.52649,20.94084,21.51368,21.92499,22.50095,22.90921,23.48811,23.89304,24.47431,24.87564,25.45885,25.85652,26.44155,26.83546,27.42178,27.81163,28.39879,28.98847,29.37235,29.96257,30.55494,30.93234,31.52444,32.11832,32.71394,33.08219,33.67697,34.27305,34.87022,35.22848,35.82401,36.42052,37.01773,37.61549,38.21365,38.81208,39.41067,40.00938,40.60807,41.20653,41.80465,42.40228,42.99933,43.59569,44.19137,44.78611,45.37981,45.97236,46.56364,46.85763,47.4496,48.0401,48.629,48.93213,49.52106,50.10806,50.69307,51.00435,51.58876,52.1709,52.48812,53.06931,53.648,53.97063,54.54782,55.1223,55.44986,56.02245,56.35366,56.92409,57.25878,57.82685,58.39173,58.73027,59.29234,59.63387,60.19289,60.53725,61.09304,61.44002,61.99231,62.34174,62.69347,63.24202,63.59596,64.1405,64.49645,65.03672,65.39451,65.75435,66.28975,66.65118,67.18186,67.5447,67.90943,68.43452,68.80041,69.16808,69.68714,70.05572,70.42598,70.93862,71.30955,71.68207,72.05613,72.56079,72.9352,73.31105,73.68832,74.18431,74.56161,74.94022,75.32011,75.80676,76.18637,76.56715,76.94908,77.33213,77.80713,78.1895,78.57288,78.95724,79.34254,79.72875,80.18912,80.57422,80.96012,81.34679,81.7342,82.12232,82.51112,82.95329,83.34046,83.72819,84.11646,84.50524,84.89449,85.28417,85.67426,86.06472,86.45552,86.84663,87.238,87.62961,88.02143,88.41341,88.80553,89.19776,89.59309,89.9825,90.37191,90.767,91.15923,91.55137,91.94336,92.33519,92.72682,93.11822,93.50935,93.90017,94.29066,94.68078,95.0705,95.45979,95.84861,96.23692,96.6247,97.01192,97.4539,97.84275,98.23093,98.6184,99.00513,99.3911,99.77626,100.16058,100.62275,101.00813,101.39256,101.77603,102.15849,102.63334,103.01647,103.39849,103.77938,104.15908,104.64561,105.02561,105.40432,105.78173,106.27761,106.65499,107.03096,107.40549,107.91006,108.28425,108.65689,109.02796,109.54049,109.9109,110.27962,110.79861,111.16643,111.53246,112.05749,112.42238,112.78538,113.31602,113.67761,114.21298,114.57299,114.93095,115.4712,115.82734,116.37185,116.72596,117.27449,117.62641,117.97603,118.52833,118.87551,119.43133,119.77588,120.33494,120.67669,121.2388,121.57755,122.14248,122.47806,123.04547,123.61596,123.9474,124.52007,124.84786,125.42243,125.99972,126.3226,126.90139,127.48266,127.8001,128.38237,128.9669,129.27844,129.86359,130.45074,130.7559,131.34322,131.93229,132.52289,133.11503,133.4093,134.00077,134.59351,135.18741,135.78237,136.3782,136.97477,137.57204,137.84619,138.44135,139.03692,139.63277,140.22873,140.56482,141.16368,141.76238,142.36082,142.95888,143.55638,144.15311,144.74895,145.1072,145.70469,146.30109,146.8962,147.48984,147.86034,148.45458,149.04703,149.42445,150.01718,150.60777,150.99162,151.58168,152.16921,152.55912,153.14583,153.5398,154.1252,154.5229,155.10653,155.68678,156.08961,156.66773,157.07396,157.64933,158.05865,158.47006,159.04333,159.45779,160.0276,160.44478,161.01049,161.43012,161.85167,162.41352,162.83739,163.26309,163.82012,164.24764,164.6769,165.22838,165.6593,166.09186,166.63699,167.07068,167.50588,167.94259,168.47991,168.91743,169.35632,169.79648,170.32446,170.76486,171.20648,171.6493,172.09323,172.53822,173.05267,173.49711,173.94247,174.38877,174.8359,175.28381,175.73244,176.18177,176.63175,177.08235,177.5714,178.02016,178.46932,178.91884,179.36868,179.81878 0.04436,0.04318,0.04195,0.04066,0.03923,0.03522,0.03333,0.03134,0.02927,0.02721,0.02521,0.02332,0.02155,0.01989,0.0183,0.01673,0.01373,0.01228,0.01075,0.00911,0.00741,0.00567,0.004,0.00251,0.00112,-0.00017,-0.00128,-0.00246,-0.00363,-0.00482,-0.00677,-0.0083,-0.00995,-0.01285,-0.01479,-0.01676,-0.02,-0.02201,-0.02394,-0.02695,-0.02874,-0.03038,-0.03288,-0.0343,-0.03623,-0.03741,-0.03878,-0.03979,-0.04085,-0.04177,-0.04281,-0.0437,-0.04489,-0.04576,-0.04706,-0.04783,-0.04916,-0.0498,-0.0512,-0.05273,-0.05339,-0.05531,-0.05604,-0.05841,-0.06089,-0.06174,-0.06405,-0.06586,-0.06704,-0.06732,-0.06783,-0.06805,-0.06831,-0.06891,-0.06963,-0.07103,-0.07271,-0.07443,-0.07583,-0.07667,-0.07681,-0.07625,-0.07513,-0.07361,-0.0718,-0.06982,-0.06766,-0.06535,-0.06294,-0.06056,-0.05838,-0.0566,-0.05402,-0.05345,-0.05334,-0.05355,-0.0538,-0.05332,-0.05341,-0.05309,-0.05233,-0.05107,-0.04976,-0.04828,-0.04646,-0.04489,-0.04338,-0.04146,-0.04012,-0.03829,-0.0374,-0.03696,-0.03576,-0.03621,-0.03542,-0.03662,-0.03594,-0.03732,-0.03629,-0.03711,-0.03736,-0.0351,-0.03261,-0.03155,-0.02888,-0.02782,-0.02574,-0.02561,-0.02465,-0.02593,-0.0261,-0.02664,-0.02941,-0.03041,-0.03323,-0.03409,-0.03466,-0.03638,-0.03618,-0.0355,-0.03551,-0.03406,-0.03226,-0.03117,-0.02911,-0.02697,-0.02588,-0.02393,-0.02196,-0.02115,-0.0192,-0.01711,-0.01489,-0.01406,-0.01188,-0.00975,-0.00777,-0.00603,-0.00654,-0.00545,-0.00464,-0.00412,-0.00389,-0.00533,-0.00541,-0.0057,-0.00616,-0.00675,-0.0074,-0.00796,-0.00839,-0.00867,-0.00874,-0.00857,-0.00817,-0.00758,-0.00685,-0.00527,-0.00451,-0.0038,-0.00317,-0.00258,-0.00201,-0.0014,-0.00067,0.00018,0.00117,0.00226,0.00338,0.00442,0.00529,0.00592,0.00627,0.00633,0.00615,0.00579,0.00533,0.00486,0.00444,0.00411,0.00389,0.00378,0.00377,0.00383,0.00391,0.004,0.00406,0.00406,0.00399,0.00386,0.00295,0.00275,0.00255,0.00239,0.0023,0.00229,0.00236,0.0025,0.0023,0.00253,0.00269,0.00274,0.00266,0.00244,0.00146,0.00097,0.00037,-0.00031,-0.00106,-0.00279,-0.00366,-0.00458,-0.00556,-0.00658,-0.00846,-0.00944,-0.0104,-0.0119,-0.01268,-0.01339,-0.01406,-0.01508,-0.01571,-0.01637,-0.01791,-0.01884,-0.01986,-0.02241,-0.02369,-0.02495,-0.02806,-0.02919,-0.03014,-0.03284,-0.03333,-0.03527,-0.03524,-0.03502,-0.03586,-0.03531,-0.03572,-0.03505,-0.03543,-0.03475,-0.03521,-0.03439,-0.03466,-0.03341,-0.03312,-0.03128,-0.03033,-0.02801,-0.02669,-0.02424,-0.02309,-0.0209,-0.02048,-0.02074,-0.01958,-0.02107,-0.02081,-0.02343,-0.02651,-0.02719,-0.03039,-0.0332,-0.03357,-0.03532,-0.03633,-0.03673,-0.03557,-0.03535,-0.03516,-0.03517,-0.0355,-0.03442,-0.0353,-0.03646,-0.03778,-0.03911,-0.04034,-0.04134,-0.04201,-0.04229,-0.04215,-0.04159,-0.04064,-0.03936,-0.03787,-0.03628,-0.03471,-0.03328,-0.03207,-0.0318,-0.03092,-0.03038,-0.03025,-0.03056,-0.03077,-0.03172,-0.03304,-0.0336,-0.03508,-0.03638,-0.03664,-0.03719,-0.03705,-0.03647,-0.03534,-0.03365,-0.03254,-0.03045,-0.02932,-0.02723,-0.02624,-0.02438,-0.02361,-0.02209,-0.02159,-0.02046,-0.02022,-0.01948,-0.01949,-0.01906,-0.01921,-0.01937,-0.01908,-0.01913,-0.0187,-0.01843,-0.0179,-0.01704,-0.01606,-0.01484,-0.01377,-0.01234,-0.01086,-0.01001,-0.00865,-0.0074,-0.00628,-0.00585,-0.00485,-0.00391,-0.00299,-0.00207,-0.00126,-0.00014,0.001,0.00214,0.00324,0.00427,0.00561,0.0065,0.00723,0.00779,0.0082,0.00846,0.00862,0.00869,0.00872,0.00873,0.00874,0.00874,0.00817,0.00801,0.00781,0.00756,0.00726,0.00689,0.00647,0.00761,0.00728,0.00697,0.00668,0.00641,0.00616,0.00588,0.00554,0.00509,0.00451,0.00376,0.00473,0.00359,0.00236,0.0011,-0.00011,-0.00119,-0.00083,-0.00167,-0.0023,-0.00276,-0.0031,-0.00246,-0.00279,-0.00316,-0.00361,-0.00335,-0.00403,-0.00477,-0.00479,-0.00554,-0.00615,-0.00598,-0.00624,-0.00626,-0.00556,-0.00524,-0.00481,-0.00383,-0.00345,-0.0025,-0.00232,-0.00143,-0.00143,-0.00044,-0.00048,0.00082,0.0009,0.00258,0.00278,0.00476,0.00497,0.00706,0.00715,0.00911,0.00894,0.01047,0.01135,0.0106,0.01038,0.00927,0.00789,0.00602,0.00389,0.00182,0.00101,-0.00045,-0.00149,-0.00208,-0.00189,-0.00191,-0.00151,-0.00069,0.0005,0.00198,0.00359,0.00514,0.00642,0.00726,0.0076,0.00745,0.00693,0.00617,0.00532,0.00448,0.00373,0.00313,0.00272,0.00254,0.00203,0.00224,0.00276,0.00359,0.00359,0.00474,0.00594,0.00705,0.00708,0.00788,0.00831,0.00782,0.00751,0.00669,0.00553,0.0042,0.00282,0.00181,0.00097,0.00055,0.00052,0.00067,0.00116,0.00166,0.00198,0.00219,0.00232,0.00217,0.00217,0.00205,0.00218,0.00251,0.00289,0.00332,0.00421,0.00467,0.00552,0.00574,0.00616,0.00601,0.00571,0.00551,0.00499,0.00465,0.00404,0.00339,0.00296,0.00216,0.0013,0.00069,-0.00021,-0.00101,-0.00127,-0.00157,-0.00154,-0.00118,7e-05,0.00109,0.0023,0.00362,0.00564,0.00694,0.00807,0.00897,0.00985,0.01008,0.01001,0.00964,0.00902,0.00764,0.00649,0.00515,0.00363,0.002,0.00033,-0.00176,-0.00303,-0.00406,-0.00478,-0.00523,-0.00545,-0.00551,-0.00496,-0.00476,-0.00454,-0.0043,-0.00404,-0.00373,-0.00337,-0.00294,-0.00244,-0.0019,-0.00131,-0.0007,-7e-05,0.00055,0.00117,0.00178,0.0024,0.0026,0.00318,0.00373,0.00475,0.00525,0.00567,0.00598,0.00618,0.00623,0.00611,0.00583,0.00537,0.00476,0.00405,0.00329,0.00255,0.00189,0.00135,0.00091,0.00055,0.00032,9e-05,-0.0002,-0.00058,-0.00109,-0.00174,-0.00254,-0.0035,-0.00411,-0.00545,-0.00697,-0.00861,-0.01032,-0.01199,-0.01355,-0.01484,-0.01576,-0.01623,-0.01618,-0.01568,-0.01477,-0.01353,-0.01198,-0.01033,-0.00862,-0.00692,-0.00543,-0.00402,-0.00286,-0.00201,-0.00177,-0.00171,-0.00213,-0.00353,-0.00499,-0.00695,-0.01003,-0.01259,-0.01524,-0.01816,-0.02029,-0.02191,-0.02309,-0.02382,-0.02351,-0.02336,-0.02231,-0.0217,-0.0205,-0.01973,-0.01885,-0.01791,-0.017,-0.01641,-0.01556,-0.01553,-0.0149,-0.0155,-0.01511,-0.01583,-0.01536,-0.01549,-0.01525,-0.01438,-0.01405,-0.01323,-0.01319,-0.01339,-0.01281,-0.01324,-0.01373,-0.01346,-0.01408,-0.01463,-0.01492,-0.01556,-0.01607,-0.01695,-0.01742,-0.01767,-0.01762,-0.01722,-0.01778,-0.01675,-0.01554,-0.01444,-0.01375,-0.01368,-0.0143,-0.01545,-0.01637,-0.01787,-0.01928,-0.02048,-0.02145,-0.02146,-0.02207,-0.02239,-0.02232,-0.02176,-0.02071,-0.01924,-0.01747,-0.01655,-0.01476,-0.01311,-0.01181,-0.01103,-0.01121,-0.01149,-0.01255,-0.01335,-0.01539,-0.0181,-0.01852,-0.02144,-0.02454,-0.02319,-0.02536,-0.02235,-0.02323,-0.01876,-0.01857,-0.01808,-0.01281,-0.01234,-0.00759,-0.00767,-0.00378,-0.00029,-0.00109,0.00189,0.00148,0.00452,0.00503,0.00849,0.01204,0.014,0.01808,0.02222,0.02521,0.02948,0.0335,0.03655,0.04,0.04291,0.04533,0.04739,0.0489,0.04992,0.05172,0.05226,0.05252,0.05259,0.0546,0.05458,0.05448,0.05433,0.05418,0.05404,0.05623,0.05601,0.05574,0.0554,0.05498,0.05444,0.05379,0.05302,0.05213,0.05114,0.05175,0.0505,0.04924,0.04798,0.04673,0.04553
247.5 -179.68865,-179.24728,-178.80589,-178.36454,-177.92328,-177.48217,-177.04128,-176.60065,-176.16032,-175.72036,-175.28083,-174.81881,-174.37713,-173.93605,-173.49562,-173.05586,-172.61688,-172.17872,-171.69793,-171.25836,-170.8198,-170.38227,-169.94585,-169.51061,-169.01495,-168.579,-168.14442,-167.71127,-167.20603,-166.77246,-166.34051,-165.91035,-165.39635,-164.96636,-164.53816,-164.01744,-163.58973,-163.16415,-162.63735,-162.21278,-161.68132,-161.2578,-160.83666,-160.29971,-159.8803,-159.33936,-158.92186,-158.50692,-157.96136,-157.54868,-156.99966,-156.58975,-156.03754,-155.6304,-155.07502,-154.67092,-154.11278,-153.55209,-153.15194,-152.58893,-152.19249,-151.62731,-151.05971,-150.66827,-150.09936,-149.52825,-149.14246,-148.57016,-147.9959,-147.61638,-147.04188,-146.46569,-145.88789,-145.51715,-144.93944,-144.36042,-143.78035,-143.19929,-142.61722,-142.03415,-141.68034,-141.09889,-140.51693,-139.93477,-139.35228,-138.76955,-138.18661,-137.60371,-137.02098,-136.4388,-136.18116,-135.59658,-135.0126,-134.42924,-133.8467,-133.26516,-132.68486,-132.40892,-131.82749,-131.24752,-130.66909,-130.38379,-129.80455,-129.22723,-128.65197,-128.3578,-127.78275,-127.21014,-126.90975,-126.33758,-125.768,-125.46174,-124.89307,-124.58305,-124.01562,-123.45153,-123.13612,-122.57394,-122.25504,-121.69488,-121.37261,-120.81474,-120.48922,-119.93392,-119.60527,-119.05292,-118.72127,-118.17216,-117.83766,-117.29233,-116.95511,-116.41364,-116.07388,-115.7323,-115.19437,-114.85045,-114.31697,-113.97089,-113.62305,-113.09412,-112.74434,-112.39285,-111.86907,-111.51588,-111.16102,-110.64305,-110.28673,-109.92881,-109.41721,-109.0581,-108.69745,-108.19264,-107.83107,-107.46804,-107.10357,-106.60682,-106.24176,-105.87535,-105.50759,-105.01982,-104.65183,-104.28259,-103.91212,-103.4342,-103.06385,-102.69238,-102.3198,-101.94613,-101.48042,-101.10732,-100.73324,-100.3582,-99.98225,-99.6054,-99.15506,-98.77928,-98.40273,-98.02542,-97.64738,-97.26865,-96.88925,-96.50922,-96.12858,-95.70201,-95.32321,-94.94394,-94.56421,-94.18406,-93.80353,-93.42265,-93.04145,-92.65997,-92.27825,-91.89631,-91.51419,-91.13194,-90.74958,-90.36715,-89.98468,-89.60222,-89.21979,-88.83744,-88.45519,-88.07309,-87.69117,-87.30946,-86.92801,-86.54683,-86.16598,-85.78548,-85.40537,-85.02568,-84.64645,-84.2677,-83.84092,-83.46034,-83.08036,-82.70102,-82.32234,-81.94437,-81.56712,-81.19063,-80.74207,-80.36442,-79.98765,-79.61177,-79.23682,-78.86283,-78.48981,-78.02396,-77.65039,-77.2779,-76.90653,-76.53628,-76.05825,-75.68789,-75.31875,-74.95087,-74.46302,-74.09537,-73.72907,-73.36413,-72.86733,-72.50298,-72.14008,-71.77863,-71.27378,-70.91326,-70.55428,-70.04265,-69.68487,-69.32869,-68.81071,-68.456,-68.10295,-67.57916,-67.22782,-66.87819,-66.34928,-66.0016,-65.65567,-65.12225,-64.77848,-64.2406,-63.89918,-63.35707,-63.01816,-62.6811,-62.13585,-61.80151,-61.25248,-60.921,-60.36874,-60.04025,-59.48507,-59.1597,-58.60199,-58.27988,-57.71985,-57.40111,-56.83906,-56.27341,-55.95988,-55.39259,-55.08273,-54.51422,-53.94291,-53.63876,-53.06677,-52.76654,-52.19411,-51.61925,-51.04188,-50.75017,-50.17304,-49.59404,-49.30888,-48.7307,-48.15094,-47.56973,-46.98695,-46.71386,-46.13255,-45.55023,-44.96718,-44.38344,-43.7991,-43.21419,-42.95966,-42.37717,-41.79452,-41.21187,-40.62942,-40.04719,-39.46528,-38.8836,-38.53242,-37.94876,-37.36604,-36.78423,-36.20342,-35.62363,-35.04487,-34.6761,-34.09696,-33.51943,-32.9435,-32.36926,-31.98997,-31.41597,-30.84393,-30.45845,-29.8876,-29.31894,-28.92775,-28.3604,-27.79547,-27.39935,-26.83659,-26.43669,-25.87626,-25.47253,-24.91452,-24.35937,-23.95257,-23.40058,-22.99094,-22.44215,-22.02974,-21.6145,-21.0698,-20.65258,-20.11184,-19.69272,-19.15597,-18.73511,-18.3119,-17.78066,-17.35637,-16.82976,-16.40446,-15.97704,-15.45649,-15.02862,-14.59892,-14.1674,-13.65521,-13.22355,-12.79026,-12.28517,-11.85233,-11.41804,-10.98237,-10.54531,-10.05188,-9.61574,-9.17852,-8.74025,-8.30096,-7.82026,-7.38238,-6.94367,-6.5042,-6.06406,-5.62325,-5.18184,-4.73987,-4.28062,-3.84093,-3.40088,-2.96051,-2.51988,-2.07903,-1.63803,-1.19693,-0.7558,-0.31468,0.12638,0.56733,1.00809,1.44863,1.8889,2.32886,2.76846,3.20766,3.64637,4.08456,4.56401,5.00368,5.44269,5.88099,6.31853,6.75522,7.19108,7.62607,8.12528,8.56078,8.99527,9.42866,9.86094,10.2921,10.80412,11.2351,11.66484,12.0933,12.61411,13.04179,13.46808,13.89303,14.42146,14.84526,15.2675,15.80197,16.22269,16.64187,17.18184,17.59926,18.01497,18.55946,18.973,19.52194,19.93329,20.34282,20.8952,21.30209,21.85788,22.26198,22.82102,23.22231,23.78416,24.1823,24.74646,25.14125,25.70752,26.099,26.66709,27.23815,27.62435,28.19647,28.57883,29.15189,29.72739,30.10402,30.67977,31.25751,31.62782,32.20539,32.78478,33.36573,33.72729,34.30725,34.88844,35.47074,36.0542,36.40374,36.9854,37.56771,38.15053,38.73376,39.31737,39.90122,40.48511,41.06893,41.65252,42.2358,42.81867,43.40115,43.98298,44.56405,45.14425,45.42133,46.00277,46.58305,47.16218,47.74001,48.02874,48.60698,49.1836,49.75853,50.05577,50.6305,51.2033,51.77415,52.07899,52.64904,53.21682,53.52717,54.09375,54.40813,54.97325,55.53573,55.85486,56.41556,56.73825,57.29685,57.85247,58.17915,58.73229,59.06207,59.61253,59.94523,60.49274,60.82818,61.37254,61.71055,62.25157,62.59197,62.93464,63.472,63.81681,64.35025,64.69703,65.2264,65.57499,65.92561,66.45028,66.80245,67.15656,67.67609,68.03151,68.54621,68.90278,69.26111,69.76998,70.12922,70.49011,70.85265,71.35433,71.71746,72.08212,72.57708,72.9421,73.30856,73.67643,74.16306,74.53098,74.9002,75.2707,75.74829,76.11854,76.48996,76.86253,77.2362,77.70251,78.07557,78.44963,78.82467,79.20066,79.57756,80.02975,80.4056,80.78227,81.15971,81.5379,81.91681,82.29641,82.73102,83.10908,83.48771,83.8669,84.24661,84.62681,85.00747,85.38854,85.77001,86.15184,86.534,86.91645,87.29916,87.6821,88.07963,88.46008,88.84066,89.22134,89.60209,89.98287,90.36365,90.7444,91.12509,91.50568,91.88614,92.28344,92.6664,93.04913,93.4316,93.81378,94.19564,94.57714,94.95825,95.33894,95.71918,96.09893,96.47817,96.85685,97.23496,97.66938,98.04904,98.42801,98.80626,99.18377,99.5605,99.93642,100.38845,100.76542,101.14149,101.51661,101.89075,102.26389,102.73006,103.10382,103.47647,103.84799,104.21834,104.69581,105.06641,105.43574,105.80377,106.29029,106.65827,107.02485,107.39,107.88486,108.24965,108.61291,109.1145,109.47717,109.83821,110.19758,110.70639,111.06487,111.42158,111.9362,112.29177,112.64548,113.16552,113.51785,114.04249,114.39328,114.74204,115.27139,115.61835,116.15177,116.49677,117.03412,117.37698,117.71757,118.25858,118.59678,119.14113,119.47677,120.02431,120.35722,120.90772,121.23771,121.7909,122.1178,122.67348,123.23214,123.55506,124.11577,124.43513,124.9977,125.31333,125.87752,126.44421,126.7548,127.32269,127.89286,128.19795,128.76888,129.34179,129.64088,130.21416,130.78924,131.36602,131.65688,132.23343,132.81143,133.39066,133.97113,134.2507,134.83012,135.41052,135.9918,136.57384,137.15648,137.73957,138.32308,138.90692,139.49098,140.07512,140.65924,141.24303,141.82653,142.40963,142.99222,143.57418,143.9237,144.50737,145.08998,145.67149,146.25177,146.61332,147.19461,147.77432,148.35216,148.72249,149.30059,149.87669,150.25334,150.82921,151.40257,151.78497,152.35746,152.92722,153.31517,153.88365,154.27517,154.84179,155.23665,155.80122,156.19943,156.7617,157.16308,157.72248,158.12668,158.6829,159.08989,159.64271,160.05235,160.46379,161.01314,161.4268,161.97175,162.38758,162.80513,163.34557,163.76483,164.18569,164.72064,165.14302,165.56698,166.09589,166.52097,166.94741,167.37525,167.89655,168.32519,168.7551,169.18627,169.69875,170.1301,170.56256,170.99615,171.43083,171.93191,172.36622,172.80141,173.23748,173.67439,174.11214,174.55066,174.98989,175.47185,175.90972,176.34814,176.78708,177.22651,177.66635,178.10654,178.54705,178.98784,179.42884,179.87004 0.04863,0.04793,0.04733,0.04673,0.04604,0.04517,0.04405,0.04266,0.04098,0.03908,0.03698,0.03167,0.02947,0.02725,0.02499,0.02265,0.02021,0.01764,0.01375,0.01127,0.00873,0.00624,0.00386,0.00172,0.0002,-0.00119,-0.00225,-0.00303,-0.00345,-0.00405,-0.00463,-0.00529,-0.007,-0.00817,-0.00945,-0.0124,-0.01395,-0.01544,-0.01887,-0.02026,-0.02373,-0.02494,-0.02596,-0.02932,-0.03009,-0.03318,-0.03368,-0.03393,-0.03654,-0.03655,-0.0388,-0.03868,-0.04073,-0.04059,-0.04259,-0.04246,-0.0444,-0.04613,-0.04588,-0.04743,-0.04697,-0.04855,-0.05029,-0.04988,-0.05213,-0.05472,-0.05454,-0.05742,-0.06017,-0.05971,-0.0619,-0.06354,-0.06468,-0.06354,-0.06449,-0.06553,-0.06687,-0.06858,-0.07059,-0.07267,-0.07216,-0.07408,-0.07566,-0.07687,-0.07773,-0.07827,-0.0785,-0.07836,-0.07775,-0.07654,-0.07438,-0.07206,-0.06925,-0.06612,-0.06294,-0.06,-0.05746,-0.05633,-0.05499,-0.05408,-0.05353,-0.05384,-0.05357,-0.05321,-0.05272,-0.05225,-0.05131,-0.05017,-0.04888,-0.04746,-0.04591,-0.04441,-0.04294,-0.04162,-0.04069,-0.04022,-0.03984,-0.04045,-0.0406,-0.04208,-0.04231,-0.04394,-0.04366,-0.04459,-0.04324,-0.04292,-0.04047,-0.03908,-0.03612,-0.03453,-0.032,-0.03117,-0.02981,-0.02909,-0.03009,-0.03053,-0.03211,-0.03316,-0.0343,-0.03551,-0.03642,-0.03707,-0.03674,-0.03671,-0.03633,-0.0344,-0.0335,-0.03234,-0.02984,-0.02871,-0.0275,-0.0255,-0.02453,-0.02343,-0.02218,-0.02082,-0.01949,-0.01795,-0.01628,-0.01544,-0.01399,-0.01258,-0.01126,-0.01142,-0.0104,-0.00946,-0.00862,-0.0079,-0.00783,-0.00719,-0.00675,-0.00654,-0.0065,-0.00662,-0.00586,-0.00597,-0.00602,-0.00595,-0.00571,-0.00526,-0.00465,-0.00392,-0.00315,-0.00127,-0.00061,0.0,0.00058,0.00114,0.00175,0.00245,0.00325,0.00415,0.00511,0.00605,0.00689,0.00757,0.00802,0.00821,0.00816,0.00791,0.00751,0.00705,0.00657,0.00614,0.00577,0.0055,0.0053,0.00519,0.00514,0.00513,0.00514,0.00513,0.0051,0.005,0.00472,0.00448,0.00417,0.0038,0.00339,0.00297,0.00255,0.00215,0.00242,0.00231,0.00222,0.00213,0.00199,0.0018,0.00153,0.00201,0.00156,0.00102,0.00042,-0.00023,-0.00091,-0.00177,-0.0027,-0.00372,-0.00524,-0.00645,-0.00774,-0.00907,-0.01059,-0.01176,-0.01283,-0.01379,-0.01442,-0.01505,-0.01559,-0.01612,-0.01666,-0.01723,-0.01858,-0.01937,-0.02021,-0.02251,-0.02345,-0.02438,-0.027,-0.02778,-0.02849,-0.03053,-0.03083,-0.03213,-0.03193,-0.03252,-0.03191,-0.03117,-0.03129,-0.03037,-0.03054,-0.0295,-0.0296,-0.02834,-0.02801,-0.02646,-0.02548,-0.0237,-0.02219,-0.02042,-0.01879,-0.01743,-0.01614,-0.01558,-0.01509,-0.01576,-0.01733,-0.01824,-0.02097,-0.02263,-0.0258,-0.02879,-0.03123,-0.03215,-0.03318,-0.03341,-0.03292,-0.03218,-0.03136,-0.03077,-0.03059,-0.03007,-0.03072,-0.03193,-0.03358,-0.03554,-0.03762,-0.0396,-0.04071,-0.04228,-0.04328,-0.04358,-0.04317,-0.04208,-0.04044,-0.03844,-0.03735,-0.03537,-0.0336,-0.03217,-0.03118,-0.03066,-0.03058,-0.0305,-0.03087,-0.03164,-0.03281,-0.0343,-0.03449,-0.03617,-0.03777,-0.03782,-0.03876,-0.03903,-0.03831,-0.03743,-0.03592,-0.03453,-0.03248,-0.03104,-0.02895,-0.02763,-0.02583,-0.02438,-0.02327,-0.02222,-0.02128,-0.02059,-0.01984,-0.01926,-0.0189,-0.01855,-0.01843,-0.01827,-0.01833,-0.0183,-0.01833,-0.01846,-0.01838,-0.01853,-0.0182,-0.01768,-0.01771,-0.01681,-0.01572,-0.01448,-0.01436,-0.01296,-0.01155,-0.01163,-0.01023,-0.00887,-0.00755,-0.00625,-0.00618,-0.00472,-0.00321,-0.00168,-0.00013,0.00046,0.00202,0.00347,0.00475,0.00582,0.00666,0.00727,0.00765,0.00675,0.00669,0.00649,0.00618,0.00579,0.00536,0.00492,0.00446,0.00397,0.00344,0.00287,0.00225,0.00158,0.00088,0.00019,-0.00049,-0.0011,-0.00165,-0.00211,-0.0025,-0.00053,-0.00087,-0.00126,-0.00172,-0.00227,-0.00291,-0.00363,-0.00439,-0.00355,-0.00435,-0.00503,-0.00554,-0.00589,-0.00608,-0.00538,-0.0055,-0.00561,-0.0058,-0.00541,-0.00583,-0.0064,-0.00708,-0.007,-0.00769,-0.00829,-0.008,-0.00824,-0.00824,-0.00754,-0.00717,-0.00667,-0.00582,-0.00533,-0.00465,-0.00442,-0.00437,-0.00403,-0.00427,-0.00395,-0.00429,-0.00375,-0.00403,-0.00312,-0.00331,-0.00208,-0.00232,-0.0009,-0.00132,0.00025,0.00203,0.00139,0.00329,0.00255,0.00431,0.00566,0.00476,0.00536,0.00525,0.00443,0.00386,0.00298,0.00201,0.00196,0.00117,0.00045,-0.00012,-0.00044,-0.00016,-3e-05,0.00056,0.0016,0.00298,0.00448,0.00587,0.00692,0.00751,0.00764,0.00741,0.00697,0.00645,0.00594,0.00548,0.00508,0.00461,0.00432,0.00414,0.0041,0.00424,0.00427,0.00484,0.0056,0.00651,0.00702,0.00802,0.00894,0.00968,0.00978,0.00992,0.00952,0.00872,0.00744,0.00623,0.00456,0.00298,0.00207,0.00121,0.00088,0.00081,0.00098,0.00123,0.00143,0.00165,0.00155,0.00163,0.00138,0.0015,0.00155,0.00194,0.00254,0.0032,0.00389,0.0049,0.00553,0.00632,0.00664,0.00694,0.0069,0.00669,0.00651,0.00613,0.0057,0.00548,0.00496,0.00467,0.00397,0.00315,0.0025,0.00156,0.00066,-9e-05,-0.00035,-0.00053,-0.00036,0.00041,0.00125,0.00235,0.00361,0.00499,0.00628,0.00747,0.00844,0.00865,0.00895,0.0089,0.00855,0.00793,0.00611,0.00508,0.00391,0.00264,0.00129,-8e-05,-0.00195,-0.00297,-0.0038,-0.00438,-0.00474,-0.00489,-0.00487,-0.00487,-0.00473,-0.0046,-0.0045,-0.00444,-0.00442,-0.00441,-0.00437,-0.00428,-0.0041,-0.00381,-0.00342,-0.00293,-0.00235,-0.00321,-0.00242,-0.0016,-0.00079,-2e-05,0.0007,0.00135,0.00193,0.00246,0.00297,0.00344,0.00447,0.00474,0.00491,0.00496,0.00484,0.00456,0.00412,0.00355,0.00288,0.00218,0.0015,0.00084,0.00022,-0.0004,-0.00072,-0.00134,-0.00204,-0.00283,-0.00369,-0.00461,-0.00558,-0.00591,-0.00706,-0.00834,-0.00972,-0.01119,-0.01271,-0.0139,-0.01522,-0.01623,-0.01684,-0.01698,-0.01625,-0.01542,-0.01421,-0.01273,-0.01074,-0.00904,-0.00741,-0.00595,-0.0043,-0.00335,-0.00279,-0.00202,-0.00225,-0.00299,-0.00421,-0.00496,-0.00696,-0.00933,-0.01159,-0.01448,-0.01737,-0.01998,-0.02227,-0.02383,-0.02493,-0.02546,-0.02495,-0.02441,-0.02308,-0.02199,-0.02048,-0.01924,-0.01795,-0.01665,-0.01538,-0.01428,-0.01311,-0.01247,-0.01168,-0.01191,-0.01174,-0.01264,-0.01277,-0.01334,-0.01336,-0.01288,-0.01231,-0.01165,-0.01105,-0.01042,-0.01016,-0.01026,-0.00993,-0.01062,-0.01171,-0.01212,-0.01382,-0.01561,-0.01692,-0.01879,-0.02035,-0.02149,-0.02317,-0.02352,-0.02312,-0.02203,-0.02042,-0.02042,-0.01843,-0.01677,-0.0158,-0.01573,-0.01656,-0.01804,-0.01978,-0.02147,-0.02285,-0.02382,-0.02433,-0.02435,-0.02387,-0.02287,-0.02133,-0.01933,-0.01855,-0.01624,-0.01376,-0.01131,-0.00915,-0.00937,-0.00824,-0.00802,-0.00891,-0.01083,-0.01352,-0.01742,-0.01997,-0.02519,-0.03142,-0.03322,-0.03943,-0.0452,-0.04353,-0.04667,-0.0427,-0.0432,-0.03785,-0.0366,-0.03097,-0.02924,-0.02425,-0.02298,-0.01889,-0.01831,-0.01484,-0.01441,-0.01098,-0.00747,-0.00638,-0.00256,-0.00083,0.00338,0.00781,0.01049,0.01542,0.02046,0.02418,0.02926,0.03402,0.03802,0.04207,0.04556,0.04847,0.05163,0.0537,0.05536,0.05664,0.0593,0.06021,0.06089,0.06135,0.06163,0.06433,0.06447,0.06449,0.06441,0.06422,0.06391,0.06344,0.06278,0.06488,0.0636,0.0621,0.06041,0.05861,0.05679,0.05501,0.05334,0.05185,0.05056,0.0495
253.125 -179.67264,-179.24002,-178.80745,-178.37499,-177.9427,-177.51063,-177.07883,-176.64736,-176.21624,-175.78554,-175.35532,-174.92565,-174.4966,-174.06819,-173.64046,-173.17057,-172.74125,-172.31279,-171.8853,-171.45879,-171.0333,-170.54911,-170.12257,-169.69723,-169.27319,-168.85051,-168.35527,-167.93207,-167.51032,-167.09011,-166.58631,-166.16621,-165.74781,-165.23775,-164.81958,-164.40329,-163.88715,-163.47165,-163.05825,-162.53668,-162.12424,-161.714,-161.18717,-160.77838,-160.24782,-159.84085,-159.43636,-158.90134,-158.4988,-157.96039,-157.56032,-157.01894,-156.62149,-156.07705,-155.68228,-155.13511,-154.74352,-154.19415,-153.80608,-153.25447,-152.7004,-152.31627,-151.76043,-151.38058,-150.82353,-150.26444,-149.88964,-149.32937,-148.76726,-148.39834,-147.83606,-147.2721,-146.70653,-146.34567,-145.78015,-145.21336,-144.64569,-144.07692,-143.72754,-143.15964,-142.59095,-142.02154,-141.45171,-140.88152,-140.31093,-139.73996,-139.16875,-138.59748,-138.02629,-137.45557,-136.88514,-136.31508,-135.74541,-135.17638,-134.60812,-134.34248,-133.77275,-133.20419,-132.6368,-132.0706,-131.79349,-131.22629,-130.66069,-130.09683,-129.81123,-129.24729,-128.68537,-128.12555,-127.83188,-127.2722,-126.71495,-126.4157,-125.85914,-125.55635,-125.00098,-124.44858,-124.14062,-123.58963,-123.27835,-122.72896,-122.18289,-121.86699,-121.32305,-121.00412,-120.46265,-120.14082,-119.60213,-119.27758,-118.74197,-118.41461,-117.88219,-117.55228,-117.22067,-116.69097,-116.35697,-115.83114,-115.49491,-114.9732,-114.63489,-114.29494,-113.77744,-113.43566,-112.92286,-112.57942,-112.23431,-111.72657,-111.37996,-111.03182,-110.5295,-110.18009,-109.82923,-109.33286,-108.98095,-108.62765,-108.27295,-107.78361,-107.42817,-107.07142,-106.58918,-106.23193,-105.87345,-105.51373,-105.15279,-104.68009,-104.31909,-103.95692,-103.59363,-103.13032,-102.76731,-102.40322,-102.03813,-101.67207,-101.22041,-100.85495,-100.48862,-100.12143,-99.75341,-99.38458,-99.01497,-98.57962,-98.21116,-97.84203,-97.47224,-97.10182,-96.73081,-96.35924,-95.98712,-95.61449,-95.20193,-94.83113,-94.45992,-94.08835,-93.71642,-93.34419,-92.97166,-92.59889,-92.2259,-91.85271,-91.47937,-91.1059,-90.73234,-90.35871,-89.98505,-89.6114,-89.23778,-88.86422,-88.49076,-88.11743,-87.74426,-87.37129,-86.99853,-86.62604,-86.25382,-85.88193,-85.51038,-85.13921,-84.76845,-84.35569,-83.98311,-83.61104,-83.23951,-82.86855,-82.49819,-82.12845,-81.75937,-81.39097,-80.95547,-80.58593,-80.21717,-79.84922,-79.4821,-79.11584,-78.66562,-78.29868,-77.9327,-77.5677,-77.2037,-76.84077,-76.37735,-76.01417,-75.65209,-75.29118,-74.81839,-74.45756,-74.09795,-73.73958,-73.25808,-72.90013,-72.54349,-72.18817,-71.69877,-71.3442,-70.99101,-70.63923,-70.14283,-69.79209,-69.4428,-68.94049,-68.59249,-68.24601,-67.73827,-67.39329,-66.8805,-66.53719,-66.19556,-65.67808,-65.33828,-65.00011,-64.47843,-64.14234,-63.61656,-63.2827,-62.75308,-62.42161,-62.09185,-61.55953,-61.23232,-60.69678,-60.37239,-59.83379,-59.51211,-58.97074,-58.65196,-58.10813,-57.56079,-57.24642,-56.69721,-56.38608,-55.83522,-55.52741,-54.97516,-54.41994,-54.11729,-53.56088,-53.26178,-52.70468,-52.14521,-51.85169,-51.29206,-50.73031,-50.16656,-49.8811,-49.31744,-48.75202,-48.18502,-47.90804,-47.34212,-46.77493,-46.20658,-45.63707,-45.37155,-44.8035,-44.23469,-43.6653,-43.09549,-42.52528,-41.95478,-41.38384,-40.8128,-40.24182,-39.67117,-39.10082,-38.53087,-37.96128,-37.39212,-36.82366,-36.4764,-35.90688,-35.33836,-34.77093,-34.20439,-33.63912,-33.27845,-32.71321,-32.14948,-31.58745,-31.21874,-30.65687,-30.09684,-29.72234,-29.16349,-28.60667,-28.22706,-27.67145,-27.28755,-26.73372,-26.1824,-25.79458,-25.24542,-24.85409,-24.30714,-23.91262,-23.36846,-22.97126,-22.43009,-22.03029,-21.49207,-21.08979,-20.55499,-20.15081,-19.7441,-19.21372,-18.80521,-18.27855,-17.86858,-17.45647,-16.93506,-16.52194,-16.10671,-15.59072,-15.17471,-14.75684,-14.24694,-13.82882,-13.40899,-12.9874,-12.48538,-12.06391,-11.64103,-11.21673,-10.72348,-10.29972,-9.87465,-9.44838,-9.02101,-8.53909,-8.11284,-7.68562,-7.25743,-6.82837,-6.39851,-5.9311,-5.50295,-5.07416,-4.64475,-4.21479,-3.78434,-3.35348,-2.92227,-2.49072,-2.0589,-1.62685,-1.19464,-0.76232,-0.32994,0.10245,0.53481,0.96709,1.39922,1.83117,2.2629,2.69437,3.12553,3.55632,3.98668,4.41659,4.84602,5.27495,5.70332,6.1728,6.60226,7.03098,7.45894,7.88616,8.31258,8.73814,9.22385,9.64966,10.07449,10.49831,10.92115,11.41781,11.84041,12.26179,12.68197,13.18701,13.60658,14.02489,14.53694,14.95422,15.37004,15.78447,16.30271,16.71586,17.12752,17.65107,18.06098,18.58927,18.99726,19.40375,19.93617,20.34052,20.87687,21.27879,21.81869,22.21813,22.6159,23.15826,23.55328,24.09834,24.64702,25.03784,25.58889,25.97669,26.52963,26.91408,27.46848,28.02574,28.40516,28.96361,29.33944,29.8986,30.45998,30.83007,31.39168,31.95541,32.52099,32.88313,33.4482,34.01475,34.58268,34.93611,35.50311,36.07117,36.64018,37.20997,37.78046,38.35156,38.68811,39.25713,39.82644,40.39591,40.96543,41.53491,42.10434,42.67356,43.24239,43.49968,44.07046,44.64056,45.2099,45.77841,46.34607,46.91267,47.18678,47.75417,48.32023,48.88488,49.16785,49.7327,50.29599,50.85756,51.14849,51.70966,52.26889,52.56559,53.124,53.68022,53.9823,54.53736,55.09008,55.39705,55.94818,56.2588,56.80809,57.12218,57.66945,58.21407,58.53184,59.07384,59.39483,59.93427,60.25812,60.79471,61.12123,61.65474,61.98378,62.31512,62.84541,63.17903,63.70577,64.0415,64.56445,64.90212,65.24186,65.76056,66.10201,66.61649,66.95946,67.30436,67.81385,68.16004,68.50805,69.01215,69.36123,69.71203,70.21048,70.56207,70.91533,71.40758,71.76145,72.11684,72.47373,72.95834,73.31554,73.67413,74.15179,74.51046,74.87044,75.23168,75.59417,76.06164,76.42384,76.78719,77.15164,77.51718,77.97352,78.33842,78.70431,79.07114,79.43889,79.88324,80.25001,80.6176,80.98597,81.35511,81.72498,82.09555,82.46678,82.89199,83.26169,83.63196,84.00276,84.37408,84.74587,85.1181,85.49074,85.86376,86.23714,86.61082,86.9848,87.35903,87.73348,88.12224,88.49425,88.86638,89.23861,89.6109,89.98323,90.35555,90.72785,91.10008,91.47222,91.84424,92.23278,92.60725,92.9815,93.3555,93.72921,94.10261,94.47566,94.84834,95.22061,95.59243,95.96379,96.33464,96.70495,97.0747,97.49972,97.87101,98.24163,98.61156,98.98076,99.3492,99.71686,100.0837,100.52789,100.89572,101.26263,101.62859,101.99358,102.44977,102.8154,103.17995,103.54339,103.90569,104.37303,104.73562,105.09697,105.45705,105.81583,106.29337,106.65208,107.00939,107.49391,107.85092,108.20644,108.56043,109.0526,109.40599,109.75772,110.2561,110.60704,110.95627,111.46031,111.80847,112.15482,112.66426,113.00931,113.35245,113.86688,114.2085,114.72714,115.06706,115.4049,115.92784,116.26375,116.79048,117.12429,117.45582,117.98612,118.31535,118.84887,119.1756,119.71221,120.03626,120.57569,120.89689,121.43893,121.75691,122.30158,122.84892,123.16324,123.7126,124.02344,124.57465,124.88186,125.43464,125.98975,126.29208,126.84839,127.40692,127.70387,128.26322,128.82452,129.11571,129.67741,130.24077,130.5257,131.089,131.65381,132.22004,132.78759,133.06199,133.62876,134.19657,134.76523,135.33477,135.90508,136.47607,136.73366,137.30272,137.87216,138.44174,139.01145,139.58123,140.15095,140.72052,141.2898,141.85861,142.1976,142.76837,143.33845,143.90775,144.47611,145.04342,145.39674,145.96499,146.53186,147.09725,147.66105,148.02531,148.58931,149.15125,149.52136,150.08311,150.64263,151.01848,151.5773,152.13332,152.51431,153.06911,153.4536,154.00693,154.39479,154.94616,155.49405,155.88614,156.43161,156.8267,157.36949,157.76732,158.30684,158.70712,159.10913,159.64592,160.05038,160.58324,160.98977,161.39788,161.92662,162.33665,162.86066,163.27245,163.6857,164.20438,164.61894,165.03491,165.54771,165.96486,166.38331,166.80299,167.30851,167.72885,168.1504,168.57317,169.07032,169.49331,169.91729,170.34229,170.76829,171.2545,171.68025,172.10686,172.53424,172.9624,173.39132,173.86299,174.29096,174.71954,175.14867,175.57831,176.00844,176.43902,176.87003,177.30141,177.73311,178.16506,178.59724,179.02961,179.46212,179.89472 0.05196,0.05179,0.05189,0.05209,0.05224,0.05219,0.05179,0.05096,0.04965,0.04786,0.04564,0.04306,0.04019,0.03708,0.0338,0.02875,0.02544,0.022,0.01845,0.01485,0.01126,0.00736,0.00432,0.00164,-0.00058,-0.00225,-0.0032,-0.00378,-0.00393,-0.00379,-0.00373,-0.00361,-0.00361,-0.00478,-0.00537,-0.00612,-0.00864,-0.00966,-0.01062,-0.01358,-0.01433,-0.0149,-0.01788,-0.01814,-0.02126,-0.02125,-0.02101,-0.02419,-0.02369,-0.02685,-0.02613,-0.0292,-0.02835,-0.03135,-0.03047,-0.03341,-0.03248,-0.03529,-0.03421,-0.03673,-0.03891,-0.0375,-0.0394,-0.03783,-0.03976,-0.04185,-0.04046,-0.043,-0.04579,-0.04451,-0.04739,-0.0501,-0.05248,-0.05046,-0.05224,-0.05372,-0.05503,-0.05635,-0.0538,-0.05533,-0.05706,-0.05897,-0.06102,-0.06315,-0.0653,-0.06748,-0.0696,-0.07163,-0.07339,-0.07472,-0.07535,-0.07508,-0.07372,-0.07123,-0.06774,-0.06704,-0.06277,-0.05846,-0.05449,-0.05119,-0.05162,-0.04977,-0.0487,-0.04824,-0.04989,-0.04991,-0.04995,-0.04981,-0.05066,-0.04984,-0.04848,-0.04826,-0.04618,-0.04554,-0.04317,-0.04074,-0.04052,-0.03883,-0.03925,-0.03877,-0.03889,-0.04064,-0.04171,-0.0436,-0.04482,-0.04621,-0.0467,-0.04697,-0.04616,-0.04509,-0.04305,-0.04102,-0.03863,-0.03625,-0.03423,-0.0325,-0.03149,-0.03052,-0.03058,-0.03106,-0.03063,-0.03156,-0.03042,-0.03131,-0.03208,-0.02959,-0.02996,-0.0301,-0.02642,-0.02632,-0.02609,-0.02234,-0.02233,-0.02232,-0.02229,-0.01981,-0.02002,-0.02008,-0.01818,-0.01812,-0.01783,-0.01734,-0.01669,-0.0154,-0.01488,-0.01428,-0.01359,-0.0127,-0.01192,-0.011,-0.00996,-0.00885,-0.00719,-0.00607,-0.00511,-0.00437,-0.00384,-0.00353,-0.00339,-0.00188,-0.00182,-0.00175,-0.00157,-0.00127,-0.00086,-0.00035,0.00021,0.00078,0.00205,0.00249,0.00296,0.00345,0.00398,0.00458,0.00524,0.00591,0.00654,0.00709,0.00748,0.00769,0.00768,0.00749,0.00714,0.00671,0.00623,0.00577,0.00536,0.00502,0.00477,0.00458,0.00447,0.00442,0.0044,0.00439,0.00438,0.00434,0.00424,0.00456,0.00431,0.00393,0.00341,0.00273,0.00192,0.00099,-3e-05,-0.0011,-0.00056,-0.00137,-0.00211,-0.00279,-0.00339,-0.00391,-0.00186,-0.0022,-0.00252,-0.00281,-0.00307,-0.00332,-0.00227,-0.00277,-0.00338,-0.00414,-0.00477,-0.00601,-0.00745,-0.00907,-0.01054,-0.01219,-0.0138,-0.01529,-0.01572,-0.01666,-0.0174,-0.01798,-0.0174,-0.01776,-0.01812,-0.01805,-0.0186,-0.01928,-0.02024,-0.02122,-0.02291,-0.0241,-0.02538,-0.02717,-0.02826,-0.02924,-0.03005,-0.03033,-0.03025,-0.02978,-0.02917,-0.02822,-0.02715,-0.02659,-0.02556,-0.02539,-0.02457,-0.02446,-0.0238,-0.02331,-0.02273,-0.02163,-0.02014,-0.01954,-0.01784,-0.0176,-0.01631,-0.01675,-0.01648,-0.01711,-0.01899,-0.02097,-0.02377,-0.02652,-0.02931,-0.03221,-0.03401,-0.03493,-0.03489,-0.03562,-0.03429,-0.03274,-0.03133,-0.03155,-0.03075,-0.03063,-0.03122,-0.03246,-0.03413,-0.0361,-0.03837,-0.04073,-0.0429,-0.04465,-0.04577,-0.04608,-0.04554,-0.0442,-0.04219,-0.03978,-0.03729,-0.03506,-0.03336,-0.03236,-0.03168,-0.03166,-0.03222,-0.03328,-0.03473,-0.03649,-0.03626,-0.03824,-0.04035,-0.04245,-0.04193,-0.0435,-0.04453,-0.04316,-0.043,-0.04218,-0.0399,-0.03836,-0.036,-0.0344,-0.03316,-0.03106,-0.0304,-0.02855,-0.02839,-0.02664,-0.02677,-0.02506,-0.02532,-0.02368,-0.02399,-0.02251,-0.02292,-0.02168,-0.02071,-0.02134,-0.02064,-0.02157,-0.02111,-0.02079,-0.02204,-0.02173,-0.02137,-0.02275,-0.02213,-0.02133,-0.0226,-0.02142,-0.02009,-0.01863,-0.01963,-0.01801,-0.01637,-0.01472,-0.01551,-0.01371,-0.01188,-0.01002,-0.00812,-0.00827,-0.00627,-0.00435,-0.00255,-0.00093,0.00048,-0.00032,0.00053,0.00109,0.00136,0.00137,0.00116,0.00077,0.00025,-0.00035,-0.001,-0.00169,-0.00238,-0.0031,-0.00383,-0.00459,-0.00537,-0.00618,-0.00698,-0.00776,-0.00847,-0.00911,-0.00966,-0.01011,-0.01046,-0.01074,-0.01096,-0.01116,-0.01136,-0.00906,-0.0094,-0.00975,-0.01008,-0.01035,-0.01053,-0.0106,-0.00916,-0.00914,-0.00904,-0.00894,-0.0089,-0.00797,-0.00823,-0.00869,-0.00936,-0.00908,-0.00997,-0.01089,-0.01053,-0.01117,-0.01158,-0.01172,-0.01049,-0.01015,-0.00967,-0.00824,-0.00775,-0.00665,-0.00647,-0.00659,-0.0061,-0.00669,-0.00645,-0.00727,-0.007,-0.00778,-0.00856,-0.00787,-0.00844,-0.00758,-0.0067,-0.00725,-0.00646,-0.00724,-0.0065,-0.00744,-0.00648,-0.00517,-0.0059,-0.0041,-0.00455,-0.00242,-0.00036,-0.00043,0.00136,0.00266,0.0034,0.00362,0.00385,0.00364,0.00308,0.00306,0.00217,0.0013,0.00062,0.00035,0.00063,0.00146,0.00187,0.00323,0.00465,0.00586,0.00668,0.00708,0.00716,0.00704,0.00683,0.00674,0.00644,0.0061,0.00568,0.00518,0.00459,0.00399,0.00401,0.00365,0.00349,0.00359,0.00441,0.00506,0.00597,0.00706,0.00813,0.00913,0.00986,0.01022,0.01004,0.00913,0.00841,0.00655,0.00438,0.00346,0.00164,0.00117,0.00017,0.00022,-0.0001,-0.00032,0.00014,-0.00013,0.00022,-0.0002,9e-05,-0.00021,0.00021,0.00036,0.00107,0.00186,0.00264,0.00358,0.00439,0.00524,0.0057,0.00627,0.00665,0.00657,0.0067,0.00651,0.00653,0.00645,0.00635,0.0061,0.00569,0.00524,0.0045,0.00365,0.00269,0.00177,0.00095,0.00025,-0.00013,-0.00022,-0.0,0.00035,0.0011,0.00206,0.00261,0.0037,0.00478,0.00575,0.00651,0.00592,0.00606,0.00589,0.00543,0.00473,0.00265,0.0017,0.00069,-0.00034,-0.00134,-0.00313,-0.00389,-0.00454,-0.00506,-0.00545,-0.0057,-0.00584,-0.0059,-0.00686,-0.007,-0.00721,-0.00753,-0.00794,-0.00842,-0.00892,-0.00937,-0.0097,-0.00985,-0.00977,-0.00944,-0.00887,-0.00807,-0.00934,-0.00808,-0.00677,-0.00547,-0.00424,-0.00312,-0.00211,-0.00119,-0.00033,0.0005,0.00134,0.00273,0.00342,0.00406,0.00459,0.00495,0.00507,0.00492,0.00449,0.00381,0.00293,0.00195,0.00095,-3e-05,-0.00095,-0.00162,-0.00246,-0.00335,-0.0043,-0.00528,-0.00628,-0.00727,-0.00823,-0.00884,-0.00988,-0.011,-0.01222,-0.01353,-0.01473,-0.01606,-0.01719,-0.018,-0.01839,-0.01767,-0.01697,-0.01588,-0.01451,-0.01301,-0.01063,-0.00922,-0.00811,-0.0063,-0.00587,-0.00597,-0.00664,-0.00595,-0.00739,-0.00926,-0.00912,-0.01131,-0.01359,-0.01417,-0.01672,-0.01929,-0.02096,-0.02334,-0.0253,-0.02617,-0.02696,-0.0265,-0.02604,-0.02511,-0.02322,-0.02169,-0.01978,-0.01819,-0.01664,-0.01526,-0.01394,-0.01279,-0.01176,-0.0109,-0.01045,-0.01039,-0.01084,-0.01166,-0.01272,-0.01341,-0.01351,-0.01362,-0.01266,-0.0121,-0.01077,-0.00989,-0.00882,-0.00821,-0.00745,-0.0077,-0.00866,-0.00884,-0.01106,-0.01385,-0.01543,-0.01887,-0.02214,-0.02459,-0.02726,-0.02882,-0.02914,-0.02831,-0.02864,-0.02643,-0.02389,-0.02145,-0.01949,-0.01839,-0.01841,-0.01977,-0.02168,-0.02423,-0.02681,-0.02897,-0.03041,-0.031,-0.03067,-0.02944,-0.02737,-0.02494,-0.02216,-0.01882,-0.0151,-0.01113,-0.0071,-0.00643,-0.00317,-0.00055,0.00107,0.00131,-0.00169,-0.00405,-0.00789,-0.0125,-0.01826,-0.02597,-0.03239,-0.04466,-0.05756,-0.05989,-0.06809,-0.06629,-0.06969,-0.06483,-0.06427,-0.06184,-0.05464,-0.05078,-0.0441,-0.04058,-0.03537,-0.03305,-0.02925,-0.02582,-0.02432,-0.02105,-0.01923,-0.01585,-0.01233,-0.01013,-0.00627,-0.00346,0.00111,0.00608,0.01075,0.01651,0.02235,0.02848,0.03409,0.03918,0.04371,0.04898,0.05234,0.05517,0.05754,0.06126,0.06303,0.06459,0.06597,0.06715,0.07061,0.07157,0.07239,0.07307,0.07362,0.07403,0.07795,0.07796,0.07749,0.07646,0.07484,0.0727,0.07016,0.06736,0.06447,0.06165,0.05905,0.05677,0.05488,0.05345,0.05249
100.0 -179.45675,-178.36725,-177.27482,-176.1802,-175.19625,-174.08132,-172.96655,-171.85254,-170.74011,-169.63037,-168.52655,-167.40595,-166.2907,-165.18141,-164.00569,-162.89269,-161.78851,-160.56265,-159.46082,-158.19865,-157.10322,-155.80864,-154.72401,-153.40157,-152.33201,-150.98672,-149.61954,-148.57371,-147.19188,-145.79259,-144.37737,-143.37667,-141.95948,-140.53181,-139.09576,-137.65342,-136.20682,-134.75836,-134.19291,-132.72461,-131.26001,-129.80143,-129.16155,-127.69454,-126.23938,-125.55026,-124.09538,-122.65818,-121.92634,-120.49852,-119.73998,-118.32705,-117.54445,-116.15188,-115.34817,-114.52919,-113.1596,-112.32368,-111.47352,-110.13771,-109.27532,-108.4001,-107.10851,-106.22608,-105.33254,-104.42827,-103.19915,-102.29441,-101.38097,-100.45935,-99.53011,-98.59383,-97.4713,-96.54454,-95.61301,-94.67736,-93.73825,-92.79635,-91.85237,-90.907,-89.96095,-89.01493,-88.06965,-87.12582,-86.18414,-85.24529,-84.30997,-83.37882,-82.45249,-81.32867,-80.39296,-79.46435,-78.54341,-77.63069,-76.72671,-75.49681,-74.59345,-73.70083,-72.81936,-71.52739,-70.65324,-69.79195,-68.45607,-67.60711,-66.77239,-65.40302,-64.58534,-63.78294,-62.39083,-61.60959,-60.19733,-59.44019,-58.01323,-57.28282,-55.84665,-54.39298,-53.70528,-52.25148,-50.78589,-50.14748,-48.69043,-47.22745,-45.76087,-45.19682,-43.75014,-42.30544,-40.86503,-39.43093,-38.00525,-37.01743,-35.59028,-34.17723,-32.78005,-31.40032,-30.35563,-28.99058,-27.64739,-26.57914,-25.25884,-24.1756,-22.88306,-21.78905,-20.52886,-19.42853,-18.20458,-17.10197,-15.99052,-14.8166,-13.70882,-12.59515,-11.47617,-10.37393,-9.26577,-8.15491,-7.04242,-5.92922,-4.81587,-3.70322,-2.59208,-1.64909,-0.56107,0.5231,1.60256,2.91106,3.99606,5.07423,6.14491,7.20715,8.26057,9.30473,10.33911,11.72742,12.75409,13.76911,14.77187,16.18704,17.17591,18.61063,19.58257,20.54004,21.98367,22.92006,24.37163,25.28462,26.74025,27.62751,29.08264,30.54494,31.3919,32.84701,34.30592,35.7669,37.22835,38.68832,39.44076,40.88022,42.31492,43.04662,44.48721,45.91927,47.34137,48.75219,50.15065,50.94648,52.33865,53.71535,54.53706,55.90217,56.74072,58.09107,59.42143,60.27696,61.14336,62.4551,63.33243,64.62072,65.50692,66.76926,67.66225,68.56379,69.79403,70.69946,71.61239,72.80551,73.71944,74.63976,75.56617,76.49837,77.63353,78.56214,79.49531,80.43271,81.37399,82.3188,83.37268,84.30862,85.24684,86.18698,87.12866,88.07151,89.01513,89.95915,90.90319,91.84686,92.78979,93.73158,94.67186,95.61026,96.5464,97.59929,98.54438,99.48597,100.42371,101.35725,102.28625,103.21038,104.35333,105.28024,106.20108,107.11556,108.30817,109.22172,110.12779,111.35767,112.25992,113.15362,114.41575,115.30273,116.59094,117.46912,118.33711,119.64819,120.50464,121.83519,123.18581,124.02536,125.39086,126.21361,127.59079,128.98351,129.78045,131.17961,132.5912,134.01413,135.44712,136.19206,137.6216,139.05736,140.49798,141.94201,142.71167,144.17445,145.63684,147.09717,148.55379,149.4011,150.86504,152.32179,153.20956,154.66692,155.5805,157.0339,157.971,159.41647,160.37475,161.80791,162.78421,163.77405,165.19121,166.19495,167.21105,168.23885,169.62918,170.66475,171.71014,172.76484,173.82833,174.90035,176.23119,177.30108,178.37681,179.45769 0.00067,-0.00029,-0.00128,-0.00235,-0.00363,-0.00429,-0.00495,-0.00558,-0.00612,-0.00654,-0.00484,-0.0048,-0.00469,-0.00452,-0.00231,-0.00219,-0.00209,-0.00067,-0.00074,0.00019,0.00018,0.0014,0.00187,0.00434,0.00566,0.01001,0.01569,0.01832,0.02523,0.03244,0.03941,0.04085,0.0463,0.05073,0.05412,0.05666,0.05859,0.06024,0.06484,0.06652,0.06829,0.07013,0.07468,0.0761,0.077,0.08059,0.0804,0.07968,0.08245,0.0815,0.08436,0.08392,0.08728,0.08767,0.09171,0.09609,0.09746,0.10226,0.10709,0.10731,0.111,0.11391,0.11027,0.1114,0.112,0.11226,0.10726,0.1076,0.10795,0.10827,0.10853,0.10865,0.10367,0.10321,0.10262,0.10202,0.10156,0.10141,0.10169,0.10246,0.10374,0.10545,0.10747,0.10963,0.11171,0.11352,0.11486,0.11559,0.11561,0.12113,0.11982,0.11806,0.11603,0.11388,0.11181,0.11642,0.11483,0.11349,0.1123,0.11793,0.11651,0.11469,0.11927,0.11627,0.1127,0.11558,0.11111,0.10646,0.10881,0.1042,0.10673,0.10241,0.10484,0.10063,0.10231,0.10319,0.09827,0.09793,0.09695,0.09128,0.08973,0.088,0.08612,0.0808,0.07902,0.07704,0.07479,0.07226,0.0695,0.07033,0.06723,0.06422,0.06136,0.05867,0.05916,0.05661,0.05417,0.05427,0.05175,0.0513,0.04874,0.04779,0.04536,0.0441,0.04193,0.04048,0.03889,0.03698,0.03526,0.03341,0.03141,0.02954,0.02737,0.02506,0.02261,0.02003,0.01735,0.01458,0.01176,0.01039,0.00775,0.00513,0.00253,-0.00208,-0.00467,-0.00719,-0.00962,-0.01192,-0.01406,-0.01596,-0.01758,-0.02122,-0.02214,-0.02269,-0.0229,-0.02561,-0.02537,-0.0283,-0.02798,-0.02769,-0.03146,-0.03148,-0.03611,-0.03649,-0.04173,-0.04227,-0.04755,-0.05251,-0.0523,-0.05599,-0.05869,-0.06031,-0.06097,-0.06093,-0.05711,-0.05673,-0.05679,-0.06065,-0.06162,-0.06321,-0.06522,-0.0674,-0.06949,-0.07359,-0.07538,-0.07692,-0.08103,-0.08234,-0.08637,-0.08722,-0.0877,-0.09092,-0.09386,-0.09313,-0.09546,-0.09408,-0.09601,-0.0942,-0.09586,-0.09745,-0.09523,-0.09666,-0.09801,-0.09564,-0.09686,-0.09794,-0.09883,-0.09949,-0.096,-0.09607,-0.09596,-0.09581,-0.0957,-0.09572,-0.09121,-0.09129,-0.09133,-0.09117,-0.09061,-0.08949,-0.08767,-0.08511,-0.08188,-0.07817,-0.07424,-0.07036,-0.06674,-0.06356,-0.06088,-0.06211,-0.06063,-0.05962,-0.05902,-0.05869,-0.05851,-0.05835,-0.06317,-0.06283,-0.06226,-0.06148,-0.0658,-0.06459,-0.06324,-0.0669,-0.06519,-0.06332,-0.06602,-0.06362,-0.06539,-0.0624,-0.05925,-0.05964,-0.05619,-0.05579,-0.05477,-0.05113,-0.04923,-0.04563,-0.04283,-0.03957,-0.03608,-0.03282,-0.03008,-0.02813,-0.02702,-0.02534,-0.02514,-0.02507,-0.02472,-0.02393,-0.02504,-0.02368,-0.02196,-0.01991,-0.01757,-0.01875,-0.01591,-0.01256,-0.01301,-0.00876,-0.00848,-0.00353,-0.0027,0.00227,0.00314,0.00742,0.00782,0.00797,0.01075,0.01017,0.00932,0.00822,0.00978,0.00845,0.00706,0.00568,0.00436,0.00315,0.00468,0.00359,0.00258,0.00162
