22.5 -180.0,-165.67606,-151.35211,-137.02817,-122.70422,-108.38028,-94.05633,-79.73239,-65.40844,-51.0845,-36.76055,-22.43661,-8.11266,6.21128,20.53523,34.85917,49.18312,63.50706,77.83101,92.15495,106.4789,120.80284,135.12679,149.45073,163.77468,178.09862 -0.19077,-0.08347,0.04981,0.16258,0.22821,0.35705,0.559,0.4993,0.24716,0.07526,0.05098,0.11012,0.16734,0.20709,0.24663,0.29313,0.34161,0.32395,0.05237,-0.40907,-0.60301,-0.53643,-0.42372,-0.34746,-0.28224,-0.20282
28.125 -180.0,-168.54084,-157.08169,-145.62253,-134.16338,-122.70422,-111.24506,-99.78591,-88.32675,-76.8676,-65.40844,-53.94929,-42.49013,-31.03097,-19.57182,-8.11266,3.34649,14.80565,26.26481,37.72396,49.18312,60.64227,72.10143,83.56059,95.01974,106.4789,117.93805,129.39721,140.85637,152.31552,163.77468,175.23383 -0.22598,-0.15678,-0.0703,0.00768,0.06233,0.08804,0.09358,0.21078,0.37704,0.33418,0.19248,0.09212,0.06726,0.10049,0.15369,0.19413,0.22176,0.24622,0.26803,0.28163,0.28216,0.24506,0.1461,-0.05485,-0.29415,-0.40412,-0.39387,-0.34746,-0.3158,-0.3095,-0.29347,-0.24949
33.75 -180.0,-170.4507,-160.90141,-151.35211,-141.80281,-132.25352,-122.70422,-113.15492,-103.60563,-94.05633,-84.50703,-74.95774,-65.40844,-55.85914,-46.30985,-36.76055,-27.21125,-17.66196,-8.11266,1.43664,10.98593,20.53523,30.08452,39.63382,49.18312,58.73241,68.28171,77.83101,87.3803,96.9296,106.4789,116.02819,125.57749,135.12679,144.67608,154.22538,163.77468,173.32397 -0.2389,-0.20154,-0.14885,-0.09129,-0.04653,-0.0146,0.00344,-0.00074,0.01004,0.11712,0.21428,0.18193,0.11123,0.06686,0.06091,0.08565,0.13086,0.17795,0.21164,0.23387,0.25139,0.26661,0.2741,0.27165,0.25535,0.21886,0.16715,0.09618,-0.02066,-0.14871,-0.21621,-0.22631,-0.21271,-0.20423,-0.21228,-0.2366,-0.25919,-0.25577
39.375 -180.0,-171.81489,-163.62978,-155.44467,-147.25955,-139.07444,-130.88933,-122.70422,-114.51911,-106.334,-98.14889,-89.96378,-81.77866,-73.59355,-65.40844,-57.22333,-49.03822,-40.85311,-32.668,-24.48288,-16.29777,-8.11266,0.07245,8.25756,16.44267,24.62778,32.8129,40.99801,49.18312,57.36823,65.55334,73.73845,81.92356,90.10867,98.29379,106.4789,114.66401,122.84912,131.03423,139.21934,147.40445,155.58957,163.77468,171.95979 -0.22579,-0.21749,-0.19376,-0.15699,-0.11929,-0.08966,-0.06915,-0.05936,-0.06432,-0.0719,-0.04147,0.04633,0.08963,0.06346,0.02664,0.01484,0.02773,0.05505,0.09405,0.1402,0.18299,0.21383,0.23489,0.25056,0.26428,0.2738,0.27576,0.26761,0.24964,0.22561,0.1926,0.15359,0.10787,0.04366,-0.03196,-0.08052,-0.09185,-0.08363,-0.07773,-0.08547,-0.10695,-0.14167,-0.18395,-0.21592
45.0 -180.0,-172.83803,-165.67606,-158.51408,-151.35211,-144.19014,-137.02817,-129.86619,-122.70422,-115.54225,-108.38028,-101.2183,-94.05633,-86.89436,-79.73239,-72.57041,-65.40844,-58.24647,-51.0845,-43.92252,-36.76055,-29.59858,-22.43661,-15.27463,-8.11266,-0.95069,6.21128,13.37326,20.53523,27.6972,34.85917,42.02115,49.18312,56.34509,63.50706,70.66904,77.83101,84.99298,92.15495,99.31693,106.4789,113.64087,120.80284,127.96481,135.12679,142.28876,149.45073,156.6127,163.77468,170.93665,178.09862 -0.19262,-0.2087,-0.20995,-0.19716,-0.17434,-0.14908,-0.12834,-0.11632,-0.11239,-0.11333,-0.11853,-0.11886,-0.07594,-0.00737,0.01187,-0.01479,-0.03891,-0.03985,-0.01936,0.01071,0.04584,0.08605,0.12827,0.16714,0.19851,0.22156,0.23937,0.25437,0.26713,0.27607,0.27823,0.27117,0.25724,0.24139,0.22001,0.19082,0.16069,0.13235,0.1029,0.06136,0.02225,0.0063,0.00846,0.01331,0.01105,-0.00141,-0.02453,-0.05851,-0.10343,-0.15004,-0.1859
50.625 -180.0,-173.6338,-167.2676,-160.90141,-154.53521,-148.16901,-141.80281,-135.43662,-129.07042,-122.70422,-116.33802,-109.97183,-103.60563,-97.23943,-90.87323,-84.50703,-78.14084,-71.77464,-65.40844,-59.04224,-52.67605,-46.30985,-39.94365,-33.57745,-27.21125,-20.84506,-14.47886,-8.11266,-1.74646,4.61973,10.98593,17.35213,23.71833,30.08452,36.45072,42.81692,49.18312,55.54932,61.91551,68.28171,74.64791,81.01411,87.3803,93.7465,100.1127,106.4789,112.8451,119.21129,125.57749,131.94369,138.30989,144.67608,151.04228,157.40848,163.77468,170.14087,176.50707 -0.15092,-0.18128,-0.20085,-0.20916,-0.20641,-0.1951,-0.17814,-0.16358,-0.15715,-0.15557,-0.15165,-0.14929,-0.1551,-0.14804,-0.09734,-0.04662,-0.04197,-0.06585,-0.08451,-0.08489,-0.06579,-0.03782,-0.00788,0.02528,0.06133,0.09791,0.1331,0.16499,0.19237,0.2149,0.23363,0.24964,0.26315,0.27301,0.27746,0.27287,0.26044,0.24762,0.23548,0.21701,0.19345,0.1722,0.15731,0.14677,0.12697,0.09969,0.08206,0.07853,0.07869,0.07438,0.06375,0.04719,0.02519,-0.00394,-0.04176,-0.08598,-0.12981
56.25 -180.0,-174.27042,-168.54084,-162.81127,-157.08169,-151.35211,-145.62253,-139.89295,-134.16338,-128.4338,-122.70422,-116.97464,-111.24506,-105.51549,-99.78591,-94.05633,-88.32675,-82.59717,-76.8676,-71.13802,-65.40844,-59.67886,-53.94929,-48.21971,-42.49013,-36.76055,-31.03097,-25.3014,-19.57182,-13.84224,-8.11266,-2.38308,3.34649,9.07607,14.80565,20.53523,26.26481,31.99438,37.72396,43.45354,49.18312,54.9127,60.64227,66.37185,72.10143,77.83101,83.56059,89.29016,95.01974,100.74932,106.4789,112.20848,117.93805,123.66763,129.39721,135.12679,140.85637,146.58594,152.31552,158.0451,163.77468,169.50426,175.23383 -0.10572,-0.14381,-0.17386,-0.19571,-0.20968,-0.21534,-0.21127,-0.20065,-0.19184,-0.18972,-0.18927,-0.18207,-0.17245,-0.17386,-0.17854,-0.15666,-0.10861,-0.07661,-0.07995,-0.09999,-0.11449,-0.11638,-0.10351,-0.08151,-0.05884,-0.03434,-0.00621,0.02445,0.05646,0.089,0.12119,0.15194,0.17929,0.20182,0.22023,0.2353,0.24813,0.2597,0.26704,0.26404,0.25211,0.24233,0.23789,0.22985,0.21391,0.1971,0.18503,0.17862,0.17524,0.16714,0.14995,0.13351,0.12803,0.12815,0.12448,0.11362,0.09661,0.07733,0.05791,0.03585,0.00748,-0.02843,-0.07023
61.875 -180.0,-174.79129,-169.58259,-164.37388,-159.16517,-153.95646,-148.74776,-143.53905,-138.33034,-133.12163,-127.91293,-122.70422,-117.49551,-112.28681,-107.0781,-101.86939,-96.66068,-91.45198,-86.24327,-81.03456,-75.82586,-70.61715,-65.40844,-60.19973,-54.99103,-49.78232,-44.57361,-39.3649,-34.1562,-28.94749,-23.73878,-18.53008,-13.32137,-8.11266,-2.90395,2.30475,7.51346,12.72217,17.93087,23.13958,28.34829,33.557,38.7657,43.97441,49.18312,54.39183,59.60053,64.80924,70.01795,75.22665,80.43536,85.64407,90.85278,96.06148,101.27019,106.4789,111.6876,116.89631,122.10502,127.31373,132.52243,137.73114,142.93985,148.14856,153.35726,158.56597,163.77468,168.98338,174.19209,179.4008 -0.0538,-0.09573,-0.13315,-0.16392,-0.18848,-0.20643,-0.2163,-0.21677,-0.21271,-0.21071,-0.21317,-0.21397,-0.20504,-0.18996,-0.18441,-0.18976,-0.18292,-0.15074,-0.11512,-0.09877,-0.10559,-0.12156,-0.1337,-0.13735,-0.12986,-0.11452,-0.0988,-0.08351,-0.06498,-0.04226,-0.01543,0.0145,0.04598,0.07726,0.10723,0.1345,0.15778,0.17679,0.19272,0.20737,0.22274,0.23816,0.24803,0.24551,0.23519,0.22972,0.23074,0.22966,0.22069,0.20848,0.19907,0.19446,0.19308,0.19157,0.189,0.17966,0.16336,0.1528,0.15342,0.15584,0.15108,0.13764,0.11876,0.10058,0.0856,0.07047,0.05087,0.0248,-0.00876,-0.04894
67.5 -180.0,-175.22535,-170.4507,-165.67606,-160.90141,-156.12676,-151.35211,-146.57746,-141.80281,-137.02817,-132.25352,-127.47887,-122.70422,-117.92957,-113.15492,-108.38028,-103.60563,-98.83098,-94.05633,-89.28168,-84.50703,-79.73239,-74.95774,-70.18309,-65.40844,-60.63379,-55.85914,-51.0845,-46.30985,-41.5352,-36.76055,-31.9859,-27.21125,-22.43661,-17.66196,-12.88731,-8.11266,-3.33801,1.43664,6.21128,10.98593,15.76058,20.53523,25.30988,30.08452,34.85917,39.63382,44.40847,49.18312,53.95777,58.73241,63.50706,68.28171,73.05636,77.83101,82.60566,87.3803,92.15495,96.9296,101.70425,106.4789,111.25355,116.02819,120.80284,125.57749,130.35214,135.12679,139.90144,144.67608,149.45073,154.22538,159.00003,163.77468,168.54933,173.32397,178.09862 -0.00264,-0.04186,-0.08184,-0.11835,-0.14968,-0.17519,-0.19367,-0.20418,-0.20901,-0.21215,-0.21774,-0.22533,-0.22831,-0.21878,-0.20015,-0.18828,-0.19073,-0.19098,-0.16957,-0.13919,-0.12033,-0.11475,-0.12048,-0.13183,-0.14295,-0.15,-0.14765,-0.13708,-0.12551,-0.11612,-0.10642,-0.09307,-0.07459,-0.05053,-0.02262,0.00654,0.03447,0.05988,0.08235,0.10242,0.12103,0.13891,0.15686,0.17583,0.19587,0.2138,0.22195,0.21795,0.21065,0.20964,0.21393,0.21645,0.21283,0.20582,0.19907,0.19492,0.19552,0.19669,0.19515,0.19503,0.19218,0.17919,0.1638,0.15797,0.1615,0.16524,0.16206,0.15058,0.13499,0.12105,0.1106,0.10026,0.08632,0.06747,0.04289,0.01168
73.125 -180.0,-175.59263,-171.18526,-166.7779,-162.37053,-157.96316,-153.55579,-149.14843,-144.74106,-140.33369,-135.92632,-131.51896,-127.11159,-122.70422,-118.29685,-113.88949,-109.48212,-105.07475,-100.66738,-96.26001,-91.85265,-87.44528,-83.03791,-78.63054,-74.22318,-69.81581,-65.40844,-61.00107,-56.59371,-52.18634,-47.77897,-43.3716,-38.96424,-34.55687,-30.1495,-25.74213,-21.33476,-16.9274,-12.52003,-8.11266,-3.70529,0.70207,5.10944,9.51681,13.92418,18.33154,22.73891,27.14628,31.55365,35.96102,40.36838,44.77575,49.18312,53.59049,57.99785,62.40522,66.81259,71.21996,75.62732,80.03469,84.44206,88.84943,93.25679,97.66416,102.07153,106.4789,110.88627,115.29363,119.701,124.10837,128.51574,132.9231,137.33047,141.73784,146.14521,150.55257,154.95994,159.36731,163.77468,168.18204,172.58941,176.99678 0.03663,0.00429,-0.03203,-0.06885,-0.10251,-0.13075,-0.15238,-0.16814,-0.17932,-0.18849,-0.19817,-0.21062,-0.22349,-0.22958,-0.22112,-0.20102,-0.18471,-0.18362,-0.18817,-0.17645,-0.148,-0.13027,-0.12533,-0.1238,-0.1262,-0.13225,-0.14198,-0.15241,-0.15629,-0.15049,-0.14113,-0.13428,-0.12932,-0.12352,-0.11375,-0.09867,-0.07802,-0.05463,-0.03115,-0.0091,0.01104,0.02908,0.04603,0.06368,0.08254,0.10224,0.12248,0.14344,0.16366,0.17842,0.18244,0.1791,0.17697,0.18046,0.18707,0.19177,0.19223,0.19029,0.18724,0.18334,0.18306,0.18724,0.18842,0.18577,0.18586,0.18597,0.17952,0.16688,0.15662,0.15513,0.15965,0.16381,0.163,0.15611,0.1461,0.13716,0.13017,0.12296,0.11289,0.09845,0.07949,0.05574
78.75 -180.0,-175.90744,-171.81489,-167.72233,-163.62978,-159.53722,-155.44467,-151.35211,-147.25955,-143.167,-139.07444,-134.98189,-130.88933,-126.79678,-122.70422,-118.61166,-114.51911,-110.42655,-106.334,-102.24144,-98.14889,-94.05633,-89.96378,-85.87122,-81.77866,-77.68611,-73.59355,-69.501,-65.40844,-61.31589,-57.22333,-53.13077,-49.03822,-44.94566,-40.85311,-36.76055,-32.668,-28.57544,-24.48288,-20.39033,-16.29777,-12.20522,-8.11266,-4.02011,0.07245,4.16501,8.25756,12.35012,16.44267,20.53523,24.62778,28.72034,32.8129,36.90545,40.99801,45.09056,49.18312,53.27567,57.36823,61.46079,65.55334,69.6459,73.73845,77.83101,81.92356,86.01612,90.10867,94.20123,98.29379,102.38634,106.4789,110.57145,114.66401,118.75656,122.84912,126.94168,131.03423,135.12679,139.21934,143.3119,147.40445,151.49701,155.58957,159.68212,163.77468,167.86723,171.95979,176.05234 0.06444,0.03866,0.00921,-0.02301,-0.05468,-0.08227,-0.10398,-0.1204,-0.13428,-0.14703,-0.1594,-0.173,-0.18984,-0.20712,-0.217,-0.21158,-0.19252,-0.1741,-0.16996,-0.17635,-0.17401,-0.15142,-0.12915,-0.1255,-0.12697,-0.12645,-0.12486,-0.12623,-0.13406,-0.14553,-0.15355,-0.15311,-0.14698,-0.14145,-0.13817,-0.13552,-0.13167,-0.12449,-0.11298,-0.09764,-0.08071,-0.06403,-0.04768,-0.03143,-0.01577,-0.00041,0.01538,0.03172,0.04781,0.06388,0.08111,0.09945,0.11597,0.1268,0.13127,0.13345,0.13776,0.14457,0.15215,0.15841,0.16225,0.16414,0.16448,0.16271,0.16167,0.16508,0.16978,0.16941,0.16661,0.16633,0.16695,0.1653,0.1591,0.14992,0.14498,0.14667,0.15168,0.15565,0.15568,0.1519,0.14709,0.14231,0.13728,0.13197,0.12571,0.11684,0.10381,0.08584
84.375 -180.0,-176.18028,-172.36056,-168.54084,-164.72113,-160.90141,-157.08169,-153.26197,-149.44225,-145.62253,-141.80281,-137.9831,-134.16338,-130.34366,-126.52394,-122.70422,-118.8845,-115.06478,-111.24506,-107.42535,-103.60563,-99.78591,-95.96619,-92.14647,-88.32675,-84.50703,-80.68732,-76.8676,-73.04788,-69.22816,-65.40844,-61.58872,-57.769,-53.94929,-50.12957,-46.30985,-42.49013,-38.67041,-34.85069,-31.03097,-27.21125,-23.39154,-19.57182,-15.7521,-11.93238,-8.11266,-4.29294,-0.47322,3.34649,7.16621,10.98593,14.80565,18.62537,22.44509,26.26481,30.08452,33.90424,37.72396,41.54368,45.3634,49.18312,53.00284,56.82256,60.64227,64.46199,68.28171,72.10143,75.92115,79.74087,83.56059,87.3803,91.20002,95.01974,98.83946,102.65918,106.4789,110.29862,114.11833,117.93805,121.75777,125.57749,129.39721,133.21693,137.03665,140.85637,144.67608,148.4958,152.31552,156.13524,159.95496,163.77468,167.5944,171.41411,175.23383,179.05355 0.08396,0.06403,0.04159,0.01641,-0.01051,-0.03564,-0.05611,-0.0722,-0.08621,-0.10057,-0.11483,-0.12769,-0.14141,-0.15964,-0.17982,-0.19346,-0.19248,-0.17692,-0.1587,-0.15216,-0.15814,-0.16218,-0.14971,-0.12735,-0.11848,-0.12081,-0.12414,-0.12328,-0.1185,-0.11714,-0.12345,-0.13353,-0.14139,-0.14422,-0.14277,-0.13947,-0.13638,-0.13414,-0.13178,-0.12872,-0.12387,-0.11654,-0.10647,-0.09564,-0.08476,-0.07274,-0.05985,-0.04675,-0.03422,-0.02182,-0.00972,0.00152,0.01198,0.02321,0.0364,0.05069,0.06354,0.07399,0.08329,0.0923,0.1001,0.10642,0.11235,0.11883,0.12485,0.12909,0.13159,0.13265,0.13336,0.136,0.14065,0.14407,0.14404,0.14272,0.1423,0.14242,0.14258,0.141,0.13507,0.12899,0.12798,0.13179,0.13677,0.13914,0.1382,0.13646,0.13536,0.13364,0.13013,0.12631,0.12355,0.12088,0.11529,0.10454,0.08852
90.0 -180.0,-176.41901,-172.83803,-169.25704,-165.67606,-162.09507,-158.51408,-154.9331,-151.35211,-147.77112,-144.19014,-140.60915,-137.02817,-133.44718,-129.86619,-126.28521,-122.70422,-119.12323,-115.54225,-111.96126,-108.38028,-104.79929,-101.2183,-97.63732,-94.05633,-90.47534,-86.89436,-83.31337,-79.73239,-76.1514,-72.57041,-68.98943,-65.40844,-61.82745,-58.24647,-54.66548,-51.0845,-47.50351,-43.92252,-40.34154,-36.76055,-33.17956,-29.59858,-26.01759,-22.43661,-18.85562,-15.27463,-11.69365,-8.11266,-4.53168,-0.95069,2.6303,6.21128,9.79227,13.37326,16.95424,20.53523,24.11621,27.6972,31.27819,34.85917,38.44016,42.02115,45.60213,49.18312,52.7641,56.34509,59.92608,63.50706,67.08805,70.66904,74.25002,77.83101,81.41199,84.99298,88.57397,92.15495,95.73594,99.31693,102.89791,106.4789,110.05988,113.64087,117.22186,120.80284,124.38383,127.96481,131.5458,135.12679,138.70777,142.28876,145.86975,149.45073,153.03172,156.6127,160.19369,163.77468,167.35566,170.93665,174.51764,178.09862 0.0947,0.08009,0.06444,0.0469,0.02689,0.00568,-0.01347,-0.02886,-0.04215,-0.0562,-0.07177,-0.08574,-0.09611,-0.1077,-0.12562,-0.14727,-0.16387,-0.16761,-0.1572,-0.14123,-0.13288,-0.13676,-0.14348,-0.14007,-0.12474,-0.11255,-0.11059,-0.11373,-0.1171,-0.11501,-0.10864,-0.10693,-0.11243,-0.11993,-0.12474,-0.12745,-0.12949,-0.12963,-0.12729,-0.12423,-0.12157,-0.11902,-0.11654,-0.11344,-0.10856,-0.10254,-0.09665,-0.09097,-0.08455,-0.0763,-0.06692,-0.05723,-0.04763,-0.0382,-0.02946,-0.0217,-0.01449,-0.00635,0.00297,0.01277,0.02315,0.03518,0.04823,0.0591,0.06532,0.06815,0.07138,0.07759,0.08472,0.08967,0.09255,0.09505,0.09805,0.10134,0.10506,0.1096,0.114,0.11638,0.11705,0.11687,0.11668,0.1172,0.11748,0.11405,0.10814,0.10492,0.10684,0.11179,0.11537,0.11548,0.11428,0.11474,0.1164,0.11691,0.11526,0.11298,0.11261,0.11416,0.11473,0.11096,0.10152
95.625 -180.0,-176.62966,-173.25932,-169.88898,-166.51864,-163.1483,-159.77796,-156.40762,-153.03728,-149.66694,-146.2966,-142.92626,-139.55592,-136.18558,-132.81524,-129.4449,-126.07456,-122.70422,-119.33388,-115.96354,-112.5932,-109.22286,-105.85252,-102.48218,-99.11184,-95.7415,-92.37116,-89.00082,-85.63048,-82.26014,-78.8898,-75.51946,-72.14912,-68.77878,-65.40844,-62.0381,-58.66776,-55.29742,-51.92708,-48.55674,-45.1864,-41.81606,-38.44572,-35.07538,-31.70504,-28.3347,-24.96436,-21.59402,-18.22368,-14.85334,-11.483,-8.11266,-4.74232,-1.37198,1.99836,5.3687,8.73904,12.10938,15.47972,18.85006,22.2204,25.59074,28.96108,32.33142,35.70176,39.0721,42.44244,45.81278,49.18312,52.55346,55.9238,59.29414,62.66448,66.03482,69.40516,72.7755,76.14584,79.51618,82.88652,86.25686,89.6272,92.99754,96.36788,99.73822,103.10856,106.4789,109.84924,113.21958,116.58992,119.96026,123.3306,126.70094,130.07128,133.44162,136.81196,140.1823,143.55264,146.92298,150.29332,153.66366,157.034,160.40434,163.77468,167.14502,170.51536,173.8857,177.25604 0.09729,0.08685,0.07603,0.06517,0.0524,0.03715,0.02097,0.00664,-0.00526,-0.01679,-0.03058,-0.04519,-0.05664,-0.06447,-0.07496,-0.09257,-0.11437,-0.13257,-0.14029,-0.13549,-0.12323,-0.11379,-0.11445,-0.12114,-0.12372,-0.1173,-0.10779,-0.10241,-0.10128,-0.10374,-0.10619,-0.10244,-0.09623,-0.0958,-0.10104,-0.10558,-0.10662,-0.10721,-0.11025,-0.11357,-0.11351,-0.11052,-0.10731,-0.10469,-0.10214,-0.09967,-0.09686,-0.09341,-0.09031,-0.08851,-0.08762,-0.08645,-0.0836,-0.07832,-0.07114,-0.06318,-0.05499,-0.04688,-0.03975,-0.03401,-0.02885,-0.02331,-0.01742,-0.01103,-0.00234,0.00913,0.02085,0.02859,0.0314,0.03195,0.0347,0.04192,0.04978,0.05396,0.05525,0.05691,0.06036,0.06418,0.06706,0.07091,0.0773,0.08368,0.08782,0.09004,0.09071,0.09083,0.09147,0.09225,0.09043,0.08542,0.08108,0.08096,0.08486,0.08912,0.09005,0.08862,0.08885,0.0919,0.09584,0.09861,0.09908,0.09809,0.09824,0.10121,0.10541,0.10716,0.10381
101.25 -180.0,-176.8169,-173.6338,-170.4507,-167.2676,-164.08451,-160.90141,-157.71831,-154.53521,-151.35211,-148.16901,-144.98591,-141.80281,-138.61971,-135.43662,-132.25352,-129.07042,-125.88732,-122.70422,-119.52112,-116.33802,-113.15492,-109.97183,-106.78873,-103.60563,-100.42253,-97.23943,-94.05633,-90.87323,-87.69013,-84.50703,-81.32394,-78.14084,-74.95774,-71.77464,-68.59154,-65.40844,-62.22534,-59.04224,-55.85914,-52.67605,-49.49295,-46.30985,-43.12675,-39.94365,-36.76055,-33.57745,-30.39435,-27.21125,-24.02816,-20.84506,-17.66196,-14.47886,-11.29576,-8.11266,-4.92956,-1.74646,1.43664,4.61973,7.80283,10.98593,14.16903,17.35213,20.53523,23.71833,26.90143,30.08452,33.26762,36.45072,39.63382,42.81692,46.00002,49.18312,52.36622,55.54932,58.73241,61.91551,65.09861,68.28171,71.46481,74.64791,77.83101,81.01411,84.19721,87.3803,90.5634,93.7465,96.9296,100.1127,103.2958,106.4789,109.662,112.8451,116.02819,119.21129,122.39439,125.57749,128.76059,131.94369,135.12679,138.30989,141.49299,144.67608,147.85918,151.04228,154.22538,157.40848,160.59158,163.77468,166.95778,170.14087,173.32397,176.50707,179.69017 0.09246,0.08516,0.07729,0.07009,0.06298,0.05409,0.04287,0.0312,0.02153,0.01368,0.0051,-0.00576,-0.01684,-0.02577,-0.03367,-0.04538,-0.06305,-0.08367,-0.10167,-0.1121,-0.11251,-0.1047,-0.09518,-0.09216,-0.0972,-0.10342,-0.10455,-0.10089,-0.09564,-0.09117,-0.08937,-0.09138,-0.0921,-0.08701,-0.08214,-0.0836,-0.08844,-0.09028,-0.08801,-0.08604,-0.08833,-0.09336,-0.09627,-0.09516,-0.0924,-0.08996,-0.08727,-0.08408,-0.08102,-0.07824,-0.07596,-0.07503,-0.0757,-0.07734,-0.07889,-0.07917,-0.07732,-0.0735,-0.06836,-0.06222,-0.05544,-0.04891,-0.04358,-0.0394,-0.03553,-0.03189,-0.02889,-0.02514,-0.01898,-0.0108,-0.00362,0.00021,0.00151,0.00303,0.00782,0.0164,0.02435,0.02724,0.02662,0.02639,0.0283,0.03116,0.03296,0.03516,0.04113,0.04889,0.05514,0.05982,0.06345,0.06538,0.06594,0.06646,0.06694,0.06562,0.06184,0.05785,0.05638,0.05841,0.06209,0.06382,0.06261,0.06175,0.06435,0.06955,0.07527,0.08011,0.08277,0.0827,0.08211,0.0842,0.08932,0.09461,0.09636,0.09299
106.875 -180.0,-176.98443,-173.96887,-170.9533,-167.93773,-164.92216,-161.9066,-158.89103,-155.87546,-152.85989,-149.84433,-146.82876,-143.81319,-140.79762,-137.78206,-134.76649,-131.75092,-128.73536,-125.71979,-122.70422,-119.68865,-116.67309,-113.65752,-110.64195,-107.62638,-104.61082,-101.59525,-98.57968,-95.56411,-92.54855,-89.53298,-86.51741,-83.50185,-80.48628,-77.47071,-74.45514,-71.43958,-68.42401,-65.40844,-62.39287,-59.37731,-56.36174,-53.34617,-50.3306,-47.31504,-44.29947,-41.2839,-38.26833,-35.25277,-32.2372,-29.22163,-26.20607,-23.1905,-20.17493,-17.15936,-14.1438,-11.12823,-8.11266,-5.09709,-2.08153,0.93404,3.94961,6.96518,9.98074,12.99631,16.01188,19.02744,22.04301,25.05858,28.07415,31.08971,34.10528,37.12085,40.13642,43.15198,46.16755,49.18312,52.19869,55.21425,58.22982,61.24539,64.26095,67.27652,70.29209,73.30766,76.32322,79.33879,82.35436,85.36993,88.38549,91.40106,94.41663,97.4322,100.44776,103.46333,106.4789,109.49446,112.51003,115.5256,118.54117,121.55673,124.5723,127.58787,130.60344,133.619,136.63457,139.65014,142.66571,145.68127,148.69684,151.71241,154.72798,157.74354,160.75911,163.77468,166.79024,169.80581,172.82138,175.83695,178.85251 0.08104,0.07632,0.07009,0.0647,0.06051,0.05635,0.0506,0.04323,0.03647,0.03181,0.02847,0.02404,0.01797,0.01105,0.00317,-0.00696,-0.02084,-0.03826,-0.05634,-0.07218,-0.0835,-0.08815,-0.08498,-0.07656,-0.07046,-0.07306,-0.08125,-0.08822,-0.09072,-0.08807,-0.08238,-0.07725,-0.07587,-0.07731,-0.07575,-0.07004,-0.06711,-0.07015,-0.07434,-0.07393,-0.0693,-0.06513,-0.06589,-0.07108,-0.07618,-0.07789,-0.0771,-0.07553,-0.07293,-0.06888,-0.06489,-0.06204,-0.0601,-0.05911,-0.05952,-0.06119,-0.06334,-0.06531,-0.06667,-0.06709,-0.06637,-0.06445,-0.06134,-0.05712,-0.05228,-0.04768,-0.04369,-0.04009,-0.03722,-0.03588,-0.03511,-0.03319,-0.0292,-0.02447,-0.02135,-0.0199,-0.01775,-0.0137,-0.0073,0.00102,0.00784,0.00994,0.00871,0.00737,0.00741,0.00826,0.00814,0.00827,0.01213,0.01933,0.026,0.03098,0.03589,0.04086,0.04378,0.04395,0.04341,0.04271,0.0408,0.03778,0.03495,0.03331,0.03366,0.03575,0.0373,0.03652,0.035,0.03628,0.04103,0.04741,0.05397,0.06,0.06401,0.06483,0.06399,0.06486,0.06924,0.07568,0.08083,0.0819
112.5 -180.0,-177.13521,-174.27042,-171.40563,-168.54084,-165.67606,-162.81127,-159.94648,-157.08169,-154.2169,-151.35211,-148.48732,-145.62253,-142.75774,-139.89295,-137.02817,-134.16338,-131.29859,-128.4338,-125.56901,-122.70422,-119.83943,-116.97464,-114.10985,-111.24506,-108.38028,-105.51549,-102.6507,-99.78591,-96.92112,-94.05633,-91.19154,-88.32675,-85.46196,-82.59717,-79.73239,-76.8676,-74.00281,-71.13802,-68.27323,-65.40844,-62.54365,-59.67886,-56.81407,-53.94929,-51.0845,-48.21971,-45.35492,-42.49013,-39.62534,-36.76055,-33.89576,-31.03097,-28.16618,-25.3014,-22.43661,-19.57182,-16.70703,-13.84224,-10.97745,-8.11266,-5.24787,-2.38308,0.48171,3.34649,6.21128,9.07607,11.94086,14.80565,17.67044,20.53523,23.40002,26.26481,29.1296,31.99438,34.85917,37.72396,40.58875,43.45354,46.31833,49.18312,52.04791,54.9127,57.77748,60.64227,63.50706,66.37185,69.23664,72.10143,74.96622,77.83101,80.6958,83.56059,86.42537,89.29016,92.15495,95.01974,97.88453,100.74932,103.61411,106.4789,109.34369,112.20848,115.07326,117.93805,120.80284,123.66763,126.53242,129.39721,132.262,135.12679,137.99158,140.85637,143.72115,146.58594,149.45073,152.31552,155.18031,158.0451,160.90989,163.77468,166.63947,169.50426,172.36904,175.23383,178.09862 0.06586,0.06331,0.05825,0.05326,0.05005,0.04854,0.04724,0.0448,0.04143,0.03928,0.03906,0.03913,0.03813,0.03596,0.03162,0.02362,0.01165,-0.00319,-0.01905,-0.03355,-0.0458,-0.05599,-0.0631,-0.06418,-0.05818,-0.05067,-0.05072,-0.0593,-0.07021,-0.07805,-0.07921,-0.07392,-0.06687,-0.06241,-0.06194,-0.06195,-0.05805,-0.0527,-0.05178,-0.05578,-0.05898,-0.05701,-0.05116,-0.04554,-0.04458,-0.04888,-0.05481,-0.05866,-0.05999,-0.05987,-0.05772,-0.0533,-0.0485,-0.04549,-0.04407,-0.04334,-0.0435,-0.04499,-0.04728,-0.04932,-0.05084,-0.05221,-0.05369,-0.05498,-0.05559,-0.05499,-0.0531,-0.05038,-0.04747,-0.04447,-0.0414,-0.0391,-0.03826,-0.03814,-0.03731,-0.03513,-0.03202,-0.02975,-0.02948,-0.02915,-0.0259,-0.02032,-0.01403,-0.00761,-0.00253,-0.00053,-0.00091,-0.00194,-0.00273,-0.00352,-0.00567,-0.00852,-0.00811,-0.0029,0.0041,0.00935,0.01309,0.01807,0.0241,0.0271,0.02601,0.02391,0.02192,0.01913,0.01617,0.01401,0.01253,0.01198,0.01282,0.01365,0.01243,0.00985,0.00928,0.0127,0.01879,0.02531,0.03153,0.03739,0.04196,0.04403,0.04421,0.04503,0.04851,0.05453,0.06103,0.06527
118.125 -180.0,-177.27163,-174.54326,-171.81489,-169.08652,-166.35815,-163.62978,-160.90141,-158.17304,-155.44467,-152.7163,-149.98793,-147.25955,-144.53118,-141.80281,-139.07444,-136.34607,-133.6177,-130.88933,-128.16096,-125.43259,-122.70422,-119.97585,-117.24748,-114.51911,-111.79074,-109.06237,-106.334,-103.60563,-100.87726,-98.14889,-95.42052,-92.69215,-89.96378,-87.2354,-84.50703,-81.77866,-79.05029,-76.32192,-73.59355,-70.86518,-68.13681,-65.40844,-62.68007,-59.9517,-57.22333,-54.49496,-51.76659,-49.03822,-46.30985,-43.58148,-40.85311,-38.12474,-35.39637,-32.668,-29.93963,-27.21125,-24.48288,-21.75451,-19.02614,-16.29777,-13.5694,-10.84103,-8.11266,-5.38429,-2.65592,0.07245,2.80082,5.52919,8.25756,10.98593,13.7143,16.44267,19.17104,21.89941,24.62778,27.35615,30.08452,32.8129,35.54127,38.26964,40.99801,43.72638,46.45475,49.18312,51.91149,54.63986,57.36823,60.0966,62.82497,65.55334,68.28171,71.01008,73.73845,76.46682,79.19519,81.92356,84.65193,87.3803,90.10867,92.83705,95.56542,98.29379,101.02216,103.75053,106.4789,109.20727,111.93564,114.66401,117.39238,120.12075,122.84912,125.57749,128.30586,131.03423,133.7626,136.49097,139.21934,141.94771,144.67608,147.40445,150.13282,152.8612,155.58957,158.31794,161.04631,163.77468,166.50305,169.23142,171.95979,174.68816,177.41653 0.05018,0.04961,0.04574,0.04086,0.03738,0.03639,0.03731,0.03872,0.03949,0.04011,0.04173,0.04405,0.0454,0.0457,0.04484,0.04087,0.03252,0.02074,0.00737,-0.00559,-0.01636,-0.02484,-0.03277,-0.0402,-0.0441,-0.04129,-0.0346,-0.03273,-0.04002,-0.05246,-0.06412,-0.06932,-0.06603,-0.05782,-0.05112,-0.04844,-0.04814,-0.04573,-0.04026,-0.03611,-0.03685,-0.04112,-0.0435,-0.04097,-0.03506,-0.02878,-0.02626,-0.02887,-0.03426,-0.03897,-0.04153,-0.04227,-0.04068,-0.03658,-0.03197,-0.02916,-0.02833,-0.02807,-0.02806,-0.02926,-0.03193,-0.03476,-0.03647,-0.03731,-0.03846,-0.04053,-0.04309,-0.0451,-0.04568,-0.04482,-0.04358,-0.04275,-0.04186,-0.04041,-0.03936,-0.03941,-0.03937,-0.03802,-0.0354,-0.03242,-0.03018,-0.03004,-0.03166,-0.03179,-0.02825,-0.02278,-0.01772,-0.01336,-0.00963,-0.00732,-0.00657,-0.00684,-0.0075,-0.00859,-0.01153,-0.01645,-0.02019,-0.01885,-0.0127,-0.00589,-0.00193,0.00054,0.00528,0.01143,0.01425,0.01234,0.00931,0.00686,0.00386,0.00065,-0.00174,-0.00383,-0.0053,-0.00502,-0.00406,-0.00557,-0.00993,-0.01349,-0.01277,-0.00789,-0.00144,0.00449,0.00957,0.01446,0.01901,0.02235,0.02432,0.0261,0.0292,0.03436,0.04095,0.04701
123.75 -180.0,-177.39565,-174.79129,-172.18694,-169.58259,-166.97823,-164.37388,-161.76952,-159.16517,-156.56082,-153.95646,-151.35211,-148.74776,-146.1434,-143.53905,-140.9347,-138.33034,-135.72599,-133.12163,-130.51728,-127.91293,-125.30857,-122.70422,-120.09987,-117.49551,-114.89116,-112.28681,-109.68245,-107.0781,-104.47375,-101.86939,-99.26504,-96.66068,-94.05633,-91.45198,-88.84762,-86.24327,-83.63892,-81.03456,-78.43021,-75.82586,-73.2215,-70.61715,-68.01279,-65.40844,-62.80409,-60.19973,-57.59538,-54.99103,-52.38667,-49.78232,-47.17797,-44.57361,-41.96926,-39.3649,-36.76055,-34.1562,-31.55184,-28.94749,-26.34314,-23.73878,-21.13443,-18.53008,-15.92572,-13.32137,-10.71702,-8.11266,-5.50831,-2.90395,-0.2996,2.30475,4.90911,7.51346,10.11781,12.72217,15.32652,17.93087,20.53523,23.13958,25.74394,28.34829,30.95264,33.557,36.16135,38.7657,41.37006,43.97441,46.57876,49.18312,51.78747,54.39183,56.99618,59.60053,62.20489,64.80924,67.41359,70.01795,72.6223,75.22665,77.83101,80.43536,83.03972,85.64407,88.24842,90.85278,93.45713,96.06148,98.66584,101.27019,103.87454,106.4789,109.08325,111.6876,114.29196,116.89631,119.50067,122.10502,124.70937,127.31373,129.91808,132.52243,135.12679,137.73114,140.33549,142.93985,145.5442,148.14856,150.75291,153.35726,155.96162,158.56597,161.17032,163.77468,166.37903,168.98338,171.58774,174.19209,176.79645,179.4008 0.03506,0.03611,0.03378,0.02971,0.02627,0.02507,0.02634,0.0292,0.03259,0.03586,0.03935,0.04314,0.04577,0.04664,0.04648,0.04501,0.04037,0.03237,0.02269,0.0127,0.00336,-0.00437,-0.01027,-0.01618,-0.02257,-0.02732,-0.02728,-0.02307,-0.02058,-0.02544,-0.03692,-0.05012,-0.05866,-0.05859,-0.05074,-0.04211,-0.03731,-0.0361,-0.03446,-0.02941,-0.0237,-0.02113,-0.02287,-0.02687,-0.02884,-0.02706,-0.02249,-0.01661,-0.01278,-0.01297,-0.01639,-0.02054,-0.02336,-0.02417,-0.02261,-0.0191,-0.01564,-0.01406,-0.0143,-0.01475,-0.01472,-0.0151,-0.01725,-0.02044,-0.02286,-0.02379,-0.02433,-0.02597,-0.02899,-0.03247,-0.03499,-0.03556,-0.03457,-0.03385,-0.03474,-0.03614,-0.03651,-0.03647,-0.03726,-0.03785,-0.0367,-0.03388,-0.03107,-0.02912,-0.02863,-0.02997,-0.03199,-0.03173,-0.02842,-0.02423,-0.02094,-0.01803,-0.01473,-0.01183,-0.01038,-0.0105,-0.01139,-0.01225,-0.0142,-0.01859,-0.02426,-0.02706,-0.02399,-0.01728,-0.01178,-0.00989,-0.00887,-0.00494,0.00082,0.00377,0.00226,-0.00074,-0.00314,-0.00567,-0.0087,-0.01161,-0.01472,-0.01764,-0.01841,-0.01712,-0.01766,-0.02269,-0.02906,-0.0319,-0.0297,-0.02429,-0.01822,-0.01325,-0.0094,-0.00558,-0.00138,0.00269,0.00607,0.009,0.0123,0.01678,0.02276,0.02924,0.03429
129.375 -180.0,-177.50888,-175.01776,-172.52664,-170.03552,-167.5444,-165.05327,-162.56215,-160.07103,-157.57991,-155.08879,-152.59767,-150.10655,-147.61543,-145.12431,-142.63319,-140.14207,-137.65095,-135.15982,-132.6687,-130.17758,-127.68646,-125.19534,-122.70422,-120.2131,-117.72198,-115.23086,-112.73974,-110.24862,-107.7575,-105.26637,-102.77525,-100.28413,-97.79301,-95.30189,-92.81077,-90.31965,-87.82853,-85.33741,-82.84629,-80.35517,-77.86405,-75.37292,-72.8818,-70.39068,-67.89956,-65.40844,-62.91732,-60.4262,-57.93508,-55.44396,-52.95284,-50.46172,-47.9706,-45.47947,-42.98835,-40.49723,-38.00611,-35.51499,-33.02387,-30.53275,-28.04163,-25.55051,-23.05939,-20.56827,-18.07714,-15.58602,-13.0949,-10.60378,-8.11266,-5.62154,-3.13042,-0.6393,1.85182,4.34294,6.83406,9.32518,11.81631,14.30743,16.79855,19.28967,21.78079,24.27191,26.76303,29.25415,31.74527,34.23639,36.72751,39.21863,41.70976,44.20088,46.692,49.18312,51.67424,54.16536,56.65648,59.1476,61.63872,64.12984,66.62096,69.11208,71.60321,74.09433,76.58545,79.07657,81.56769,84.05881,86.54993,89.04105,91.53217,94.02329,96.51441,99.00554,101.49666,103.98778,106.4789,108.97002,111.46114,113.95226,116.44338,118.9345,121.42562,123.91674,126.40786,128.89899,131.39011,133.88123,136.37235,138.86347,141.35459,143.84571,146.33683,148.82795,151.31907,153.81019,156.30131,158.79244,161.28356,163.77468,166.2658,168.75692,171.24804,173.73916,176.23028,178.7214 0.02106,0.02275,0.02155,0.01872,0.01627,0.01572,0.01721,0.02,0.02349,0.02746,0.03197,0.03678,0.04095,0.04274,0.04261,0.04154,0.03915,0.03429,0.02771,0.02134,0.01553,0.00974,0.00407,-0.00096,-0.00602,-0.01132,-0.0154,-0.0167,-0.01521,-0.01355,-0.01626,-0.02521,-0.03755,-0.04769,-0.05078,-0.04513,-0.03555,-0.02866,-0.02615,-0.02501,-0.02084,-0.01425,-0.00964,-0.00856,-0.01053,-0.01379,-0.01579,-0.01583,-0.01384,-0.00955,-0.00491,-0.00227,-0.00252,-0.00463,-0.00657,-0.00686,-0.00513,-0.00217,-0.00017,-0.00059,-0.00262,-0.00459,-0.00542,-0.00555,-0.00633,-0.00826,-0.01027,-0.01114,-0.01136,-0.01256,-0.01557,-0.01976,-0.02361,-0.02583,-0.02588,-0.02462,-0.02432,-0.02649,-0.02968,-0.03119,-0.03099,-0.03093,-0.0315,-0.03121,-0.02942,-0.02763,-0.02714,-0.02763,-0.02871,-0.03027,-0.03125,-0.02992,-0.02677,-0.02404,-0.02256,-0.02064,-0.01719,-0.01345,-0.01136,-0.01168,-0.01374,-0.01559,-0.01674,-0.01861,-0.02256,-0.02688,-0.02713,-0.02255,-0.01738,-0.0153,-0.01605,-0.01622,-0.01298,-0.00762,-0.00417,-0.00474,-0.00752,-0.01003,-0.01204,-0.01448,-0.01754,-0.02129,-0.02544,-0.02802,-0.02791,-0.02788,-0.03194,-0.03883,-0.04367,-0.04383,-0.04042,-0.0354,-0.03049,-0.02681,-0.02407,-0.0212,-0.01759,-0.01343,-0.00922,-0.00517,-0.00125,0.00299,0.008,0.01379,0.01911
135.0 -180.0,-177.61268,-175.22535,-172.83803,-170.4507,-168.06338,-165.67606,-163.28873,-160.90141,-158.51408,-156.12676,-153.73943,-151.35211,-148.96479,-146.57746,-144.19014,-141.80281,-139.41549,-137.02817,-134.64084,-132.25352,-129.86619,-127.47887,-125.09154,-122.70422,-120.3169,-117.92957,-115.54225,-113.15492,-110.7676,-108.38028,-105.99295,-103.60563,-101.2183,-98.83098,-96.44365,-94.05633,-91.66901,-89.28168,-86.89436,-84.50703,-82.11971,-79.73239,-77.34506,-74.95774,-72.57041,-70.18309,-67.79577,-65.40844,-63.02112,-60.63379,-58.24647,-55.85914,-53.47182,-51.0845,-48.69717,-46.30985,-43.92252,-41.5352,-39.14788,-36.76055,-34.37323,-31.9859,-29.59858,-27.21125,-24.82393,-22.43661,-20.04928,-17.66196,-15.27463,-12.88731,-10.49999,-8.11266,-5.72534,-3.33801,-0.95069,1.43664,3.82396,6.21128,8.59861,10.98593,13.37326,15.76058,18.1479,20.53523,22.92255,25.30988,27.6972,30.08452,32.47185,34.85917,37.2465,39.63382,42.02115,44.40847,46.79579,49.18312,51.57044,53.95777,56.34509,58.73241,61.11974,63.50706,65.89439,68.28171,70.66904,73.05636,75.44368,77.83101,80.21833,82.60566,84.99298,87.3803,89.76763,92.15495,94.54228,96.9296,99.31693,101.70425,104.09157,106.4789,108.86622,111.25355,113.64087,116.02819,118.41552,120.80284,123.19017,125.57749,127.96481,130.35214,132.73946,135.12679,137.51411,139.90144,142.28876,144.67608,147.06341,149.45073,151.83806,154.22538,156.6127,159.00003,161.38735,163.77468,166.162,168.54933,170.93665,173.32397,175.7113,178.09862 0.00906,0.01067,0.00978,0.00752,0.00592,0.00638,0.0088,0.01188,0.01473,0.01753,0.02104,0.02568,0.03077,0.03458,0.03564,0.03494,0.03348,0.03097,0.02693,0.02271,0.01987,0.01785,0.01487,0.01036,0.00507,-0.00026,-0.00504,-0.00808,-0.00924,-0.00947,-0.00959,-0.01166,-0.01819,-0.02824,-0.03775,-0.04253,-0.03953,-0.03075,-0.02232,-0.01807,-0.01695,-0.01432,-0.00786,-0.00157,0.00107,0.00123,-9e-05,-0.00224,-0.00441,-0.00671,-0.00795,-0.00609,-0.00137,0.00362,0.00672,0.00764,0.00787,0.00875,0.01067,0.01282,0.01339,0.01118,0.00722,0.00334,0.00062,-0.00073,-0.00114,-0.00135,-0.0015,-0.00122,-0.0008,-0.0014,-0.00393,-0.00814,-0.0125,-0.01578,-0.01723,-0.01686,-0.01587,-0.01641,-0.01969,-0.02385,-0.02579,-0.02485,-0.02318,-0.02269,-0.02303,-0.023,-0.02283,-0.02355,-0.02526,-0.02705,-0.02846,-0.02932,-0.02886,-0.02633,-0.02291,-0.02089,-0.02063,-0.01976,-0.01661,-0.01232,-0.00938,-0.00945,-0.01263,-0.01681,-0.01925,-0.01975,-0.02056,-0.02305,-0.02453,-0.02215,-0.01782,-0.01601,-0.01775,-0.02016,-0.02036,-0.01715,-0.01227,-0.00872,-0.00883,-0.01163,-0.01454,-0.01646,-0.01837,-0.02111,-0.02484,-0.02922,-0.03294,-0.03468,-0.0357,-0.03908,-0.04508,-0.05005,-0.05111,-0.04873,-0.0449,-0.04106,-0.03791,-0.03561,-0.03388,-0.03201,-0.02929,-0.02561,-0.02108,-0.01603,-0.01108,-0.00669,-0.00263,0.00171,0.00618
140.625 -180.0,-177.70817,-175.41634,-173.12451,-170.83268,-168.54084,-166.24901,-163.95718,-161.66535,-159.37352,-157.08169,-154.78986,-152.49803,-150.20619,-147.91436,-145.62253,-143.3307,-141.03887,-138.74704,-136.45521,-134.16338,-131.87155,-129.57971,-127.28788,-124.99605,-122.70422,-120.41239,-118.12056,-115.82873,-113.5369,-111.24506,-108.95323,-106.6614,-104.36957,-102.07774,-99.78591,-97.49408,-95.20225,-92.91042,-90.61858,-88.32675,-86.03492,-83.74309,-81.45126,-79.15943,-76.8676,-74.57577,-72.28393,-69.9921,-67.70027,-65.40844,-63.11661,-60.82478,-58.53295,-56.24112,-53.94929,-51.65745,-49.36562,-47.07379,-44.78196,-42.49013,-40.1983,-37.90647,-35.61464,-33.3228,-31.03097,-28.73914,-26.44731,-24.15548,-21.86365,-19.57182,-17.27999,-14.98816,-12.69632,-10.40449,-8.11266,-5.82083,-3.529,-1.23717,1.05466,3.34649,5.63833,7.93016,10.22199,12.51382,14.80565,17.09748,19.38931,21.68114,23.97298,26.26481,28.55664,30.84847,33.1403,35.43213,37.72396,40.01579,42.30762,44.59946,46.89129,49.18312,51.47495,53.76678,56.05861,58.35044,60.64227,62.93411,65.22594,67.51777,69.8096,72.10143,74.39326,76.68509,78.97692,81.26875,83.56059,85.85242,88.14425,90.43608,92.72791,95.01974,97.31157,99.6034,101.89524,104.18707,106.4789,108.77073,111.06256,113.35439,115.64622,117.93805,120.22988,122.52172,124.81355,127.10538,129.39721,131.68904,133.98087,136.2727,138.56453,140.85637,143.1482,145.44003,147.73186,150.02369,152.31552,154.60735,156.89918,159.19101,161.48285,163.77468,166.06651,168.35834,170.65017,172.942,175.23383,177.52566,179.8175 -0.00039,0.00142,0.00063,-0.00172,-0.00352,-0.00291,4e-05,0.00384,0.00692,0.00894,0.01079,0.01364,0.01809,0.023,0.02642,0.02731,0.0267,0.02563,0.02388,0.02152,0.0199,0.01991,0.02015,0.01854,0.01448,0.00896,0.00319,-0.00151,-0.0039,-0.00433,-0.00505,-0.00689,-0.00984,-0.01536,-0.02322,-0.03071,-0.03514,-0.03369,-0.02641,-0.01749,-0.01171,-0.00979,-0.00856,-0.00373,0.00347,0.00764,0.00836,0.00846,0.00864,0.00801,0.00569,0.00137,-0.00279,-0.00348,0.00043,0.00636,0.01163,0.01549,0.01865,0.02154,0.02393,0.02506,0.02409,0.02057,0.01554,0.01048,0.00616,0.00295,0.00119,0.00114,0.00252,0.00456,0.00624,0.00651,0.0048,0.00147,-0.00248,-0.006,-0.00835,-0.00915,-0.00868,-0.00821,-0.00949,-0.01309,-0.01714,-0.01889,-0.0176,-0.01494,-0.01338,-0.01406,-0.01609,-0.01836,-0.02057,-0.02261,-0.02419,-0.02537,-0.02625,-0.02631,-0.0246,-0.02095,-0.01697,-0.01508,-0.01561,-0.01609,-0.01423,-0.01034,-0.00683,-0.00619,-0.00946,-0.01518,-0.01993,-0.0216,-0.02133,-0.02149,-0.0222,-0.02109,-0.01748,-0.01457,-0.01565,-0.01938,-0.02167,-0.02091,-0.01767,-0.01356,-0.01079,-0.01123,-0.01416,-0.01712,-0.01914,-0.02115,-0.02378,-0.02693,-0.03032,-0.03313,-0.03492,-0.03653,-0.03982,-0.04523,-0.05051,-0.05278,-0.05139,-0.04804,-0.04471,-0.04228,-0.04043,-0.03894,-0.03787,-0.03687,-0.03539,-0.03282,-0.02895,-0.02391,-0.01848,-0.01382,-0.01046,-0.00757,-0.00417,-0.00063
146.25 -180.0,-177.79632,-175.59263,-173.38895,-171.18526,-168.98158,-166.7779,-164.57421,-162.37053,-160.16685,-157.96316,-155.75948,-153.55579,-151.35211,-149.14843,-146.94474,-144.74106,-142.53737,-140.33369,-138.13001,-135.92632,-133.72264,-131.51896,-129.31527,-127.11159,-124.9079,-122.70422,-120.50054,-118.29685,-116.09317,-113.88949,-111.6858,-109.48212,-107.27843,-105.07475,-102.87107,-100.66738,-98.4637,-96.26001,-94.05633,-91.85265,-89.64896,-87.44528,-85.2416,-83.03791,-80.83423,-78.63054,-76.42686,-74.22318,-72.01949,-69.81581,-67.61212,-65.40844,-63.20476,-61.00107,-58.79739,-56.59371,-54.39002,-52.18634,-49.98265,-47.77897,-45.57529,-43.3716,-41.16792,-38.96424,-36.76055,-34.55687,-32.35318,-30.1495,-27.94582,-25.74213,-23.53845,-21.33476,-19.13108,-16.9274,-14.72371,-12.52003,-10.31635,-8.11266,-5.90898,-3.70529,-1.50161,0.70207,2.90576,5.10944,7.31313,9.51681,11.72049,13.92418,16.12786,18.33154,20.53523,22.73891,24.9426,27.14628,29.34996,31.55365,33.75733,35.96102,38.1647,40.36838,42.57207,44.77575,46.97943,49.18312,51.3868,53.59049,55.79417,57.99785,60.20154,62.40522,64.6089,66.81259,69.01627,71.21996,73.42364,75.62732,77.83101,80.03469,82.23838,84.44206,86.64574,88.84943,91.05311,93.25679,95.46048,97.66416,99.86785,102.07153,104.27521,106.4789,108.68258,110.88627,113.08995,115.29363,117.49732,119.701,121.90468,124.10837,126.31205,128.51574,130.71942,132.9231,135.12679,137.33047,139.53415,141.73784,143.94152,146.14521,148.34889,150.55257,152.75626,154.95994,157.16363,159.36731,161.57099,163.77468,165.97836,168.18204,170.38573,172.58941,174.7931,176.99678,179.20046 -0.00791,-0.00517,-0.00516,-0.00743,-0.00973,-0.01002,-0.00763,-0.00377,-0.00011,0.00235,0.00374,0.00509,0.00757,0.01158,0.01601,0.01911,0.02022,0.0203,0.02011,0.01957,0.01906,0.01963,0.02104,0.0214,0.01948,0.01561,0.01065,0.00546,0.00112,-0.00111,-0.00124,-0.00178,-0.00462,-0.00903,-0.015,-0.02188,-0.02746,-0.03022,-0.02881,-0.02243,-0.01349,-0.0066,-0.00366,-0.00289,-0.00016,0.0063,0.01207,0.01337,0.0128,0.01387,0.01622,0.01726,0.01486,0.00913,0.00307,0.0005,0.00302,0.00811,0.0135,0.01903,0.02496,0.03038,0.03366,0.03396,0.03148,0.02702,0.02188,0.01702,0.01252,0.00834,0.00505,0.00374,0.00484,0.00773,0.01078,0.01236,0.01178,0.00956,0.00654,0.00327,0.00031,-0.00165,-0.00224,-0.00178,-0.00145,-0.00261,-0.00558,-0.00893,-0.01048,-0.00934,-0.00646,-0.00402,-0.0041,-0.00712,-0.0118,-0.01649,-0.01997,-0.02152,-0.02163,-0.02167,-0.02192,-0.02131,-0.01878,-0.0145,-0.01036,-0.00874,-0.0099,-0.01157,-0.01137,-0.00881,-0.0056,-0.00429,-0.00662,-0.01192,-0.01738,-0.02071,-0.02184,-0.02183,-0.02161,-0.02099,-0.01895,-0.0158,-0.01412,-0.01594,-0.01926,-0.02068,-0.01973,-0.01727,-0.01431,-0.01257,-0.01365,-0.01654,-0.01885,-0.02046,-0.02297,-0.02635,-0.02923,-0.03087,-0.03124,-0.03089,-0.03116,-0.03331,-0.03762,-0.04292,-0.04701,-0.04834,-0.04715,-0.04484,-0.04274,-0.04109,-0.03948,-0.03789,-0.03677,-0.03619,-0.03551,-0.03401,-0.0316,-0.02836,-0.02433,-0.02033,-0.01742,-0.01543,-0.01295,-0.00929
151.875 -180.0,-177.87793,-175.75587,-173.6338,-171.51174,-169.38967,-167.2676,-165.14554,-163.02347,-160.90141,-158.77934,-156.65728,-154.53521,-152.41314,-150.29108,-148.16901,-146.04695,-143.92488,-141.80281,-139.68075,-137.55868,-135.43662,-133.31455,-131.19248,-129.07042,-126.94835,-124.82629,-122.70422,-120.58215,-118.46009,-116.33802,-114.21596,-112.09389,-109.97183,-107.84976,-105.72769,-103.60563,-101.48356,-99.3615,-97.23943,-95.11736,-92.9953,-90.87323,-88.75117,-86.6291,-84.50703,-82.38497,-80.2629,-78.14084,-76.01877,-73.8967,-71.77464,-69.65257,-67.53051,-65.40844,-63.28638,-61.16431,-59.04224,-56.92018,-54.79811,-52.67605,-50.55398,-48.43191,-46.30985,-44.18778,-42.06572,-39.94365,-37.82158,-35.69952,-33.57745,-31.45539,-29.33332,-27.21125,-25.08919,-22.96712,-20.84506,-18.72299,-16.60093,-14.47886,-12.35679,-10.23473,-8.11266,-5.9906,-3.86853,-1.74646,0.3756,2.49767,4.61973,6.7418,8.86387,10.98593,13.108,15.23006,17.35213,19.4742,21.59626,23.71833,25.84039,27.96246,30.08452,32.20659,34.32866,36.45072,38.57279,40.69485,42.81692,44.93899,47.06105,49.18312,51.30518,53.42725,55.54932,57.67138,59.79345,61.91551,64.03758,66.15965,68.28171,70.40378,72.52584,74.64791,76.76997,78.89204,81.01411,83.13617,85.25824,87.3803,89.50237,91.62444,93.7465,95.86857,97.99063,100.1127,102.23477,104.35683,106.4789,108.60096,110.72303,112.8451,114.96716,117.08923,119.21129,121.33336,123.45542,125.57749,127.69956,129.82162,131.94369,134.06575,136.18782,138.30989,140.43195,142.55402,144.67608,146.79815,148.92022,151.04228,153.16435,155.28641,157.40848,159.53055,161.65261,163.77468,165.89674,168.01881,170.14087,172.26294,174.38501,176.50707,178.62914 -0.01433,-0.01056,-0.00922,-0.01056,-0.01291,-0.01402,-0.01275,-0.0096,-0.00597,-0.003,-0.00106,9e-05,0.00124,0.0034,0.00683,0.01056,0.01323,0.01467,0.0157,0.01663,0.01732,0.01831,0.02022,0.02161,0.02046,0.01705,0.0132,0.00979,0.00668,0.00368,0.00162,0.00106,0.00048,-0.00262,-0.00807,-0.015,-0.02214,-0.02699,-0.02813,-0.02588,-0.01974,-0.01068,-0.0028,0.00124,0.00234,0.00364,0.00832,0.01466,0.01754,0.01622,0.01541,0.0182,0.02299,0.02536,0.02275,0.01642,0.00985,0.00658,0.00753,0.01043,0.01401,0.01941,0.02702,0.03471,0.03935,0.03923,0.03558,0.0306,0.02603,0.02225,0.01865,0.01477,0.01104,0.00861,0.00846,0.01075,0.01429,0.01732,0.01851,0.01773,0.01565,0.01268,0.00913,0.00579,0.0036,0.00304,0.0038,0.00473,0.00449,0.00253,-0.00033,-0.00225,-0.00184,0.0008,0.00391,0.00514,0.0031,-0.00185,-0.00814,-0.01387,-0.01731,-0.01772,-0.01643,-0.01535,-0.01503,-0.01438,-0.01222,-0.00862,-0.00529,-0.0042,-0.00547,-0.00736,-0.00802,-0.00682,-0.00464,-0.00324,-0.00417,-0.00751,-0.01175,-0.01538,-0.0182,-0.02006,-0.0204,-0.0197,-0.01882,-0.01758,-0.0156,-0.014,-0.01432,-0.01593,-0.01736,-0.01811,-0.0175,-0.01565,-0.01443,-0.01567,-0.01831,-0.01986,-0.02051,-0.02276,-0.02695,-0.03052,-0.03144,-0.02956,-0.02655,-0.0246,-0.02491,-0.02734,-0.03126,-0.03583,-0.03972,-0.04184,-0.04225,-0.04163,-0.04068,-0.03935,-0.03754,-0.03559,-0.0341,-0.03313,-0.03215,-0.03078,-0.02938,-0.02843,-0.02744,-0.02585,-0.02407,-0.02255,-0.02059,-0.01714
157.5 -180.0,-177.95372,-175.90744,-173.86117,-171.81489,-169.76861,-167.72233,-165.67606,-163.62978,-161.5835,-159.53722,-157.49094,-155.44467,-153.39839,-151.35211,-149.30583,-147.25955,-145.21328,-143.167,-141.12072,-139.07444,-137.02817,-134.98189,-132.93561,-130.88933,-128.84305,-126.79678,-124.7505,-122.70422,-120.65794,-118.61166,-116.56539,-114.51911,-112.47283,-110.42655,-108.38028,-106.334,-104.28772,-102.24144,-100.19516,-98.14889,-96.10261,-94.05633,-92.01005,-89.96378,-87.9175,-85.87122,-83.82494,-81.77866,-79.73239,-77.68611,-75.63983,-73.59355,-71.54727,-69.501,-67.45472,-65.40844,-63.36216,-61.31589,-59.26961,-57.22333,-55.17705,-53.13077,-51.0845,-49.03822,-46.99194,-44.94566,-42.89938,-40.85311,-38.80683,-36.76055,-34.71427,-32.668,-30.62172,-28.57544,-26.52916,-24.48288,-22.43661,-20.39033,-18.34405,-16.29777,-14.25149,-12.20522,-10.15894,-8.11266,-6.06638,-4.02011,-1.97383,0.07245,2.11873,4.16501,6.21128,8.25756,10.30384,12.35012,14.39639,16.44267,18.48895,20.53523,22.58151,24.62778,26.67406,28.72034,30.76662,32.8129,34.85917,36.90545,38.95173,40.99801,43.04428,45.09056,47.13684,49.18312,51.2294,53.27567,55.32195,57.36823,59.41451,61.46079,63.50706,65.55334,67.59962,69.6459,71.69217,73.73845,75.78473,77.83101,79.87729,81.92356,83.96984,86.01612,88.0624,90.10867,92.15495,94.20123,96.24751,98.29379,100.34006,102.38634,104.43262,106.4789,108.52518,110.57145,112.61773,114.66401,116.71029,118.75656,120.80284,122.84912,124.8954,126.94168,128.98795,131.03423,133.08051,135.12679,137.17307,139.21934,141.26562,143.3119,145.35818,147.40445,149.45073,151.49701,153.54329,155.58957,157.63584,159.68212,161.7284,163.77468,165.82095,167.86723,169.91351,171.95979,174.00607,176.05234,178.09862 -0.02003,-0.01588,-0.01349,-0.01358,-0.01528,-0.01664,-0.0161,-0.01353,-0.01022,-0.00745,-0.00544,-0.00407,-0.00319,-0.00217,-0.00021,0.00267,0.00554,0.00764,0.00924,0.01106,0.01303,0.0148,0.01697,0.0196,0.02034,0.01719,0.01185,0.00786,0.00658,0.00656,0.00617,0.00487,0.0036,0.00238,-0.0007,-0.00643,-0.01399,-0.02179,-0.027,-0.0275,-0.02438,-0.01841,-0.00964,-0.001,0.00423,0.00622,0.00729,0.01023,0.01587,0.02034,0.0201,0.01736,0.01711,0.02194,0.02867,0.03166,0.02877,0.02253,0.0167,0.01384,0.01356,0.01369,0.01425,0.0179,0.02572,0.03478,0.04054,0.04095,0.0371,0.03224,0.0285,0.02592,0.02344,0.02032,0.01699,0.0144,0.01339,0.01436,0.01716,0.0208,0.02372,0.0249,0.02416,0.02181,0.01805,0.01365,0.00968,0.00733,0.00716,0.00885,0.01104,0.01203,0.01088,0.00812,0.0057,0.00544,0.00754,0.01054,0.0123,0.01131,0.00757,0.00194,-0.00435,-0.00951,-0.01184,-0.01093,-0.00838,-0.00639,-0.00598,-0.00645,-0.00623,-0.00469,-0.00277,-0.00195,-0.00244,-0.00321,-0.00339,-0.00284,-0.00187,-0.00109,-0.00123,-0.00259,-0.00499,-0.00799,-0.01141,-0.01481,-0.01685,-0.01671,-0.01567,-0.01539,-0.01533,-0.01392,-0.01157,-0.01006,-0.01034,-0.01269,-0.01594,-0.01756,-0.01676,-0.01551,-0.01591,-0.01777,-0.01894,-0.01879,-0.01953,-0.023,-0.02751,-0.02957,-0.02775,-0.02366,-0.02025,-0.01909,-0.01974,-0.02162,-0.02509,-0.0299,-0.03459,-0.03768,-0.03897,-0.03921,-0.03886,-0.03783,-0.03611,-0.03416,-0.03239,-0.03084,-0.02904,-0.02696,-0.02554,-0.02582,-0.02747,-0.02892,-0.02921,-0.02856,-0.02696,-0.02397
163.125 -180.0,-178.02428,-176.04857,-174.07285,-172.09713,-170.12142,-168.1457,-166.16998,-164.19427,-162.21855,-160.24283,-158.26712,-156.2914,-154.31569,-152.33997,-150.36425,-148.38854,-146.41282,-144.4371,-142.46139,-140.48567,-138.50995,-136.53424,-134.55852,-132.5828,-130.60709,-128.63137,-126.65565,-124.67994,-122.70422,-120.7285,-118.75279,-116.77707,-114.80135,-112.82564,-110.84992,-108.8742,-106.89849,-104.92277,-102.94706,-100.97134,-98.99562,-97.01991,-95.04419,-93.06847,-91.09276,-89.11704,-87.14132,-85.16561,-83.18989,-81.21417,-79.23846,-77.26274,-75.28702,-73.31131,-71.33559,-69.35987,-67.38416,-65.40844,-63.43272,-61.45701,-59.48129,-57.50557,-55.52986,-53.55414,-51.57843,-49.60271,-47.62699,-45.65128,-43.67556,-41.69984,-39.72413,-37.74841,-35.77269,-33.79698,-31.82126,-29.84554,-27.86983,-25.89411,-23.91839,-21.94268,-19.96696,-17.99124,-16.01553,-14.03981,-12.06409,-10.08838,-8.11266,-6.13694,-4.16123,-2.18551,-0.2098,1.76592,3.74164,5.71735,7.69307,9.66879,11.6445,13.62022,15.59594,17.57165,19.54737,21.52309,23.4988,25.47452,27.45024,29.42595,31.40167,33.37739,35.3531,37.32882,39.30454,41.28025,43.25597,45.23168,47.2074,49.18312,51.15883,53.13455,55.11027,57.08598,59.0617,61.03742,63.01313,64.98885,66.96457,68.94028,70.916,72.89172,74.86743,76.84315,78.81887,80.79458,82.7703,84.74602,86.72173,88.69745,90.67317,92.64888,94.6246,96.60031,98.57603,100.55175,102.52746,104.50318,106.4789,108.45461,110.43033,112.40605,114.38176,116.35748,118.3332,120.30891,122.28463,124.26035,126.23606,128.21178,130.1875,132.16321,134.13893,136.11465,138.09036,140.06608,142.0418,144.01751,145.99323,147.96894,149.94466,151.92038,153.89609,155.87181,157.84753,159.82324,161.79896,163.77468,165.75039,167.72611,169.70183,171.67754,173.65326,175.62898,177.60469,179.58041 -0.02482,-0.02104,-0.01831,-0.01749,-0.01843,-0.01976,-0.01968,-0.01738,-0.01397,-0.01124,-0.00972,-0.00885,-0.00826,-0.00778,-0.00672,-0.00461,-0.00207,-1e-05,0.00138,0.00278,0.00491,0.00755,0.01023,0.01336,0.01647,0.01673,0.01214,0.00529,0.00111,0.00162,0.0048,0.00769,0.00826,0.00683,0.00468,0.00143,-0.00405,-0.01155,-0.01964,-0.0255,-0.02633,-0.02294,-0.01718,-0.00958,-0.00133,0.00463,0.00772,0.0096,0.01202,0.01628,0.02131,0.02322,0.02096,0.01779,0.01855,0.0249,0.03259,0.03543,0.03237,0.02704,0.02303,0.02125,0.01999,0.01742,0.01468,0.01565,0.02221,0.03133,0.03779,0.03916,0.03653,0.03277,0.03007,0.02857,0.02698,0.02463,0.02193,0.0197,0.01836,0.01811,0.01932,0.02204,0.02542,0.02817,0.02921,0.02813,0.02519,0.02088,0.01615,0.01231,0.01045,0.01122,0.01431,0.0179,0.01983,0.019,0.01614,0.01362,0.01336,0.01525,0.01749,0.01813,0.01647,0.01314,0.00895,0.00406,-0.00087,-0.00442,-0.00534,-0.00365,-0.0008,0.0013,0.00141,-0.00028,-0.00212,-0.00256,-0.00159,-0.00042,0.00032,0.00103,0.00184,0.0022,0.00191,0.0016,0.00136,0.001,-6e-05,-0.00233,-0.00575,-0.0095,-0.01216,-0.01285,-0.01189,-0.01068,-0.01041,-0.01041,-0.00921,-0.00712,-0.00548,-0.00553,-0.0085,-0.01327,-0.01677,-0.01729,-0.01597,-0.01477,-0.01491,-0.01554,-0.01502,-0.01407,-0.01548,-0.01991,-0.024,-0.02437,-0.02155,-0.01867,-0.01755,-0.01744,-0.0174,-0.01862,-0.02263,-0.02841,-0.03329,-0.0359,-0.03691,-0.03744,-0.03764,-0.03703,-0.03559,-0.03377,-0.03196,-0.03011,-0.02788,-0.02533,-0.02362,-0.02411,-0.02678,-0.02999,-0.03204,-0.03242,-0.03141,-0.0291,-0.02564
168.75 -180.0,-178.09014,-176.18028,-174.27042,-172.36056,-170.4507,-168.54084,-166.63098,-164.72113,-162.81127,-160.90141,-158.99155,-157.08169,-155.17183,-153.26197,-151.35211,-149.44225,-147.53239,-145.62253,-143.71267,-141.80281,-139.89295,-137.9831,-136.07324,-134.16338,-132.25352,-130.34366,-128.4338,-126.52394,-124.61408,-122.70422,-120.79436,-118.8845,-116.97464,-115.06478,-113.15492,-111.24506,-109.33521,-107.42535,-105.51549,-103.60563,-101.69577,-99.78591,-97.87605,-95.96619,-94.05633,-92.14647,-90.23661,-88.32675,-86.41689,-84.50703,-82.59717,-80.68732,-78.77746,-76.8676,-74.95774,-73.04788,-71.13802,-69.22816,-67.3183,-65.40844,-63.49858,-61.58872,-59.67886,-57.769,-55.85914,-53.94929,-52.03943,-50.12957,-48.21971,-46.30985,-44.39999,-42.49013,-40.58027,-38.67041,-36.76055,-34.85069,-32.94083,-31.03097,-29.12111,-27.21125,-25.3014,-23.39154,-21.48168,-19.57182,-17.66196,-15.7521,-13.84224,-11.93238,-10.02252,-8.11266,-6.2028,-4.29294,-2.38308,-0.47322,1.43664,3.34649,5.25635,7.16621,9.07607,10.98593,12.89579,14.80565,16.71551,18.62537,20.53523,22.44509,24.35495,26.26481,28.17467,30.08452,31.99438,33.90424,35.8141,37.72396,39.63382,41.54368,43.45354,45.3634,47.27326,49.18312,51.09298,53.00284,54.9127,56.82256,58.73241,60.64227,62.55213,64.46199,66.37185,68.28171,70.19157,72.10143,74.01129,75.92115,77.83101,79.74087,81.65073,83.56059,85.47045,87.3803,89.29016,91.20002,93.10988,95.01974,96.9296,98.83946,100.74932,102.65918,104.56904,106.4789,108.38876,110.29862,112.20848,114.11833,116.02819,117.93805,119.84791,121.75777,123.66763,125.57749,127.48735,129.39721,131.30707,133.21693,135.12679,137.03665,138.94651,140.85637,142.76622,144.67608,146.58594,148.4958,150.40566,152.31552,154.22538,156.13524,158.0451,159.95496,161.86482,163.77468,165.68454,167.5944,169.50426,171.41411,173.32397,175.23383,177.14369,179.05355 -0.02819,-0.02535,-0.02281,-0.02134,-0.02146,-0.02267,-0.02332,-0.02189,-0.01855,-0.01522,-0.01351,-0.01321,-0.01345,-0.01374,-0.01353,-0.0121,-0.00963,-0.00723,-0.00569,-0.00495,-0.00407,-0.00217,0.0006,0.00383,0.00759,0.01097,0.01099,0.00588,-0.00133,-0.00556,-0.00418,0.00123,0.00717,0.01051,0.01019,0.00764,0.00402,-0.00107,-0.00795,-0.01572,-0.02186,-0.02351,-0.0205,-0.01501,-0.00884,-0.00244,0.00298,0.00656,0.00943,0.01264,0.01652,0.02103,0.02445,0.02442,0.02113,0.01809,0.01958,0.02665,0.03413,0.03644,0.03372,0.03015,0.0286,0.02807,0.02585,0.02096,0.01546,0.01369,0.018,0.02577,0.03214,0.03473,0.03429,0.03259,0.03131,0.03074,0.02998,0.0285,0.0266,0.02487,0.02339,0.02209,0.02141,0.02206,0.02423,0.02704,0.02927,0.02996,0.02883,0.02601,0.02204,0.01793,0.01492,0.01403,0.01591,0.02014,0.02455,0.02668,0.02556,0.02245,0.01991,0.0199,0.02179,0.02323,0.0221,0.01853,0.01438,0.01095,0.00789,0.00457,0.0013,-0.00088,-0.00139,-0.00036,0.00148,0.00319,0.00377,0.00259,0.00057,-0.00039,0.00034,0.00184,0.0032,0.00436,0.00525,0.00502,0.00348,0.00216,0.00185,0.00205,0.00178,0.00013,-0.00311,-0.00689,-0.00937,-0.00983,-0.00897,-0.0074,-0.00541,-0.00378,-0.00331,-0.00353,-0.00355,-0.00296,-0.00286,-0.0052,-0.00993,-0.01452,-0.0166,-0.01559,-0.01302,-0.01121,-0.0107,-0.00976,-0.00783,-0.00764,-0.0116,-0.01724,-0.02001,-0.0192,-0.01789,-0.01826,-0.01928,-0.01909,-0.01849,-0.02021,-0.02492,-0.03013,-0.03326,-0.03441,-0.03512,-0.03619,-0.03702,-0.03668,-0.03539,-0.03379,-0.0322,-0.03059,-0.02874,-0.02659,-0.0249,-0.02504,-0.02744,-0.03086,-0.03346,-0.03423,-0.03351,-0.03184,-0.02952
174.375 -180.0,-178.15175,-176.3035,-174.45525,-172.607,-170.75875,-168.91049,-167.06224,-165.21399,-163.36574,-161.51749,-159.66924,-157.82099,-155.97274,-154.12449,-152.27624,-150.42798,-148.57973,-146.73148,-144.88323,-143.03498,-141.18673,-139.33848,-137.49023,-135.64198,-133.79373,-131.94548,-130.09722,-128.24897,-126.40072,-124.55247,-122.70422,-120.85597,-119.00772,-117.15947,-115.31122,-113.46297,-111.61471,-109.76646,-107.91821,-106.06996,-104.22171,-102.37346,-100.52521,-98.67696,-96.82871,-94.98046,-93.13221,-91.28395,-89.4357,-87.58745,-85.7392,-83.89095,-82.0427,-80.19445,-78.3462,-76.49795,-74.6497,-72.80144,-70.95319,-69.10494,-67.25669,-65.40844,-63.56019,-61.71194,-59.86369,-58.01544,-56.16719,-54.31894,-52.47068,-50.62243,-48.77418,-46.92593,-45.07768,-43.22943,-41.38118,-39.53293,-37.68468,-35.83643,-33.98817,-32.13992,-30.29167,-28.44342,-26.59517,-24.74692,-22.89867,-21.05042,-19.20217,-17.35392,-15.50567,-13.65741,-11.80916,-9.96091,-8.11266,-6.26441,-4.41616,-2.56791,-0.71966,1.12859,2.97684,4.8251,6.67335,8.5216,10.36985,12.2181,14.06635,15.9146,17.76285,19.6111,21.45935,23.3076,25.15586,27.00411,28.85236,30.70061,32.54886,34.39711,36.24536,38.09361,39.94186,41.79011,43.63837,45.48662,47.33487,49.18312,51.03137,52.87962,54.72787,56.57612,58.42437,60.27262,62.12087,63.96913,65.81738,67.66563,69.51388,71.36213,73.21038,75.05863,76.90688,78.75513,80.60338,82.45164,84.29989,86.14814,87.99639,89.84464,91.69289,93.54114,95.38939,97.23764,99.08589,100.93414,102.7824,104.63065,106.4789,108.32715,110.1754,112.02365,113.8719,115.72015,117.5684,119.41665,121.26491,123.11316,124.96141,126.80966,128.65791,130.50616,132.35441,134.20266,136.05091,137.89916,139.74741,141.59567,143.44392,145.29217,147.14042,148.98867,150.83692,152.68517,154.53342,156.38167,158.22992,160.07818,161.92643,163.77468,165.62293,167.47118,169.31943,171.16768,173.01593,174.86418,176.71243,178.56068 -0.03057,-0.02888,-0.02673,-0.02451,-0.02325,-0.0236,-0.02485,-0.02521,-0.02339,-0.02008,-0.01728,-0.01623,-0.01655,-0.01749,-0.01844,-0.01828,-0.0166,-0.01397,-0.01156,-0.01009,-0.00955,-0.00918,-0.00796,-0.00554,-0.00229,0.00147,0.00444,0.00396,-0.00103,-0.00753,-0.01122,-0.00975,-0.00389,0.00388,0.01015,0.01224,0.01052,0.00685,0.0021,-0.00394,-0.01091,-0.01684,-0.01915,-0.01693,-0.01192,-0.00676,-0.00251,0.0009,0.0037,0.0068,0.01108,0.01594,0.02052,0.02434,0.02627,0.02506,0.02133,0.01837,0.02022,0.02695,0.03348,0.0353,0.0336,0.03261,0.03379,0.03419,0.03094,0.02425,0.01684,0.01287,0.01454,0.02001,0.02538,0.02876,0.03053,0.0314,0.03184,0.0322,0.03235,0.03199,0.03129,0.03038,0.02901,0.02686,0.02446,0.0229,0.02296,0.02458,0.02695,0.029,0.02996,0.02937,0.02711,0.02369,0.02031,0.01822,0.01822,0.02071,0.02509,0.02932,0.03105,0.02942,0.02573,0.02278,0.02216,0.02321,0.02349,0.02108,0.01636,0.01162,0.00866,0.007,0.00531,0.003,0.00071,-0.0009,-0.00169,-0.00189,-0.00136,0.00033,0.00239,0.00322,0.0027,0.00245,0.00322,0.00423,0.0047,0.00477,0.0046,0.00359,0.00155,0.00015,0.00033,0.00125,0.00162,0.00065,-0.00198,-0.00561,-0.00841,-0.00896,-0.00805,-0.00658,-0.00423,-0.00078,0.00212,0.00187,-0.00088,-0.00283,-0.00226,-0.00096,-0.00194,-0.00578,-0.01063,-0.01366,-0.01324,-0.01034,-0.00763,-0.00624,-0.00484,-0.00269,-0.00218,-0.00596,-0.01228,-0.01639,-0.01674,-0.01619,-0.01745,-0.01994,-0.02126,-0.02108,-0.0216,-0.02448,-0.02849,-0.03122,-0.03191,-0.03186,-0.03261,-0.03423,-0.03544,-0.03536,-0.03447,-0.03353,-0.03271,-0.03196,-0.03115,-0.02999,-0.02863,-0.02806,-0.0292,-0.0318,-0.03446,-0.03568,-0.03507,-0.03347,-0.03177
180.0 -180.0,-178.20951,-176.41901,-174.62852,-172.83803,-171.04753,-169.25704,-167.46655,-165.67606,-163.88556,-162.09507,-160.30458,-158.51408,-156.72359,-154.9331,-153.1426,-151.35211,-149.56162,-147.77112,-145.98063,-144.19014,-142.39964,-140.60915,-138.81866,-137.02817,-135.23767,-133.44718,-131.65669,-129.86619,-128.0757,-126.28521,-124.49471,-122.70422,-120.91373,-119.12323,-117.33274,-115.54225,-113.75175,-111.96126,-110.17077,-108.38028,-106.58978,-104.79929,-103.0088,-101.2183,-99.42781,-97.63732,-95.84682,-94.05633,-92.26584,-90.47534,-88.68485,-86.89436,-85.10387,-83.31337,-81.52288,-79.73239,-77.94189,-76.1514,-74.36091,-72.57041,-70.77992,-68.98943,-67.19893,-65.40844,-63.61795,-61.82745,-60.03696,-58.24647,-56.45598,-54.66548,-52.87499,-51.0845,-49.294,-47.50351,-45.71302,-43.92252,-42.13203,-40.34154,-38.55104,-36.76055,-34.97006,-33.17956,-31.38907,-29.59858,-27.80809,-26.01759,-24.2271,-22.43661,-20.64611,-18.85562,-17.06513,-15.27463,-13.48414,-11.69365,-9.90315,-8.11266,-6.32217,-4.53168,-2.74118,-0.95069,0.8398,2.6303,4.42079,6.21128,8.00178,9.79227,11.58276,13.37326,15.16375,16.95424,18.74474,20.53523,22.32572,24.11621,25.90671,27.6972,29.48769,31.27819,33.06868,34.85917,36.64967,38.44016,40.23065,42.02115,43.81164,45.60213,47.39262,49.18312,50.97361,52.7641,54.5546,56.34509,58.13558,59.92608,61.71657,63.50706,65.29756,67.08805,68.87854,70.66904,72.45953,74.25002,76.04051,77.83101,79.6215,81.41199,83.20249,84.99298,86.78347,88.57397,90.36446,92.15495,93.94545,95.73594,97.52643,99.31693,101.10742,102.89791,104.6884,106.4789,108.26939,110.05988,111.85038,113.64087,115.43136,117.22186,119.01235,120.80284,122.59334,124.38383,126.17432,127.96481,129.75531,131.5458,133.33629,135.12679,136.91728,138.70777,140.49827,142.28876,144.07925,145.86975,147.66024,149.45073,151.24123,153.03172,154.82221,156.6127,158.4032,160.19369,161.98418,163.77468,165.56517,167.35566,169.14616,170.93665,172.72714,174.51764,176.30813,178.09862,179.88912 -0.03359,-0.03258,-0.031,-0.02833,-0.02539,-0.02382,-0.02443,-0.02616,-0.02688,-0.02535,-0.02224,-0.01932,-0.01781,-0.01773,-0.01867,-0.01984,-0.02013,-0.01903,-0.01675,-0.01419,-0.01214,-0.01111,-0.01084,-0.01034,-0.00862,-0.00586,-0.0028,-0.00108,-0.0028,-0.00787,-0.01326,-0.01575,-0.01426,-0.00939,-0.00178,0.00647,0.01152,0.01187,0.00902,0.00474,-0.0005,-0.00646,-0.01185,-0.01439,-0.01292,-0.00858,-0.00409,-0.00128,-8e-05,0.00076,0.00283,0.00732,0.01353,0.01944,0.02395,0.02693,0.02792,0.026,0.0218,0.01877,0.0203,0.02586,0.03094,0.03264,0.03289,0.0351,0.0389,0.03985,0.03544,0.02736,0.01878,0.01308,0.01232,0.01533,0.01924,0.02264,0.02579,0.02873,0.03087,0.0321,0.03296,0.03373,0.03452,0.03499,0.03456,0.03237,0.02894,0.02554,0.0236,0.02375,0.02565,0.02842,0.03103,0.03255,0.03215,0.02959,0.0259,0.02275,0.02136,0.02197,0.02438,0.02795,0.03121,0.03224,0.0303,0.02645,0.02269,0.02044,0.01945,0.01825,0.01547,0.01129,0.00732,0.00496,0.00407,0.0032,0.00152,-0.00045,-0.00172,-0.00214,-0.00245,-0.00327,-0.0036,-0.00198,0.00104,0.00324,0.00401,0.00457,0.00537,0.00532,0.0038,0.00166,5e-05,-0.00118,-0.00227,-0.00238,-0.00127,0.00032,0.00132,0.00103,-0.00063,-0.0034,-0.00645,-0.00829,-0.00852,-0.00773,-0.00592,-0.00269,0.00138,0.00371,0.00182,-0.0021,-0.00361,-0.00166,0.00055,9e-05,-0.00303,-0.007,-0.00964,-0.00942,-0.00708,-0.00464,-0.003,-0.00149,9e-05,-0.00016,-0.00411,-0.01018,-0.01442,-0.01527,-0.01465,-0.01522,-0.01734,-0.01929,-0.02009,-0.02093,-0.02311,-0.02612,-0.02832,-0.02865,-0.02766,-0.02689,-0.02766,-0.02959,-0.03117,-0.03186,-0.03222,-0.03264,-0.03309,-0.03354,-0.03391,-0.03369,-0.03261,-0.03128,-0.03082,-0.03204,-0.03473,-0.03739,-0.03826,-0.03708,-0.03513,-0.03365
185.625 -180.0,-178.26376,-176.52753,-174.79129,-173.05506,-171.31882,-169.58259,-167.84635,-166.11011,-164.37388,-162.63764,-160.90141,-159.16517,-157.42894,-155.6927,-153.95646,-152.22023,-150.48399,-148.74776,-147.01152,-145.27529,-143.53905,-141.80281,-140.06658,-138.33034,-136.59411,-134.85787,-133.12163,-131.3854,-129.64916,-127.91293,-126.17669,-124.44046,-122.70422,-120.96798,-119.23175,-117.49551,-115.75928,-114.02304,-112.28681,-110.55057,-108.81433,-107.0781,-105.34186,-103.60563,-101.86939,-100.13316,-98.39692,-96.66068,-94.92445,-93.18821,-91.45198,-89.71574,-87.97951,-86.24327,-84.50703,-82.7708,-81.03456,-79.29833,-77.56209,-75.82586,-74.08962,-72.35338,-70.61715,-68.88091,-67.14468,-65.40844,-63.67221,-61.93597,-60.19973,-58.4635,-56.72726,-54.99103,-53.25479,-51.51856,-49.78232,-48.04608,-46.30985,-44.57361,-42.83738,-41.10114,-39.3649,-37.62867,-35.89243,-34.1562,-32.41996,-30.68373,-28.94749,-27.21125,-25.47502,-23.73878,-22.00255,-20.26631,-18.53008,-16.79384,-15.0576,-13.32137,-11.58513,-9.8489,-8.11266,-6.37643,-4.64019,-2.90395,-1.16772,0.56852,2.30475,4.04099,5.77722,7.51346,9.2497,10.98593,12.72217,14.4584,16.19464,17.93087,19.66711,21.40335,23.13958,24.87582,26.61205,28.34829,30.08452,31.82076,33.557,35.29323,37.02947,38.7657,40.50194,42.23818,43.97441,45.71065,47.44688,49.18312,50.91935,52.65559,54.39183,56.12806,57.8643,59.60053,61.33677,63.073,64.80924,66.54548,68.28171,70.01795,71.75418,73.49042,75.22665,76.96289,78.69913,80.43536,82.1716,83.90783,85.64407,87.3803,89.11654,90.85278,92.58901,94.32525,96.06148,97.79772,99.53395,101.27019,103.00643,104.74266,106.4789,108.21513,109.95137,111.6876,113.42384,115.16008,116.89631,118.63255,120.36878,122.10502,123.84125,125.57749,127.31373,129.04996,130.7862,132.52243,134.25867,135.99491,137.73114,139.46738,141.20361,142.93985,144.67608,146.41232,148.14856,149.88479,151.62103,153.35726,155.0935,156.82973,158.56597,160.30221,162.03844,163.77468,165.51091,167.24715,168.98338,170.71962,172.45586,174.19209,175.92833,177.66456,179.4008 -0.03775,-0.03647,-0.03531,-0.03308,-0.02968,-0.02663,-0.02568,-0.02704,-0.02919,-0.02991,-0.0281,-0.02436,-0.02034,-0.01747,-0.01629,-0.01673,-0.01824,-0.01968,-0.01985,-0.01821,-0.01525,-0.01214,-0.01006,-0.00931,-0.00909,-0.00812,-0.00611,-0.00415,-0.00419,-0.00769,-0.01354,-0.01821,-0.01934,-0.0175,-0.01386,-0.00801,0.00018,0.00758,0.0107,0.00955,0.00608,0.00153,-0.00357,-0.00824,-0.01062,-0.00951,-0.00571,-0.00172,0.00023,0.0001,-0.001,-0.00091,0.00246,0.00914,0.01675,0.02297,0.0271,0.02956,0.02998,0.02728,0.02257,0.01923,0.01988,0.0235,0.02708,0.02919,0.03196,0.0376,0.04383,0.04515,0.03974,0.03042,0.02073,0.01346,0.01056,0.01172,0.01457,0.01763,0.0211,0.02502,0.02827,0.03012,0.03119,0.0325,0.03441,0.03656,0.03782,0.03701,0.03393,0.02973,0.02641,0.02529,0.02656,0.02953,0.0331,0.03609,0.03722,0.03557,0.03151,0.0269,0.02384,0.02309,0.02418,0.0263,0.0287,0.03058,0.03107,0.02958,0.02627,0.02195,0.01778,0.01448,0.01198,0.00982,0.00767,0.00569,0.00426,0.00331,0.00214,0.00037,-0.00155,-0.00226,-0.00112,0.00091,0.00183,0.00091,-0.00022,0.00048,0.00259,0.0042,0.00489,0.00562,0.00641,0.00568,0.00263,-0.00136,-0.00444,-0.00582,-0.00549,-0.00382,-0.00182,-4e-05,0.00129,0.00166,0.00084,-0.00077,-0.00301,-0.00558,-0.00754,-0.00839,-0.00773,-0.0056,-0.00255,0.00019,0.00083,-0.00138,-0.00374,-0.00314,-0.00053,0.00066,-0.00089,-0.00356,-0.00581,-0.00662,-0.00594,-0.00434,-0.00264,-0.00094,0.00084,0.00171,7e-05,-0.00457,-0.01009,-0.01363,-0.01453,-0.01406,-0.0137,-0.01414,-0.01498,-0.01559,-0.01642,-0.01833,-0.02099,-0.02324,-0.02425,-0.02368,-0.02197,-0.02069,-0.02118,-0.02304,-0.02502,-0.02678,-0.02875,-0.03086,-0.03276,-0.03439,-0.03564,-0.036,-0.03512,-0.03327,-0.03145,-0.0311,-0.03328,-0.03736,-0.04098,-0.04201,-0.04057,-0.03838
191.25 -180.0,-178.31483,-176.62966,-174.94449,-173.25932,-171.57415,-169.88898,-168.20381,-166.51864,-164.83347,-163.1483,-161.46313,-159.77796,-158.09279,-156.40762,-154.72245,-153.03728,-151.35211,-149.66694,-147.98177,-146.2966,-144.61143,-142.92626,-141.24109,-139.55592,-137.87075,-136.18558,-134.50041,-132.81524,-131.13007,-129.4449,-127.75973,-126.07456,-124.38939,-122.70422,-121.01905,-119.33388,-117.64871,-115.96354,-114.27837,-112.5932,-110.90803,-109.22286,-107.53769,-105.85252,-104.16735,-102.48218,-100.79701,-99.11184,-97.42667,-95.7415,-94.05633,-92.37116,-90.68599,-89.00082,-87.31565,-85.63048,-83.94531,-82.26014,-80.57497,-78.8898,-77.20463,-75.51946,-73.83429,-72.14912,-70.46395,-68.77878,-67.09361,-65.40844,-63.72327,-62.0381,-60.35293,-58.66776,-56.98259,-55.29742,-53.61225,-51.92708,-50.24191,-48.55674,-46.87157,-45.1864,-43.50123,-41.81606,-40.13089,-38.44572,-36.76055,-35.07538,-33.39021,-31.70504,-30.01987,-28.3347,-26.64953,-24.96436,-23.27919,-21.59402,-19.90885,-18.22368,-16.53851,-14.85334,-13.16817,-11.483,-9.79783,-8.11266,-6.42749,-4.74232,-3.05715,-1.37198,0.31319,1.99836,3.68353,5.3687,7.05387,8.73904,10.42421,12.10938,13.79455,15.47972,17.16489,18.85006,20.53523,22.2204,23.90557,25.59074,27.27591,28.96108,30.64625,32.33142,34.01659,35.70176,37.38693,39.0721,40.75727,42.44244,44.12761,45.81278,47.49795,49.18312,50.86829,52.55346,54.23863,55.9238,57.60897,59.29414,60.97931,62.66448,64.34965,66.03482,67.71999,69.40516,71.09033,72.7755,74.46067,76.14584,77.83101,79.51618,81.20135,82.88652,84.57169,86.25686,87.94203,89.6272,91.31237,92.99754,94.68271,96.36788,98.05305,99.73822,101.42339,103.10856,104.79373,106.4789,108.16407,109.84924,111.53441,113.21958,114.90475,116.58992,118.27509,119.96026,121.64543,123.3306,125.01577,126.70094,128.38611,130.07128,131.75645,133.44162,135.12679,136.81196,138.49713,140.1823,141.86747,143.55264,145.23781,146.92298,148.60815,150.29332,151.97849,153.66366,155.34883,157.034,158.71917,160.40434,162.08951,163.77468,165.45985,167.14502,168.83019,170.51536,172.20053,173.8857,175.57087,177.25604,178.94121 -0.04093,-0.03886,-0.03748,-0.03601,-0.03387,-0.03144,-0.02998,-0.03029,-0.03194,-0.03338,-0.03301,-0.03012,-0.02532,-0.02019,-0.01612,-0.01394,-0.01404,-0.01619,-0.01903,-0.02041,-0.01909,-0.01551,-0.01135,-0.00822,-0.00674,-0.00635,-0.00572,-0.0043,-0.00329,-0.00477,-0.00979,-0.01668,-0.02155,-0.0221,-0.01969,-0.0167,-0.01294,-0.00653,0.00141,0.00691,0.008,0.00578,0.00184,-0.00278,-0.00689,-0.00894,-0.0078,-0.00402,-0.00015,0.00133,0.00047,-0.00163,-0.00334,-0.00197,0.00383,0.01219,0.02025,0.02623,0.03003,0.03217,0.03195,0.0286,0.02359,0.01988,0.01899,0.02033,0.02259,0.02562,0.03111,0.0398,0.04784,0.04943,0.0434,0.03306,0.02198,0.01288,0.00821,0.00839,0.01117,0.01442,0.01792,0.02185,0.02528,0.02723,0.02811,0.02917,0.03131,0.0344,0.03735,0.03865,0.03723,0.03364,0.02988,0.02802,0.0288,0.03158,0.03527,0.03881,0.04097,0.04035,0.03651,0.03084,0.02575,0.02316,0.0233,0.02499,0.0268,0.02805,0.0288,0.02914,0.02849,0.02592,0.02129,0.01585,0.01121,0.00827,0.00711,0.00725,0.00771,0.00763,0.0067,0.00491,0.00261,0.00039,-0.00037,0.00143,0.00545,0.00963,0.01148,0.01048,0.00854,0.00769,0.00765,0.00722,0.00666,0.00698,0.00777,0.00708,0.00383,-0.00088,-0.00517,-0.00731,-0.00661,-0.00405,-0.00157,-5e-05,0.00106,0.00186,0.00187,0.00124,0.00013,-0.00181,-0.00435,-0.00665,-0.00771,-0.00687,-0.00507,-0.00365,-0.00297,-0.00303,-0.00342,-0.00269,-0.00032,0.00143,0.00027,-0.00299,-0.00568,-0.0062,-0.00502,-0.00361,-0.00263,-0.00178,-0.00017,0.00231,0.00358,0.0014,-0.00407,-0.00985,-0.01291,-0.01336,-0.01285,-0.01226,-0.01172,-0.01146,-0.01144,-0.01163,-0.0127,-0.01489,-0.01748,-0.01966,-0.02085,-0.02038,-0.01851,-0.01695,-0.01695,-0.0182,-0.01984,-0.02196,-0.02492,-0.02835,-0.03155,-0.03418,-0.03607,-0.0368,-0.0361,-0.03411,-0.0315,-0.02966,-0.03033,-0.03412,-0.03944,-0.04335,-0.04417,-0.04247
196.875 -180.0,-178.36298,-176.72596,-175.08893,-173.45191,-171.81489,-170.17787,-168.54084,-166.90382,-165.2668,-163.62978,-161.99276,-160.35573,-158.71871,-157.08169,-155.44467,-153.80764,-152.17062,-150.5336,-148.89658,-147.25955,-145.62253,-143.98551,-142.34849,-140.71147,-139.07444,-137.43742,-135.8004,-134.16338,-132.52635,-130.88933,-129.25231,-127.61529,-125.97827,-124.34124,-122.70422,-121.0672,-119.43018,-117.79315,-116.15613,-114.51911,-112.88209,-111.24506,-109.60804,-107.97102,-106.334,-104.69698,-103.05995,-101.42293,-99.78591,-98.14889,-96.51186,-94.87484,-93.23782,-91.6008,-89.96378,-88.32675,-86.68973,-85.05271,-83.41569,-81.77866,-80.14164,-78.50462,-76.8676,-75.23057,-73.59355,-71.95653,-70.31951,-68.68249,-67.04546,-65.40844,-63.77142,-62.1344,-60.49737,-58.86035,-57.22333,-55.58631,-53.94929,-52.31226,-50.67524,-49.03822,-47.4012,-45.76417,-44.12715,-42.49013,-40.85311,-39.21608,-37.57906,-35.94204,-34.30502,-32.668,-31.03097,-29.39395,-27.75693,-26.11991,-24.48288,-22.84586,-21.20884,-19.57182,-17.9348,-16.29777,-14.66075,-13.02373,-11.38671,-9.74968,-8.11266,-6.47564,-4.83862,-3.20159,-1.56457,0.07245,1.70947,3.34649,4.98352,6.62054,8.25756,9.89458,11.53161,13.16863,14.80565,16.44267,18.07969,19.71672,21.35374,22.99076,24.62778,26.26481,27.90183,29.53885,31.17587,32.8129,34.44992,36.08694,37.72396,39.36098,40.99801,42.63503,44.27205,45.90907,47.5461,49.18312,50.82014,52.45716,54.09418,55.73121,57.36823,59.00525,60.64227,62.2793,63.91632,65.55334,67.19036,68.82739,70.46441,72.10143,73.73845,75.37547,77.0125,78.64952,80.28654,81.92356,83.56059,85.19761,86.83463,88.47165,90.10867,91.7457,93.38272,95.01974,96.65676,98.29379,99.93081,101.56783,103.20485,104.84188,106.4789,108.11592,109.75294,111.38996,113.02699,114.66401,116.30103,117.93805,119.57508,121.2121,122.84912,124.48614,126.12316,127.76019,129.39721,131.03423,132.67125,134.30828,135.9453,137.58232,139.21934,140.85637,142.49339,144.13041,145.76743,147.40445,149.04148,150.6785,152.31552,153.95254,155.58957,157.22659,158.86361,160.50063,162.13765,163.77468,165.4117,167.04872,168.68574,170.32277,171.95979,173.59681,175.23383,176.87086,178.50788 -0.04045,-0.03807,-0.03614,-0.03492,-0.03432,-0.0341,-0.03397,-0.03415,-0.03476,-0.03549,-0.03541,-0.03365,-0.02996,-0.02495,-0.01973,-0.01531,-0.01261,-0.01266,-0.01539,-0.01905,-0.02087,-0.01933,-0.01524,-0.01065,-0.00722,-0.00539,-0.00466,-0.00389,-0.00258,-0.00191,-0.00378,-0.00921,-0.01663,-0.02241,-0.02352,-0.02099,-0.01803,-0.0156,-0.01161,-0.00508,0.00136,0.00454,0.00396,0.00071,-0.00382,-0.00786,-0.00971,-0.00838,-0.00418,0.00029,0.00195,0.00065,-0.00198,-0.00456,-0.005,-0.00088,0.00698,0.01566,0.02328,0.0287,0.03206,0.0338,0.03314,0.02965,0.02484,0.02057,0.01786,0.01708,0.01849,0.0225,0.0302,0.04105,0.05026,0.05217,0.046,0.03489,0.0223,0.01134,0.00522,0.00513,0.00868,0.01294,0.01696,0.02073,0.02368,0.02524,0.02574,0.02627,0.02783,0.03072,0.03421,0.03683,0.03726,0.0351,0.0317,0.02959,0.0302,0.03298,0.03654,0.03984,0.04203,0.04209,0.03928,0.03397,0.02791,0.02343,0.02184,0.02286,0.02484,0.02615,0.02642,0.02648,0.02686,0.0267,0.02445,0.01976,0.01408,0.00948,0.00696,0.00662,0.00811,0.0104,0.01206,0.01218,0.01071,0.00838,0.00616,0.00502,0.00582,0.00917,0.01423,0.0188,0.02086,0.01993,0.01771,0.01586,0.01417,0.01192,0.00991,0.00944,0.00997,0.00939,0.00646,0.00187,-0.00277,-0.00582,-0.00622,-0.00439,-0.00221,-0.00094,-0.00012,0.00088,0.00186,0.00269,0.00306,0.00222,-0.0,-0.00294,-0.00542,-0.0062,-0.00541,-0.00492,-0.00555,-0.00605,-0.00526,-0.00288,0.00069,0.00382,0.00417,0.00109,-0.00345,-0.00634,-0.00618,-0.00415,-0.00251,-0.00206,-0.00198,-0.00084,0.00204,0.00442,0.00322,-0.00212,-0.00847,-0.01181,-0.01187,-0.01083,-0.00989,-0.00924,-0.00903,-0.00924,-0.00924,-0.00914,-0.00996,-0.01219,-0.01518,-0.01804,-0.01978,-0.01963,-0.01814,-0.01689,-0.01659,-0.0168,-0.0174,-0.01893,-0.02196,-0.02596,-0.02983,-0.03302,-0.03537,-0.03654,-0.03624,-0.0345,-0.0318,-0.02918,-0.02821,-0.03008,-0.03452,-0.03936,-0.04219,-0.04217
202.5 -180.0,-178.40845,-176.8169,-175.22535,-173.6338,-172.04225,-170.4507,-168.85915,-167.2676,-165.67606,-164.08451,-162.49296,-160.90141,-159.30986,-157.71831,-156.12676,-154.53521,-152.94366,-151.35211,-149.76056,-148.16901,-146.57746,-144.98591,-143.39436,-141.80281,-140.21126,-138.61971,-137.02817,-135.43662,-133.84507,-132.25352,-130.66197,-129.07042,-127.47887,-125.88732,-124.29577,-122.70422,-121.11267,-119.52112,-117.92957,-116.33802,-114.74647,-113.15492,-111.56337,-109.97183,-108.38028,-106.78873,-105.19718,-103.60563,-102.01408,-100.42253,-98.83098,-97.23943,-95.64788,-94.05633,-92.46478,-90.87323,-89.28168,-87.69013,-86.09858,-84.50703,-82.91548,-81.32394,-79.73239,-78.14084,-76.54929,-74.95774,-73.36619,-71.77464,-70.18309,-68.59154,-66.99999,-65.40844,-63.81689,-62.22534,-60.63379,-59.04224,-57.45069,-55.85914,-54.26759,-52.67605,-51.0845,-49.49295,-47.9014,-46.30985,-44.7183,-43.12675,-41.5352,-39.94365,-38.3521,-36.76055,-35.169,-33.57745,-31.9859,-30.39435,-28.8028,-27.21125,-25.61971,-24.02816,-22.43661,-20.84506,-19.25351,-17.66196,-16.07041,-14.47886,-12.88731,-11.29576,-9.70421,-8.11266,-6.52111,-4.92956,-3.33801,-1.74646,-0.15491,1.43664,3.02818,4.61973,6.21128,7.80283,9.39438,10.98593,12.57748,14.16903,15.76058,17.35213,18.94368,20.53523,22.12678,23.71833,25.30988,26.90143,28.49298,30.08452,31.67607,33.26762,34.85917,36.45072,38.04227,39.63382,41.22537,42.81692,44.40847,46.00002,47.59157,49.18312,50.77467,52.36622,53.95777,55.54932,57.14087,58.73241,60.32396,61.91551,63.50706,65.09861,66.69016,68.28171,69.87326,71.46481,73.05636,74.64791,76.23946,77.83101,79.42256,81.01411,82.60566,84.19721,85.78875,87.3803,88.97185,90.5634,92.15495,93.7465,95.33805,96.9296,98.52115,100.1127,101.70425,103.2958,104.88735,106.4789,108.07045,109.662,111.25355,112.8451,114.43664,116.02819,117.61974,119.21129,120.80284,122.39439,123.98594,125.57749,127.16904,128.76059,130.35214,131.94369,133.53524,135.12679,136.71834,138.30989,139.90144,141.49299,143.08453,144.67608,146.26763,147.85918,149.45073,151.04228,152.63383,154.22538,155.81693,157.40848,159.00003,160.59158,162.18313,163.77468,165.36623,166.95778,168.54933,170.14087,171.73242,173.32397,174.91552,176.50707,178.09862,179.69017 -0.03659,-0.03464,-0.03272,-0.03149,-0.03157,-0.03293,-0.03453,-0.0354,-0.03558,-0.03547,-0.03505,-0.03391,-0.03168,-0.02843,-0.02443,-0.01996,-0.01559,-0.01264,-0.01253,-0.01528,-0.01875,-0.02009,-0.01803,-0.01395,-0.01005,-0.00748,-0.00607,-0.00518,-0.00397,-0.00225,-0.0012,-0.00248,-0.00707,-0.01405,-0.02039,-0.02285,-0.02113,-0.01818,-0.0161,-0.01398,-0.00996,-0.00446,-0.00012,0.00098,-0.00133,-0.00585,-0.01039,-0.01253,-0.01104,-0.00636,-0.00077,0.002,0.00085,-0.00217,-0.00519,-0.00662,-0.00411,0.00272,0.01088,0.0185,0.02505,0.02947,0.03211,0.0336,0.03316,0.0305,0.02628,0.02137,0.01704,0.01482,0.01568,0.02015,0.02909,0.04099,0.05064,0.05293,0.04724,0.03598,0.02233,0.00998,0.00298,0.00279,0.00719,0.01279,0.01782,0.02171,0.02412,0.02515,0.02541,0.02564,0.02652,0.02855,0.0313,0.03379,0.03484,0.03357,0.03061,0.02819,0.02856,0.03173,0.03595,0.0395,0.04147,0.04143,0.03922,0.03506,0.02982,0.02482,0.02153,0.02073,0.02197,0.02364,0.02433,0.02401,0.02373,0.02396,0.02372,0.02142,0.01681,0.0117,0.0081,0.00663,0.00689,0.00861,0.01155,0.01467,0.01655,0.01649,0.01506,0.01344,0.01237,0.01206,0.0129,0.01558,0.01979,0.02367,0.02534,0.02458,0.02287,0.02136,0.01949,0.01651,0.01347,0.01196,0.01184,0.01115,0.00848,0.0044,0.00022,-0.00332,-0.0055,-0.00576,-0.00487,-0.00392,-0.00296,-0.00152,0.00034,0.00278,0.00559,0.00708,0.00597,0.00276,-0.00078,-0.00303,-0.00364,-0.00383,-0.00535,-0.00763,-0.00817,-0.00576,-0.00098,0.00411,0.0069,0.00599,0.0024,-0.00198,-0.00476,-0.00477,-0.00309,-0.00183,-0.00175,-0.00213,-0.00176,0.00042,0.00302,0.00273,-0.00182,-0.00812,-0.01172,-0.0117,-0.01008,-0.00842,-0.00729,-0.00717,-0.00788,-0.00833,-0.00788,-0.00717,-0.00766,-0.00995,-0.01321,-0.01638,-0.01846,-0.01902,-0.01879,-0.01852,-0.01814,-0.01745,-0.01697,-0.01778,-0.02043,-0.02424,-0.02791,-0.03087,-0.03322,-0.03476,-0.03507,-0.03405,-0.03197,-0.02955,-0.02786,-0.02795,-0.03027,-0.03386,-0.03681,-0.03778,-0.03691
208.125 -180.0,-178.45147,-176.90293,-175.3544,-173.80586,-172.25733,-170.70879,-169.16026,-167.61172,-166.06319,-164.51465,-162.96612,-161.41759,-159.86905,-158.32052,-156.77198,-155.22345,-153.67491,-152.12638,-150.57784,-149.02931,-147.48077,-145.93224,-144.3837,-142.83517,-141.28664,-139.7381,-138.18957,-136.64103,-135.0925,-133.54396,-131.99543,-130.44689,-128.89836,-127.34982,-125.80129,-124.25276,-122.70422,-121.15569,-119.60715,-118.05862,-116.51008,-114.96155,-113.41301,-111.86448,-110.31594,-108.76741,-107.21887,-105.67034,-104.12181,-102.57327,-101.02474,-99.4762,-97.92767,-96.37913,-94.8306,-93.28206,-91.73353,-90.18499,-88.63646,-87.08793,-85.53939,-83.99086,-82.44232,-80.89379,-79.34525,-77.79672,-76.24818,-74.69965,-73.15111,-71.60258,-70.05404,-68.50551,-66.95698,-65.40844,-63.85991,-62.31137,-60.76284,-59.2143,-57.66577,-56.11723,-54.5687,-53.02016,-51.47163,-49.9231,-48.37456,-46.82603,-45.27749,-43.72896,-42.18042,-40.63189,-39.08335,-37.53482,-35.98628,-34.43775,-32.88921,-31.34068,-29.79215,-28.24361,-26.69508,-25.14654,-23.59801,-22.04947,-20.50094,-18.9524,-17.40387,-15.85533,-14.3068,-12.75827,-11.20973,-9.6612,-8.11266,-6.56413,-5.01559,-3.46706,-1.91852,-0.36999,1.17855,2.72708,4.27562,5.82415,7.37268,8.92122,10.46975,12.01829,13.56682,15.11536,16.66389,18.21243,19.76096,21.3095,22.85803,24.40656,25.9551,27.50363,29.05217,30.6007,32.14924,33.69777,35.24631,36.79484,38.34338,39.89191,41.44045,42.98898,44.53751,46.08605,47.63458,49.18312,50.73165,52.28019,53.82872,55.37726,56.92579,58.47433,60.02286,61.57139,63.11993,64.66846,66.217,67.76553,69.31407,70.8626,72.41114,73.95967,75.50821,77.05674,78.60528,80.15381,81.70234,83.25088,84.79941,86.34795,87.89648,89.44502,90.99355,92.54209,94.09062,95.63916,97.18769,98.73622,100.28476,101.83329,103.38183,104.93036,106.4789,108.02743,109.57597,111.1245,112.67304,114.22157,115.77011,117.31864,118.86717,120.41571,121.96424,123.51278,125.06131,126.60985,128.15838,129.70692,131.25545,132.80399,134.35252,135.90105,137.44959,138.99812,140.54666,142.09519,143.64373,145.19226,146.7408,148.28933,149.83787,151.3864,152.93494,154.48347,156.032,157.58054,159.12907,160.67761,162.22614,163.77468,165.32321,166.87175,168.42028,169.96882,171.51735,173.06588,174.61442,176.16295,177.71149,179.26002 -0.03217,-0.03099,-0.02984,-0.02909,-0.02929,-0.03072,-0.03264,-0.0338,-0.03379,-0.03313,-0.03239,-0.03157,-0.03048,-0.02908,-0.0273,-0.02466,-0.02078,-0.01631,-0.01307,-0.01259,-0.01465,-0.01699,-0.01723,-0.01487,-0.01163,-0.00945,-0.00862,-0.00831,-0.0076,-0.00588,-0.00345,-0.00159,-0.00183,-0.00493,-0.01057,-0.01656,-0.01999,-0.01965,-0.01721,-0.01508,-0.01382,-0.01221,-0.00903,-0.00499,-0.00266,-0.00375,-0.00792,-0.01315,-0.01617,-0.01488,-0.00986,-0.0032,0.00121,0.00111,-0.00188,-0.00521,-0.00727,-0.00591,-0.0,0.00765,0.01416,0.02002,0.02484,0.02776,0.02965,0.03153,0.03256,0.03157,0.02793,0.02243,0.01713,0.01423,0.01448,0.0185,0.0275,0.0397,0.04955,0.05237,0.0475,0.03664,0.02277,0.0101,0.00294,0.00284,0.00744,0.01371,0.01957,0.02367,0.02564,0.02633,0.02671,0.02709,0.02775,0.02898,0.03067,0.03205,0.03242,0.03107,0.02794,0.02466,0.02389,0.02684,0.03214,0.03722,0.04018,0.04036,0.0382,0.0347,0.03073,0.02674,0.02303,0.02042,0.01966,0.02046,0.02141,0.02144,0.02075,0.02023,0.02017,0.0196,0.01717,0.01286,0.00847,0.00595,0.00554,0.0064,0.00813,0.01107,0.01495,0.01833,0.0198,0.01935,0.01837,0.01785,0.01755,0.01698,0.01704,0.01885,0.02196,0.02439,0.02486,0.02398,0.02313,0.02272,0.02163,0.0188,0.01524,0.01297,0.01248,0.01194,0.00967,0.00616,0.00257,-0.00103,-0.00457,-0.00703,-0.00767,-0.00726,-0.00615,-0.00418,-0.0018,0.00122,0.00549,0.00979,0.01135,0.00904,0.00493,0.00162,-0.00022,-0.00129,-0.00299,-0.00629,-0.0092,-0.00884,-0.00488,0.00099,0.00582,0.00723,0.00539,0.0025,-0.00036,-0.00212,-0.00203,-0.00077,5e-05,-7e-05,-0.00067,-0.00118,-0.00062,0.00074,0.00018,-0.00405,-0.00986,-0.01343,-0.01352,-0.01172,-0.00941,-0.00754,-0.00685,-0.00716,-0.00735,-0.00682,-0.00576,-0.00506,-0.00559,-0.00731,-0.00974,-0.01252,-0.01509,-0.01713,-0.01869,-0.01944,-0.01911,-0.01796,-0.01716,-0.01785,-0.02031,-0.02349,-0.02613,-0.02809,-0.02992,-0.03164,-0.03268,-0.03268,-0.0317,-0.03012,-0.02857,-0.02774,-0.02816,-0.02979,-0.03173,-0.03281,-0.0326
213.75 -180.0,-178.49222,-176.98443,-175.47665,-173.96887,-172.46108,-170.9533,-169.44551,-167.93773,-166.42995,-164.92216,-163.41438,-161.9066,-160.39881,-158.89103,-157.38324,-155.87546,-154.36768,-152.85989,-151.35211,-149.84433,-148.33654,-146.82876,-145.32098,-143.81319,-142.30541,-140.79762,-139.28984,-137.78206,-136.27427,-134.76649,-133.25871,-131.75092,-130.24314,-128.73536,-127.22757,-125.71979,-124.212,-122.70422,-121.19644,-119.68865,-118.18087,-116.67309,-115.1653,-113.65752,-112.14973,-110.64195,-109.13417,-107.62638,-106.1186,-104.61082,-103.10303,-101.59525,-100.08747,-98.57968,-97.0719,-95.56411,-94.05633,-92.54855,-91.04076,-89.53298,-88.0252,-86.51741,-85.00963,-83.50185,-81.99406,-80.48628,-78.97849,-77.47071,-75.96293,-74.45514,-72.94736,-71.43958,-69.93179,-68.42401,-66.91622,-65.40844,-63.90066,-62.39287,-60.88509,-59.37731,-57.86952,-56.36174,-54.85396,-53.34617,-51.83839,-50.3306,-48.82282,-47.31504,-45.80725,-44.29947,-42.79169,-41.2839,-39.77612,-38.26833,-36.76055,-35.25277,-33.74498,-32.2372,-30.72942,-29.22163,-27.71385,-26.20607,-24.69828,-23.1905,-21.68271,-20.17493,-18.66715,-17.15936,-15.65158,-14.1438,-12.63601,-11.12823,-9.62045,-8.11266,-6.60488,-5.09709,-3.58931,-2.08153,-0.57374,0.93404,2.44182,3.94961,5.45739,6.96518,8.47296,9.98074,11.48853,12.99631,14.50409,16.01188,17.51966,19.02744,20.53523,22.04301,23.5508,25.05858,26.56636,28.07415,29.58193,31.08971,32.5975,34.10528,35.61307,37.12085,38.62863,40.13642,41.6442,43.15198,44.65977,46.16755,47.67533,49.18312,50.6909,52.19869,53.70647,55.21425,56.72204,58.22982,59.7376,61.24539,62.75317,64.26095,65.76874,67.27652,68.78431,70.29209,71.79987,73.30766,74.81544,76.32322,77.83101,79.33879,80.84658,82.35436,83.86214,85.36993,86.87771,88.38549,89.89328,91.40106,92.90884,94.41663,95.92441,97.4322,98.93998,100.44776,101.95555,103.46333,104.97111,106.4789,107.98668,109.49446,111.00225,112.51003,114.01782,115.5256,117.03338,118.54117,120.04895,121.55673,123.06452,124.5723,126.08009,127.58787,129.09565,130.60344,132.11122,133.619,135.12679,136.63457,138.14235,139.65014,141.15792,142.66571,144.17349,145.68127,147.18906,148.69684,150.20462,151.71241,153.22019,154.72798,156.23576,157.74354,159.25133,160.75911,162.26689,163.77468,165.28246,166.79024,168.29803,169.80581,171.3136,172.82138,174.32916,175.83695,177.34473,178.85251 -0.02865,-0.02827,-0.02813,-0.02828,-0.02871,-0.02961,-0.03072,-0.03126,-0.0308,-0.02977,-0.0288,-0.02813,-0.02773,-0.02756,-0.02756,-0.02719,-0.02532,-0.02144,-0.01674,-0.01338,-0.01257,-0.01367,-0.01454,-0.01364,-0.01139,-0.0095,-0.00919,-0.01012,-0.01103,-0.01077,-0.00877,-0.00563,-0.00297,-0.0023,-0.0041,-0.00809,-0.0128,-0.01611,-0.01666,-0.01503,-0.01303,-0.01198,-0.01194,-0.01142,-0.00901,-0.0063,-0.00615,-0.00945,-0.01486,-0.01894,-0.01854,-0.0135,-0.00617,-0.00033,0.00102,-0.00131,-0.0045,-0.0069,-0.00654,-0.00163,0.00601,0.01201,0.01618,0.01997,0.02255,0.02373,0.02549,0.02898,0.03249,0.03306,0.02964,0.02384,0.01851,0.01529,0.01429,0.01685,0.02528,0.03767,0.04785,0.05131,0.04721,0.03696,0.02375,0.01217,0.00613,0.00621,0.01025,0.01588,0.02147,0.02518,0.02658,0.02702,0.02792,0.02909,0.03008,0.03108,0.03202,0.03239,0.03178,0.02988,0.02637,0.02203,0.01935,0.02055,0.02565,0.03245,0.03782,0.03979,0.03831,0.03492,0.03138,0.02827,0.02519,0.02193,0.01929,0.01819,0.01828,0.0183,0.01762,0.01656,0.01571,0.01518,0.01427,0.01199,0.00834,0.00482,0.0031,0.00339,0.00479,0.00668,0.0095,0.01356,0.01772,0.02018,0.02036,0.01954,0.01937,0.01973,0.01946,0.01851,0.0185,0.02027,0.02228,0.02265,0.02134,0.01988,0.01956,0.02008,0.0198,0.01745,0.01408,0.01221,0.01244,0.01279,0.01109,0.00769,0.00414,0.00076,-0.00287,-0.00607,-0.00754,-0.00786,-0.00733,-0.00556,-0.00317,-0.00058,0.00308,0.00789,0.01162,0.0115,0.00821,0.00475,0.0022,0.00034,-0.00125,-0.00376,-0.00742,-0.00949,-0.00768,-0.00283,0.00258,0.00562,0.00502,0.00245,0.00045,-0.00045,-0.0005,0.00051,0.00191,0.0027,0.00263,0.00208,0.00122,0.00033,-0.0002,-0.00171,-0.00578,-0.01094,-0.01441,-0.01522,-0.01398,-0.01169,-0.0094,-0.00821,-0.00788,-0.00694,-0.00531,-0.0039,-0.00343,-0.00393,-0.00463,-0.00501,-0.00579,-0.00776,-0.01069,-0.01393,-0.0168,-0.01854,-0.01857,-0.01766,-0.01724,-0.01836,-0.02071,-0.023,-0.02432,-0.02511,-0.02647,-0.02856,-0.03056,-0.03175,-0.03189,-0.03111,-0.0298,-0.02838,-0.02724,-0.02679,-0.02723,-0.02817,-0.02872
219.375 -180.0,-178.53088,-177.06175,-175.59263,-174.12351,-172.65439,-171.18526,-169.71614,-168.24702,-166.7779,-165.30877,-163.83965,-162.37053,-160.90141,-159.43228,-157.96316,-156.49404,-155.02492,-153.55579,-152.08667,-150.61755,-149.14843,-147.6793,-146.21018,-144.74106,-143.27194,-141.80281,-140.33369,-138.86457,-137.39545,-135.92632,-134.4572,-132.98808,-131.51896,-130.04983,-128.58071,-127.11159,-125.64247,-124.17334,-122.70422,-121.2351,-119.76598,-118.29685,-116.82773,-115.35861,-113.88949,-112.42036,-110.95124,-109.48212,-108.01299,-106.54387,-105.07475,-103.60563,-102.1365,-100.66738,-99.19826,-97.72914,-96.26001,-94.79089,-93.32177,-91.85265,-90.38352,-88.9144,-87.44528,-85.97616,-84.50703,-83.03791,-81.56879,-80.09967,-78.63054,-77.16142,-75.6923,-74.22318,-72.75405,-71.28493,-69.81581,-68.34669,-66.87756,-65.40844,-63.93932,-62.4702,-61.00107,-59.53195,-58.06283,-56.59371,-55.12458,-53.65546,-52.18634,-50.71722,-49.24809,-47.77897,-46.30985,-44.84073,-43.3716,-41.90248,-40.43336,-38.96424,-37.49511,-36.02599,-34.55687,-33.08774,-31.61862,-30.1495,-28.68038,-27.21125,-25.74213,-24.27301,-22.80389,-21.33476,-19.86564,-18.39652,-16.9274,-15.45827,-13.98915,-12.52003,-11.05091,-9.58178,-8.11266,-6.64354,-5.17442,-3.70529,-2.23617,-0.76705,0.70207,2.1712,3.64032,5.10944,6.57856,8.04769,9.51681,10.98593,12.45505,13.92418,15.3933,16.86242,18.33154,19.80067,21.26979,22.73891,24.20803,25.67716,27.14628,28.6154,30.08452,31.55365,33.02277,34.49189,35.96102,37.43014,38.89926,40.36838,41.83751,43.30663,44.77575,46.24487,47.714,49.18312,50.65224,52.12136,53.59049,55.05961,56.52873,57.99785,59.46698,60.9361,62.40522,63.87434,65.34347,66.81259,68.28171,69.75083,71.21996,72.68908,74.1582,75.62732,77.09645,78.56557,80.03469,81.50381,82.97294,84.44206,85.91118,87.3803,88.84943,90.31855,91.78767,93.25679,94.72592,96.19504,97.66416,99.13328,100.60241,102.07153,103.54065,105.00978,106.4789,107.94802,109.41714,110.88627,112.35539,113.82451,115.29363,116.76276,118.23188,119.701,121.17012,122.63925,124.10837,125.57749,127.04661,128.51574,129.98486,131.45398,132.9231,134.39223,135.86135,137.33047,138.79959,140.26872,141.73784,143.20696,144.67608,146.14521,147.61433,149.08345,150.55257,152.0217,153.49082,154.95994,156.42906,157.89819,159.36731,160.83643,162.30555,163.77468,165.2438,166.71292,168.18204,169.65117,171.12029,172.58941,174.05853,175.52766,176.99678,178.4659,179.93503 -0.02514,-0.02562,-0.02634,-0.0273,-0.02808,-0.02861,-0.02893,-0.02876,-0.0279,-0.02663,-0.02555,-0.02489,-0.02473,-0.02512,-0.02608,-0.02729,-0.02763,-0.02572,-0.02151,-0.01696,-0.01419,-0.01372,-0.01414,-0.0137,-0.01191,-0.0099,-0.009,-0.00972,-0.0115,-0.01316,-0.0134,-0.01151,-0.00818,-0.0052,-0.00408,-0.00512,-0.00774,-0.01079,-0.01287,-0.01315,-0.01188,-0.01014,-0.00919,-0.00995,-0.01153,-0.01136,-0.00924,-0.00823,-0.01038,-0.01514,-0.01967,-0.02044,-0.01599,-0.00844,-0.0018,0.00055,-0.00105,-0.0036,-0.0055,-0.0058,-0.0025,0.00469,0.01138,0.01498,0.01721,0.01883,0.01902,0.019,0.02169,0.02785,0.03349,0.03455,0.03081,0.02545,0.02089,0.01731,0.01443,0.01514,0.02299,0.03577,0.04641,0.05011,0.04615,0.03651,0.02484,0.01561,0.01181,0.01274,0.01573,0.01945,0.02312,0.02543,0.02573,0.02584,0.02743,0.02986,0.0318,0.03296,0.03364,0.03366,0.03275,0.03079,0.02743,0.02283,0.01854,0.01711,0.0202,0.02682,0.0341,0.03892,0.03957,0.03692,0.03314,0.02983,0.02702,0.02385,0.02026,0.01731,0.01576,0.01502,0.0142,0.0131,0.01189,0.01069,0.00955,0.00839,0.00682,0.00458,0.00243,0.00145,0.00204,0.00347,0.00522,0.00769,0.01146,0.01584,0.01907,0.02001,0.01946,0.01917,0.01974,0.01993,0.0188,0.01748,0.01803,0.02001,0.02091,0.01949,0.01679,0.01476,0.01445,0.01528,0.0154,0.01367,0.01148,0.01123,0.013,0.01432,0.01273,0.00865,0.00459,0.00172,-0.00052,-0.00246,-0.0037,-0.00468,-0.00549,-0.00507,-0.00342,-0.0016,0.00045,0.00355,0.00676,0.00783,0.00622,0.00389,0.00163,-0.00094,-0.00285,-0.00402,-0.00591,-0.00809,-0.00805,-0.00466,0.00035,0.00404,0.00432,0.00168,-0.00133,-0.00278,-0.00259,-0.00138,0.0004,0.00227,0.00353,0.004,0.00408,0.00384,0.00282,0.00105,-0.00139,-0.00496,-0.00905,-0.0122,-0.01398,-0.0144,-0.01318,-0.01118,-0.00978,-0.00915,-0.00745,-0.00424,-0.00143,-0.00071,-0.00231,-0.00446,-0.00492,-0.00378,-0.00311,-0.00416,-0.00668,-0.01007,-0.01361,-0.01621,-0.01708,-0.01668,-0.0166,-0.01776,-0.01962,-0.02091,-0.02106,-0.02121,-0.02278,-0.02582,-0.02911,-0.0315,-0.03255,-0.03226,-0.03095,-0.02898,-0.02667,-0.02441,-0.02307,-0.02326,-0.02431,-0.02512
225.0 -180.0,-178.56761,-177.13521,-175.70282,-174.27042,-172.83803,-171.40563,-169.97324,-168.54084,-167.10845,-165.67606,-164.24366,-162.81127,-161.37887,-159.94648,-158.51408,-157.08169,-155.64929,-154.2169,-152.7845,-151.35211,-149.91972,-148.48732,-147.05493,-145.62253,-144.19014,-142.75774,-141.32535,-139.89295,-138.46056,-137.02817,-135.59577,-134.16338,-132.73098,-131.29859,-129.86619,-128.4338,-127.0014,-125.56901,-124.13661,-122.70422,-121.27183,-119.83943,-118.40704,-116.97464,-115.54225,-114.10985,-112.67746,-111.24506,-109.81267,-108.38028,-106.94788,-105.51549,-104.08309,-102.6507,-101.2183,-99.78591,-98.35351,-96.92112,-95.48873,-94.05633,-92.62394,-91.19154,-89.75915,-88.32675,-86.89436,-85.46196,-84.02957,-82.59717,-81.16478,-79.73239,-78.29999,-76.8676,-75.4352,-74.00281,-72.57041,-71.13802,-69.70562,-68.27323,-66.84084,-65.40844,-63.97605,-62.54365,-61.11126,-59.67886,-58.24647,-56.81407,-55.38168,-53.94929,-52.51689,-51.0845,-49.6521,-48.21971,-46.78731,-45.35492,-43.92252,-42.49013,-41.05773,-39.62534,-38.19295,-36.76055,-35.32816,-33.89576,-32.46337,-31.03097,-29.59858,-28.16618,-26.73379,-25.3014,-23.869,-22.43661,-21.00421,-19.57182,-18.13942,-16.70703,-15.27463,-13.84224,-12.40984,-10.97745,-9.54506,-8.11266,-6.68027,-5.24787,-3.81548,-2.38308,-0.95069,0.48171,1.9141,3.34649,4.77889,6.21128,7.64368,9.07607,10.50847,11.94086,13.37326,14.80565,16.23804,17.67044,19.10283,20.53523,21.96762,23.40002,24.83241,26.26481,27.6972,29.1296,30.56199,31.99438,33.42678,34.85917,36.29157,37.72396,39.15636,40.58875,42.02115,43.45354,44.88593,46.31833,47.75072,49.18312,50.61551,52.04791,53.4803,54.9127,56.34509,57.77748,59.20988,60.64227,62.07467,63.50706,64.93946,66.37185,67.80425,69.23664,70.66904,72.10143,73.53382,74.96622,76.39861,77.83101,79.2634,80.6958,82.12819,83.56059,84.99298,86.42537,87.85777,89.29016,90.72256,92.15495,93.58735,95.01974,96.45214,97.88453,99.31693,100.74932,102.18171,103.61411,105.0465,106.4789,107.91129,109.34369,110.77608,112.20848,113.64087,115.07326,116.50566,117.93805,119.37045,120.80284,122.23524,123.66763,125.10003,126.53242,127.96481,129.39721,130.8296,132.262,133.69439,135.12679,136.55918,137.99158,139.42397,140.85637,142.28876,143.72115,145.15355,146.58594,148.01834,149.45073,150.88313,152.31552,153.74792,155.18031,156.6127,158.0451,159.47749,160.90989,162.34228,163.77468,165.20707,166.63947,168.07186,169.50426,170.93665,172.36904,173.80144,175.23383,176.66623,178.09862,179.53102 -0.02103,-0.02211,-0.02357,-0.02518,-0.02623,-0.02655,-0.02653,-0.02624,-0.02536,-0.02403,-0.02286,-0.02228,-0.02233,-0.02301,-0.02428,-0.02608,-0.02779,-0.02803,-0.02558,-0.02125,-0.01772,-0.0166,-0.01715,-0.01723,-0.01567,-0.01311,-0.01107,-0.01035,-0.01096,-0.01252,-0.01419,-0.01466,-0.01322,-0.01053,-0.0081,-0.00709,-0.00781,-0.00954,-0.01109,-0.0114,-0.0102,-0.00819,-0.00634,-0.00562,-0.00705,-0.01013,-0.01202,-0.01112,-0.0098,-0.01091,-0.01453,-0.01838,-0.01954,-0.01609,-0.00897,-0.00214,0.00058,-0.00095,-0.00315,-0.00393,-0.00376,-0.00196,0.00327,0.01018,0.01489,0.01695,0.01791,0.01753,0.01588,0.01583,0.02057,0.0288,0.03462,0.03453,0.0308,0.02686,0.02366,0.01952,0.01475,0.01405,0.02181,0.03512,0.04573,0.04867,0.04409,0.03511,0.02568,0.01981,0.0189,0.02087,0.02281,0.02388,0.02458,0.02441,0.0233,0.02289,0.02501,0.02878,0.03192,0.03341,0.03383,0.03389,0.03361,0.0327,0.03065,0.02704,0.02247,0.01909,0.01932,0.02389,0.03091,0.03734,0.04057,0.03976,0.03626,0.03231,0.02905,0.02598,0.02227,0.01825,0.0149,0.01258,0.01087,0.00952,0.00855,0.0076,0.0062,0.00454,0.00352,0.00347,0.00369,0.00365,0.00376,0.00425,0.00496,0.00564,0.00701,0.01001,0.01435,0.01839,0.02055,0.02075,0.02037,0.02052,0.02057,0.01914,0.01643,0.01495,0.01615,0.01814,0.01833,0.01623,0.01321,0.01094,0.0103,0.01084,0.01117,0.01055,0.01027,0.01186,0.0146,0.01583,0.01328,0.008,0.00357,0.00171,0.00153,0.00178,0.00161,0.00049,-0.0015,-0.00291,-0.0027,-0.00167,-0.00088,-4e-05,0.00105,0.00115,-9e-05,-0.00132,-0.00239,-0.00456,-0.00708,-0.00801,-0.00784,-0.0079,-0.00744,-0.00485,-0.00014,0.00438,0.00578,0.00339,-0.00049,-0.00344,-0.00488,-0.00501,-0.00405,-0.00233,-0.0001,0.00206,0.00345,0.0043,0.00499,0.00482,0.00326,0.00074,-0.00238,-0.00551,-0.00796,-0.01,-0.01182,-0.01247,-0.0116,-0.01043,-0.0095,-0.00756,-0.00351,0.00081,0.00279,0.00107,-0.00289,-0.00563,-0.00516,-0.00303,-0.00173,-0.00224,-0.00417,-0.00711,-0.01076,-0.01383,-0.01508,-0.01484,-0.01445,-0.01488,-0.01576,-0.01605,-0.01556,-0.01565,-0.01782,-0.02211,-0.0269,-0.03054,-0.03232,-0.03228,-0.03091,-0.02873,-0.02606,-0.02303,-0.02041,-0.01928,-0.0197,-0.0207
230.625 -180.0,-178.60254,-177.20508,-175.80763,-174.41017,-173.01271,-171.61525,-170.21779,-168.82034,-167.42288,-166.02542,-164.62796,-163.2305,-161.83305,-160.43559,-159.03813,-157.64067,-156.24321,-154.84576,-153.4483,-152.05084,-150.65338,-149.25592,-147.85847,-146.46101,-145.06355,-143.66609,-142.26863,-140.87117,-139.47372,-138.07626,-136.6788,-135.28134,-133.88388,-132.48643,-131.08897,-129.69151,-128.29405,-126.89659,-125.49914,-124.10168,-122.70422,-121.30676,-119.9093,-118.51185,-117.11439,-115.71693,-114.31947,-112.92201,-111.52456,-110.1271,-108.72964,-107.33218,-105.93472,-104.53727,-103.13981,-101.74235,-100.34489,-98.94743,-97.54998,-96.15252,-94.75506,-93.3576,-91.96014,-90.56269,-89.16523,-87.76777,-86.37031,-84.97285,-83.5754,-82.17794,-80.78048,-79.38302,-77.98556,-76.58811,-75.19065,-73.79319,-72.39573,-70.99827,-69.60082,-68.20336,-66.8059,-65.40844,-64.01098,-62.61352,-61.21607,-59.81861,-58.42115,-57.02369,-55.62623,-54.22878,-52.83132,-51.43386,-50.0364,-48.63894,-47.24149,-45.84403,-44.44657,-43.04911,-41.65165,-40.2542,-38.85674,-37.45928,-36.06182,-34.66436,-33.26691,-31.86945,-30.47199,-29.07453,-27.67707,-26.27962,-24.88216,-23.4847,-22.08724,-20.68978,-19.29233,-17.89487,-16.49741,-15.09995,-13.70249,-12.30504,-10.90758,-9.51012,-8.11266,-6.7152,-5.31775,-3.92029,-2.52283,-1.12537,0.27209,1.66954,3.067,4.46446,5.86192,7.25938,8.65683,10.05429,11.45175,12.84921,14.24667,15.64413,17.04158,18.43904,19.8365,21.23396,22.63142,24.02887,25.42633,26.82379,28.22125,29.61871,31.01616,32.41362,33.81108,35.20854,36.606,38.00345,39.40091,40.79837,42.19583,43.59329,44.99074,46.3882,47.78566,49.18312,50.58058,51.97803,53.37549,54.77295,56.17041,57.56787,58.96532,60.36278,61.76024,63.1577,64.55516,65.95261,67.35007,68.74753,70.14499,71.54245,72.9399,74.33736,75.73482,77.13228,78.52974,79.92719,81.32465,82.72211,84.11957,85.51703,86.91449,88.31194,89.7094,91.10686,92.50432,93.90178,95.29923,96.69669,98.09415,99.49161,100.88907,102.28652,103.68398,105.08144,106.4789,107.87636,109.27381,110.67127,112.06873,113.46619,114.86365,116.2611,117.65856,119.05602,120.45348,121.85094,123.24839,124.64585,126.04331,127.44077,128.83823,130.23568,131.63314,133.0306,134.42806,135.82552,137.22297,138.62043,140.01789,141.41535,142.81281,144.21026,145.60772,147.00518,148.40264,149.8001,151.19755,152.59501,153.99247,155.38993,156.78739,158.18484,159.5823,160.97976,162.37722,163.77468,165.17214,166.56959,167.96705,169.36451,170.76197,172.15943,173.55688,174.95434,176.3518,177.74926,179.14672 -0.01656,-0.01768,-0.01965,-0.02195,-0.02338,-0.02362,-0.02354,-0.02364,-0.02332,-0.02212,-0.0206,-0.01979,-0.02014,-0.02144,-0.02324,-0.02515,-0.02698,-0.02826,-0.02772,-0.02479,-0.02123,-0.01979,-0.02094,-0.02243,-0.02196,-0.01925,-0.01593,-0.01363,-0.01259,-0.01252,-0.01336,-0.01456,-0.01488,-0.01384,-0.01228,-0.01116,-0.01092,-0.01164,-0.01284,-0.01337,-0.01185,-0.00824,-0.0041,-0.00128,-0.00084,-0.00333,-0.00788,-0.01157,-0.01212,-0.01098,-0.01136,-0.01377,-0.01609,-0.01627,-0.01308,-0.00687,-0.0005,0.00224,0.00026,-0.00266,-0.00297,-0.00136,0.00032,0.00294,0.00775,0.01313,0.01673,0.01841,0.01852,0.01688,0.01482,0.01592,0.02226,0.03017,0.03368,0.03216,0.02937,0.02783,0.0261,0.02149,0.0157,0.01497,0.02323,0.03615,0.04519,0.04633,0.04115,0.03332,0.02666,0.02403,0.02559,0.02837,0.02932,0.02795,0.02553,0.02302,0.02067,0.01987,0.02216,0.02681,0.03087,0.03238,0.0321,0.03191,0.03263,0.03374,0.03418,0.03297,0.02976,0.0259,0.02386,0.02543,0.03025,0.03598,0.04028,0.04145,0.0392,0.03521,0.03154,0.02865,0.02553,0.02159,0.0173,0.0133,0.00978,0.00695,0.00522,0.00452,0.00396,0.00256,0.0008,0.00055,0.00276,0.00618,0.00909,0.01083,0.01135,0.01052,0.00898,0.00826,0.00991,0.01389,0.01856,0.02195,0.02316,0.02287,0.02243,0.02217,0.02084,0.01763,0.01404,0.01289,0.01448,0.01641,0.01653,0.01473,0.01206,0.00966,0.00859,0.00889,0.00967,0.01045,0.01187,0.0144,0.0169,0.01688,0.01265,0.00624,0.00192,0.00117,0.00257,0.00422,0.00496,0.00424,0.00225,-7e-05,-0.00121,-0.00099,-0.00072,-0.00122,-0.00205,-0.00359,-0.00615,-0.00811,-0.00862,-0.00927,-0.01093,-0.01202,-0.0114,-0.00984,-0.00777,-0.00464,-0.00017,0.00487,0.00822,0.00761,0.00392,0.00028,-0.00225,-0.00444,-0.00601,-0.0064,-0.00553,-0.00325,-0.00023,0.00192,0.00312,0.00421,0.00494,0.00461,0.003,0.00026,-0.0027,-0.0046,-0.00589,-0.00754,-0.00926,-0.01005,-0.00976,-0.00871,-0.00652,-0.00246,0.00248,0.00581,0.00515,0.00072,-0.0042,-0.00608,-0.00469,-0.00246,-0.00156,-0.00217,-0.00382,-0.00644,-0.00975,-0.01244,-0.01324,-0.01232,-0.01096,-0.01027,-0.01025,-0.01009,-0.00965,-0.00997,-0.01246,-0.01734,-0.02312,-0.02775,-0.0302,-0.03046,-0.02926,-0.02747,-0.02535,-0.02265,-0.01962,-0.01724,-0.01621,-0.01623
236.25 -180.0,-178.63581,-177.27163,-175.90744,-174.54326,-173.17907,-171.81489,-170.4507,-169.08652,-167.72233,-166.35815,-164.99396,-163.62978,-162.26559,-160.90141,-159.53722,-158.17304,-156.80885,-155.44467,-154.08048,-152.7163,-151.35211,-149.98793,-148.62374,-147.25955,-145.89537,-144.53118,-143.167,-141.80281,-140.43863,-139.07444,-137.71026,-136.34607,-134.98189,-133.6177,-132.25352,-130.88933,-129.52515,-128.16096,-126.79678,-125.43259,-124.06841,-122.70422,-121.34004,-119.97585,-118.61166,-117.24748,-115.88329,-114.51911,-113.15492,-111.79074,-110.42655,-109.06237,-107.69818,-106.334,-104.96981,-103.60563,-102.24144,-100.87726,-99.51307,-98.14889,-96.7847,-95.42052,-94.05633,-92.69215,-91.32796,-89.96378,-88.59959,-87.2354,-85.87122,-84.50703,-83.14285,-81.77866,-80.41448,-79.05029,-77.68611,-76.32192,-74.95774,-73.59355,-72.22937,-70.86518,-69.501,-68.13681,-66.77263,-65.40844,-64.04426,-62.68007,-61.31589,-59.9517,-58.58751,-57.22333,-55.85914,-54.49496,-53.13077,-51.76659,-50.4024,-49.03822,-47.67403,-46.30985,-44.94566,-43.58148,-42.21729,-40.85311,-39.48892,-38.12474,-36.76055,-35.39637,-34.03218,-32.668,-31.30381,-29.93963,-28.57544,-27.21125,-25.84707,-24.48288,-23.1187,-21.75451,-20.39033,-19.02614,-17.66196,-16.29777,-14.93359,-13.5694,-12.20522,-10.84103,-9.47685,-8.11266,-6.74848,-5.38429,-4.02011,-2.65592,-1.29174,0.07245,1.43664,2.80082,4.16501,5.52919,6.89338,8.25756,9.62175,10.98593,12.35012,13.7143,15.07849,16.44267,17.80686,19.17104,20.53523,21.89941,23.2636,24.62778,25.99197,27.35615,28.72034,30.08452,31.44871,32.8129,34.17708,35.54127,36.90545,38.26964,39.63382,40.99801,42.36219,43.72638,45.09056,46.45475,47.81893,49.18312,50.5473,51.91149,53.27567,54.63986,56.00404,57.36823,58.73241,60.0966,61.46079,62.82497,64.18916,65.55334,66.91753,68.28171,69.6459,71.01008,72.37427,73.73845,75.10264,76.46682,77.83101,79.19519,80.55938,81.92356,83.28775,84.65193,86.01612,87.3803,88.74449,90.10867,91.47286,92.83705,94.20123,95.56542,96.9296,98.29379,99.65797,101.02216,102.38634,103.75053,105.11471,106.4789,107.84308,109.20727,110.57145,111.93564,113.29982,114.66401,116.02819,117.39238,118.75656,120.12075,121.48494,122.84912,124.21331,125.57749,126.94168,128.30586,129.67005,131.03423,132.39842,133.7626,135.12679,136.49097,137.85516,139.21934,140.58353,141.94771,143.3119,144.67608,146.04027,147.40445,148.76864,150.13282,151.49701,152.8612,154.22538,155.58957,156.95375,158.31794,159.68212,161.04631,162.41049,163.77468,165.13886,166.50305,167.86723,169.23142,170.5956,171.95979,173.32397,174.68816,176.05234,177.41653,178.78071 -0.01237,-0.01312,-0.01533,-0.01821,-0.02008,-0.02033,-0.02026,-0.02096,-0.02174,-0.02115,-0.01913,-0.0173,-0.01726,-0.01927,-0.02222,-0.02467,-0.02612,-0.02688,-0.02698,-0.02575,-0.02344,-0.0222,-0.02353,-0.02621,-0.0276,-0.02609,-0.02228,-0.0185,-0.01607,-0.01477,-0.01422,-0.01452,-0.01514,-0.01491,-0.01381,-0.01322,-0.01369,-0.01471,-0.01585,-0.01695,-0.01692,-0.01389,-0.00732,0.00016,0.00498,0.00535,0.00135,-0.00503,-0.01052,-0.01264,-0.01213,-0.01209,-0.01348,-0.01413,-0.01224,-0.00795,-0.00212,0.00349,0.006,0.00377,-0.00038,-0.00172,0.00045,0.00311,0.00444,0.00585,0.00912,0.01354,0.01702,0.01878,0.01881,0.01723,0.01615,0.01856,0.02445,0.02938,0.02986,0.0278,0.02707,0.02811,0.02744,0.02282,0.01776,0.01841,0.02685,0.03768,0.04367,0.04296,0.03794,0.03201,0.02806,0.02779,0.03055,0.03341,0.03343,0.03042,0.02608,0.02203,0.01917,0.01857,0.02102,0.02593,0.0303,0.03136,0.02973,0.02854,0.02971,0.03277,0.0361,0.03819,0.03798,0.0354,0.03238,0.03116,0.0327,0.03591,0.03914,0.04088,0.04,0.03686,0.03337,0.03097,0.02907,0.02631,0.02228,0.01748,0.01235,0.00733,0.00316,0.00065,-0.0002,-0.00046,-0.00129,-0.00225,-0.0012,0.0032,0.00955,0.01552,0.01959,0.02087,0.01883,0.01453,0.01094,0.01066,0.01373,0.01837,0.02253,0.0248,0.02495,0.02406,0.0233,0.02248,0.02043,0.01681,0.01345,0.01262,0.01437,0.01632,0.01663,0.01516,0.01266,0.01035,0.00938,0.01003,0.01151,0.01325,0.01532,0.01765,0.01915,0.01775,0.01219,0.00511,0.00085,0.00056,0.00247,0.00425,0.00497,0.00476,0.0038,0.0023,0.00088,0.00027,0.00018,-0.00075,-0.0024,-0.00467,-0.00843,-0.0124,-0.01412,-0.01381,-0.01337,-0.01318,-0.0126,-0.01131,-0.00885,-0.00481,3e-05,0.00481,0.00884,0.0107,0.00912,0.00589,0.00343,0.0011,-0.00234,-0.00565,-0.00761,-0.00807,-0.00632,-0.00291,-0.00016,0.00137,0.00259,0.00372,0.00436,0.00377,0.00142,-0.00159,-0.00317,-0.00318,-0.00319,-0.00445,-0.00645,-0.00772,-0.00736,-0.00517,-0.00133,0.0034,0.00748,0.0086,0.00522,-0.00094,-0.00552,-0.00629,-0.00458,-0.00299,-0.00287,-0.00388,-0.00562,-0.00828,-0.01129,-0.01299,-0.01232,-0.00981,-0.00712,-0.00572,-0.0058,-0.00637,-0.00691,-0.00785,-0.01013,-0.0143,-0.01946,-0.0238,-0.02618,-0.02666,-0.02608,-0.0254,-0.02456,-0.02279,-0.01984,-0.01655,-0.01407,-0.01273
241.875 -180.0,-178.66754,-177.33508,-176.00262,-174.67016,-173.3377,-172.00524,-170.67278,-169.34032,-168.00786,-166.6754,-165.34294,-164.01048,-162.67802,-161.34556,-160.0131,-158.68064,-157.34818,-156.01572,-154.68326,-153.3508,-152.01834,-150.68588,-149.35342,-148.02096,-146.6885,-145.35604,-144.02358,-142.69112,-141.35866,-140.0262,-138.69374,-137.36128,-136.02882,-134.69636,-133.3639,-132.03144,-130.69898,-129.36652,-128.03406,-126.7016,-125.36914,-124.03668,-122.70422,-121.37176,-120.0393,-118.70684,-117.37438,-116.04192,-114.70946,-113.377,-112.04454,-110.71208,-109.37962,-108.04716,-106.7147,-105.38224,-104.04978,-102.71732,-101.38486,-100.0524,-98.71994,-97.38748,-96.05502,-94.72256,-93.3901,-92.05764,-90.72518,-89.39272,-88.06026,-86.7278,-85.39534,-84.06288,-82.73042,-81.39796,-80.0655,-78.73304,-77.40058,-76.06812,-74.73566,-73.4032,-72.07074,-70.73828,-69.40582,-68.07336,-66.7409,-65.40844,-64.07598,-62.74352,-61.41106,-60.0786,-58.74614,-57.41368,-56.08122,-54.74876,-53.4163,-52.08384,-50.75138,-49.41892,-48.08646,-46.754,-45.42154,-44.08908,-42.75662,-41.42416,-40.0917,-38.75924,-37.42678,-36.09432,-34.76186,-33.4294,-32.09694,-30.76448,-29.43202,-28.09956,-26.7671,-25.43464,-24.10218,-22.76972,-21.43726,-20.1048,-18.77234,-17.43988,-16.10742,-14.77496,-13.4425,-12.11004,-10.77758,-9.44512,-8.11266,-6.7802,-5.44774,-4.11528,-2.78282,-1.45036,-0.1179,1.21456,2.54702,3.87948,5.21194,6.5444,7.87686,9.20932,10.54178,11.87424,13.2067,14.53916,15.87162,17.20408,18.53654,19.869,21.20146,22.53392,23.86638,25.19884,26.5313,27.86376,29.19622,30.52868,31.86114,33.1936,34.52606,35.85852,37.19098,38.52344,39.8559,41.18836,42.52082,43.85328,45.18574,46.5182,47.85066,49.18312,50.51558,51.84804,53.1805,54.51296,55.84542,57.17788,58.51034,59.8428,61.17526,62.50772,63.84018,65.17264,66.5051,67.83756,69.17002,70.50248,71.83494,73.1674,74.49986,75.83232,77.16478,78.49724,79.8297,81.16216,82.49462,83.82708,85.15954,86.492,87.82446,89.15692,90.48938,91.82184,93.1543,94.48676,95.81922,97.15168,98.48414,99.8166,101.14906,102.48152,103.81398,105.14644,106.4789,107.81136,109.14382,110.47628,111.80874,113.1412,114.47366,115.80612,117.13858,118.47104,119.8035,121.13596,122.46842,123.80088,125.13334,126.4658,127.79826,129.13072,130.46318,131.79564,133.1281,134.46056,135.79302,137.12548,138.45794,139.7904,141.12286,142.45532,143.78778,145.12024,146.4527,147.78516,149.11762,150.45008,151.78254,153.115,154.44746,155.77992,157.11238,158.44484,159.7773,161.10976,162.44222,163.77468,165.10714,166.4396,167.77206,169.10452,170.43698,171.76944,173.1019,174.43436,175.76682,177.09928,178.43174,179.7642 -0.00939,-0.01009,-0.01254,-0.01569,-0.01754,-0.01755,-0.01739,-0.01867,-0.02057,-0.02087,-0.01855,-0.01514,-0.01342,-0.01508,-0.01916,-0.02296,-0.02467,-0.02451,-0.0237,-0.023,-0.02253,-0.02283,-0.02478,-0.02789,-0.03045,-0.03073,-0.02804,-0.02372,-0.01992,-0.01756,-0.01632,-0.01596,-0.01633,-0.01652,-0.01545,-0.0138,-0.01359,-0.01532,-0.0176,-0.01954,-0.02102,-0.02097,-0.01699,-0.00786,0.00317,0.01041,0.01095,0.00588,-0.00201,-0.00888,-0.01247,-0.01297,-0.01289,-0.01358,-0.01317,-0.00943,-0.00315,0.00343,0.00882,0.01123,0.00925,0.00462,0.00162,0.0024,0.00503,0.00633,0.00554,0.00506,0.00732,0.01128,0.01454,0.01673,0.01758,0.01736,0.01797,0.02078,0.02446,0.02573,0.02416,0.02314,0.02488,0.02756,0.02705,0.02308,0.02001,0.02243,0.02977,0.03654,0.039,0.03752,0.03414,0.03052,0.02861,0.02943,0.03224,0.03466,0.03439,0.0311,0.02634,0.0219,0.01917,0.01908,0.02215,0.02733,0.03193,0.03272,0.02973,0.02653,0.0264,0.0297,0.03462,0.03948,0.04287,0.04343,0.04163,0.03907,0.03753,0.03753,0.0382,0.03871,0.03811,0.03583,0.03279,0.03075,0.03014,0.02941,0.02692,0.02248,0.01675,0.0104,0.00387,-0.00198,-0.00613,-0.00799,-0.00803,-0.00732,-0.00611,-0.00314,0.00264,0.01044,0.01833,0.02467,0.02774,0.02609,0.02012,0.01394,0.01157,0.01326,0.01691,0.02074,0.02357,0.02475,0.02439,0.02354,0.02296,0.02237,0.02076,0.01776,0.01461,0.01349,0.01486,0.01673,0.01704,0.01531,0.01279,0.01112,0.01122,0.01287,0.01516,0.01734,0.0191,0.02033,0.02052,0.01826,0.0123,0.0049,0.0002,-0.00056,0.00116,0.00303,0.00383,0.00403,0.00415,0.00417,0.00362,0.00257,0.00147,-3e-05,-0.00194,-0.00386,-0.00709,-0.01206,-0.01598,-0.01674,-0.01521,-0.01298,-0.01113,-0.01012,-0.00898,-0.00562,-0.00037,0.00469,0.00843,0.0109,0.01161,0.00998,0.0081,0.00693,0.00453,-0.00011,-0.00485,-0.00826,-0.01022,-0.00954,-0.00635,-0.0029,-0.00035,0.00133,0.00243,0.00308,0.00265,0.00071,-0.00158,-0.00248,-0.0014,0.00053,0.00104,-0.00105,-0.00408,-0.0055,-0.00417,-0.00076,0.00348,0.00762,0.01026,0.00908,0.00333,-0.00353,-0.00742,-0.00749,-0.00583,-0.00478,-0.00514,-0.00646,-0.00879,-0.01211,-0.01484,-0.01473,-0.01153,-0.007,-0.00353,-0.00264,-0.00413,-0.00659,-0.00891,-0.01076,-0.01262,-0.015,-0.01761,-0.01947,-0.0201,-0.02014,-0.0206,-0.02174,-0.02276,-0.02226,-0.01976,-0.0161,-0.01276,-0.01051,-0.00945
247.5 -180.0,-178.69782,-177.39565,-176.09347,-174.79129,-173.48912,-172.18694,-170.88476,-169.58259,-168.28041,-166.97823,-165.67606,-164.37388,-163.0717,-161.76952,-160.46735,-159.16517,-157.86299,-156.56082,-155.25864,-153.95646,-152.65429,-151.35211,-150.04993,-148.74776,-147.44558,-146.1434,-144.84123,-143.53905,-142.23687,-140.9347,-139.63252,-138.33034,-137.02817,-135.72599,-134.42381,-133.12163,-131.81946,-130.51728,-129.2151,-127.91293,-126.61075,-125.30857,-124.0064,-122.70422,-121.40204,-120.09987,-118.79769,-117.49551,-116.19334,-114.89116,-113.58898,-112.28681,-110.98463,-109.68245,-108.38028,-107.0781,-105.77592,-104.47375,-103.17157,-101.86939,-100.56721,-99.26504,-97.96286,-96.66068,-95.35851,-94.05633,-92.75415,-91.45198,-90.1498,-88.84762,-87.54545,-86.24327,-84.94109,-83.63892,-82.33674,-81.03456,-79.73239,-78.43021,-77.12803,-75.82586,-74.52368,-73.2215,-71.91933,-70.61715,-69.31497,-68.01279,-66.71062,-65.40844,-64.10626,-62.80409,-61.50191,-60.19973,-58.89756,-57.59538,-56.2932,-54.99103,-53.68885,-52.38667,-51.0845,-49.78232,-48.48014,-47.17797,-45.87579,-44.57361,-43.27144,-41.96926,-40.66708,-39.3649,-38.06273,-36.76055,-35.45837,-34.1562,-32.85402,-31.55184,-30.24967,-28.94749,-27.64531,-26.34314,-25.04096,-23.73878,-22.43661,-21.13443,-19.83225,-18.53008,-17.2279,-15.92572,-14.62355,-13.32137,-12.01919,-10.71702,-9.41484,-8.11266,-6.81048,-5.50831,-4.20613,-2.90395,-1.60178,-0.2996,1.00258,2.30475,3.60693,4.90911,6.21128,7.51346,8.81564,10.11781,11.41999,12.72217,14.02434,15.32652,16.6287,17.93087,19.23305,20.53523,21.83741,23.13958,24.44176,25.74394,27.04611,28.34829,29.65047,30.95264,32.25482,33.557,34.85917,36.16135,37.46353,38.7657,40.06788,41.37006,42.67223,43.97441,45.27659,46.57876,47.88094,49.18312,50.48529,51.78747,53.08965,54.39183,55.694,56.99618,58.29836,59.60053,60.90271,62.20489,63.50706,64.80924,66.11142,67.41359,68.71577,70.01795,71.32012,72.6223,73.92448,75.22665,76.52883,77.83101,79.13318,80.43536,81.73754,83.03972,84.34189,85.64407,86.94625,88.24842,89.5506,90.85278,92.15495,93.45713,94.75931,96.06148,97.36366,98.66584,99.96801,101.27019,102.57237,103.87454,105.17672,106.4789,107.78107,109.08325,110.38543,111.6876,112.98978,114.29196,115.59414,116.89631,118.19849,119.50067,120.80284,122.10502,123.4072,124.70937,126.01155,127.31373,128.6159,129.91808,131.22026,132.52243,133.82461,135.12679,136.42896,137.73114,139.03332,140.33549,141.63767,142.93985,144.24202,145.5442,146.84638,148.14856,149.45073,150.75291,152.05509,153.35726,154.65944,155.96162,157.26379,158.56597,159.86815,161.17032,162.4725,163.77468,165.07685,166.37903,167.68121,168.98338,170.28556,171.58774,172.88991,174.19209,175.49427,176.79645,178.09862,179.4008 -0.00773,-0.0091,-0.01221,-0.01543,-0.01661,-0.01582,-0.0155,-0.01725,-0.01976,-0.02033,-0.01748,-0.01241,-0.00841,-0.00853,-0.01291,-0.0184,-0.02161,-0.0217,-0.02015,-0.01882,-0.01899,-0.02096,-0.02424,-0.02775,-0.03053,-0.03169,-0.03079,-0.02774,-0.02366,-0.02006,-0.01773,-0.0168,-0.01724,-0.01838,-0.01873,-0.01714,-0.01489,-0.01465,-0.01684,-0.01956,-0.0217,-0.02338,-0.02354,-0.01951,-0.00967,0.00255,0.0107,0.01159,0.0068,-0.00028,-0.0065,-0.0104,-0.01201,-0.01261,-0.01322,-0.01261,-0.00837,-0.00071,0.00709,0.01292,0.01564,0.01457,0.01085,0.00723,0.00598,0.00661,0.00698,0.00525,0.00214,0.00099,0.00306,0.00588,0.00826,0.01089,0.013,0.01457,0.01699,0.01993,0.02159,0.02044,0.01871,0.0196,0.02297,0.02553,0.0245,0.02137,0.02019,0.02303,0.02745,0.02992,0.03005,0.02928,0.02805,0.02632,0.02548,0.02651,0.02895,0.03118,0.03151,0.02954,0.02607,0.02222,0.01949,0.0196,0.02305,0.02874,0.03421,0.03623,0.03342,0.02836,0.02514,0.02563,0.02901,0.03388,0.03906,0.04319,0.04493,0.0439,0.04146,0.03934,0.03777,0.03622,0.03424,0.03156,0.02856,0.02631,0.02591,0.02678,0.02688,0.02443,0.01949,0.01335,0.0067,-0.00045,-0.00784,-0.01428,-0.01823,-0.01895,-0.01672,-0.01229,-0.00639,0.00065,0.00846,0.01639,0.02346,0.02809,0.02812,0.02296,0.01589,0.01225,0.01284,0.01513,0.01727,0.0191,0.02069,0.02178,0.02231,0.02266,0.023,0.02305,0.02213,0.01948,0.01581,0.01355,0.01424,0.01593,0.01584,0.01352,0.01118,0.01078,0.01254,0.01559,0.01891,0.0215,0.02269,0.02238,0.02091,0.01791,0.01218,0.00474,-0.00095,-0.00312,-0.00168,0.00151,0.0039,0.00509,0.00585,0.00672,0.0071,0.00635,0.00413,0.00102,-0.00192,-0.00368,-0.00512,-0.00831,-0.01304,-0.01624,-0.01608,-0.01336,-0.00983,-0.00766,-0.00746,-0.00636,-0.00225,0.0034,0.0079,0.01032,0.0114,0.01111,0.0098,0.00952,0.00954,0.0071,0.00175,-0.004,-0.00873,-0.01216,-0.01271,-0.01017,-0.00617,-0.00215,0.00043,0.00123,0.00117,0.00029,-0.00087,-0.00131,-0.00092,0.00075,0.00381,0.00635,0.00557,0.00147,-0.00228,-0.00276,-0.00029,0.00328,0.00697,0.01017,0.01089,0.007,-0.00059,-0.0075,-0.0104,-0.00951,-0.0075,-0.00654,-0.00699,-0.00877,-0.0122,-0.01605,-0.01712,-0.01411,-0.0086,-0.00347,-0.00085,-0.00174,-0.00526,-0.00985,-0.0138,-0.01626,-0.01734,-0.01745,-0.01659,-0.01459,-0.01223,-0.01112,-0.01228,-0.01519,-0.01805,-0.01911,-0.01759,-0.01447,-0.01129,-0.00893,-0.00774
253.125 -180.0,-178.72676,-177.45352,-176.18028,-174.90704,-173.6338,-172.36056,-171.08732,-169.81408,-168.54084,-167.2676,-165.99437,-164.72113,-163.44789,-162.17465,-160.90141,-159.62817,-158.35493,-157.08169,-155.80845,-154.53521,-153.26197,-151.98873,-150.71549,-149.44225,-148.16901,-146.89577,-145.62253,-144.34929,-143.07605,-141.80281,-140.52957,-139.25633,-137.9831,-136.70986,-135.43662,-134.16338,-132.89014,-131.6169,-130.34366,-129.07042,-127.79718,-126.52394,-125.2507,-123.97746,-122.70422,-121.43098,-120.15774,-118.8845,-117.61126,-116.33802,-115.06478,-113.79154,-112.5183,-111.24506,-109.97183,-108.69859,-107.42535,-106.15211,-104.87887,-103.60563,-102.33239,-101.05915,-99.78591,-98.51267,-97.23943,-95.96619,-94.69295,-93.41971,-92.14647,-90.87323,-89.59999,-88.32675,-87.05351,-85.78027,-84.50703,-83.23379,-81.96056,-80.68732,-79.41408,-78.14084,-76.8676,-75.59436,-74.32112,-73.04788,-71.77464,-70.5014,-69.22816,-67.95492,-66.68168,-65.40844,-64.1352,-62.86196,-61.58872,-60.31548,-59.04224,-57.769,-56.49576,-55.22252,-53.94929,-52.67605,-51.40281,-50.12957,-48.85633,-47.58309,-46.30985,-45.03661,-43.76337,-42.49013,-41.21689,-39.94365,-38.67041,-37.39717,-36.12393,-34.85069,-33.57745,-32.30421,-31.03097,-29.75773,-28.48449,-27.21125,-25.93802,-24.66478,-23.39154,-22.1183,-20.84506,-19.57182,-18.29858,-17.02534,-15.7521,-14.47886,-13.20562,-11.93238,-10.65914,-9.3859,-8.11266,-6.83942,-5.56618,-4.29294,-3.0197,-1.74646,-0.47322,0.80002,2.07325,3.34649,4.61973,5.89297,7.16621,8.43945,9.71269,10.98593,12.25917,13.53241,14.80565,16.07889,17.35213,18.62537,19.89861,21.17185,22.44509,23.71833,24.99157,26.26481,27.53805,28.81129,30.08452,31.35776,32.631,33.90424,35.17748,36.45072,37.72396,38.9972,40.27044,41.54368,42.81692,44.09016,45.3634,46.63664,47.90988,49.18312,50.45636,51.7296,53.00284,54.27608,55.54932,56.82256,58.09579,59.36903,60.64227,61.91551,63.18875,64.46199,65.73523,67.00847,68.28171,69.55495,70.82819,72.10143,73.37467,74.64791,75.92115,77.19439,78.46763,79.74087,81.01411,82.28735,83.56059,84.83383,86.10706,87.3803,88.65354,89.92678,91.20002,92.47326,93.7465,95.01974,96.29298,97.56622,98.83946,100.1127,101.38594,102.65918,103.93242,105.20566,106.4789,107.75214,109.02538,110.29862,111.57186,112.8451,114.11833,115.39157,116.66481,117.93805,119.21129,120.48453,121.75777,123.03101,124.30425,125.57749,126.85073,128.12397,129.39721,130.67045,131.94369,133.21693,134.49017,135.76341,137.03665,138.30989,139.58313,140.85637,142.1296,143.40284,144.67608,145.94932,147.22256,148.4958,149.76904,151.04228,152.31552,153.58876,154.862,156.13524,157.40848,158.68172,159.95496,161.2282,162.50144,163.77468,165.04792,166.32116,167.5944,168.86764,170.14087,171.41411,172.68735,173.96059,175.23383,176.50707,177.78031,179.05355 -0.00511,-0.00766,-0.01204,-0.01541,-0.01554,-0.01373,-0.01335,-0.01533,-0.01761,-0.01713,-0.01279,-0.00618,-0.00071,0.00028,-0.00424,-0.01156,-0.01741,-0.01969,-0.0191,-0.01758,-0.0172,-0.01902,-0.02242,-0.02579,-0.02802,-0.02899,-0.02893,-0.02798,-0.02591,-0.02277,-0.01953,-0.01735,-0.01686,-0.01803,-0.02,-0.02105,-0.01987,-0.01787,-0.01779,-0.01959,-0.02111,-0.0215,-0.02166,-0.02109,-0.01754,-0.00986,-0.00091,0.00455,0.00493,0.00222,-0.00099,-0.00347,-0.00589,-0.00852,-0.01088,-0.01249,-0.01224,-0.00845,-0.00073,0.00764,0.0136,0.01674,0.01695,0.01558,0.01341,0.01109,0.00904,0.0069,0.0038,-0.00061,-0.00398,-0.00399,-0.0024,-0.00164,-0.0004,0.00194,0.00409,0.00669,0.01075,0.01484,0.01628,0.01476,0.01393,0.01612,0.01968,0.02152,0.02004,0.01714,0.0158,0.01688,0.01825,0.01843,0.01852,0.01929,0.01927,0.01781,0.01676,0.01747,0.01936,0.02135,0.02276,0.0233,0.0227,0.02067,0.01818,0.01762,0.02053,0.02622,0.03262,0.03669,0.03609,0.0315,0.02612,0.02278,0.022,0.02337,0.02664,0.03161,0.03667,0.03961,0.03957,0.03803,0.03635,0.03434,0.03103,0.02653,0.02196,0.01848,0.01698,0.01765,0.01938,0.02006,0.01791,0.01307,0.00759,0.00233,-0.00383,-0.01161,-0.01969,-0.02546,-0.02762,-0.02604,-0.02028,-0.01115,-0.00164,0.00636,0.01291,0.01841,0.02256,0.02364,0.02023,0.01482,0.01185,0.01238,0.0142,0.01486,0.01439,0.01434,0.01538,0.01732,0.01986,0.02221,0.02346,0.02378,0.02289,0.02003,0.01548,0.01217,0.01231,0.01369,0.01293,0.01,0.00824,0.00956,0.01325,0.01765,0.02186,0.02498,0.02607,0.02475,0.02172,0.01766,0.01194,0.00463,-0.00222,-0.00638,-0.00562,-0.0007,0.00461,0.00829,0.01013,0.01115,0.01165,0.01136,0.00907,0.00421,-0.00129,-0.00464,-0.00508,-0.00481,-0.00701,-0.01143,-0.01452,-0.01374,-0.00992,-0.00608,-0.00523,-0.00625,-0.00506,-0.00028,0.00586,0.01014,0.01156,0.01102,0.00923,0.00865,0.0103,0.01139,0.00898,0.00351,-0.00282,-0.00895,-0.01373,-0.01539,-0.01353,-0.00926,-0.00422,-0.00088,-0.00054,-0.00152,-0.00265,-0.0025,-0.00033,0.0019,0.00398,0.00751,0.01168,0.01298,0.00884,0.00267,-0.00015,0.00106,0.00386,0.00666,0.00915,0.01033,0.00821,0.0018,-0.00644,-0.0122,-0.01282,-0.01026,-0.00785,-0.00703,-0.00779,-0.01043,-0.01442,-0.01654,-0.01436,-0.00929,-0.00436,-0.00126,-0.00096,-0.00353,-0.00838,-0.01395,-0.01829,-0.02023,-0.02008,-0.01832,-0.01482,-0.00984,-0.00489,-0.00201,-0.00223,-0.0051,-0.00873,-0.01116,-0.01141,-0.01003,-0.00799,-0.00604,-0.00487
258.75 -180.0,-178.75444,-177.50888,-176.26332,-175.01776,-173.7722,-172.52664,-171.28108,-170.03552,-168.78996,-167.5444,-166.29884,-165.05327,-163.80771,-162.56215,-161.31659,-160.07103,-158.82547,-157.57991,-156.33435,-155.08879,-153.84323,-152.59767,-151.35211,-150.10655,-148.86099,-147.61543,-146.36987,-145.12431,-143.87875,-142.63319,-141.38763,-140.14207,-138.89651,-137.65095,-136.40539,-135.15982,-133.91426,-132.6687,-131.42314,-130.17758,-128.93202,-127.68646,-126.4409,-125.19534,-123.94978,-122.70422,-121.45866,-120.2131,-118.96754,-117.72198,-116.47642,-115.23086,-113.9853,-112.73974,-111.49418,-110.24862,-109.00306,-107.7575,-106.51193,-105.26637,-104.02081,-102.77525,-101.52969,-100.28413,-99.03857,-97.79301,-96.54745,-95.30189,-94.05633,-92.81077,-91.56521,-90.31965,-89.07409,-87.82853,-86.58297,-85.33741,-84.09185,-82.84629,-81.60073,-80.35517,-79.10961,-77.86405,-76.61848,-75.37292,-74.12736,-72.8818,-71.63624,-70.39068,-69.14512,-67.89956,-66.654,-65.40844,-64.16288,-62.91732,-61.67176,-60.4262,-59.18064,-57.93508,-56.68952,-55.44396,-54.1984,-52.95284,-51.70728,-50.46172,-49.21616,-47.9706,-46.72503,-45.47947,-44.23391,-42.98835,-41.74279,-40.49723,-39.25167,-38.00611,-36.76055,-35.51499,-34.26943,-33.02387,-31.77831,-30.53275,-29.28719,-28.04163,-26.79607,-25.55051,-24.30495,-23.05939,-21.81383,-20.56827,-19.32271,-18.07714,-16.83158,-15.58602,-14.34046,-13.0949,-11.84934,-10.60378,-9.35822,-8.11266,-6.8671,-5.62154,-4.37598,-3.13042,-1.88486,-0.6393,0.60626,1.85182,3.09738,4.34294,5.5885,6.83406,8.07962,9.32518,10.57074,11.81631,13.06187,14.30743,15.55299,16.79855,18.04411,19.28967,20.53523,21.78079,23.02635,24.27191,25.51747,26.76303,28.00859,29.25415,30.49971,31.74527,32.99083,34.23639,35.48195,36.72751,37.97307,39.21863,40.4642,41.70976,42.95532,44.20088,45.44644,46.692,47.93756,49.18312,50.42868,51.67424,52.9198,54.16536,55.41092,56.65648,57.90204,59.1476,60.39316,61.63872,62.88428,64.12984,65.3754,66.62096,67.86652,69.11208,70.35765,71.60321,72.84877,74.09433,75.33989,76.58545,77.83101,79.07657,80.32213,81.56769,82.81325,84.05881,85.30437,86.54993,87.79549,89.04105,90.28661,91.53217,92.77773,94.02329,95.26885,96.51441,97.75997,99.00554,100.2511,101.49666,102.74222,103.98778,105.23334,106.4789,107.72446,108.97002,110.21558,111.46114,112.7067,113.95226,115.19782,116.44338,117.68894,118.9345,120.18006,121.42562,122.67118,123.91674,125.1623,126.40786,127.65342,128.89899,130.14455,131.39011,132.63567,133.88123,135.12679,136.37235,137.61791,138.86347,140.10903,141.35459,142.60015,143.84571,145.09127,146.33683,147.58239,148.82795,150.07351,151.31907,152.56463,153.81019,155.05575,156.30131,157.54687,158.79244,160.038,161.28356,162.52912,163.77468,165.02024,166.2658,167.51136,168.75692,170.00248,171.24804,172.4936,173.73916,174.98472,176.23028,177.47584,178.7214,179.96696 0.00177,-0.00169,-0.00789,-0.01198,-0.01147,-0.00923,-0.00905,-0.01087,-0.0116,-0.00862,-0.00186,0.00604,0.01139,0.01119,0.00477,-0.00517,-0.01424,-0.01976,-0.02142,-0.0204,-0.01892,-0.01894,-0.02065,-0.02275,-0.02401,-0.02424,-0.02403,-0.02422,-0.02478,-0.0245,-0.02257,-0.01996,-0.01802,-0.01733,-0.01789,-0.01915,-0.02019,-0.02018,-0.01992,-0.02063,-0.02136,-0.02027,-0.01761,-0.01504,-0.0128,-0.00954,-0.00503,-0.00171,-0.00157,-0.00322,-0.00375,-0.00174,0.00074,9e-05,-0.00422,-0.00943,-0.01294,-0.01319,-0.00938,-0.00208,0.00579,0.0112,0.01426,0.01593,0.01777,0.019,0.01722,0.01268,0.00709,0.00193,-0.00282,-0.00665,-0.00791,-0.00714,-0.007,-0.00756,-0.00719,-0.00687,-0.00737,-0.00599,-0.00093,0.00534,0.00892,0.00892,0.00854,0.01037,0.01412,0.01654,0.01522,0.01136,0.0078,0.00607,0.00556,0.00584,0.00765,0.01012,0.01027,0.00766,0.00519,0.00458,0.00506,0.00594,0.00757,0.01007,0.01261,0.01377,0.01323,0.0129,0.01488,0.01931,0.02496,0.02982,0.03145,0.02911,0.02446,0.02016,0.01728,0.01552,0.01501,0.01683,0.02124,0.02665,0.03056,0.03222,0.03272,0.03259,0.0308,0.02599,0.0189,0.01197,0.00738,0.00598,0.00723,0.00962,0.01105,0.00961,0.00535,0.00108,-0.00177,-0.00533,-0.0114,-0.01906,-0.02508,-0.02759,-0.02719,-0.02349,-0.01416,-0.0014,0.00869,0.01423,0.01661,0.01709,0.01569,0.01162,0.0079,0.00808,0.00984,0.01232,0.01335,0.01159,0.00905,0.00837,0.01038,0.01433,0.01854,0.02171,0.02308,0.02288,0.02165,0.01866,0.01407,0.01064,0.01049,0.01136,0.00969,0.00603,0.00495,0.00854,0.01432,0.0196,0.02389,0.02725,0.02875,0.02772,0.02429,0.01915,0.01273,0.00531,-0.00239,-0.00873,-0.00958,-0.00428,0.00342,0.01056,0.01534,0.01757,0.01792,0.01744,0.01585,0.01103,0.00282,-0.00458,-0.00689,-0.00435,-0.0021,-0.00408,-0.0095,-0.01287,-0.01102,-0.00607,-0.00301,-0.00444,-0.00674,-0.00515,0.00095,0.00823,0.01279,0.01324,0.00991,0.0065,0.0074,0.01092,0.01287,0.01049,0.00526,-0.00143,-0.00901,-0.01509,-0.01752,-0.01609,-0.01172,-0.00618,-0.0026,-0.00291,-0.00482,-0.00583,-0.00403,0.00098,0.00545,0.00835,0.01241,0.0179,0.02124,0.01764,0.00923,0.00367,0.00349,0.00567,0.00755,0.00839,0.00818,0.00641,0.0018,-0.0057,-0.01293,-0.01492,-0.01206,-0.00843,-0.00653,-0.00654,-0.0083,-0.01143,-0.01343,-0.01185,-0.00795,-0.00475,-0.00367,-0.00375,-0.00485,-0.00737,-0.01137,-0.01597,-0.01893,-0.01967,-0.01887,-0.01663,-0.01233,-0.00599,0.0009,0.00627,0.00872,0.00797,0.00504,0.00182,-0.00054,-0.00139,-0.00088,0.00045,0.00186,0.00181
264.375 -180.0,-178.78094,-177.56188,-176.34282,-175.12376,-173.9047,-172.68565,-171.46659,-170.24753,-169.02847,-167.80941,-166.59035,-165.37129,-164.15223,-162.93317,-161.71411,-160.49505,-159.27599,-158.05694,-156.83788,-155.61882,-154.39976,-153.1807,-151.96164,-150.74258,-149.52352,-148.30446,-147.0854,-145.86634,-144.64728,-143.42823,-142.20917,-140.99011,-139.77105,-138.55199,-137.33293,-136.11387,-134.89481,-133.67575,-132.45669,-131.23763,-130.01858,-128.79952,-127.58046,-126.3614,-125.14234,-123.92328,-122.70422,-121.48516,-120.2661,-119.04704,-117.82798,-116.60892,-115.38987,-114.17081,-112.95175,-111.73269,-110.51363,-109.29457,-108.07551,-106.85645,-105.63739,-104.41833,-103.19927,-101.98022,-100.76116,-99.5421,-98.32304,-97.10398,-95.88492,-94.66586,-93.4468,-92.22774,-91.00868,-89.78962,-88.57056,-87.35151,-86.13245,-84.91339,-83.69433,-82.47527,-81.25621,-80.03715,-78.81809,-77.59903,-76.37997,-75.16091,-73.94185,-72.7228,-71.50374,-70.28468,-69.06562,-67.84656,-66.6275,-65.40844,-64.18938,-62.97032,-61.75126,-60.5322,-59.31315,-58.09409,-56.87503,-55.65597,-54.43691,-53.21785,-51.99879,-50.77973,-49.56067,-48.34161,-47.12255,-45.90349,-44.68444,-43.46538,-42.24632,-41.02726,-39.8082,-38.58914,-37.37008,-36.15102,-34.93196,-33.7129,-32.49384,-31.27479,-30.05573,-28.83667,-27.61761,-26.39855,-25.17949,-23.96043,-22.74137,-21.52231,-20.30325,-19.08419,-17.86513,-16.64608,-15.42702,-14.20796,-12.9889,-11.76984,-10.55078,-9.33172,-8.11266,-6.8936,-5.67454,-4.45548,-3.23642,-2.01737,-0.79831,0.42075,1.63981,2.85887,4.07793,5.29699,6.51605,7.73511,8.95417,10.17323,11.39228,12.61134,13.8304,15.04946,16.26852,17.48758,18.70664,19.9257,21.14476,22.36382,23.58288,24.80194,26.02099,27.24005,28.45911,29.67817,30.89723,32.11629,33.33535,34.55441,35.77347,36.99253,38.21159,39.43064,40.6497,41.86876,43.08782,44.30688,45.52594,46.745,47.96406,49.18312,50.40218,51.62124,52.8403,54.05935,55.27841,56.49747,57.71653,58.93559,60.15465,61.37371,62.59277,63.81183,65.03089,66.24995,67.46901,68.68806,69.90712,71.12618,72.34524,73.5643,74.78336,76.00242,77.22148,78.44054,79.6596,80.87866,82.09771,83.31677,84.53583,85.75489,86.97395,88.19301,89.41207,90.63113,91.85019,93.06925,94.28831,95.50737,96.72642,97.94548,99.16454,100.3836,101.60266,102.82172,104.04078,105.25984,106.4789,107.69796,108.91702,110.13607,111.35513,112.57419,113.79325,115.01231,116.23137,117.45043,118.66949,119.88855,121.10761,122.32667,123.54573,124.76478,125.98384,127.2029,128.42196,129.64102,130.86008,132.07914,133.2982,134.51726,135.73632,136.95538,138.17444,139.39349,140.61255,141.83161,143.05067,144.26973,145.48879,146.70785,147.92691,149.14597,150.36503,151.58409,152.80314,154.0222,155.24126,156.46032,157.67938,158.89844,160.1175,161.33656,162.55562,163.77468,164.99374,166.2128,167.43185,168.65091,169.86997,171.08903,172.30809,173.52715,174.74621,175.96527,177.18433,178.40339,179.62245 0.01043,0.00643,-0.00135,-0.00601,-0.00467,-0.00248,-0.00294,-0.00446,-0.00307,0.003,0.01197,0.02036,0.02431,0.02096,0.01111,-0.00166,-0.01332,-0.02089,-0.02347,-0.02204,-0.01884,-0.0168,-0.01708,-0.01845,-0.01939,-0.01937,-0.01917,-0.0199,-0.02188,-0.02378,-0.0237,-0.02148,-0.01876,-0.01661,-0.01515,-0.01417,-0.01379,-0.01436,-0.01573,-0.01728,-0.018,-0.01683,-0.01382,-0.0104,-0.00758,-0.00481,-0.00129,0.00201,0.00232,-0.00077,-0.0041,-0.00382,0.00139,0.00699,0.00668,0.00028,-0.00729,-0.0118,-0.01194,-0.00823,-0.00241,0.00321,0.00728,0.01021,0.0134,0.01826,0.02311,0.0234,0.01765,0.00885,0.00132,-0.00301,-0.00526,-0.00652,-0.00712,-0.0074,-0.00775,-0.00797,-0.00858,-0.01138,-0.01555,-0.01671,-0.01288,-0.00557,0.00111,0.00408,0.00401,0.00499,0.00892,0.01216,0.01097,0.00639,0.00095,-0.00347,-0.0061,-0.0063,-0.00362,0.00026,0.00182,-4e-05,-0.00292,-0.00529,-0.00754,-0.00944,-0.00963,-0.00739,-0.0035,0.00047,0.00316,0.00497,0.00756,0.01127,0.01518,0.01846,0.02022,0.0196,0.0172,0.01458,0.0129,0.01185,0.01071,0.00982,0.01053,0.01382,0.01875,0.02355,0.02724,0.02971,0.0307,0.02878,0.02265,0.01329,0.00384,-0.00246,-0.00434,-0.00302,-0.00053,0.00128,0.00069,-0.00278,-0.00584,-0.00633,-0.00702,-0.0101,-0.01558,-0.02081,-0.02289,-0.02135,-0.01673,-0.00774,0.00686,0.0208,0.02839,0.02911,0.02463,0.01572,0.00025,-0.00489,-0.00113,0.00398,0.00787,0.00963,0.00916,0.00505,0.00202,0.00378,0.00899,0.0152,0.02009,0.02207,0.02175,0.02022,0.01862,0.01644,0.01357,0.01121,0.01081,0.01085,0.00802,0.00293,0.00186,0.00773,0.01629,0.02228,0.02541,0.02782,0.02973,0.02992,0.02802,0.02309,0.0155,0.0072,-0.0011,-0.00932,-0.01266,-0.00864,-0.00074,0.00874,0.01743,0.02323,0.02555,0.02498,0.02358,0.02048,0.01252,0.00076,-0.00766,-0.00705,-0.00195,0.00143,-0.00193,-0.00926,-0.01216,-0.0081,-0.00221,-0.0009,-0.00485,-0.00803,-0.00519,0.00281,0.01153,0.0167,0.01549,0.00778,0.0037,0.00641,0.01162,0.01415,0.01167,0.00672,-0.00038,-0.00945,-0.01646,-0.01923,-0.018,-0.01346,-0.00762,-0.004,-0.00521,-0.00803,-0.00864,-0.00505,0.00253,0.00938,0.0137,0.01881,0.02567,0.03052,0.02734,0.01654,0.00824,0.00652,0.00816,0.00945,0.00845,0.00572,0.0028,-0.0008,-0.00671,-0.0137,-0.01607,-0.01277,-0.00809,-0.00537,-0.0052,-0.00699,-0.00977,-0.01132,-0.00989,-0.00664,-0.00474,-0.00658,-0.0097,-0.01099,-0.01023,-0.0095,-0.01031,-0.01237,-0.01407,-0.01481,-0.01482,-0.01309,-0.00831,-0.00065,0.00824,0.01605,0.02108,0.0226,0.021,0.01767,0.01416,0.01158,0.01026,0.01014,0.0108,0.01088
270.0 -180.0,-178.80634,-177.61268,-176.41901,-175.22535,-174.03169,-172.83803,-171.64437,-170.4507,-169.25704,-168.06338,-166.86972,-165.67606,-164.48239,-163.28873,-162.09507,-160.90141,-159.70774,-158.51408,-157.32042,-156.12676,-154.9331,-153.73943,-152.54577,-151.35211,-150.15845,-148.96479,-147.77112,-146.57746,-145.3838,-144.19014,-142.99648,-141.80281,-140.60915,-139.41549,-138.22183,-137.02817,-135.8345,-134.64084,-133.44718,-132.25352,-131.05985,-129.86619,-128.67253,-127.47887,-126.28521,-125.09154,-123.89788,-122.70422,-121.51056,-120.3169,-119.12323,-117.92957,-116.73591,-115.54225,-114.34859,-113.15492,-111.96126,-110.7676,-109.57394,-108.38028,-107.18661,-105.99295,-104.79929,-103.60563,-102.41197,-101.2183,-100.02464,-98.83098,-97.63732,-96.44365,-95.24999,-94.05633,-92.86267,-91.66901,-90.47534,-89.28168,-88.08802,-86.89436,-85.7007,-84.50703,-83.31337,-82.11971,-80.92605,-79.73239,-78.53872,-77.34506,-76.1514,-74.95774,-73.76408,-72.57041,-71.37675,-70.18309,-68.98943,-67.79577,-66.6021,-65.40844,-64.21478,-63.02112,-61.82745,-60.63379,-59.44013,-58.24647,-57.05281,-55.85914,-54.66548,-53.47182,-52.27816,-51.0845,-49.89083,-48.69717,-47.50351,-46.30985,-45.11619,-43.92252,-42.72886,-41.5352,-40.34154,-39.14788,-37.95421,-36.76055,-35.56689,-34.37323,-33.17956,-31.9859,-30.79224,-29.59858,-28.40492,-27.21125,-26.01759,-24.82393,-23.63027,-22.43661,-21.24294,-20.04928,-18.85562,-17.66196,-16.4683,-15.27463,-14.08097,-12.88731,-11.69365,-10.49999,-9.30632,-8.11266,-6.919,-5.72534,-4.53168,-3.33801,-2.14435,-0.95069,0.24297,1.43664,2.6303,3.82396,5.01762,6.21128,7.40495,8.59861,9.79227,10.98593,12.17959,13.37326,14.56692,15.76058,16.95424,18.1479,19.34157,20.53523,21.72889,22.92255,24.11621,25.30988,26.50354,27.6972,28.89086,30.08452,31.27819,32.47185,33.66551,34.85917,36.05284,37.2465,38.44016,39.63382,40.82748,42.02115,43.21481,44.40847,45.60213,46.79579,47.98946,49.18312,50.37678,51.57044,52.7641,53.95777,55.15143,56.34509,57.53875,58.73241,59.92608,61.11974,62.3134,63.50706,64.70073,65.89439,67.08805,68.28171,69.47537,70.66904,71.8627,73.05636,74.25002,75.44368,76.63735,77.83101,79.02467,80.21833,81.41199,82.60566,83.79932,84.99298,86.18664,87.3803,88.57397,89.76763,90.96129,92.15495,93.34861,94.54228,95.73594,96.9296,98.12326,99.31693,100.51059,101.70425,102.89791,104.09157,105.28524,106.4789,107.67256,108.86622,110.05988,111.25355,112.44721,113.64087,114.83453,116.02819,117.22186,118.41552,119.60918,120.80284,121.9965,123.19017,124.38383,125.57749,126.77115,127.96481,129.15848,130.35214,131.5458,132.73946,133.93313,135.12679,136.32045,137.51411,138.70777,139.90144,141.0951,142.28876,143.48242,144.67608,145.86975,147.06341,148.25707,149.45073,150.64439,151.83806,153.03172,154.22538,155.41904,156.6127,157.80637,159.00003,160.19369,161.38735,162.58102,163.77468,164.96834,166.162,167.35566,168.54933,169.74299,170.93665,172.13031,173.32397,174.51764,175.7113,176.90496,178.09862,179.29228 0.01294,0.00727,4e-05,-0.00154,0.00191,0.00381,0.00179,-0.0002,0.00367,0.01315,0.02255,0.02964,0.03188,0.0269,0.01621,0.00261,-0.00979,-0.0166,-0.01785,-0.0149,-0.01027,-0.00778,-0.00885,-0.01175,-0.01402,-0.0149,-0.01543,-0.01688,-0.01925,-0.02103,-0.02046,-0.01755,-0.01419,-0.01162,-0.00966,-0.0078,-0.00626,-0.00607,-0.00781,-0.01021,-0.01088,-0.00884,-0.00561,-0.00364,-0.00337,-0.00317,-0.00125,0.00274,0.00672,0.00774,0.00536,0.00224,0.00259,0.00825,0.01427,0.0137,0.00681,-0.00055,-0.00365,-0.00236,0.00043,0.0021,0.0024,0.00296,0.00515,0.00939,0.01538,0.0215,0.02425,0.02038,0.01123,0.00223,-0.00187,-0.0015,-0.00077,-0.00223,-0.00414,-0.00395,-0.00274,-0.00243,-0.00398,-0.0078,-0.01234,-0.01519,-0.01459,-0.00959,-0.00096,0.00514,0.00615,0.00558,0.00642,0.00713,0.00543,0.00164,-0.00337,-0.00898,-0.01403,-0.01668,-0.01588,-0.01263,-0.00934,-0.00732,-0.00675,-0.0082,-0.01221,-0.01761,-0.0218,-0.02284,-0.02057,-0.0164,-0.01194,-0.00807,-0.0042,0.00043,0.00483,0.00745,0.00806,0.00732,0.00622,0.00565,0.00596,0.00693,0.0078,0.00771,0.00696,0.00686,0.0088,0.01313,0.01882,0.02415,0.0276,0.02824,0.0254,0.01877,0.00903,-0.00109,-0.008,-0.01029,-0.00943,-0.00813,-0.00845,-0.0111,-0.01471,-0.01528,-0.0128,-0.01179,-0.01376,-0.01847,-0.02382,-0.02576,-0.0207,-0.00835,-0.53963,-0.88882,-0.88791,-0.88662,0.06142,0.06061,-0.74432,-0.87767,-0.46743,-0.02442,-0.01942,-0.00998,0.00414,0.00209,0.00058,-0.00577,-0.00575,0.00101,0.01001,0.01877,0.02446,-0.01216,-0.52203,-0.78518,-0.78197,0.01507,0.01507,0.01501,0.01516,0.01456,0.0101,0.00194,-0.00122,0.00588,0.01846,0.0264,0.02749,0.02694,0.02807,0.02936,0.03035,0.02826,0.02063,0.01051,0.00137,-0.00804,-0.0144,-0.01273,-0.00635,0.00273,0.01387,0.02397,0.0308,0.03302,0.0319,0.03021,0.02559,0.01382,-0.0016,-0.00964,-0.00654,0.00063,0.0043,-0.00224,-0.01091,-0.01157,-0.00468,0.00142,0.00023,-0.00593,-0.0089,-0.00411,0.00575,0.01577,0.02135,0.01672,0.00456,0.00129,0.00568,0.01241,0.01518,0.01236,0.00758,-0.00032,-0.01064,-0.01784,-0.0206,-0.01941,-0.01444,-0.00803,-0.00442,-0.00671,-0.01044,-0.01043,-0.00502,0.00466,0.01356,0.01967,0.02646,0.03478,0.04059,0.03683,0.02376,0.01265,0.00906,0.01001,0.01118,0.00908,0.00364,-0.00125,-0.00489,-0.00962,-0.01554,-0.0173,-0.01318,-0.00745,-0.00403,-0.00407,-0.00675,-0.01022,-0.01188,-0.01069,-0.00774,-0.00555,-0.00876,-0.01706,-0.02096,-0.01754,-0.01016,-0.00312,2e-05,-0.00215,-0.00543,-0.00832,-0.00941,-0.00643,0.00066,0.0103,0.02052,0.02928,0.03524,0.03784,0.03739,0.03472,0.03047,0.02512,0.02074,0.0177,0.01622,0.0148
275.625 -180.0,-178.8307,-177.6614,-176.4921,-175.32279,-174.15349,-172.98419,-171.81489,-170.64559,-169.47629,-168.30698,-167.13768,-165.96838,-164.79908,-163.62978,-162.46048,-161.29117,-160.12187,-158.95257,-157.78327,-156.61397,-155.44467,-154.27536,-153.10606,-151.93676,-150.76746,-149.59816,-148.42886,-147.25955,-146.09025,-144.92095,-143.75165,-142.58235,-141.41305,-140.24374,-139.07444,-137.90514,-136.73584,-135.56654,-134.39724,-133.22794,-132.05863,-130.88933,-129.72003,-128.55073,-127.38143,-126.21213,-125.04282,-123.87352,-122.70422,-121.53492,-120.36562,-119.19632,-118.02701,-116.85771,-115.68841,-114.51911,-113.34981,-112.18051,-111.0112,-109.8419,-108.6726,-107.5033,-106.334,-105.1647,-103.99539,-102.82609,-101.65679,-100.48749,-99.31819,-98.14889,-96.97958,-95.81028,-94.64098,-93.47168,-92.30238,-91.13308,-89.96378,-88.79447,-87.62517,-86.45587,-85.28657,-84.11727,-82.94797,-81.77866,-80.60936,-79.44006,-78.27076,-77.10146,-75.93216,-74.76285,-73.59355,-72.42425,-71.25495,-70.08565,-68.91635,-67.74704,-66.57774,-65.40844,-64.23914,-63.06984,-61.90054,-60.73123,-59.56193,-58.39263,-57.22333,-56.05403,-54.88473,-53.71542,-52.54612,-51.37682,-50.20752,-49.03822,-47.86892,-46.69962,-45.53031,-44.36101,-43.19171,-42.02241,-40.85311,-39.68381,-38.5145,-37.3452,-36.1759,-35.0066,-33.8373,-32.668,-31.49869,-30.32939,-29.16009,-27.99079,-26.82149,-25.65219,-24.48288,-23.31358,-22.14428,-20.97498,-19.80568,-18.63638,-17.46707,-16.29777,-15.12847,-13.95917,-12.78987,-11.62057,-10.45126,-9.28196,-8.11266,-6.94336,-5.77406,-4.60476,-3.43545,-2.26615,-1.09685,0.07245,1.24175,2.41105,3.58035,4.74966,5.91896,7.08826,8.25756,9.42686,10.59616,11.76547,12.93477,14.10407,15.27337,16.44267,17.61197,18.78128,19.95058,21.11988,22.28918,23.45848,24.62778,25.79709,26.96639,28.13569,29.30499,30.47429,31.64359,32.8129,33.9822,35.1515,36.3208,37.4901,38.6594,39.82871,40.99801,42.16731,43.33661,44.50591,45.67521,46.84451,48.01382,49.18312,50.35242,51.52172,52.69102,53.86032,55.02963,56.19893,57.36823,58.53753,59.70683,60.87613,62.04544,63.21474,64.38404,65.55334,66.72264,67.89194,69.06125,70.23055,71.39985,72.56915,73.73845,74.90775,76.07706,77.24636,78.41566,79.58496,80.75426,81.92356,83.09287,84.26217,85.43147,86.60077,87.77007,88.93937,90.10867,91.27798,92.44728,93.61658,94.78588,95.95518,97.12448,98.29379,99.46309,100.63239,101.80169,102.97099,104.14029,105.3096,106.4789,107.6482,108.8175,109.9868,111.1561,112.32541,113.49471,114.66401,115.83331,117.00261,118.17191,119.34122,120.51052,121.67982,122.84912,124.01842,125.18772,126.35703,127.52633,128.69563,129.86493,131.03423,132.20353,133.37283,134.54214,135.71144,136.88074,138.05004,139.21934,140.38864,141.55795,142.72725,143.89655,145.06585,146.23515,147.40445,148.57376,149.74306,150.91236,152.08166,153.25096,154.42026,155.58957,156.75887,157.92817,159.09747,160.26677,161.43607,162.60538,163.77468,164.94398,166.11328,167.28258,168.45188,169.62119,170.79049,171.95979,173.12909,174.29839,175.46769,176.63699,177.8063,178.9756 0.00459,-0.00183,6.48135,7.31508,7.31577,7.3151,-2.19737,-5.47616,-4.28929,1.04399,-2.36828,0.04059,0.04153,0.03946,0.03059,0.01632,0.00288,-0.0037,-0.00378,0.00037,0.00503,0.00654,0.00338,-0.00276,-0.00816,-0.01105,-0.01277,-0.01467,-0.01594,-0.01509,-0.01154,-0.00705,-0.00347,-0.00112,0.00073,0.00192,0.00176,9e-05,-0.00289,-0.00589,-0.00614,-0.00232,0.00317,0.00601,0.00479,0.00174,-7e-05,0.00072,0.00379,0.00781,0.01067,0.01076,0.00909,0.00953,0.01427,0.01879,0.01758,0.01167,0.00652,0.00572,0.00821,0.00996,0.00785,0.00288,-0.00094,-0.00053,0.00334,0.00776,0.0118,0.01548,0.01596,0.01044,0.00176,-0.00357,-0.00254,0.00169,0.00353,0.00189,0.00077,0.00214,0.00358,0.00392,0.0036,0.00232,-0.00013,-0.00343,-0.00637,-0.00495,0.00264,0.00911,0.00967,0.00623,0.00266,-2e-05,-0.00297,-0.00629,-0.00939,-0.01228,-0.01514,-0.01753,-0.01886,-0.01909,-0.01868,-0.01695,-0.01387,-0.0119,-0.01329,-0.01795,-0.02382,-0.02826,-0.02952,-0.02772,-0.02414,-0.02025,-0.01679,-0.01314,-0.00882,-0.00501,-0.00326,-0.00349,-0.00419,-0.00393,-0.00238,-0.00021,0.00179,0.00312,0.00342,0.00281,0.0023,0.00325,0.0066,0.01218,0.01831,0.02213,0.02164,0.01731,0.01099,0.00399,-0.00269,-0.00737,-0.00957,-0.01038,-0.01092,-0.01261,-0.01722,-0.0234,-0.02627,-0.13042,-0.03353,-0.03562,-0.03861,-0.50294,-0.88883,1.04177,1.9774,-1.26002,-0.88953,-0.88876,-0.8876,-5.95818,0.09148,0.09978,-0.87923,-0.87625,-0.87293,-0.77778,-0.01479,-0.01028,-0.05569,-0.85222,-0.84728,-6.96127,-5.55927,-0.00739,0.00628,0.02122,-0.5608,-0.8012,-0.79324,-0.7851,-0.77677,-0.82921,-0.75913,-0.31513,-0.14569,0.02369,-0.07654,0.00529,-0.00372,0.00186,0.01877,0.032,0.03236,0.02654,0.02378,0.02513,0.0286,0.03136,0.02738,0.01598,0.00495,-0.00494,-0.01429,-0.01579,-0.01148,-0.00452,0.00565,0.01829,0.02974,0.03732,0.03945,0.0383,0.03668,0.0301,0.0136,-0.00501,-0.01172,-0.00585,0.0034,0.0052,-0.00507,-0.01297,-0.01001,-0.0009,0.00415,0.00022,-0.00725,-0.00879,-0.00189,0.00949,0.02045,0.02582,0.01541,0.00092,-0.00058,0.00558,0.01359,0.01577,0.01252,0.00762,-0.0016,-0.01245,-0.01917,-0.02167,-0.02021,-0.01442,-0.00719,-0.00379,-0.00761,-0.01188,-0.01089,-0.00373,0.00754,0.01801,0.02586,0.03461,0.04464,0.05062,0.04489,0.0291,0.01574,0.00981,0.00998,0.01164,0.00937,0.00171,-0.00499,-0.00916,-0.01356,-0.01867,-0.01938,-0.01416,-0.00733,-0.00324,-0.00364,-0.00771,-0.01261,-0.01474,-0.01346,-0.01039,-0.00727,-0.01087,-0.02496,-0.03545,-0.02888,-0.01227,0.00255,0.01548,0.0219,0.01393,0.00536,0.00044,0.00547,0.01109,0.01984,0.03043,0.03924,0.04627,0.0521,0.05595,0.05598,0.05085,0.03743,0.03514,0.02699,0.01608,0.01219,0.00894
281.25 -180.0,-178.85408,-177.70817,-176.56225,-175.41634,-174.27042,-173.12451,-171.97859,-170.83268,-169.68676,-168.54084,-167.39493,-166.24901,-165.1031,-163.95718,-162.81127,-161.66535,-160.51943,-159.37352,-158.2276,-157.08169,-155.93577,-154.78986,-153.64394,-152.49803,-151.35211,-150.20619,-149.06028,-147.91436,-146.76845,-145.62253,-144.47662,-143.3307,-142.18479,-141.03887,-139.89295,-138.74704,-137.60112,-136.45521,-135.30929,-134.16338,-133.01746,-131.87155,-130.72563,-129.57971,-128.4338,-127.28788,-126.14197,-124.99605,-123.85014,-122.70422,-121.5583,-120.41239,-119.26647,-118.12056,-116.97464,-115.82873,-114.68281,-113.5369,-112.39098,-111.24506,-110.09915,-108.95323,-107.80732,-106.6614,-105.51549,-104.36957,-103.22366,-102.07774,-100.93182,-99.78591,-98.63999,-97.49408,-96.34816,-95.20225,-94.05633,-92.91042,-91.7645,-90.61858,-89.47267,-88.32675,-87.18084,-86.03492,-84.88901,-83.74309,-82.59717,-81.45126,-80.30534,-79.15943,-78.01351,-76.8676,-75.72168,-74.57577,-73.42985,-72.28393,-71.13802,-69.9921,-68.84619,-67.70027,-66.55436,-65.40844,-64.26253,-63.11661,-61.97069,-60.82478,-59.67886,-58.53295,-57.38703,-56.24112,-55.0952,-53.94929,-52.80337,-51.65745,-50.51154,-49.36562,-48.21971,-47.07379,-45.92788,-44.78196,-43.63604,-42.49013,-41.34421,-40.1983,-39.05238,-37.90647,-36.76055,-35.61464,-34.46872,-33.3228,-32.17689,-31.03097,-29.88506,-28.73914,-27.59323,-26.44731,-25.3014,-24.15548,-23.00956,-21.86365,-20.71773,-19.57182,-18.4259,-17.27999,-16.13407,-14.98816,-13.84224,-12.69632,-11.55041,-10.40449,-9.25858,-8.11266,-6.96675,-5.82083,-4.67491,-3.529,-2.38308,-1.23717,-0.09125,1.05466,2.20058,3.34649,4.49241,5.63833,6.78424,7.93016,9.07607,10.22199,11.3679,12.51382,13.65973,14.80565,15.95157,17.09748,18.2434,19.38931,20.53523,21.68114,22.82706,23.97298,25.11889,26.26481,27.41072,28.55664,29.70255,30.84847,31.99438,33.1403,34.28622,35.43213,36.57805,37.72396,38.86988,40.01579,41.16171,42.30762,43.45354,44.59946,45.74537,46.89129,48.0372,49.18312,50.32903,51.47495,52.62086,53.76678,54.9127,56.05861,57.20453,58.35044,59.49636,60.64227,61.78819,62.93411,64.08002,65.22594,66.37185,67.51777,68.66368,69.8096,70.95551,72.10143,73.24735,74.39326,75.53918,76.68509,77.83101,78.97692,80.12284,81.26875,82.41467,83.56059,84.7065,85.85242,86.99833,88.14425,89.29016,90.43608,91.58199,92.72791,93.87383,95.01974,96.16566,97.31157,98.45749,99.6034,100.74932,101.89524,103.04115,104.18707,105.33298,106.4789,107.62481,108.77073,109.91664,111.06256,112.20848,113.35439,114.50031,115.64622,116.79214,117.93805,119.08397,120.22988,121.3758,122.52172,123.66763,124.81355,125.95946,127.10538,128.25129,129.39721,130.54312,131.68904,132.83496,133.98087,135.12679,136.2727,137.41862,138.56453,139.71045,140.85637,142.00228,143.1482,144.29411,145.44003,146.58594,147.73186,148.87777,150.02369,151.16961,152.31552,153.46144,154.60735,155.75327,156.89918,158.0451,159.19101,160.33693,161.48285,162.62876,163.77468,164.92059,166.06651,167.21242,168.35834,169.50426,170.65017,171.79609,172.942,174.08792,175.23383,176.37975,177.52566,178.67158,179.8175 7.28904,7.28867,7.31414,7.31535,7.31772,-5.5057,-5.48544,-3.04302,5.18643,5.17463,5.17435,0.89306,0.89416,-0.31747,5.10126,1.38385,0.02114,0.01313,0.01415,0.01726,0.0208,0.02319,0.02207,0.0145,0.00409,-0.00316,-0.00856,-0.01142,-0.01015,-0.00489,0.00221,0.00835,0.01204,0.0135,0.01347,0.01144,0.00709,0.00173,-0.00319,-0.00674,-0.00699,-0.00175,0.00726,0.01269,0.01138,0.00662,0.00202,-0.00057,-0.00102,0.00102,0.00624,0.01269,0.01624,0.01613,0.01559,0.01694,0.01789,0.01528,0.01041,0.00746,0.00802,0.00974,0.00974,0.00659,0.00128,-0.00294,-0.00344,-0.00099,0.00146,0.00334,0.00603,0.00824,0.00648,0.00043,-0.005,-0.00501,0.00052,0.00671,0.0085,0.00589,0.00265,0.0015,0.00242,0.00513,0.00834,0.00963,0.00784,0.00353,-0.00153,-0.00347,-0.00019,0.00279,0.00089,-0.00387,-0.00738,-0.00893,-0.011,-0.0142,-0.01654,-0.01599,-0.01305,-0.011,-0.01188,-0.01511,-0.01914,-0.02218,-0.02222,-0.0195,-0.0168,-0.01659,-0.01917,-0.02325,-0.02665,-0.0276,-0.02564,-0.02165,-0.01801,-0.01619,-0.01557,-0.01491,-0.0139,-0.01319,-0.01306,-0.01289,-0.0114,-0.00801,-0.00399,-0.0012,-0.00045,-0.00111,-0.00211,-0.00249,-0.00143,0.00141,0.00588,0.01122,0.01466,0.01263,0.00441,-0.00573,-0.0114,-0.00989,-0.00568,-0.00577,-0.01023,-0.01553,-0.01979,-0.02436,-0.03939,-0.88795,-0.8861,-0.8854,-0.88582,-0.88693,-2.54067,-1.34887,-0.89027,-0.89077,-0.8909,-0.89066,-0.89004,-0.88905,-0.88768,-7.34188,-7.32408,-7.86048,-3.54237,-3.21641,-3.22417,-1.48027,0.93523,0.02129,-0.85583,-0.85135,-0.84666,-0.84167,-6.9242,-6.91257,-5.01832,-0.76693,-0.80972,-0.80202,-0.79412,-0.78611,-0.77801,-0.76973,-0.76112,-0.75202,-0.74238,-0.69094,-0.72191,-0.71141,-0.33657,-0.0146,0.01488,0.03686,0.04205,0.03056,0.01887,0.0176,0.0222,0.02927,0.03241,0.02374,0.01016,-0.0004,-0.01155,-0.01719,-0.01524,-0.01038,-0.00312,0.00827,0.02243,0.03477,0.04253,0.04442,0.04376,0.04211,0.03226,0.01014,-0.00957,-0.01325,-0.00419,0.00595,0.00368,-0.00877,-0.01407,-0.00728,0.00266,0.00537,-0.001,-0.00842,-0.00777,0.00112,0.01354,0.02477,0.02845,0.0149,-0.0021,-0.00121,0.00674,0.01485,0.01584,0.01214,0.00672,-0.00406,-0.01452,-0.02032,-0.02245,-0.02022,-0.01323,-0.00529,-0.00262,-0.00816,-0.01248,-0.01018,-0.00133,0.01108,0.02243,0.03184,0.04272,0.05437,0.05939,0.05008,0.03192,0.01631,0.00682,0.00784,0.0109,0.00909,-0.00046,-0.00853,-0.01342,-0.01813,-0.02289,-0.02245,-0.01616,-0.00817,-0.0033,0.03429,-0.01038,-0.01697,-0.01926,-0.01739,-0.01323,-0.00854,-0.01265,-0.0345,-0.09662,-0.0993,-0.01349,0.00533,0.02536,0.0505,0.69629,0.83342,-1.36687,-1.44074,-0.67163,0.01748,0.02319,0.03303,0.05413,0.86934,0.87282,0.87602,0.87891,0.88146,0.88367,0.8855,0.88696,0.88805,0.88876,0.8891,7.28905
286.875 -180.0,-178.87655,-177.75311,-176.62966,-175.50621,-174.38277,-173.25932,-172.13587,-171.01243,-169.88898,-168.76553,-167.64209,-166.51864,-165.39519,-164.27175,-163.1483,-162.02485,-160.90141,-159.77796,-158.65451,-157.53107,-156.40762,-155.28417,-154.16073,-153.03728,-151.91383,-150.79039,-149.66694,-148.54349,-147.42005,-146.2966,-145.17315,-144.04971,-142.92626,-141.80281,-140.67937,-139.55592,-138.43247,-137.30903,-136.18558,-135.06213,-133.93869,-132.81524,-131.69179,-130.56835,-129.4449,-128.32145,-127.19801,-126.07456,-124.95111,-123.82767,-122.70422,-121.58077,-120.45733,-119.33388,-118.21043,-117.08699,-115.96354,-114.84009,-113.71665,-112.5932,-111.46975,-110.34631,-109.22286,-108.09941,-106.97597,-105.85252,-104.72907,-103.60563,-102.48218,-101.35873,-100.23529,-99.11184,-97.98839,-96.86495,-95.7415,-94.61805,-93.49461,-92.37116,-91.24771,-90.12427,-89.00082,-87.87737,-86.75393,-85.63048,-84.50703,-83.38359,-82.26014,-81.13669,-80.01325,-78.8898,-77.76635,-76.64291,-75.51946,-74.39601,-73.27257,-72.14912,-71.02567,-69.90223,-68.77878,-67.65533,-66.53189,-65.40844,-64.28499,-63.16155,-62.0381,-60.91465,-59.79121,-58.66776,-57.54431,-56.42087,-55.29742,-54.17397,-53.05053,-51.92708,-50.80363,-49.68019,-48.55674,-47.43329,-46.30985,-45.1864,-44.06295,-42.93951,-41.81606,-40.69261,-39.56917,-38.44572,-37.32227,-36.19883,-35.07538,-33.95193,-32.82849,-31.70504,-30.58159,-29.45815,-28.3347,-27.21125,-26.08781,-24.96436,-23.84091,-22.71747,-21.59402,-20.47057,-19.34713,-18.22368,-17.10023,-15.97679,-14.85334,-13.72989,-12.60645,-11.483,-10.35955,-9.23611,-8.11266,-6.98921,-5.86577,-4.74232,-3.61887,-2.49543,-1.37198,-0.24853,0.87491,1.99836,3.12181,4.24525,5.3687,6.49215,7.61559,8.73904,9.86249,10.98593,12.10938,13.23283,14.35627,15.47972,16.60316,17.72661,18.85006,19.9735,21.09695,22.2204,23.34384,24.46729,25.59074,26.71418,27.83763,28.96108,30.08452,31.20797,32.33142,33.45486,34.57831,35.70176,36.8252,37.94865,39.0721,40.19554,41.31899,42.44244,43.56588,44.68933,45.81278,46.93622,48.05967,49.18312,50.30656,51.43001,52.55346,53.6769,54.80035,55.9238,57.04724,58.17069,59.29414,60.41758,61.54103,62.66448,63.78792,64.91137,66.03482,67.15826,68.28171,69.40516,70.5286,71.65205,72.7755,73.89894,75.02239,76.14584,77.26928,78.39273,79.51618,80.63962,81.76307,82.88652,84.00996,85.13341,86.25686,87.3803,88.50375,89.6272,90.75064,91.87409,92.99754,94.12098,95.24443,96.36788,97.49132,98.61477,99.73822,100.86166,101.98511,103.10856,104.232,105.35545,106.4789,107.60234,108.72579,109.84924,110.97268,112.09613,113.21958,114.34302,115.46647,116.58992,117.71336,118.83681,119.96026,121.0837,122.20715,123.3306,124.45404,125.57749,126.70094,127.82438,128.94783,130.07128,131.19472,132.31817,133.44162,134.56506,135.68851,136.81196,137.9354,139.05885,140.1823,141.30574,142.42919,143.55264,144.67608,145.79953,146.92298,148.04642,149.16987,150.29332,151.41676,152.54021,153.66366,154.7871,155.91055,157.034,158.15744,159.28089,160.40434,161.52778,162.65123,163.77468,164.89812,166.02157,167.14502,168.26846,169.39191,170.51536,171.6388,172.76225,173.8857,175.00914,176.13259,177.25604,178.37948,179.50293 7.29025,7.31296,2.76811,-5.52149,-5.51477,-5.50377,-5.4856,5.17001,5.17153,-0.27893,0.29562,0.89499,0.89522,0.89481,0.89391,0.89265,2.36311,0.02237,0.02588,0.03087,0.0352,0.03723,0.03867,0.03901,0.0312,0.01473,0.00205,-0.00223,0.00081,0.00766,0.01362,0.01741,0.02006,0.02056,0.0177,0.01132,0.00325,-0.00412,-0.00913,-0.01154,-0.01087,-0.00382,0.00972,0.01658,0.01476,0.00845,0.00173,-0.00261,-0.00426,-0.0038,9e-05,0.00821,0.01689,0.02075,0.01922,0.01545,0.01257,0.01116,0.0101,0.00941,0.01051,0.01295,0.01333,0.01015,0.00533,0.00166,0.00062,0.00166,0.00325,0.00455,0.00569,0.00646,0.00582,0.00317,-0.00081,-0.00396,-0.00365,0.00163,0.00951,0.01401,0.01111,0.00277,-0.00491,-0.0075,-0.00459,0.00155,0.00728,0.0091,0.00657,0.0016,-0.0035,-0.00729,-0.00926,-0.01106,-0.01462,-0.01856,-0.01953,-0.01753,-0.0162,-0.01757,-0.01988,-0.01995,-0.01635,-0.01203,-0.01134,-0.01383,-0.01702,-0.02011,-0.02217,-0.02171,-0.01845,-0.01507,-0.01405,-0.01572,-0.01892,-0.0219,-0.02236,-0.01848,-0.01219,-0.00825,-0.00853,-0.01116,-0.01371,-0.01516,-0.01631,-0.01845,-0.02112,-0.02169,-0.0179,-0.01113,-0.00604,-0.00502,-0.00702,-0.00894,-0.00831,-0.00477,0.0005,0.00589,0.01039,0.01239,0.00788,-0.00633,-0.02793,-0.8905,-0.89242,-0.89406,-0.8954,-0.89637,-0.8969,-0.72425,-0.42564,-2.45627,-0.65572,-0.88963,-0.88795,-0.88737,-0.88778,-0.88877,-3.03932,-4.51028,-0.89153,-0.89184,-0.89178,-0.89135,-0.89055,-0.88939,-0.88786,-4.92428,-7.37697,-7.38962,-2.47742,-3.19797,-3.22229,-3.20095,-1.69245,-4.94011,4.28522,-1.27166,-0.84647,-0.8418,-0.83677,-6.89203,-6.89469,-2.84055,-0.81124,-0.80362,-0.79577,-0.78785,-0.77992,-0.77193,-0.76373,-0.7551,-0.74589,-0.73611,-0.72594,-0.71557,-0.70515,-0.69464,-0.15383,0.0832,1.00804,1.61804,-0.13582,0.00822,0.01228,0.02178,0.03115,0.03152,0.01807,0.00457,-0.00594,-0.01652,-0.01764,-0.0144,-0.00962,-0.00175,0.0111,0.02659,0.03931,0.04663,0.04823,0.04815,0.04538,0.03076,0.00389,-0.01373,-0.013,-0.00118,0.00752,0.00039,-0.01224,-0.01345,-0.00393,0.00525,0.00513,-0.00318,-0.00919,-0.0059,0.00463,0.01757,0.02828,0.02761,0.01872,-0.00392,-0.00082,0.00906,0.016,0.01537,0.01133,0.00479,-0.00712,-0.01648,-0.02137,-0.02286,-0.01936,-0.01109,-0.00299,-0.0021,-0.00919,-0.01256,-0.00851,0.00189,0.01506,0.02692,0.03768,0.05066,0.06359,0.06596,0.0521,0.03212,0.01392,0.00318,0.00768,0.01038,0.008,-0.00282,-0.01209,-0.01806,-0.0236,-0.0283,-0.02686,-0.01909,-0.00946,5.27911,3.5219,-0.01484,-0.02297,-0.02473,-0.02147,-0.01463,-0.00781,-0.01333,-0.12462,0.55772,0.78888,0.66474,-1.99869,-5.26637,0.01826,0.82572,0.83168,-6.04776,-2.03788,-2.02098,-1.14777,0.02513,0.03215,0.11857,0.86704,0.87069,0.87412,0.87727,3.89545,0.9017,0.88477,0.88656,0.88797,0.88901,-0.00111,7.30977,7.28912
292.5 -180.0,-178.89816,-177.79632,-176.69447,-175.59263,-174.49079,-173.38895,-172.28711,-171.18526,-170.08342,-168.98158,-167.87974,-166.7779,-165.67606,-164.57421,-163.47237,-162.37053,-161.26869,-160.16685,-159.065,-157.96316,-156.86132,-155.75948,-154.65764,-153.55579,-152.45395,-151.35211,-150.25027,-149.14843,-148.04658,-146.94474,-145.8429,-144.74106,-143.63922,-142.53737,-141.43553,-140.33369,-139.23185,-138.13001,-137.02817,-135.92632,-134.82448,-133.72264,-132.6208,-131.51896,-130.41711,-129.31527,-128.21343,-127.11159,-126.00975,-124.9079,-123.80606,-122.70422,-121.60238,-120.50054,-119.39869,-118.29685,-117.19501,-116.09317,-114.99133,-113.88949,-112.78764,-111.6858,-110.58396,-109.48212,-108.38028,-107.27843,-106.17659,-105.07475,-103.97291,-102.87107,-101.76922,-100.66738,-99.56554,-98.4637,-97.36186,-96.26001,-95.15817,-94.05633,-92.95449,-91.85265,-90.7508,-89.64896,-88.54712,-87.44528,-86.34344,-85.2416,-84.13975,-83.03791,-81.93607,-80.83423,-79.73239,-78.63054,-77.5287,-76.42686,-75.32502,-74.22318,-73.12133,-72.01949,-70.91765,-69.81581,-68.71397,-67.61212,-66.51028,-65.40844,-64.3066,-63.20476,-62.10292,-61.00107,-59.89923,-58.79739,-57.69555,-56.59371,-55.49186,-54.39002,-53.28818,-52.18634,-51.0845,-49.98265,-48.88081,-47.77897,-46.67713,-45.57529,-44.47344,-43.3716,-42.26976,-41.16792,-40.06608,-38.96424,-37.86239,-36.76055,-35.65871,-34.55687,-33.45503,-32.35318,-31.25134,-30.1495,-29.04766,-27.94582,-26.84397,-25.74213,-24.64029,-23.53845,-22.43661,-21.33476,-20.23292,-19.13108,-18.02924,-16.9274,-15.82555,-14.72371,-13.62187,-12.52003,-11.41819,-10.31635,-9.2145,-8.11266,-7.01082,-5.90898,-4.80714,-3.70529,-2.60345,-1.50161,-0.39977,0.70207,1.80392,2.90576,4.0076,5.10944,6.21128,7.31313,8.41497,9.51681,10.61865,11.72049,12.82233,13.92418,15.02602,16.12786,17.2297,18.33154,19.43339,20.53523,21.63707,22.73891,23.84075,24.9426,26.04444,27.14628,28.24812,29.34996,30.45181,31.55365,32.65549,33.75733,34.85917,35.96102,37.06286,38.1647,39.26654,40.36838,41.47022,42.57207,43.67391,44.77575,45.87759,46.97943,48.08128,49.18312,50.28496,51.3868,52.48864,53.59049,54.69233,55.79417,56.89601,57.99785,59.0997,60.20154,61.30338,62.40522,63.50706,64.6089,65.71075,66.81259,67.91443,69.01627,70.11811,71.21996,72.3218,73.42364,74.52548,75.62732,76.72917,77.83101,78.93285,80.03469,81.13653,82.23838,83.34022,84.44206,85.5439,86.64574,87.74759,88.84943,89.95127,91.05311,92.15495,93.25679,94.35864,95.46048,96.56232,97.66416,98.766,99.86785,100.96969,102.07153,103.17337,104.27521,105.37706,106.4789,107.58074,108.68258,109.78442,110.88627,111.98811,113.08995,114.19179,115.29363,116.39547,117.49732,118.59916,119.701,120.80284,121.90468,123.00653,124.10837,125.21021,126.31205,127.41389,128.51574,129.61758,130.71942,131.82126,132.9231,134.02495,135.12679,136.22863,137.33047,138.43231,139.53415,140.636,141.73784,142.83968,143.94152,145.04336,146.14521,147.24705,148.34889,149.45073,150.55257,151.65442,152.75626,153.8581,154.95994,156.06178,157.16363,158.26547,159.36731,160.46915,161.57099,162.67284,163.77468,164.87652,165.97836,167.0802,168.18204,169.28389,170.38573,171.48757,172.58941,173.69125,174.7931,175.89494,176.99678,178.09862,179.20046 5.76944,0.88937,0.88842,-5.52591,-5.52043,-5.51004,-5.81927,-5.83004,-5.81165,-5.92878,-0.06082,0.89528,0.89482,0.89381,0.89236,0.89054,2.33377,2.71971,1.44751,-2.53649,0.87698,0.87357,0.86999,0.86624,0.5699,0.03512,0.01005,0.00369,0.00654,0.00801,0.006,0.00469,0.00493,0.00442,0.00161,-0.00375,-0.0095,-0.01308,-0.01438,-0.01409,-0.01135,-0.00349,0.00786,0.01369,0.01216,0.00579,-0.00157,-0.00601,-0.006,-0.00271,0.00224,0.00815,0.01348,0.01575,0.01398,0.00954,0.0044,0.00058,-3e-05,0.00341,0.01026,0.01861,0.02472,0.02518,0.01998,0.01318,0.00924,0.00956,0.01172,0.0127,0.01254,0.01208,0.01014,0.00601,0.00125,-0.00161,-0.00197,-0.00098,0.00168,0.00767,0.01292,0.0114,0.00285,-0.00726,-0.0129,-0.01196,-0.00702,-0.00029,0.0056,0.00742,0.00493,0.0011,-0.00289,-0.00813,-0.01433,-0.0196,-0.02261,-0.02329,-0.02186,-0.01972,-0.0192,-0.02059,-0.02214,-0.02175,-0.0186,-0.01532,-0.01721,-0.02321,-0.02703,-0.02613,-0.02261,-0.01851,-0.01416,-0.01069,-0.0099,-0.0116,-0.01464,-0.01808,-0.02071,-0.01951,-0.01269,-0.0045,-0.00107,-0.00305,-0.00677,-0.00968,-0.01202,-0.01595,-0.02255,-0.02971,-0.034,-0.03351,-0.02865,-0.02344,-0.02263,-0.02499,-0.02508,-0.01905,-0.00708,-0.86242,-0.86645,-0.87031,-0.874,1.09165,-0.80021,3.31986,2.62819,-0.88936,-0.89162,-0.89355,-0.89513,-0.89629,-0.89695,-0.89696,-0.8962,-0.89466,-0.1369,-0.88815,-0.88908,-0.88864,-0.88907,-0.88997,-0.89094,-4.92161,-6.01182,-7.23954,-7.03832,-0.46299,-0.89074,-0.88948,-0.88785,-0.88586,-0.33916,0.95838,1.19263,-3.19466,-3.2203,-2.73881,-0.86296,-4.89128,5.06736,-1.74393,-2.36076,-0.84197,-0.83729,-0.83216,-6.88153,-6.87685,-0.81304,-0.80553,-0.79775,-0.78987,-0.78204,-0.77426,-0.76641,-0.75825,-0.74954,-0.74018,-0.73027,-0.72005,-0.70975,-0.69944,-0.68902,0.17937,1.4396,1.59021,1.60286,-0.55385,-0.00089,0.01015,0.02324,0.03325,0.02731,0.01115,-0.00044,-0.01222,-0.01882,-0.01714,-0.01375,-0.00909,-0.00106,0.01442,0.031,0.04366,0.05016,-0.02521,-0.01389,0.04709,0.0262,-0.00321,-0.0163,-0.01102,0.00236,0.0075,-0.00382,-0.01448,-0.01159,-0.00045,0.00694,0.00369,-0.00552,-0.00916,-0.00344,0.00841,0.02143,0.0309,0.02322,0.02352,-0.00464,0.00081,0.01156,0.01664,0.01457,0.01026,0.002,-0.01014,-0.01821,-0.02228,-0.02287,-0.0178,-0.00842,-0.00078,-0.00239,-0.01032,-0.01211,-0.00618,0.00557,0.01924,0.03162,0.04391,0.05907,0.07294,0.07106,0.05231,0.03093,0.00295,0.00697,0.00929,0.01009,0.00663,-0.00574,-0.42758,-0.02356,-0.02997,-0.03519,-0.0332,-0.02329,2.7299,6.20885,5.93019,-0.02118,-0.03043,-0.03041,-0.02386,-0.01384,-0.00593,-0.09585,0.77205,0.77977,0.78752,0.79534,0.80312,-1.6704,0.7489,nan,0.8302,-2.04562,-2.03725,-2.00938,-5.71767,-5.70968,0.05622,0.39141,0.86482,0.86861,0.8722,0.87555,3.40804,4.31145,0.88374,0.88578,0.88745,0.49313,0.00184,5.34871,7.2883,7.29029
298.125 -180.0,-178.91895,-177.8379,-176.75684,-175.67579,-174.59474,-173.51369,-172.43263,-171.35158,-170.27053,-169.18948,-168.10842,-167.02737,-165.94632,-164.86527,-163.78421,-162.70316,-161.62211,-160.54106,-159.46,-158.37895,-157.2979,-156.21685,-155.13579,-154.05474,-152.97369,-151.89264,-150.81158,-149.73053,-148.64948,-147.56843,-146.48737,-145.40632,-144.32527,-143.24422,-142.16316,-141.08211,-140.00106,-138.92001,-137.83895,-136.7579,-135.67685,-134.5958,-133.51474,-132.43369,-131.35264,-130.27159,-129.19054,-128.10948,-127.02843,-125.94738,-124.86633,-123.78527,-122.70422,-121.62317,-120.54212,-119.46106,-118.38001,-117.29896,-116.21791,-115.13685,-114.0558,-112.97475,-111.8937,-110.81264,-109.73159,-108.65054,-107.56949,-106.48843,-105.40738,-104.32633,-103.24528,-102.16422,-101.08317,-100.00212,-98.92107,-97.84001,-96.75896,-95.67791,-94.59686,-93.5158,-92.43475,-91.3537,-90.27265,-89.19159,-88.11054,-87.02949,-85.94844,-84.86738,-83.78633,-82.70528,-81.62423,-80.54318,-79.46212,-78.38107,-77.30002,-76.21897,-75.13791,-74.05686,-72.97581,-71.89476,-70.8137,-69.73265,-68.6516,-67.57055,-66.48949,-65.40844,-64.32739,-63.24634,-62.16528,-61.08423,-60.00318,-58.92213,-57.84107,-56.76002,-55.67897,-54.59792,-53.51686,-52.43581,-51.35476,-50.27371,-49.19265,-48.1116,-47.03055,-45.9495,-44.86844,-43.78739,-42.70634,-41.62529,-40.54423,-39.46318,-38.38213,-37.30108,-36.22002,-35.13897,-34.05792,-32.97687,-31.89582,-30.81476,-29.73371,-28.65266,-27.57161,-26.49055,-25.4095,-24.32845,-23.2474,-22.16634,-21.08529,-20.00424,-18.92319,-17.84213,-16.76108,-15.68003,-14.59898,-13.51792,-12.43687,-11.35582,-10.27477,-9.19371,-8.11266,-7.03161,-5.95056,-4.8695,-3.78845,-2.7074,-1.62635,-0.54529,0.53576,1.61681,2.69786,3.77892,4.85997,5.94102,7.02207,8.10313,9.18418,10.26523,11.34628,12.42733,13.50839,14.58944,15.67049,16.75154,17.8326,18.91365,19.9947,21.07575,22.15681,23.23786,24.31891,25.39996,26.48102,27.56207,28.64312,29.72417,30.80523,31.88628,32.96733,34.04838,35.12944,36.21049,37.29154,38.37259,39.45365,40.5347,41.61575,42.6968,43.77786,44.85891,45.93996,47.02101,48.10207,49.18312,50.26417,51.34522,52.42628,53.50733,54.58838,55.66943,56.75049,57.83154,58.91259,59.99364,61.07469,62.15575,63.2368,64.31785,65.3989,66.47996,67.56101,68.64206,69.72311,70.80417,71.88522,72.96627,74.04732,75.12838,76.20943,77.29048,78.37153,79.45259,80.53364,81.61469,82.69574,83.7768,84.85785,85.9389,87.01995,88.10101,89.18206,90.26311,91.34416,92.42522,93.50627,94.58732,95.66837,96.74943,97.83048,98.91153,99.99258,101.07364,102.15469,103.23574,104.31679,105.39785,106.4789,107.55995,108.641,109.72205,110.80311,111.88416,112.96521,114.04626,115.12732,116.20837,117.28942,118.37047,119.45153,120.53258,121.61363,122.69468,123.77574,124.85679,125.93784,127.01889,128.09995,129.181,130.26205,131.3431,132.42416,133.50521,134.58626,135.66731,136.74837,137.82942,138.91047,139.99152,141.07258,142.15363,143.23468,144.31573,145.39679,146.47784,147.55889,148.63994,149.721,150.80205,151.8831,152.96415,154.04521,155.12626,156.20731,157.28836,158.36941,159.45047,160.53152,161.61257,162.69362,163.77468,164.85573,165.93678,167.01783,168.09889,169.17994,170.26099,171.34204,172.4231,173.50415,174.5852,175.66625,176.74731,177.82836,178.90941,179.99046 0.88954,0.88876,0.88788,-3.76924,-4.05063,-5.81941,-5.82828,-6.17167,-6.17786,-6.1699,-1.57611,0.8938,0.9105,0.89143,2.94128,2.16749,2.16448,2.15104,2.13101,0.87483,0.87111,0.86725,0.86329,0.85926,0.85516,0.73046,-0.00677,-0.00018,-0.00234,-0.00831,-0.01463,-0.02147,-0.02672,-0.02858,-0.03189,-0.03499,-0.02943,-0.01818,-0.00933,-0.00575,-0.00428,-0.00099,0.00422,0.00796,0.00773,0.00283,-0.00408,-0.00863,-0.00872,-0.00442,0.00278,0.00988,0.01289,0.01084,0.00588,0.00049,-0.00395,-0.00724,-0.00889,-0.00694,0.00138,0.01414,0.02415,0.03072,0.03018,0.02361,0.01669,0.01388,0.01595,0.01976,0.021,0.01982,0.0176,0.01328,0.00643,-0.00053,-0.0033,-0.00112,0.00266,0.00498,0.00714,0.00973,0.00812,0.00053,-0.00846,-0.01339,-0.01172,-0.0065,-0.00254,1e-05,0.00227,0.00257,0.00131,0.0002,-0.00266,-0.00962,-0.02038,-0.02893,-0.03018,-0.02524,-0.019,-0.01579,-0.01733,-0.02156,-0.02404,-0.02124,-0.01354,-0.00707,-0.00988,-0.02071,-0.03259,-0.03676,-0.03021,-0.01856,-0.00886,-0.005,-0.00696,-0.01215,-0.01776,-0.02236,-0.02602,-0.02794,-0.02503,-0.01615,-0.00679,-0.00301,-0.00414,-0.00654,-0.00873,-0.012,-0.01886,-0.02865,-0.03732,-0.042,-0.0426,-0.04141,-0.04221,-0.04605,-0.05015,-0.05016,-0.04301,-0.85021,-0.85456,-0.85878,-1.25723,-4.52583,-7.60204,-7.6258,-1.42805,6.04333,6.052,-0.88789,-0.89034,-0.8924,-0.89404,-0.89521,-0.89583,-0.8958,-0.89503,-0.8936,-0.81482,-0.36186,-0.36201,0.14035,-0.88934,-0.89018,-0.89103,-0.89169,-6.01052,-7.21271,-6.6967,-3.68947,-0.89029,-0.889,-0.88736,-0.0794,0.95593,0.9586,0.96955,1.90424,1.90082,-0.89094,-0.86227,-0.8582,5.06499,3.81849,-2.3417,-2.33449,-0.83741,-0.83264,-6.88227,-6.8946,-0.81452,-0.80718,-0.79946,-0.79161,-0.78382,-0.77617,-0.76858,-0.76085,-0.75265,-0.74377,-0.7342,-0.72416,-0.71396,-0.70378,-0.69361,-0.68326,1.25352,1.57913,1.59401,-0.63702,-0.62484,-0.00578,0.01081,0.0264,0.03325,0.01888,0.00329,-0.0056,-0.0182,-0.01906,-0.01645,-0.01352,-0.00879,0.00134,0.018,0.03578,0.04852,0.05444,0.01729,0.05659,0.04836,0.01925,-0.01008,-0.01799,-0.00837,0.00564,-0.51518,-0.00829,-0.01585,-0.00871,0.00313,0.00801,0.00182,-0.00721,-0.0084,-0.00045,0.01249,0.02552,0.03334,0.02198,0.004,-0.00528,0.00262,0.01358,0.01685,0.01381,0.00916,-0.00114,-0.01273,-0.01962,-0.02314,-0.0227,-0.01588,-0.00526,0.00185,-0.00254,-0.01087,-0.01105,-0.00338,0.00943,0.02366,0.03709,0.05155,0.06945,0.08488,0.07736,0.05303,0.11144,0.00011,0.01251,0.01356,0.00955,0.00536,-0.00916,-4.29543,-3.78018,-0.46374,-0.0425,-0.0436,4.64969,6.19672,6.20842,6.24573,-0.03003,-0.03918,-0.03552,-0.02404,-0.01451,-0.00618,-1.29864,-0.88567,-1.75481,0.64889,0.7937,0.80148,0.80906,0.81621,0.82273,0.82852,2.75039,-2.03813,-2.00816,-5.72036,-5.71301,0.0663,0.29219,0.86246,0.86633,0.90125,0.97283,-0.61272,0.55334,0.88223,0.88444,4.28689,0.8924,2.87953,3.00644,6.77371,3.85555,0.89007,0.88955
303.75 -180.0,-178.93897,-177.87793,-176.8169,-175.75587,-174.69484,-173.6338,-172.57277,-171.51174,-170.4507,-169.38967,-168.32864,-167.2676,-166.20657,-165.14554,-164.08451,-163.02347,-161.96244,-160.90141,-159.84037,-158.77934,-157.71831,-156.65728,-155.59624,-154.53521,-153.47418,-152.41314,-151.35211,-150.29108,-149.23004,-148.16901,-147.10798,-146.04695,-144.98591,-143.92488,-142.86385,-141.80281,-140.74178,-139.68075,-138.61971,-137.55868,-136.49765,-135.43662,-134.37558,-133.31455,-132.25352,-131.19248,-130.13145,-129.07042,-128.00939,-126.94835,-125.88732,-124.82629,-123.76525,-122.70422,-121.64319,-120.58215,-119.52112,-118.46009,-117.39906,-116.33802,-115.27699,-114.21596,-113.15492,-112.09389,-111.03286,-109.97183,-108.91079,-107.84976,-106.78873,-105.72769,-104.66666,-103.60563,-102.54459,-101.48356,-100.42253,-99.3615,-98.30046,-97.23943,-96.1784,-95.11736,-94.05633,-92.9953,-91.93426,-90.87323,-89.8122,-88.75117,-87.69013,-86.6291,-85.56807,-84.50703,-83.446,-82.38497,-81.32394,-80.2629,-79.20187,-78.14084,-77.0798,-76.01877,-74.95774,-73.8967,-72.83567,-71.77464,-70.71361,-69.65257,-68.59154,-67.53051,-66.46947,-65.40844,-64.34741,-63.28638,-62.22534,-61.16431,-60.10328,-59.04224,-57.98121,-56.92018,-55.85914,-54.79811,-53.73708,-52.67605,-51.61501,-50.55398,-49.49295,-48.43191,-47.37088,-46.30985,-45.24881,-44.18778,-43.12675,-42.06572,-41.00468,-39.94365,-38.88262,-37.82158,-36.76055,-35.69952,-34.63849,-33.57745,-32.51642,-31.45539,-30.39435,-29.33332,-28.27229,-27.21125,-26.15022,-25.08919,-24.02816,-22.96712,-21.90609,-20.84506,-19.78402,-18.72299,-17.66196,-16.60093,-15.53989,-14.47886,-13.41783,-12.35679,-11.29576,-10.23473,-9.17369,-8.11266,-7.05163,-5.9906,-4.92956,-3.86853,-2.8075,-1.74646,-0.68543,0.3756,1.43664,2.49767,3.5587,4.61973,5.68077,6.7418,7.80283,8.86387,9.9249,10.98593,12.04696,13.108,14.16903,15.23006,16.2911,17.35213,18.41316,19.4742,20.53523,21.59626,22.65729,23.71833,24.77936,25.84039,26.90143,27.96246,29.02349,30.08452,31.14556,32.20659,33.26762,34.32866,35.38969,36.45072,37.51176,38.57279,39.63382,40.69485,41.75589,42.81692,43.87795,44.93899,46.00002,47.06105,48.12209,49.18312,50.24415,51.30518,52.36622,53.42725,54.48828,55.54932,56.61035,57.67138,58.73241,59.79345,60.85448,61.91551,62.97655,64.03758,65.09861,66.15965,67.22068,68.28171,69.34274,70.40378,71.46481,72.52584,73.58688,74.64791,75.70894,76.76997,77.83101,78.89204,79.95307,81.01411,82.07514,83.13617,84.19721,85.25824,86.31927,87.3803,88.44134,89.50237,90.5634,91.62444,92.68547,93.7465,94.80754,95.86857,96.9296,97.99063,99.05167,100.1127,101.17373,102.23477,103.2958,104.35683,105.41786,106.4789,107.53993,108.60096,109.662,110.72303,111.78406,112.8451,113.90613,114.96716,116.02819,117.08923,118.15026,119.21129,120.27233,121.33336,122.39439,123.45542,124.51646,125.57749,126.63852,127.69956,128.76059,129.82162,130.88266,131.94369,133.00472,134.06575,135.12679,136.18782,137.24885,138.30989,139.37092,140.43195,141.49299,142.55402,143.61505,144.67608,145.73712,146.79815,147.85918,148.92022,149.98125,151.04228,152.10331,153.16435,154.22538,155.28641,156.34745,157.40848,158.46951,159.53055,160.59158,161.65261,162.71364,163.77468,164.83571,165.89674,166.95778,168.01881,169.07984,170.14087,171.20191,172.26294,173.32397,174.38501,175.44604,176.50707,177.56811,178.62914,179.69017 0.8882,0.88743,0.85502,0.49032,-1.14803,-5.83213,-5.9041,-6.16753,-4.54877,0.89149,0.89146,0.89079,0.88958,0.88786,4.44286,-2.23416,0.69647,2.12433,0.56422,0.6596,0.86519,0.86106,0.85693,0.85284,0.84878,0.84468,4.3867,4.36421,0.8306,0.82472,0.81813,0.8109,0.80328,-0.04685,-0.054,5.76985,0.77199,-0.54376,-5.57871,-5.57616,-4.0132,0.00548,-0.00099,-0.00302,3.47392,5.52024,0.60729,-0.01082,2.49732,0.23292,-0.00541,-0.00462,-0.00938,-0.01481,-0.01371,-0.0116,-0.01102,-0.01003,-0.01065,-0.01134,-0.00657,0.02697,0.02166,0.02955,0.03091,0.02284,0.01293,0.00822,0.01216,0.02231,0.02905,0.02838,0.02483,0.0218,0.01888,0.01225,0.00129,-0.0062,-0.00532,0.00095,0.00871,0.01312,0.01232,0.00675,-0.00157,-0.00996,-0.01428,-0.00901,0.00104,0.00385,-0.00037,-0.00502,-0.00644,-0.00726,-0.0083,-0.00686,-0.00757,-0.01666,-0.03149,-0.0426,-0.04175,-0.03167,-0.01923,-0.00892,-0.00544,-0.01038,-0.01879,-0.02209,-0.01475,-0.00228,0.00088,-0.00778,-0.02174,-0.03192,-0.02705,-0.00977,0.00602,0.00671,-0.004,-0.01578,-0.02365,-0.02832,-0.03385,-0.04174,-0.0481,-0.04755,-0.03824,-0.02464,-0.01289,-0.00508,-0.0019,-2.31503,-0.28968,-0.01282,-0.02511,-0.1115,-0.39162,-0.14584,-0.0113,-0.02204,-0.03538,-0.0477,-0.52946,-0.83884,-0.84331,-0.84754,-1.92113,-5.89651,-5.89949,-5.74538,-3.69895,-0.87256,-0.87641,-0.87997,-0.88317,-0.88599,-0.8884,-0.89037,-0.89187,-0.89287,-0.8933,-0.89311,-0.8923,-0.89102,-1.05171,2.42571,2.43543,-6.28075,-5.18279,-0.88946,-0.89018,-0.89071,-0.89097,-7.21068,-3.68069,-3.54407,-0.88905,-0.88778,-0.88617,0.4314,0.97174,0.96623,0.97086,0.5501,0.16735,-0.86522,-0.86118,-0.85706,-0.85296,-7.49066,-2.35796,-2.32776,-1.20922,-1.01345,-6.75192,-6.87519,-1.21968,-0.80796,1.46041,-0.99855,-0.7847,-0.77713,-0.76974,-0.76236,-0.75463,-0.74623,-0.73705,-0.72724,-0.71713,-0.70702,-0.69703,-0.68701,-0.67668,-0.79393,0.47266,-0.64222,-0.63017,-0.61812,-0.0049,0.01403,0.03064,0.0235,-0.05207,-0.09384,-0.01456,-0.02117,-0.01797,-0.01635,-0.01449,-2.99527,0.00306,0.02159,0.04145,0.05501,-0.37025,-0.35355,0.06625,0.05218,0.01106,-0.0167,-0.01914,-0.00524,-1.08419,-2.81595,-2.2986,-0.2294,-0.00488,0.00724,0.0093,0.00051,-0.00815,-0.00691,0.00306,0.01728,0.03099,0.02094,0.02795,-0.00361,-0.00808,0.00384,0.01509,0.01705,0.01349,0.00825,-0.00411,-0.01467,-0.02078,-0.02428,-0.02274,-0.01354,-0.00051,0.00707,-0.00084,-0.01026,-0.00927,-0.00035,0.01316,0.0282,0.04379,0.06206,0.08437,0.10411,0.08402,0.45859,0.36504,0.00122,0.01367,0.02149,0.00859,0.00406,-3.57255,-4.31087,-4.29723,-3.79668,-3.14875,3.47014,5.35113,6.19791,6.20832,6.24827,-0.04188,-0.04813,-0.03977,-0.02548,0.15792,-0.05403,-3.07707,-3.07127,-3.06387,5.06927,0.79121,0.799,nan,0.81383,0.82038,5.39018,5.42233,3.17765,0.83984,-1.78018,-5.71308,0.48877,0.67925,0.85966,0.24327,0.78457,0.98273,0.40617,0.87744,0.88012,1.66495,5.00437,-0.45117,-5.91072,-2.28889,0.88889,0.88921,0.88922,0.88895,0.8884
309.375 -180.0,-178.95826,-177.91652,-176.87478,-175.83303,-174.79129,-173.74955,-172.70781,-171.66607,-170.62433,-169.58259,-168.54084,-167.4991,-166.45736,-165.41562,-164.37388,-163.33214,-162.2904,-161.24865,-160.20691,-159.16517,-158.12343,-157.08169,-156.03995,-154.99821,-153.95646,-152.91472,-151.87298,-150.83124,-149.7895,-148.74776,-147.70602,-146.66427,-145.62253,-144.58079,-143.53905,-142.49731,-141.45557,-140.41383,-139.37208,-138.33034,-137.2886,-136.24686,-135.20512,-134.16338,-133.12163,-132.07989,-131.03815,-129.99641,-128.95467,-127.91293,-126.87119,-125.82944,-124.7877,-123.74596,-122.70422,-121.66248,-120.62074,-119.579,-118.53725,-117.49551,-116.45377,-115.41203,-114.37029,-113.32855,-112.28681,-111.24506,-110.20332,-109.16158,-108.11984,-107.0781,-106.03636,-104.99462,-103.95287,-102.91113,-101.86939,-100.82765,-99.78591,-98.74417,-97.70243,-96.66068,-95.61894,-94.5772,-93.53546,-92.49372,-91.45198,-90.41024,-89.36849,-88.32675,-87.28501,-86.24327,-85.20153,-84.15979,-83.11805,-82.0763,-81.03456,-79.99282,-78.95108,-77.90934,-76.8676,-75.82586,-74.78411,-73.74237,-72.70063,-71.65889,-70.61715,-69.57541,-68.53367,-67.49192,-66.45018,-65.40844,-64.3667,-63.32496,-62.28322,-61.24148,-60.19973,-59.15799,-58.11625,-57.07451,-56.03277,-54.99103,-53.94929,-52.90754,-51.8658,-50.82406,-49.78232,-48.74058,-47.69884,-46.65709,-45.61535,-44.57361,-43.53187,-42.49013,-41.44839,-40.40665,-39.3649,-38.32316,-37.28142,-36.23968,-35.19794,-34.1562,-33.11446,-32.07271,-31.03097,-29.98923,-28.94749,-27.90575,-26.86401,-25.82227,-24.78052,-23.73878,-22.69704,-21.6553,-20.61356,-19.57182,-18.53008,-17.48833,-16.44659,-15.40485,-14.36311,-13.32137,-12.27963,-11.23789,-10.19614,-9.1544,-8.11266,-7.07092,-6.02918,-4.98744,-3.9457,-2.90395,-1.86221,-0.82047,0.22127,1.26301,2.30475,3.34649,4.38824,5.42998,6.47172,7.51346,8.5552,9.59694,10.63868,11.68043,12.72217,13.76391,14.80565,15.84739,16.88913,17.93087,18.97262,20.01436,21.0561,22.09784,23.13958,24.18132,25.22306,26.26481,27.30655,28.34829,29.39003,30.43177,31.47351,32.51525,33.557,34.59874,35.64048,36.68222,37.72396,38.7657,39.80745,40.84919,41.89093,42.93267,43.97441,45.01615,46.05789,47.09964,48.14138,49.18312,50.22486,51.2666,52.30834,53.35008,54.39183,55.43357,56.47531,57.51705,58.55879,59.60053,60.64227,61.68402,62.72576,63.7675,64.80924,65.85098,66.89272,67.93446,68.97621,70.01795,71.05969,72.10143,73.14317,74.18491,75.22665,76.2684,77.31014,78.35188,79.39362,80.43536,81.4771,82.51884,83.56059,84.60233,85.64407,86.68581,87.72755,88.76929,89.81103,90.85278,91.89452,92.93626,93.978,95.01974,96.06148,97.10322,98.14497,99.18671,100.22845,101.27019,102.31193,103.35367,104.39541,105.43716,106.4789,107.52064,108.56238,109.60412,110.64586,111.6876,112.72935,113.77109,114.81283,115.85457,116.89631,117.93805,118.97979,120.02154,121.06328,122.10502,123.14676,124.1885,125.23024,126.27199,127.31373,128.35547,129.39721,130.43895,131.48069,132.52243,133.56418,134.60592,135.64766,136.6894,137.73114,138.77288,139.81462,140.85637,141.89811,142.93985,143.98159,145.02333,146.06507,147.10681,148.14856,149.1903,150.23204,151.27378,152.31552,153.35726,154.399,155.44075,156.48249,157.52423,158.56597,159.60771,160.64945,161.69119,162.73294,163.77468,164.81642,165.85816,166.8999,167.94164,168.98338,170.02513,171.06687,172.10861,173.15035,174.19209,175.23383,176.27557,177.31732,178.35906,179.4008 0.88648,2.96836,2.96712,2.12321,-1.15133,0.50003,-0.65688,0.88723,0.88791,0.88813,0.88782,0.88698,0.88563,1.78261,1.79281,-1.89493,-2.86138,0.55203,0.57078,0.57697,0.60597,0.85564,0.85141,0.8473,0.8433,0.83932,1.18497,2.48693,-0.22556,0.81961,1.112,0.75537,-2.60951,-5.2179,5.8116,5.79701,0.76675,-2.18447,-4.34598,-5.57727,-5.5893,-5.6145,-2.58421,0.70159,0.69137,6.84098,6.82594,5.85632,1.36604,0.6337,0.62131,0.60877,0.59583,0.58234,0.56841,0.5543,0.54007,0.52561,0.51071,0.49539,0.47982,0.46414,0.44823,-1.54499,-2.18995,0.39852,0.32716,-0.0195,-0.01918,-0.00403,0.02538,0.04595,0.04053,0.03141,0.02562,0.02442,0.01721,0.00102,-0.01418,-0.0148,-0.00799,0.02461,0.03865,0.02594,0.01115,-0.00435,-0.01759,-0.02149,-0.00973,-0.0195,-0.0386,0.00129,-0.01274,-0.01899,-0.01712,-0.00977,-0.00358,-5e-05,-0.00561,-0.0218,-0.04342,-0.12744,-0.05845,-0.04633,-0.03164,-0.1885,-0.24915,-0.01158,-0.00993,-0.05751,-0.2335,-0.1109,0.00417,0.00444,-0.00407,-0.01,-0.00122,0.78769,1.11426,0.31657,0.00459,-0.01949,-0.1824,-0.62553,-2.77551,-0.97552,-0.06983,-0.07721,-0.07704,-0.06926,-0.05738,-7.63041,-7.65076,-4.01422,-4.0221,3.21368,2.23076,-0.76982,-0.77733,-0.78505,-0.793,-0.801,-0.74232,0.15822,-0.82252,0.21814,0.73914,-0.83739,-0.84149,-0.84554,-6.8393,-7.53165,-4.01761,-0.86269,-0.86698,-0.87108,-0.87487,-0.8783,-0.88131,-3.38939,-3.56844,-3.56294,-3.56422,-3.19844,-0.88979,-0.88945,-6.4079,-6.42085,-6.41798,-2.13799,-0.88637,-6.24447,-2.13868,-0.88821,-0.88878,-0.88916,-0.88929,-0.88916,-1.75975,-0.8881,-0.88715,-0.8859,-0.88433,-0.88242,0.98726,0.97239,0.01376,-0.87118,-0.8675,-0.86355,-0.85942,-0.85522,-1.34206,-4.94913,-7.50982,-2.6438,-6.58609,-6.87627,-6.87381,-0.66062,-0.65503,-0.64119,1.46727,-4.63563,-3.11474,-2.89006,-2.86745,-0.76239,-0.75507,-0.74711,-0.73831,-0.72873,-0.71873,-0.70868,-5.22865,-4.59436,-0.67915,-1.37963,-1.34245,-0.66112,-0.63383,-0.62194,-0.12723,0.00239,0.01966,0.01582,-0.2099,-0.54485,-0.32167,-0.02465,-0.01853,-0.01717,-2.59284,-3.09709,-3.54044,0.00952,0.02537,-0.24697,-0.37911,-0.36275,-0.33872,0.0869,0.06002,0.00842,-1.96272,-0.23656,-1.24349,-4.63292,-4.63503,-3.77889,-0.14315,0.00049,-0.11656,-2.20826,0.00055,-0.02713,-0.00468,0.00728,0.02363,0.00613,0.01447,0.03311,0.0035,0.10606,0.00162,0.01589,0.01783,0.01392,0.00842,-0.00683,-0.01578,-0.0218,-0.02611,-0.02309,-0.00921,0.01119,0.02492,0.01642,0.0059,0.21426,0.00283,0.01597,0.03205,0.0512,0.076,0.26623,0.17059,0.3422,0.49594,0.51052,0.04279,0.16377,0.21673,0.18504,0.46471,-4.32422,-4.31085,-4.29634,-4.27242,-4.21772,5.33685,5.34899,6.19517,6.20672,6.24519,4.62974,0.64451,0.20225,0.46716,0.74243,-0.42178,-3.07858,-3.07644,-3.06738,-3.05968,0.78738,0.79515,nan,0.81016,0.81682,0.82269,-0.20658,0.83224,0.83631,0.84018,0.84404,0.84798,0.85203,0.85614,0.06166,0.05991,0.86452,0.88521,0.87462,0.87741,0.69163,0.88191,0.88364,0.88504,0.88612,0.88692,0.88742,0.88766,0.88763,0.88735,0.88685
315.0 -180.0,-178.97686,-177.95372,-176.93058,-175.90744,-174.88431,-173.86117,-172.83803,-171.81489,-170.79175,-169.76861,-168.74547,-167.72233,-166.69919,-165.67606,-164.65292,-163.62978,-162.60664,-161.5835,-160.56036,-159.53722,-158.51408,-157.49094,-156.4678,-155.44467,-154.42153,-153.39839,-152.37525,-151.35211,-150.32897,-149.30583,-148.28269,-147.25955,-146.23642,-145.21328,-144.19014,-143.167,-142.14386,-141.12072,-140.09758,-139.07444,-138.0513,-137.02817,-136.00503,-134.98189,-133.95875,-132.93561,-131.91247,-130.88933,-129.86619,-128.84305,-127.81992,-126.79678,-125.77364,-124.7505,-123.72736,-122.70422,-121.68108,-120.65794,-119.6348,-118.61166,-117.58853,-116.56539,-115.54225,-114.51911,-113.49597,-112.47283,-111.44969,-110.42655,-109.40341,-108.38028,-107.35714,-106.334,-105.31086,-104.28772,-103.26458,-102.24144,-101.2183,-100.19516,-99.17203,-98.14889,-97.12575,-96.10261,-95.07947,-94.05633,-93.03319,-92.01005,-90.98691,-89.96378,-88.94064,-87.9175,-86.89436,-85.87122,-84.84808,-83.82494,-82.8018,-81.77866,-80.75552,-79.73239,-78.70925,-77.68611,-76.66297,-75.63983,-74.61669,-73.59355,-72.57041,-71.54727,-70.52414,-69.501,-68.47786,-67.45472,-66.43158,-65.40844,-64.3853,-63.36216,-62.33902,-61.31589,-60.29275,-59.26961,-58.24647,-57.22333,-56.20019,-55.17705,-54.15391,-53.13077,-52.10764,-51.0845,-50.06136,-49.03822,-48.01508,-46.99194,-45.9688,-44.94566,-43.92252,-42.89938,-41.87625,-40.85311,-39.82997,-38.80683,-37.78369,-36.76055,-35.73741,-34.71427,-33.69113,-32.668,-31.64486,-30.62172,-29.59858,-28.57544,-27.5523,-26.52916,-25.50602,-24.48288,-23.45975,-22.43661,-21.41347,-20.39033,-19.36719,-18.34405,-17.32091,-16.29777,-15.27463,-14.25149,-13.22836,-12.20522,-11.18208,-10.15894,-9.1358,-8.11266,-7.08952,-6.06638,-5.04324,-4.02011,-2.99697,-1.97383,-0.95069,0.07245,1.09559,2.11873,3.14187,4.16501,5.18814,6.21128,7.23442,8.25756,9.2807,10.30384,11.32698,12.35012,13.37326,14.39639,15.41953,16.44267,17.46581,18.48895,19.51209,20.53523,21.55837,22.58151,23.60465,24.62778,25.65092,26.67406,27.6972,28.72034,29.74348,30.76662,31.78976,32.8129,33.83603,34.85917,35.88231,36.90545,37.92859,38.95173,39.97487,40.99801,42.02115,43.04428,44.06742,45.09056,46.1137,47.13684,48.15998,49.18312,50.20626,51.2294,52.25253,53.27567,54.29881,55.32195,56.34509,57.36823,58.39137,59.41451,60.43765,61.46079,62.48392,63.50706,64.5302,65.55334,66.57648,67.59962,68.62276,69.6459,70.66904,71.69217,72.71531,73.73845,74.76159,75.78473,76.80787,77.83101,78.85415,79.87729,80.90042,81.92356,82.9467,83.96984,84.99298,86.01612,87.03926,88.0624,89.08554,90.10867,91.13181,92.15495,93.17809,94.20123,95.22437,96.24751,97.27065,98.29379,99.31693,100.34006,101.3632,102.38634,103.40948,104.43262,105.45576,106.4789,107.50204,108.52518,109.54831,110.57145,111.59459,112.61773,113.64087,114.66401,115.68715,116.71029,117.73343,118.75656,119.7797,120.80284,121.82598,122.84912,123.87226,124.8954,125.91854,126.94168,127.96481,128.98795,130.01109,131.03423,132.05737,133.08051,134.10365,135.12679,136.14993,137.17307,138.1962,139.21934,140.24248,141.26562,142.28876,143.3119,144.33504,145.35818,146.38132,147.40445,148.42759,149.45073,150.47387,151.49701,152.52015,153.54329,154.56643,155.58957,156.6127,157.63584,158.65898,159.68212,160.70526,161.7284,162.75154,163.77468,164.79782,165.82095,166.84409,167.86723,168.89037,169.91351,170.93665,171.95979,172.98293,174.00607,175.02921,176.05234,177.07548,178.09862,179.12176 2.97212,2.96478,1.01956,0.88309,2.19985,2.09593,0.88373,0.88423,0.88454,0.88452,0.88406,0.97823,1.76211,1.77305,1.78807,-0.90375,-6.12732,0.95586,0.85268,0.86001,0.85554,0.85102,0.84661,-0.86694,3.79758,3.84986,4.49188,3.14455,0.82119,0.8154,0.75718,0.7343,0.72316,-0.00909,-0.71077,-2.40926,-4.66171,0.75612,-2.17186,-2.18114,-6.3877,-4.18377,-0.11765,0.70019,0.69042,0.68068,0.67047,0.65942,1.30977,0.63548,0.59486,0.58661,0.60044,1.06267,2.70684,2.71501,0.54593,0.53218,0.51825,1.46033,1.44865,0.69926,-0.64581,5.40366,6.98983,-0.59373,0.39495,2.72912,6.55836,0.34521,0.32806,0.31075,0.29339,0.27588,0.25663,0.16526,-0.18611,0.00928,-0.00865,-0.02011,2.50495,0.13019,0.11155,-0.89386,-2.89419,-2.62597,0.03586,2.05938,6.68274,6.66938,6.68078,1.45594,-0.0769,-0.09573,-0.60598,-0.1331,-0.15166,-0.17019,-0.18862,-0.15853,-0.22497,-0.24302,-0.26098,-0.27872,-0.29622,-0.31358,-0.33088,-0.14373,-0.36481,-0.31245,-0.53747,-0.41406,-0.43015,-0.44579,-0.46109,-0.36267,0.03917,0.03929,-1.13414,-0.53473,-0.5485,-0.56232,-0.57603,-0.58927,-0.6018,-0.61386,0.48201,-4.07737,4.11487,2.80244,0.95832,-1.21979,-0.69264,-0.7025,-0.71267,-6.85139,-5.72561,-0.12233,-0.75061,-0.85833,-0.76509,-0.77222,-0.77973,-0.78762,1.7303,4.49679,4.45936,4.42872,4.41492,4.40625,-0.59871,-0.83603,-8.03952,-8.04726,-0.84856,-0.85312,-0.85772,-0.86223,-0.86651,-0.87043,-0.87394,-0.92689,-2.49121,-3.52268,-3.53619,-3.55582,-3.5599,-3.56124,-3.54956,2.01696,-1.86033,-6.42879,-1.29466,-0.88454,-0.88496,-1.19697,-0.88624,-0.8868,-0.8872,-0.88739,-0.88736,-0.88711,-0.88662,-0.88588,-0.88488,-0.88361,-0.88204,-0.88015,-0.87792,-0.87532,-0.87233,-0.86895,-0.86519,-0.8611,-0.8568,-0.8524,-4.6514,-0.84382,-7.49417,-6.88225,-6.87587,-6.87065,-0.48684,-0.65835,-0.64471,-0.6446,-0.63781,-6.61656,-6.62244,-1.74645,-1.98199,-0.76081,0.83279,-0.74627,-0.73777,-0.72839,-0.71847,-0.70848,-5.22682,-5.22072,-3.8882,-1.19635,-1.3521,-0.6474,-0.63559,-0.62383,-0.6063,-0.00278,0.01162,0.0096,-0.56203,-0.54861,-0.53523,-0.50012,-0.01709,-0.0117,-3.35292,-0.46375,-2.14901,-3.50415,0.01829,-0.40233,-0.38637,-0.37033,-0.35408,-0.33751,0.12625,0.14595,0.09586,-3.15807,-2.84099,-4.63586,-4.64543,-4.6049,-4.60489,2.22516,1.92688,-4.54919,-5.17423,-5.15692,-3.30928,-0.00225,0.01217,-0.0173,0.00116,0.01962,0.03803,0.77254,1.42547,1.45054,0.15315,0.06945,1.51537,0.01451,0.02094,-0.08721,-0.14972,-0.07018,-0.02246,0.00407,0.04039,0.05202,0.5753,0.33945,0.35597,-0.37779,0.01232,0.02962,0.05272,0.17914,0.45048,0.46531,0.48009,0.4948,0.50919,0.52305,0.5365,0.54986,0.56325,0.57652,-4.32466,-4.31136,-4.29567,-4.25938,-4.22491,5.33346,5.34573,6.17639,6.19931,6.2385,-1.4402,0.7089,0.71886,0.99607,-4.54319,0.44967,-3.07163,-3.0809,-3.07232,-2.969,0.81126,0.78967,0.79743,0.8049,0.81176,0.81781,0.82302,0.82754,0.83159,0.83542,0.83923,0.84317,0.8473,0.85156,0.85588,0.04825,0.03333,0.86784,0.87119,0.87414,-3.18926,-2.16148,0.88078,0.88232,0.88357,0.88454,0.88525,0.8857,0.88592,0.88591,0.88568,5.81526
320.625 -180.0,-178.99481,-177.98962,-176.98443,-175.97924,-174.97405,-173.96887,-172.96368,-171.95849,-170.9533,-169.94811,-168.94292,-167.93773,-166.93254,-165.92735,-164.92216,-163.91697,-162.91179,-161.9066,-160.90141,-159.89622,-158.89103,-157.88584,-156.88065,-155.87546,-154.87027,-153.86508,-152.85989,-151.8547,-150.84952,-149.84433,-148.83914,-147.83395,-146.82876,-145.82357,-144.81838,-143.81319,-142.808,-141.80281,-140.79762,-139.79244,-138.78725,-137.78206,-136.77687,-135.77168,-134.76649,-133.7613,-132.75611,-131.75092,-130.74573,-129.74054,-128.73536,-127.73017,-126.72498,-125.71979,-124.7146,-123.70941,-122.70422,-121.69903,-120.69384,-119.68865,-118.68346,-117.67827,-116.67309,-115.6679,-114.66271,-113.65752,-112.65233,-111.64714,-110.64195,-109.63676,-108.63157,-107.62638,-106.62119,-105.61601,-104.61082,-103.60563,-102.60044,-101.59525,-100.59006,-99.58487,-98.57968,-97.57449,-96.5693,-95.56411,-94.55893,-93.55374,-92.54855,-91.54336,-90.53817,-89.53298,-88.52779,-87.5226,-86.51741,-85.51222,-84.50703,-83.50185,-82.49666,-81.49147,-80.48628,-79.48109,-78.4759,-77.47071,-76.46552,-75.46033,-74.45514,-73.44995,-72.44476,-71.43958,-70.43439,-69.4292,-68.42401,-67.41882,-66.41363,-65.40844,-64.40325,-63.39806,-62.39287,-61.38768,-60.3825,-59.37731,-58.37212,-57.36693,-56.36174,-55.35655,-54.35136,-53.34617,-52.34098,-51.33579,-50.3306,-49.32542,-48.32023,-47.31504,-46.30985,-45.30466,-44.29947,-43.29428,-42.28909,-41.2839,-40.27871,-39.27352,-38.26833,-37.26315,-36.25796,-35.25277,-34.24758,-33.24239,-32.2372,-31.23201,-30.22682,-29.22163,-28.21644,-27.21125,-26.20607,-25.20088,-24.19569,-23.1905,-22.18531,-21.18012,-20.17493,-19.16974,-18.16455,-17.15936,-16.15417,-15.14899,-14.1438,-13.13861,-12.13342,-11.12823,-10.12304,-9.11785,-8.11266,-7.10747,-6.10228,-5.09709,-4.09191,-3.08672,-2.08153,-1.07634,-0.07115,0.93404,1.93923,2.94442,3.94961,4.9548,5.95999,6.96518,7.97036,8.97555,9.98074,10.98593,11.99112,12.99631,14.0015,15.00669,16.01188,17.01707,18.02226,19.02744,20.03263,21.03782,22.04301,23.0482,24.05339,25.05858,26.06377,27.06896,28.07415,29.07934,30.08452,31.08971,32.0949,33.10009,34.10528,35.11047,36.11566,37.12085,38.12604,39.13123,40.13642,41.14161,42.14679,43.15198,44.15717,45.16236,46.16755,47.17274,48.17793,49.18312,50.18831,51.1935,52.19869,53.20387,54.20906,55.21425,56.21944,57.22463,58.22982,59.23501,60.2402,61.24539,62.25058,63.25577,64.26095,65.26614,66.27133,67.27652,68.28171,69.2869,70.29209,71.29728,72.30247,73.30766,74.31285,75.31804,76.32322,77.32841,78.3336,79.33879,80.34398,81.34917,82.35436,83.35955,84.36474,85.36993,86.37512,87.3803,88.38549,89.39068,90.39587,91.40106,92.40625,93.41144,94.41663,95.42182,96.42701,97.4322,98.43738,99.44257,100.44776,101.45295,102.45814,103.46333,104.46852,105.47371,106.4789,107.48409,108.48928,109.49446,110.49965,111.50484,112.51003,113.51522,114.52041,115.5256,116.53079,117.53598,118.54117,119.54636,120.55155,121.55673,122.56192,123.56711,124.5723,125.57749,126.58268,127.58787,128.59306,129.59825,130.60344,131.60863,132.61381,133.619,134.62419,135.62938,136.63457,137.63976,138.64495,139.65014,140.65533,141.66052,142.66571,143.67089,144.67608,145.68127,146.68646,147.69165,148.69684,149.70203,150.70722,151.71241,152.7176,153.72279,154.72798,155.73316,156.73835,157.74354,158.74873,159.75392,160.75911,161.7643,162.76949,163.77468,164.77987,165.78506,166.79024,167.79543,168.80062,169.80581,170.811,171.81619,172.82138,173.82657,174.83176,175.83695,176.84214,177.84732,178.85251,179.8577 2.9885,1.39739,0.88191,0.88141,0.88111,0.88103,0.88112,0.88124,0.88125,0.88103,0.88047,1.76088,1.75867,1.25868,-3.21326,-6.12839,-1.2161,0.86482,0.86075,0.85627,0.85152,0.84672,0.84205,7.65687,7.64019,3.82848,3.81646,-3.66603,0.35759,0.81209,0.80574,0.79848,0.78916,0.7621,-0.98615,-4.03256,-4.03953,2.68332,-2.17107,-6.3801,-6.38828,-1.77197,0.71044,nan,0.69089,-4.69585,0.6433,0.6138,7.05079,-6.23711,0.16155,0.59369,0.57562,0.58571,0.58015,2.09064,2.71363,0.54001,1.02957,1.46281,1.45941,1.4455,1.45985,-2.47586,-0.56645,6.98065,6.96886,-3.12271,0.38386,0.36154,0.34532,0.32864,0.31175,0.2949,0.27803,0.26088,-0.12486,-2.63588,0.20828,0.19067,6.90528,6.87953,2.86039,0.11872,-0.34131,-0.23124,-0.23274,0.04565,0.02744,0.97476,2.57509,6.66135,5.05247,4.01961,3.99701,-3.14581,-4.73025,-0.13703,-0.15508,-0.17314,-0.19101,-0.20863,-0.22616,-0.24376,-0.26126,-0.27841,-0.2953,-0.31216,-0.32907,-0.34575,1.37968,3.83279,3.81265,-3.18841,-1.44165,-0.44076,-0.45553,-0.47031,5.71779,5.82147,-4.96127,-4.97688,-0.54066,-0.55411,-0.56767,-0.58086,-0.59325,-0.6049,1.30615,-4.33939,-4.3424,0.11962,4.12757,2.94774,-0.68253,-0.69177,-0.70139,-0.24907,-2.68335,-5.71543,-2.86027,-5.80997,-5.8135,-0.76157,-0.76845,-0.40476,-3.79477,-4.2759,-4.03236,-4.17916,4.43391,4.42028,3.14478,-0.82709,-0.83089,-0.08166,-0.83892,-0.84346,-0.84826,-0.85316,-0.85795,-0.86243,-0.86649,-0.87007,-1.62759,-1.01987,-0.87795,-0.8797,-0.88102,-2.40864,-3.55895,-3.55097,5.09497,5.10472,2.16685,-0.88241,-0.88269,-2.12884,-4.24182,-0.88438,-0.88491,-0.88528,-0.88549,-0.8855,2.3934,2.39442,3.67803,3.09432,-0.8824,-0.88107,-0.87945,-0.87752,-0.87525,-0.8726,-0.86953,-0.86602,-0.86206,-0.85768,-0.85304,-0.3761,-0.84368,-6.07625,-7.4772,-5.44335,-6.85472,-5.60676,-0.35363,-0.52274,-0.64879,1.16309,1.89596,-1.71813,3.43505,5.33847,2.68268,-0.7577,-0.51833,-0.74381,-0.73553,-0.72626,-0.7164,-0.70648,-2.09732,-5.21759,-5.22236,-0.66898,-1.3439,-0.64724,-0.63555,-0.62393,-0.61257,-0.00569,0.00921,0.02298,0.6174,-0.55065,-0.5375,-0.52439,-0.51092,-0.74644,-4.00465,-0.46777,-0.45321,-0.43852,-0.00543,-0.40788,-0.39215,-0.37641,-0.36059,-0.34445,-0.32798,0.1508,0.15616,2.44634,-1.07827,-1.37286,-4.6568,-4.63849,-3.15119,1.17608,2.357,2.3738,-5.17615,-5.15842,-5.13804,-5.1148,-5.10404,-1.75323,-0.01186,0.00639,0.02458,0.04266,1.07504,1.44259,1.90964,0.1149,1.7422,6.07958,6.08377,4.32876,-0.17272,-0.17555,-0.13615,3.64067,-2.24474,-2.6758,-1.15562,0.32284,0.33938,1.96756,-5.9533,-7.21415,-7.19698,-7.18133,0.43377,0.44854,0.46309,0.47765,0.49219,0.5064,0.52001,0.53316,0.54624,0.55945,0.57261,0.58532,-0.52001,-1.75752,-4.23546,-4.22442,5.32833,5.34042,5.75084,6.19603,6.23104,-1.19284,0.70274,3.00349,2.32069,-5.90812,-5.89925,2.42697,2.41936,-3.07851,-3.07438,0.77507,0.7826,0.79038,0.79805,0.80518,0.81151,0.81695,0.40371,0.82568,0.82943,0.83311,0.83695,0.84107,0.84549,0.85011,0.85475,0.02752,0.86332,0.86701,0.87025,-2.16631,-2.17523,-2.20083,5.06706,0.88069,0.88185,0.88276,0.88344,0.88389,0.88414,0.88418,0.88403,7.09387,2.99177
326.25 -180.0,-179.01214,-178.02428,-177.03643,-176.04857,-175.06071,-174.07285,-173.08499,-172.09713,-171.10928,-170.12142,-169.13356,-168.1457,-167.15784,-166.16998,-165.18213,-164.19427,-163.20641,-162.21855,-161.23069,-160.24283,-159.25498,-158.26712,-157.27926,-156.2914,-155.30354,-154.31569,-153.32783,-152.33997,-151.35211,-150.36425,-149.37639,-148.38854,-147.40068,-146.41282,-145.42496,-144.4371,-143.44924,-142.46139,-141.47353,-140.48567,-139.49781,-138.50995,-137.52209,-136.53424,-135.54638,-134.55852,-133.57066,-132.5828,-131.59494,-130.60709,-129.61923,-128.63137,-127.64351,-126.65565,-125.6678,-124.67994,-123.69208,-122.70422,-121.71636,-120.7285,-119.74065,-118.75279,-117.76493,-116.77707,-115.78921,-114.80135,-113.8135,-112.82564,-111.83778,-110.84992,-109.86206,-108.8742,-107.88635,-106.89849,-105.91063,-104.92277,-103.93491,-102.94706,-101.9592,-100.97134,-99.98348,-98.99562,-98.00776,-97.01991,-96.03205,-95.04419,-94.05633,-93.06847,-92.08061,-91.09276,-90.1049,-89.11704,-88.12918,-87.14132,-86.15346,-85.16561,-84.17775,-83.18989,-82.20203,-81.21417,-80.22631,-79.23846,-78.2506,-77.26274,-76.27488,-75.28702,-74.29917,-73.31131,-72.32345,-71.33559,-70.34773,-69.35987,-68.37202,-67.38416,-66.3963,-65.40844,-64.42058,-63.43272,-62.44487,-61.45701,-60.46915,-59.48129,-58.49343,-57.50557,-56.51772,-55.52986,-54.542,-53.55414,-52.56628,-51.57843,-50.59057,-49.60271,-48.61485,-47.62699,-46.63913,-45.65128,-44.66342,-43.67556,-42.6877,-41.69984,-40.71198,-39.72413,-38.73627,-37.74841,-36.76055,-35.77269,-34.78483,-33.79698,-32.80912,-31.82126,-30.8334,-29.84554,-28.85769,-27.86983,-26.88197,-25.89411,-24.90625,-23.91839,-22.93054,-21.94268,-20.95482,-19.96696,-18.9791,-17.99124,-17.00339,-16.01553,-15.02767,-14.03981,-13.05195,-12.06409,-11.07624,-10.08838,-9.10052,-8.11266,-7.1248,-6.13694,-5.14909,-4.16123,-3.17337,-2.18551,-1.19765,-0.2098,0.77806,1.76592,2.75378,3.74164,4.7295,5.71735,6.70521,7.69307,8.68093,9.66879,10.65665,11.6445,12.63236,13.62022,14.60808,15.59594,16.5838,17.57165,18.55951,19.54737,20.53523,21.52309,22.51094,23.4988,24.48666,25.47452,26.46238,27.45024,28.43809,29.42595,30.41381,31.40167,32.38953,33.37739,34.36524,35.3531,36.34096,37.32882,38.31668,39.30454,40.29239,41.28025,42.26811,43.25597,44.24383,45.23168,46.21954,47.2074,48.19526,49.18312,50.17098,51.15883,52.14669,53.13455,54.12241,55.11027,56.09813,57.08598,58.07384,59.0617,60.04956,61.03742,62.02528,63.01313,64.00099,64.98885,65.97671,66.96457,67.95243,68.94028,69.92814,70.916,71.90386,72.89172,73.87957,74.86743,75.85529,76.84315,77.83101,78.81887,79.80672,80.79458,81.78244,82.7703,83.75816,84.74602,85.73387,86.72173,87.70959,88.69745,89.68531,90.67317,91.66102,92.64888,93.63674,94.6246,95.61246,96.60031,97.58817,98.57603,99.56389,100.55175,101.53961,102.52746,103.51532,104.50318,105.49104,106.4789,107.46676,108.45461,109.44247,110.43033,111.41819,112.40605,113.39391,114.38176,115.36962,116.35748,117.34534,118.3332,119.32106,120.30891,121.29677,122.28463,123.27249,124.26035,125.2482,126.23606,127.22392,128.21178,129.19964,130.1875,131.17535,132.16321,133.15107,134.13893,135.12679,136.11465,137.1025,138.09036,139.07822,140.06608,141.05394,142.0418,143.02965,144.01751,145.00537,145.99323,146.98109,147.96894,148.9568,149.94466,150.93252,151.92038,152.90824,153.89609,154.88395,155.87181,156.85967,157.84753,158.83539,159.82324,160.8111,161.79896,162.78682,163.77468,164.76254,165.75039,166.73825,167.72611,168.71397,169.70183,170.68968,171.67754,172.6654,173.65326,174.64112,175.62898,176.61683,177.60469,178.59255,179.58041 0.88155,0.881,0.88039,0.87979,0.87928,0.8789,0.87862,0.87839,0.8781,0.87766,0.87698,1.78459,0.87464,0.87289,0.87071,0.86805,0.86488,0.86116,0.8569,0.85214,0.84708,0.84197,0.83719,0.83297,7.657,5.66576,3.81187,0.59885,-3.79319,-3.79673,7.3287,2.02374,1.98467,1.96112,0.77285,-3.32235,-4.04166,-6.19848,-6.22779,-6.38685,-5.79103,0.72203,nan,0.70183,0.69221,0.68264,2.08894,0.61546,0.60731,7.02471,-3.34784,4.24989,0.57554,0.13523,-0.72974,3.8644,0.56211,0.54879,-4.06002,1.43784,1.47735,1.4566,0.37688,1.22127,1.20797,-0.10756,6.97287,3.52286,-6.20646,-6.21219,-0.56872,0.34658,0.33036,0.3138,0.29733,0.28099,0.26442,-0.53395,-2.14001,0.21305,0.19601,0.17872,6.90368,6.01812,-1.68543,-1.72545,-0.22546,0.07248,0.50013,0.03693,0.01915,0.00111,-0.01694,-0.03475,-0.05243,-0.07028,-0.0883,-0.10617,-0.12374,-0.14126,-0.15895,-0.17661,-0.19396,-0.21102,-0.22813,-0.24537,-0.26245,-0.27907,-0.29544,-0.31191,-0.32848,-0.34478,3.14849,1.84506,3.67589,-3.95284,-0.42261,-0.43735,-0.4516,-0.46594,-0.48054,-0.49505,-1.88086,-2.49276,-0.53462,-0.54764,-0.56098,-0.57414,-0.58647,-3.02719,-7.13523,-1.35268,-4.3204,-4.3287,-1.40101,-7.8253,-2.25431,-0.6829,-0.69186,-0.20026,1.24104,-5.67925,-5.74013,-5.78523,-5.79522,-3.93396,-5.23917,-5.28811,-0.26367,-2.65631,-4.00042,-4.02512,-4.15595,-0.04437,-0.37017,-0.81914,-0.82285,-0.714,-0.66952,-0.70552,-0.838,-0.84294,-0.84816,-0.85331,-0.8581,-0.86238,-1.79736,-5.72167,-1.52749,-0.87414,-0.8759,-0.87726,-0.87826,-3.55653,-3.54645,1.33967,0.77038,-1.40204,1.95362,0.36984,-5.97247,-5.97194,-2.99978,-0.88309,nan,nan,1.78911,2.39698,2.39693,2.39647,2.42954,4.96533,-0.87972,-0.87828,-0.87657,-0.87454,-0.87214,0.84669,3.05248,1.13919,-0.85784,-0.85294,-0.84775,-0.84258,-0.83775,-5.90825,-0.82968,-0.82617,-1.88782,-4.46183,-4.45198,-3.63109,1.91542,1.8974,1.90152,1.9089,5.26461,5.34397,-0.75946,-0.75329,-0.74702,-0.74003,-0.73191,-0.72269,-0.71285,-0.70301,-0.69361,-5.2385,-5.2345,-3.9763,-0.65675,-0.64564,-0.63407,-0.6226,-0.61152,-5.56588,-6.55464,-0.57725,-0.56442,-0.55133,-0.53841,-0.52567,-0.51271,-7.82233,-5.31949,-0.47053,-0.45625,-0.442,-0.10032,-0.41228,-0.3968,-0.38132,-0.3659,-0.35027,-0.33422,-0.31787,0.14442,4.17198,5.21774,-0.25175,-1.71586,-4.64996,-0.82296,-0.18334,-0.80876,-1.43619,2.32405,-1.01708,-5.13954,-5.11903,-5.10074,-5.1104,-0.02446,-0.00653,4.2845,4.2837,0.29106,0.46513,0.48241,0.64352,0.11803,0.13556,6.10089,6.10635,-4.83211,-4.82887,-4.86912,-3.95825,-2.68002,-2.68718,-2.67066,0.30582,0.3222,0.33849,5.53916,6.68944,-2.3664,-7.19927,-1.38296,0.43119,0.44563,0.45982,0.47412,0.48849,0.50254,0.51593,0.52875,4.81949,1.53356,0.56748,0.58015,0.592,0.60308,-2.31875,-0.13716,4.9047,5.33363,0.31992,6.1893,6.2054,-2.59297,3.25576,3.58849,3.47245,-5.91712,-5.9067,2.42196,2.42757,2.42004,-3.08262,0.72629,0.77421,0.78197,0.78985,0.79737,0.80411,0.80992,5.41835,5.42506,0.82276,0.82622,0.82968,0.83341,0.83765,7.43349,0.84752,0.85263,0.85744,0.86174,0.86548,0.8687,0.79261,-0.87244,4.41527,5.06991,5.07241,1.13836,nan,0.88152,0.882,0.8823,nan,nan,3.09328,0.88175
331.875 -180.0,-179.02889,-178.05777,-177.08666,-176.11554,-175.14443,-174.17331,-173.2022,-172.23108,-171.25997,-170.28885,-169.31774,-168.34662,-167.37551,-166.40439,-165.43328,-164.46216,-163.49105,-162.51993,-161.54882,-160.5777,-159.60659,-158.63547,-157.66436,-156.69324,-155.72213,-154.75101,-153.7799,-152.80878,-151.83767,-150.86655,-149.89544,-148.92432,-147.95321,-146.98209,-146.01098,-145.03986,-144.06875,-143.09763,-142.12652,-141.1554,-140.18429,-139.21317,-138.24206,-137.27094,-136.29983,-135.32871,-134.3576,-133.38648,-132.41537,-131.44425,-130.47314,-129.50202,-128.53091,-127.5598,-126.58868,-125.61757,-124.64645,-123.67534,-122.70422,-121.73311,-120.76199,-119.79088,-118.81976,-117.84865,-116.87753,-115.90642,-114.9353,-113.96419,-112.99307,-112.02196,-111.05084,-110.07973,-109.10861,-108.1375,-107.16638,-106.19527,-105.22415,-104.25304,-103.28192,-102.31081,-101.33969,-100.36858,-99.39746,-98.42635,-97.45523,-96.48412,-95.513,-94.54189,-93.57077,-92.59966,-91.62854,-90.65743,-89.68631,-88.7152,-87.74408,-86.77297,-85.80185,-84.83074,-83.85962,-82.88851,-81.91739,-80.94628,-79.97516,-79.00405,-78.03293,-77.06182,-76.0907,-75.11959,-74.14848,-73.17736,-72.20625,-71.23513,-70.26402,-69.2929,-68.32179,-67.35067,-66.37956,-65.40844,-64.43733,-63.46621,-62.4951,-61.52398,-60.55287,-59.58175,-58.61064,-57.63952,-56.66841,-55.69729,-54.72618,-53.75506,-52.78395,-51.81283,-50.84172,-49.8706,-48.89949,-47.92837,-46.95726,-45.98614,-45.01503,-44.04391,-43.0728,-42.10168,-41.13057,-40.15945,-39.18834,-38.21722,-37.24611,-36.27499,-35.30388,-34.33276,-33.36165,-32.39053,-31.41942,-30.4483,-29.47719,-28.50607,-27.53496,-26.56384,-25.59273,-24.62161,-23.6505,-22.67939,-21.70827,-20.73716,-19.76604,-18.79493,-17.82381,-16.8527,-15.88158,-14.91047,-13.93935,-12.96824,-11.99712,-11.02601,-10.05489,-9.08378,-8.11266,-7.14155,-6.17043,-5.19932,-4.2282,-3.25709,-2.28597,-1.31486,-0.34374,0.62737,1.59849,2.5696,3.54072,4.51183,5.48295,6.45406,7.42518,8.39629,9.36741,10.33852,11.30964,12.28075,13.25187,14.22298,15.1941,16.16521,17.13633,18.10744,19.07856,20.04967,21.02079,21.9919,22.96302,23.93413,24.90525,25.87636,26.84748,27.81859,28.78971,29.76082,30.73193,31.70305,32.67416,33.64528,34.61639,35.58751,36.55862,37.52974,38.50085,39.47197,40.44308,41.4142,42.38531,43.35643,44.32754,45.29866,46.26977,47.24089,48.212,49.18312,50.15423,51.12535,52.09646,53.06758,54.03869,55.00981,55.98092,56.95204,57.92315,58.89427,59.86538,60.8365,61.80761,62.77873,63.74984,64.72096,65.69207,66.66319,67.6343,68.60542,69.57653,70.54765,71.51876,72.48988,73.46099,74.43211,75.40322,76.37434,77.34545,78.31657,79.28768,80.2588,81.22991,82.20102,83.17214,84.14325,85.11437,86.08548,87.0566,88.02771,88.99883,89.96994,90.94106,91.91217,92.88329,93.8544,94.82552,95.79663,96.76775,97.73886,98.70998,99.68109,100.65221,101.62332,102.59444,103.56555,104.53667,105.50778,106.4789,107.45001,108.42113,109.39224,110.36336,111.33447,112.30559,113.2767,114.24782,115.21893,116.19005,117.16116,118.13228,119.10339,120.07451,121.04562,122.01674,122.98785,123.95897,124.93008,125.9012,126.87231,127.84343,128.81454,129.78566,130.75677,131.72789,132.699,133.67011,134.64123,135.61234,136.58346,137.55457,138.52569,139.4968,140.46792,141.43903,142.41015,143.38126,144.35238,145.32349,146.29461,147.26572,148.23684,149.20795,150.17907,151.15018,152.1213,153.09241,154.06353,155.03464,156.00576,156.97687,157.94799,158.9191,159.89022,160.86133,161.83245,162.80356,163.77468,164.74579,165.71691,166.68802,167.65914,168.63025,169.60137,170.57248,171.5436,172.51471,173.48583,174.45694,175.42806,176.39917,177.37029,178.3414,179.31252 nan,nan,0.87973,0.87904,0.87834,0.87766,0.87696,0.87617,0.87523,0.8743,1.20783,1.77785,0.8708,0.86897,0.8667,0.86394,0.86058,0.85657,0.85185,0.84657,0.84113,0.83616,0.83199,0.82855,0.82547,5.20142,3.81178,3.80777,-0.54625,-4.1906,-4.19473,1.19598,1.18898,1.25637,1.18044,-3.05743,-3.07881,-1.68946,-2.59525,-6.15326,-1.17624,0.72388,0.71422,0.70397,0.69398,0.68479,0.67646,5.5908,5.58136,5.57104,5.15388,0.06304,-5.50166,-5.49319,-0.72051,-0.73318,1.63752,0.55804,0.54492,-6.66796,-2.6707,1.46799,-4.9407,-7.03892,-7.03487,1.20671,1.19366,5.3863,7.44831,-1.18432,-6.20968,0.07439,0.34829,0.33256,0.31634,0.30014,0.28423,0.26823,0.25172,0.23481,0.21798,0.20139,0.18468,4.61812,5.83742,5.97251,3.59256,0.09858,nan,3.30343,4.04581,0.02873,0.01122,-0.00656,-0.02417,-0.04144,-0.0587,-0.07628,-0.09398,-0.11137,-6.8232,-0.21293,-0.16299,-0.18026,-0.19708,-0.21367,-0.23044,-0.24738,-3.22147,-3.31886,-0.29606,-0.3122,-0.32849,-0.34441,-6.44624,-6.48596,-6.50356,-6.51943,-0.42037,-0.4347,-0.44846,-0.46235,-0.47667,-0.491,-0.50464,0.94199,-0.52948,-0.54202,-0.5551,-0.56821,-1.29731,-7.11854,-7.12691,-3.60381,1.63673,2.16713,-2.25341,-1.90284,-6.73907,-6.70577,-6.71646,-6.91544,2.37221,2.02129,1.96151,1.98246,-5.7949,-5.91151,-5.27126,-5.25183,-0.25237,-0.2624,-0.68399,-0.78755,3.94732,-4.13079,-2.93856,-0.81201,-0.81592,-0.81935,-0.82249,-0.75081,-0.82867,-0.83221,-0.83649,-0.84162,-0.84718,-0.85255,-0.85732,-2.73264,-5.72064,-0.86765,-0.86996,-0.87183,-0.87331,-0.87447,-3.40377,-3.53861,-3.5468,-1.41085,-1.40138,1.61087,1.95462,-5.50567,-5.97311,-5.97274,-0.88186,nan,nan,nan,nan,2.3998,2.39367,2.38046,2.38002,nan,-0.87673,-0.87516,-0.8733,-0.87108,2.5353,2.54796,6.50962,-0.85721,-0.85207,-0.84634,-0.8405,-0.83524,-0.8309,-0.82729,-0.82404,-0.82086,-4.452,-4.44934,-4.44597,-0.57691,2.6227,1.90085,1.90861,1.92836,4.46409,4.46919,-0.75362,-0.74795,-0.74209,-0.73536,-0.72734,-0.71809,-0.7082,-0.69842,-0.68924,-0.68076,-1.6672,-2.33754,-5.21408,-3.55707,-1.78311,-0.62022,-1.75114,-7.15307,-7.17521,-0.57654,-0.56394,-0.55103,-0.53833,-0.52596,-0.51353,-7.82346,-7.81014,-0.4724,-0.45836,-0.44452,5.1351,4.64345,-0.40066,-0.18705,0.46562,-0.31872,-0.33968,-0.32369,-0.30755,-0.29152,5.21079,5.24953,-0.24243,-1.70606,-4.06945,-0.19217,5.28733,6.24266,6.25892,5.44348,1.84882,-0.09931,-0.17607,-0.05379,-0.0365,-0.01904,-0.00135,7.24147,7.26605,0.05111,0.08275,0.08603,-5.08186,0.12085,0.13801,0.15525,6.12188,-4.81529,-4.81206,-4.80771,-4.77266,-2.7043,-2.68709,0.28895,0.30495,0.32106,0.33709,5.50618,6.68515,6.70246,1.28261,1.06099,0.42801,0.44211,0.45592,0.46989,0.48406,0.49799,0.5112,2.49532,5.43875,5.42984,5.44268,0.57415,0.586,0.59687,6.34921,6.5632,0.27619,0.28776,-1.27935,-2.25429,-2.63711,-2.61858,-2.59397,3.60877,3.6193,3.70653,0.72509,-1.1724,0.68031,1.54355,-0.00478,-1.8874,-1.87214,0.77231,0.78047,0.78853,0.79594,0.80232,5.41267,5.41585,5.42636,0.81954,0.82272,0.82586,0.82923,0.83317,1.4632,0.84355,0.84933,0.85469,0.85933,0.86326,0.86657,4.17639,4.18479,0.87366,5.05001,5.06949,nan,nan,0.87991,0.88065,0.88117,nan,nan,nan,nan
337.5 -180.0,-179.04507,-178.09014,-177.13521,-176.18028,-175.22535,-174.27042,-173.31549,-172.36056,-171.40563,-170.4507,-169.49577,-168.54084,-167.58591,-166.63098,-165.67606,-164.72113,-163.7662,-162.81127,-161.85634,-160.90141,-159.94648,-158.99155,-158.03662,-157.08169,-156.12676,-155.17183,-154.2169,-153.26197,-152.30704,-151.35211,-150.39718,-149.44225,-148.48732,-147.53239,-146.57746,-145.62253,-144.6676,-143.71267,-142.75774,-141.80281,-140.84788,-139.89295,-138.93802,-137.9831,-137.02817,-136.07324,-135.11831,-134.16338,-133.20845,-132.25352,-131.29859,-130.34366,-129.38873,-128.4338,-127.47887,-126.52394,-125.56901,-124.61408,-123.65915,-122.70422,-121.74929,-120.79436,-119.83943,-118.8845,-117.92957,-116.97464,-116.01971,-115.06478,-114.10985,-113.15492,-112.19999,-111.24506,-110.29013,-109.33521,-108.38028,-107.42535,-106.47042,-105.51549,-104.56056,-103.60563,-102.6507,-101.69577,-100.74084,-99.78591,-98.83098,-97.87605,-96.92112,-95.96619,-95.01126,-94.05633,-93.1014,-92.14647,-91.19154,-90.23661,-89.28168,-88.32675,-87.37182,-86.41689,-85.46196,-84.50703,-83.5521,-82.59717,-81.64225,-80.68732,-79.73239,-78.77746,-77.82253,-76.8676,-75.91267,-74.95774,-74.00281,-73.04788,-72.09295,-71.13802,-70.18309,-69.22816,-68.27323,-67.3183,-66.36337,-65.40844,-64.45351,-63.49858,-62.54365,-61.58872,-60.63379,-59.67886,-58.72393,-57.769,-56.81407,-55.85914,-54.90421,-53.94929,-52.99436,-52.03943,-51.0845,-50.12957,-49.17464,-48.21971,-47.26478,-46.30985,-45.35492,-44.39999,-43.44506,-42.49013,-41.5352,-40.58027,-39.62534,-38.67041,-37.71548,-36.76055,-35.80562,-34.85069,-33.89576,-32.94083,-31.9859,-31.03097,-30.07604,-29.12111,-28.16618,-27.21125,-26.25632,-25.3014,-24.34647,-23.39154,-22.43661,-21.48168,-20.52675,-19.57182,-18.61689,-17.66196,-16.70703,-15.7521,-14.79717,-13.84224,-12.88731,-11.93238,-10.97745,-10.02252,-9.06759,-8.11266,-7.15773,-6.2028,-5.24787,-4.29294,-3.33801,-2.38308,-1.42815,-0.47322,0.48171,1.43664,2.39156,3.34649,4.30142,5.25635,6.21128,7.16621,8.12114,9.07607,10.031,10.98593,11.94086,12.89579,13.85072,14.80565,15.76058,16.71551,17.67044,18.62537,19.5803,20.53523,21.49016,22.44509,23.40002,24.35495,25.30988,26.26481,27.21974,28.17467,29.1296,30.08452,31.03945,31.99438,32.94931,33.90424,34.85917,35.8141,36.76903,37.72396,38.67889,39.63382,40.58875,41.54368,42.49861,43.45354,44.40847,45.3634,46.31833,47.27326,48.22819,49.18312,50.13805,51.09298,52.04791,53.00284,53.95777,54.9127,55.86763,56.82256,57.77748,58.73241,59.68734,60.64227,61.5972,62.55213,63.50706,64.46199,65.41692,66.37185,67.32678,68.28171,69.23664,70.19157,71.1465,72.10143,73.05636,74.01129,74.96622,75.92115,76.87608,77.83101,78.78594,79.74087,80.6958,81.65073,82.60566,83.56059,84.51552,85.47045,86.42537,87.3803,88.33523,89.29016,90.24509,91.20002,92.15495,93.10988,94.06481,95.01974,95.97467,96.9296,97.88453,98.83946,99.79439,100.74932,101.70425,102.65918,103.61411,104.56904,105.52397,106.4789,107.43383,108.38876,109.34369,110.29862,111.25355,112.20848,113.16341,114.11833,115.07326,116.02819,116.98312,117.93805,118.89298,119.84791,120.80284,121.75777,122.7127,123.66763,124.62256,125.57749,126.53242,127.48735,128.44228,129.39721,130.35214,131.30707,132.262,133.21693,134.17186,135.12679,136.08172,137.03665,137.99158,138.94651,139.90144,140.85637,141.81129,142.76622,143.72115,144.67608,145.63101,146.58594,147.54087,148.4958,149.45073,150.40566,151.36059,152.31552,153.27045,154.22538,155.18031,156.13524,157.09017,158.0451,159.00003,159.95496,160.90989,161.86482,162.81975,163.77468,164.72961,165.68454,166.63947,167.5944,168.54933,169.50426,170.45918,171.41411,172.36904,173.32397,174.2789,175.23383,176.18876,177.14369,178.09862,179.05355 nan,nan,0.87971,0.87902,0.87832,0.87764,0.87693,0.87615,0.8752,0.87401,1.28789,1.76277,1.41384,0.86541,nan,nan,0.85499,0.85024,1.1396,1.13997,0.91916,0.83,0.82697,0.82427,0.8217,2.74148,4.1364,-6.06454,-0.22777,8.00115,0.56657,1.19489,1.18833,1.17984,2.43185,-3.05188,-3.05663,-3.08249,-1.0965,3.64138,5.13141,1.79463,0.71658,0.70638,0.69581,0.68593,0.6773,0.66978,3.88116,5.57569,5.2694,5.1118,-0.1335,-5.49746,-5.61352,-0.83688,-3.84361,2.19502,0.55369,0.54067,-0.36989,-2.97216,-2.98381,-7.02823,-7.04175,-7.03484,1.6944,1.64696,5.04372,7.44844,5.87066,6.30503,6.31946,0.34952,2.7454,0.31849,0.30255,0.28699,0.27156,-0.42657,0.23914,0.22254,0.2063,0.19017,0.17358,4.59856,5.97953,2.41049,0.10621,0.08905,nan,0.8607,0.84208,0.04333,0.00352,-0.01393,-0.03101,-0.04774,-0.06469,-0.08206,-0.09938,-6.8081,-6.82775,-6.84084,-0.16679,-0.18362,-0.19989,-0.21604,-0.23252,-0.26419,-3.30207,-3.32074,-0.29639,-0.31221,-0.3282,-0.83429,-1.15652,-6.48539,-6.50276,-6.51886,-5.38794,-0.43171,-1.57391,-0.45838,-0.47246,-0.48664,-0.50014,1.63677,-0.52409,-0.8876,-0.54059,-0.5089,-3.54069,-6.33324,-3.41626,-0.60534,-0.61611,2.54227,-2.22295,-2.23735,1.73454,-2.26202,-6.12195,-3.83533,2.38116,2.37228,0.77114,-0.723,-0.73078,-6.33762,-6.34502,-1.65103,6.32611,-0.27579,0.54063,-0.77681,-0.78564,-2.04591,-4.16971,-0.80494,-0.80926,-0.81287,-0.81599,-0.8188,-0.82145,-0.82407,-0.8268,-0.82987,-0.83364,-0.83862,-0.84464,nan,nan,6.38519,6.38505,-0.86514,nan,nan,nan,-0.22985,-3.53591,-3.54477,-1.41402,-1.40124,-0.09754,1.95503,-2.90971,-5.97379,-5.97271,-0.8818,nan,nan,nan,nan,2.40006,2.39633,2.37914,2.37955,nan,-0.87571,-0.87384,-0.87167,-0.86949,-0.68287,-0.23666,6.20138,-0.73976,-0.85031,-1.02078,-0.83743,-0.83212,-0.94983,-1.0377,-0.91534,-1.76911,0.47124,0.46764,0.47981,0.33023,-4.95884,-0.79239,-0.78468,1.54238,6.37853,-0.75922,0.71226,3.08523,-2.29822,-0.73688,-0.73031,-0.72226,-0.71281,-4.12301,-6.10817,6.52794,-1.22612,-0.66828,-0.66006,0.98778,-6.32919,-7.19732,-7.1716,-7.15188,-7.14732,-0.58626,-0.57497,-0.56261,-0.54982,-0.5373,-0.5253,-0.51341,-5.08741,-7.81078,-0.47342,-0.45959,-0.44612,4.79535,5.14804,3.14663,0.1762,1.66129,1.67482,-0.34435,-0.32883,-0.31296,-0.29718,-0.28158,5.23874,3.20265,nan,nan,0.81445,6.2124,6.23294,6.25014,6.26688,6.32024,6.35459,6.3538,-0.06486,-0.04791,-0.03099,-0.01378,-0.6549,5.03489,5.29534,0.05497,0.07203,0.08932,0.1065,0.12338,0.14018,0.15713,0.17409,0.19074,-2.26978,-4.81175,-4.79207,-2.6998,0.1556,0.28801,0.30365,0.31949,0.33526,0.35053,6.65883,4.25129,1.28543,0.66652,0.4243,0.43807,0.45143,0.46502,0.47895,0.49278,5.96378,-1.89205,5.42745,5.42244,5.4363,0.5674,0.57937,0.59015,-1.33743,4.85408,2.15473,2.55654,1.55886,6.65311,-2.12449,-0.83731,-2.62854,-2.58965,3.61297,2.59238,0.71598,2.88278,3.71149,3.71983,-1.4491,-1.89155,-1.88867,-1.88001,0.76953,0.77837,0.78678,0.79412,3.24461,5.40995,5.41275,0.8131,0.81628,0.81922,0.82211,0.82511,0.82848,1.06404,2.06327,2.04542,0.85069,0.85597,0.86028,0.86381,3.39744,1.85781,0.87206,nan,5.06794,nan,nan,4.5021,0.88048,0.88106,nan,nan,nan,nan
100.0 -180.0,-176.77711,-173.55422,-170.33134,-167.10845,-163.88556,-160.66267,-157.43979,-154.2169,-150.99401,-147.77112,-144.54824,-141.32535,-138.10246,-134.87957,-131.65669,-128.4338,-125.21091,-121.98802,-118.76514,-115.54225,-112.31936,-109.09647,-105.87359,-102.6507,-99.42781,-96.20492,-92.98203,-89.75915,-86.53626,-83.31337,-80.09048,-76.8676,-73.64471,-70.42182,-67.19893,-63.97605,-60.75316,-57.53027,-54.30738,-51.0845,-47.86161,-44.63872,-41.41583,-38.19295,-34.97006,-31.74717,-28.52428,-25.3014,-22.07851,-18.85562,-15.63273,-12.40984,-9.18696,-5.96407,-2.74118,0.48171,3.70459,6.92748,10.15037,13.37326,16.59614,19.81903,23.04192,26.26481,29.48769,32.71058,35.93347,39.15636,42.37924,45.60213,48.82502,52.04791,55.27079,58.49368,61.71657,64.93946,68.16235,71.38523,74.60812,77.83101,81.0539,84.27678,87.49967,90.72256,93.94545,97.16833,100.39122,103.61411,106.837,110.05988,113.28277,116.50566,119.72855,122.95143,126.17432,129.39721,132.6201,135.84298,139.06587,142.28876,145.51165,148.73453,151.95742,155.18031,158.4032,161.62609,164.84897,168.07186,171.29475,174.51764,177.74052 0.09413,0.08619,0.07781,0.07003,0.06196,0.05163,0.03922,0.02688,0.0166,0.00796,-0.00199,-0.01405,-0.02567,-0.03437,-0.04231,-0.05498,-0.07381,-0.09475,-0.11155,-0.11922,-0.11632,-0.10652,-0.098,-0.09783,-0.10414,-0.1086,-0.10688,-0.1014,-0.09609,-0.09268,-0.09279,-0.09539,-0.09397,-0.08777,-0.08499,-0.08855,-0.09301,-0.0934,-0.09118,-0.09138,-0.09543,-0.09958,-0.09995,-0.09736,-0.09454,-0.09206,-0.08918,-0.0862,-0.08335,-0.08061,-0.07877,-0.07853,-0.0796,-0.081,-0.08137,-0.07964,-0.07566,-0.07013,-0.0637,-0.05657,-0.0496,-0.04368,-0.03916,-0.03505,-0.03095,-0.02727,-0.02322,-0.01676,-0.00787,0.00071,0.00573,0.00737,0.00831,0.01201,0.0201,0.02845,0.03221,0.03212,0.03209,0.03423,0.03749,0.03967,0.04206,0.0479,0.05559,0.06179,0.06625,0.06941,0.07086,0.07135,0.072,0.07253,0.07087,0.06664,0.06266,0.06181,0.06461,0.06846,0.06968,0.06821,0.0679,0.07108,0.0763,0.08154,0.08533,0.08662,0.08595,0.08624,0.08975,0.09521,0.09893,0.09791
