22.5 -179.93133,-175.76848,-171.6488,-166.71339,-162.53612,-158.54091,-152.95229,-149.22017,-143.41099,-137.43064,-131.40583,-125.46899,-121.93553,-116.08536,-112.18417,-106.74826,-102.70267,-98.52418,-94.25294,-89.93494,-85.61931,-81.355,-77.18755,-73.15644,-67.71656,-63.83822,-57.99837,-54.49273,-48.57836,-42.58321,-36.63782,-30.86644,-27.15044,-21.603,-17.63058,-13.47945,-9.18349,-4.48871,-0.35355,3.7814,8.51341,12.80793,16.95721,20.92755,26.50924,30.22232,36.02635,42.00339,48.02927,53.97365,59.71642,63.38101,68.86509,72.75957,76.8215,81.01932,85.31364,89.65902,94.00666,98.3076,102.51597,106.59175,110.50261,115.9872,119.67456,125.43012,131.39516,137.4488,143.45899,149.29918,153.02733,158.64897,162.64127,166.816,171.7874,175.90614 -0.20823,-0.19194,-0.17558,-0.15085,-0.13106,-0.11028,-0.0693,-0.04575,0.00547,0.06126,0.11696,0.16715,0.23116,0.27099,0.33877,0.34916,0.39993,0.44143,0.47202,0.49133,0.50001,0.49937,0.4912,0.47758,0.48896,0.46498,0.45453,0.42913,0.4068,0.37827,0.34771,0.31866,0.30001,0.27537,0.25698,0.23891,0.22174,0.20906,0.19517,0.18224,0.16424,0.152,0.14032,0.12923,0.10819,0.09706,0.07131,0.04043,0.00487,-0.03216,-0.06647,-0.10273,-0.1293,-0.16575,-0.20323,-0.24048,-0.27559,-0.3066,-0.33192,-0.35068,-0.36265,-0.36829,-0.3685,-0.39584,-0.38588,-0.39575,-0.39412,-0.38176,-0.36111,-0.33619,-0.32272,-0.29614,-0.27904,-0.2608,-0.24114,-0.22463
28.125 -179.87763,-176.44952,-173.04565,-169.68939,-166.40215,-162.2376,-158.98846,-154.48218,-151.39183,-146.69726,-143.87472,-139.16324,-134.39955,-129.64952,-124.97787,-122.19906,-117.58325,-114.56439,-110.16673,-107.01364,-103.75004,-100.39258,-96.56143,-93.28246,-89.98246,-86.68353,-83.40771,-79.5642,-76.2149,-72.96122,-69.81944,-65.42211,-62.4183,-57.80982,-53.02321,-50.38996,-45.65701,-40.91358,-36.22465,-33.40931,-28.74098,-25.66244,-21.18352,-17.94957,-14.596,-10.54019,-7.20172,-3.81636,-0.40708,3.00214,6.38733,9.72553,12.99567,17.16798,20.40127,24.91331,27.99094,32.69192,35.50625,40.22739,45.00279,49.76747,54.45735,57.25133,61.89101,64.92691,69.35523,72.52877,75.81404,79.8062,83.06919,86.37632,89.70647,93.03763,96.34773,99.61556,103.59793,106.89261,110.07687,114.50457,117.55479,122.20057,125.01105,129.71287,134.4932,139.28741,144.02973,146.85041,151.57641,156.09036,159.20349,162.45134,166.64868,169.93518,173.29087,176.69437 -0.21623,-0.20426,-0.19225,-0.18034,-0.16866,-0.14756,-0.13515,-0.108,-0.0958,-0.06371,-0.05542,-0.02469,0.00346,0.02638,0.0428,0.07311,0.08456,0.12053,0.12836,0.16652,0.20542,0.24299,0.23088,0.25897,0.28258,0.30097,0.3139,0.36323,0.36323,0.35931,0.3526,0.37226,0.35982,0.36803,0.36904,0.35375,0.34842,0.33873,0.32606,0.32165,0.30502,0.2952,0.27914,0.26743,0.25486,0.24318,0.23175,0.22049,0.20966,0.19942,0.18983,0.18097,0.17289,0.15684,0.14979,0.13293,0.12708,0.10924,0.10482,0.08595,0.06559,0.04447,0.02392,0.00014,-0.01833,-0.0439,-0.05601,-0.08041,-0.10482,-0.10548,-0.12639,-0.14653,-0.16552,-0.18291,-0.19802,-0.21033,-0.25453,-0.25972,-0.26143,-0.29305,-0.28794,-0.30978,-0.30005,-0.31269,-0.31876,-0.31846,-0.31275,-0.31658,-0.30314,-0.28885,-0.28304,-0.27464,-0.2601,-0.25027,-0.23947,-0.22803
33.75 -179.82811,-176.91446,-174.01576,-171.14656,-168.3205,-165.55003,-162.84603,-159.28352,-156.64039,-152.87807,-150.36307,-146.49164,-142.51329,-140.27946,-136.34882,-132.40864,-130.31089,-126.29045,-122.35896,-119.94612,-116.09213,-113.52573,-109.84512,-107.19038,-104.45663,-101.08895,-98.36339,-95.5992,-92.80886,-90.00558,-87.20296,-84.41458,-81.65358,-78.93236,-75.55873,-72.83219,-70.18549,-66.50474,-63.94869,-60.09879,-57.69789,-53.77438,-49.76445,-47.67982,-43.75262,-41.63942,-37.60611,-33.64514,-29.79152,-27.28413,-23.5405,-20.9071,-18.18018,-14.66988,-11.91128,-9.09781,-6.24172,-3.35651,-0.4565,2.44352,5.32877,8.18492,10.99849,13.75723,16.45036,20.02648,22.66008,26.43567,28.94328,32.8289,36.82193,39.05259,43.00067,46.95989,50.89313,53.11827,57.07371,60.90971,63.38818,67.09746,69.68851,72.36691,75.82863,78.53033,81.28311,84.07564,86.89552,89.72958,92.56426,95.38596,98.18148,100.93834,103.64509,107.10215,109.7881,112.38731,116.09727,118.58575,122.42617,126.38849,128.6256,132.5687,136.53972,140.50121,144.41626,146.74387,150.64627,153.16085,156.95428,159.59705,163.19077,165.89454,168.66479,171.49063,174.35968,177.25827 -0.21984,-0.21166,-0.2033,-0.19503,-0.18712,-0.17989,-0.17358,-0.15967,-0.15449,-0.13769,-0.134,-0.11493,-0.09442,-0.09505,-0.07732,-0.06231,-0.04151,-0.03203,-0.02705,-0.00764,-0.00513,0.01724,0.02001,0.04495,0.0712,0.06899,0.09264,0.11556,0.13725,0.15725,0.17507,0.19018,0.20226,0.21103,0.25243,0.25346,0.25208,0.27865,0.27245,0.2905,0.28151,0.2929,0.29992,0.28862,0.29154,0.30285,0.29974,0.29436,0.2873,0.28708,0.27758,0.2737,0.26805,0.25829,0.25166,0.24436,0.2367,0.22886,0.22106,0.2135,0.20633,0.19963,0.19349,0.18796,0.18307,0.17139,0.16743,0.15514,0.15221,0.13956,0.12619,0.12494,0.11172,0.09828,0.08528,0.06936,0.05759,0.04863,0.03197,0.02695,0.0101,-0.00747,-0.00738,-0.0238,-0.03986,-0.05541,-0.07022,-0.0841,-0.09683,-0.10808,-0.11758,-0.12508,-0.13046,-0.16398,-0.16522,-0.16461,-0.19205,-0.18792,-0.21063,-0.23007,-0.22155,-0.23556,-0.24547,-0.25123,-0.25313,-0.26475,-0.26064,-0.26656,-0.25852,-0.25994,-0.25023,-0.2487,-0.24541,-0.24061,-0.23459,-0.22756
39.375 -179.76638,-177.33863,-174.91958,-172.51774,-170.14124,-167.30727,-164.91429,-162.57323,-159.48827,-157.19293,-154.97168,-151.74804,-148.41241,-146.33654,-142.96736,-139.54348,-136.08877,-132.6284,-129.18783,-125.79165,-122.46257,-120.42773,-117.15087,-115.00021,-111.83467,-109.60698,-107.31505,-104.34236,-102.03201,-99.68095,-97.29638,-94.88615,-92.45865,-90.02264,-87.58706,-85.16086,-82.75275,-80.37109,-78.02368,-75.71762,-72.74206,-70.45614,-68.23489,-65.07015,-62.92724,-59.65376,-57.62758,-54.30425,-50.91537,-47.48358,-44.03332,-40.58981,-37.17799,-33.82144,-31.75005,-28.42815,-26.22868,-23.0035,-20.71561,-17.64439,-15.31163,-12.92752,-10.49885,-7.73856,-5.34598,-2.93637,-0.51813,1.90016,4.30991,6.70272,9.49333,11.92238,14.30697,16.6403,19.74232,22.03091,24.24625,27.48748,29.60169,32.91302,36.30111,39.74462,41.57644,44.95666,48.33139,50.16582,53.58668,56.94202,58.99942,62.30492,64.47915,67.67586,69.92848,72.96345,75.25321,77.59067,79.9695,82.38258,85.02979,87.38647,89.75138,92.11664,94.47438,97.11429,99.53007,101.91228,104.25373,106.54801,109.58071,111.83933,114.02968,117.21762,120.52567,122.59119,125.95135,129.37854,131.22189,134.60457,137.99386,141.36647,143.28133,146.68111,150.00447,152.12344,155.37746,157.599,160.72625,163.00979,165.35105,167.74416,170.60822,172.98484,175.38676,177.80586 -0.20782,-0.20475,-0.20135,-0.19793,-0.19477,-0.19101,-0.188,-0.1859,-0.17941,-0.17829,-0.17796,-0.16955,-0.15898,-0.15968,-0.14781,-0.13514,-0.12274,-0.1119,-0.10385,-0.09926,-0.09783,-0.08549,-0.08616,-0.07246,-0.07204,-0.05585,-0.03824,-0.03791,-0.02057,-0.00333,0.01349,0.02968,0.04509,0.05963,0.07324,0.08574,0.09682,0.10617,0.1135,0.11866,0.15402,0.15453,0.15333,0.18089,0.1763,0.19834,0.19102,0.20742,0.22013,0.22962,0.2365,0.24129,0.2442,0.24535,0.2564,0.25378,0.25975,0.25409,0.25605,0.24885,0.24824,0.24625,0.24318,0.23593,0.23246,0.22856,0.2244,0.22013,0.21591,0.21186,0.20589,0.20189,0.19829,0.1951,0.18757,0.18488,0.18252,0.17436,0.17253,0.16394,0.15487,0.14554,0.14568,0.13709,0.12877,0.11783,0.10991,0.10363,0.09209,0.08876,0.07757,0.07739,0.06613,0.06768,0.05565,0.04293,0.02996,0.01718,0.02296,0.01246,0.00307,-0.00514,-0.01201,-0.0403,-0.0452,-0.04864,-0.05072,-0.05156,-0.07817,-0.07701,-0.07495,-0.09928,-0.12245,-0.11733,-0.1374,-0.15507,-0.14644,-0.15988,-0.17038,-0.17784,-0.19605,-0.19859,-0.19847,-0.21083,-0.20676,-0.21548,-0.20861,-0.21438,-0.21846,-0.22093,-0.21146,-0.21226,-0.21181,-0.21027
45.0 -179.72239,-177.56457,-175.41289,-173.27335,-171.15174,-169.05357,-166.98399,-164.41909,-162.35523,-160.33692,-157.60699,-155.63557,-152.80207,-150.90588,-148.00789,-146.21233,-143.29104,-140.32667,-137.33463,-134.33125,-131.33321,-128.35703,-125.41851,-123.69892,-120.77357,-118.94683,-116.07586,-114.16562,-111.38905,-109.42255,-107.40655,-104.78174,-102.74972,-100.68422,-98.59002,-96.47233,-94.18063,-92.11267,-90.03945,-87.9665,-85.89935,-83.60183,-81.48619,-79.39456,-77.33211,-75.30359,-72.67669,-70.66537,-68.70383,-65.9277,-64.02337,-61.15462,-59.33448,-56.41306,-54.70048,-51.76734,-48.79753,-45.80676,-42.81145,-39.82815,-36.87303,-35.12552,-32.16915,-29.2815,-27.38977,-24.56694,-22.6009,-19.88155,-17.86929,-15.81191,-13.71335,-11.19422,-9.10307,-6.98869,-4.85654,-2.71235,-0.56206,1.58828,3.73264,5.86508,7.97985,10.07151,12.13496,14.71937,16.77757,18.79074,21.54014,23.50726,26.36051,28.25347,31.17185,32.96539,35.90807,38.89438,41.90903,44.93584,47.95824,50.95977,53.9247,56.8384,58.62114,61.49906,63.3727,66.17601,68.11596,70.80867,72.78814,74.80954,76.86915,79.35475,81.40372,83.47421,85.56121,87.65945,89.76347,91.86774,93.96672,96.05494,98.12712,100.1782,102.65989,104.72271,106.74769,108.73104,111.42268,113.36743,116.17123,118.05045,120.93045,122.7193,125.63656,128.60602,131.61305,134.64183,136.12935,137.67583,140.69836,143.69307,146.64455,148.44097,151.36894,154.21596,156.12917,158.10124,160.86069,162.87956,164.94389,167.53801,169.60797,171.70644,173.82828,175.96798,178.11976 -0.1851,-0.18598,-0.18654,-0.18697,-0.18746,-0.18816,-0.18916,-0.19121,-0.19222,-0.1936,-0.19311,-0.19463,-0.19213,-0.19363,-0.18919,-0.1906,-0.18448,-0.17709,-0.16905,-0.16122,-0.15461,-0.15007,-0.14795,-0.13917,-0.13983,-0.1313,-0.13244,-0.12265,-0.12234,-0.11068,-0.09792,-0.09717,-0.08453,-0.07193,-0.05966,-0.04789,-0.05545,-0.04603,-0.03691,-0.02808,-0.01961,0.01215,0.01975,0.02604,0.03083,0.03403,0.06293,0.06313,0.06217,0.08836,0.08528,0.10911,0.10394,0.1236,0.11591,0.13021,0.14126,0.14985,0.15685,0.16289,0.16818,0.18706,0.19042,0.19242,0.20668,0.20543,0.21559,0.21144,0.21805,0.22268,0.2256,0.21871,0.22005,0.22036,0.21984,0.21869,0.21708,0.21514,0.21303,0.21084,0.20867,0.20656,0.20452,0.2023,0.20019,0.19818,0.1944,0.19242,0.18758,0.18573,0.18022,0.17869,0.17305,0.16722,0.16141,0.15577,0.1504,0.14546,0.14122,0.13807,0.13074,0.12965,0.12271,0.12403,0.11747,0.12015,0.11304,0.10495,0.09592,0.09882,0.08959,0.08037,0.07158,0.06351,0.05644,0.05061,0.04603,0.04276,0.04076,0.03983,0.01961,0.02003,0.02108,0.02267,0.00178,0.00412,-0.01733,-0.01405,-0.03494,-0.03043,-0.04947,-0.06678,-0.08189,-0.09454,-0.08383,-0.10468,-0.1124,-0.11783,-0.12109,-0.13798,-0.13793,-0.13616,-0.14907,-0.16059,-0.15498,-0.16398,-0.17169,-0.16377,-0.16969,-0.17459,-0.1785,-0.18149,-0.18365
50.625 -179.66603,-177.78683,-175.9117,-174.04463,-171.95674,-170.05862,-168.18162,-166.32934,-164.5051,-162.17507,-160.36663,-158.59741,-156.15455,-154.42932,-151.91358,-150.25149,-147.69033,-145.07689,-142.4209,-140.91742,-138.28033,-135.63017,-132.9784,-130.33654,-127.71584,-126.23632,-123.6093,-121.03185,-119.43048,-116.89263,-115.22356,-112.75302,-111.03453,-109.27474,-106.90826,-105.12622,-103.31327,-101.47239,-99.29444,-97.46865,-95.62742,-93.77447,-91.9137,-90.04909,-88.18468,-86.3245,-84.47253,-82.63265,-80.80857,-78.62739,-76.7891,-74.97904,-73.20018,-70.83269,-69.07685,-67.36249,-64.8927,-63.22836,-60.6925,-58.09085,-56.52199,-53.89887,-51.23701,-49.8092,-47.17282,-44.52713,-41.88356,-39.25348,-37.75169,-35.10352,-32.49808,-30.86251,-28.2863,-25.7789,-24.05771,-22.29033,-19.85856,-18.05502,-16.21497,-13.91407,-12.06721,-10.19583,-8.3035,-6.39406,-4.36125,-2.49184,-0.61836,1.25517,3.12476,4.98648,7.09546,8.98833,10.86037,12.708,14.52795,16.87877,18.6834,20.44922,22.91318,24.63572,27.17294,28.83315,31.4164,34.05225,35.59834,38.23455,40.8955,43.57011,46.247,48.9147,51.56198,54.17815,55.72036,58.3263,60.87454,62.52022,65.01472,66.7164,68.46126,70.87117,72.6468,74.45632,76.73047,78.54325,80.37871,82.23354,84.1042,85.98696,87.87793,89.77313,91.6685,93.56001,95.44366,97.31555,99.17193,101.00925,102.82417,105.09585,106.90827,108.68701,111.09598,112.84462,114.55021,117.04533,118.69541,121.24537,123.85375,125.401,128.02058,130.67193,133.34433,136.0265,138.70691,141.3741,144.01691,146.62482,148.20791,150.79857,152.46176,155.00675,156.73295,159.20477,160.97484,162.78403,165.14265,166.96751,168.82033,170.69778,172.59627,174.71219,176.57947,178.45472 -0.14651,-0.15139,-0.15597,-0.16032,-0.1714,-0.17475,-0.17805,-0.18128,-0.18443,-0.19093,-0.19352,-0.19591,-0.19978,-0.20155,-0.20332,-0.20442,-0.20416,-0.2023,-0.19897,-0.19921,-0.19498,-0.19041,-0.18622,-0.18302,-0.18117,-0.17544,-0.17535,-0.17597,-0.17056,-0.17103,-0.16479,-0.16396,-0.15644,-0.14806,-0.14619,-0.13747,-0.12857,-0.11977,-0.12183,-0.11495,-0.10846,-0.10224,-0.09611,-0.08996,-0.08375,-0.07758,-0.07161,-0.06608,-0.06124,-0.0383,-0.03532,-0.0335,-0.03274,-0.01221,-0.01321,-0.0146,0.0058,0.00391,0.02467,0.04482,0.04099,0.05734,0.07039,0.06252,0.07051,0.07619,0.08058,0.08461,0.10179,0.10638,0.11072,0.12883,0.13166,0.13302,0.14831,0.16224,0.15931,0.17037,0.1798,0.1738,0.18102,0.18688,0.19146,0.19491,0.18724,0.18973,0.19144,0.19253,0.19306,0.19317,0.19897,0.19806,0.19698,0.19574,0.19433,0.19613,0.19431,0.19233,0.19214,0.1899,0.18838,0.18603,0.18366,0.18069,0.17879,0.1759,0.17296,0.17009,0.16734,0.16474,0.16237,0.16038,0.15652,0.1554,0.15526,0.15175,0.15314,0.1499,0.14631,0.14896,0.145,0.14029,0.14288,0.13744,0.1314,0.12497,0.11841,0.11203,0.10611,0.10088,0.09655,0.09325,0.09106,0.0899,0.08969,0.09029,0.09154,0.07807,0.08009,0.08233,0.06745,0.0699,0.07244,0.05621,0.05917,0.04226,0.02498,0.02958,0.01385,-0.00041,-0.01263,-0.02252,-0.03018,-0.03591,-0.04002,-0.04281,-0.05908,-0.06012,-0.07544,-0.07471,-0.08849,-0.08606,-0.09793,-0.10878,-0.10413,-0.11323,-0.12146,-0.12887,-0.13557,-0.1296,-0.13568,-0.1413
56.25 -179.62514,-177.91185,-176.20167,-174.49762,-172.80266,-171.11965,-169.45134,-167.46557,-165.78972,-164.13775,-162.02216,-160.38408,-158.77814,-156.56941,-154.9984,-152.72697,-151.20532,-148.89145,-147.43233,-145.09718,-142.72789,-140.3321,-139.01988,-136.65026,-134.27569,-131.90446,-130.6525,-128.25213,-125.87658,-123.53363,-122.13044,-119.80532,-118.33741,-116.05115,-114.53093,-112.30388,-110.74518,-109.15303,-107.01326,-105.40288,-103.76675,-101.75162,-100.11835,-98.46809,-96.80343,-95.12709,-93.44193,-91.75089,-90.05696,-88.36318,-86.67259,-84.98817,-83.31286,-81.6495,-80.0008,-78.36933,-76.35215,-74.71845,-73.11072,-70.97015,-69.38122,-67.82588,-65.59934,-64.08294,-61.79812,-60.33439,-58.01159,-56.61284,-54.27301,-51.90112,-49.50493,-47.09272,-44.67307,-42.25476,-39.84652,-37.45685,-35.09388,-32.76519,-31.30846,-29.00135,-27.48265,-25.21814,-23.65054,-21.44871,-19.84657,-18.21252,-16.10367,-14.45594,-12.78453,-11.09182,-9.14116,-7.46275,-5.77246,-4.07314,-2.36773,-0.65922,1.04934,2.75494,4.45456,6.14527,7.82422,9.4887,11.49604,13.16833,14.81704,16.43999,18.58948,20.19291,21.763,23.99266,25.52343,27.80675,29.28478,31.60195,33.96054,35.34598,37.70562,40.08673,42.48145,44.88163,47.27901,49.6654,52.03283,53.38563,55.75672,58.08866,59.53923,61.84208,63.34901,65.60283,67.15334,69.33943,70.91981,72.52986,74.6179,76.23813,77.88027,79.54211,81.46977,83.11586,84.77291,86.43831,88.10937,89.78333,91.45742,93.12885,94.79486,96.45275,98.09991,100.02463,101.68809,103.33207,104.95432,107.04077,108.65336,110.23644,112.42206,113.97572,116.22989,117.74035,120.04436,121.49875,123.83263,125.21967,127.56318,129.93372,132.32369,134.72509,137.12968,139.52916,141.91533,144.28028,145.66713,148.03154,150.35462,151.83493,154.12444,155.65801,157.89397,159.46731,161.07424,163.23007,164.85684,166.50956,168.18607,170.19944,171.86825,173.55166,175.24694,176.95122,178.66154 -0.11536,-0.12173,-0.12777,-0.13345,-0.13878,-0.14375,-0.14833,-0.16156,-0.1653,-0.16862,-0.1792,-0.18163,-0.18355,-0.19144,-0.1924,-0.1981,-0.19812,-0.20173,-0.20092,-0.20268,-0.20307,-0.20234,-0.20128,-0.20035,-0.19934,-0.19857,-0.19648,-0.19601,-0.19602,-0.19622,-0.19336,-0.19327,-0.18975,-0.18873,-0.18431,-0.1821,-0.17679,-0.17091,-0.16829,-0.16234,-0.15631,-0.15567,-0.15079,-0.14627,-0.1421,-0.13823,-0.13451,-0.13078,-0.12686,-0.12273,-0.11838,-0.11395,-0.10965,-0.10565,-0.10213,-0.09924,-0.0842,-0.08287,-0.08223,-0.06808,-0.06871,-0.06954,-0.05498,-0.0559,-0.03939,-0.04003,-0.0224,-0.02343,-0.00734,0.00637,0.01693,0.02431,0.02903,0.032,0.03413,0.03616,0.03846,0.04099,0.05512,0.05756,0.0723,0.0732,0.08736,0.08593,0.09883,0.11123,0.10657,0.11738,0.1274,0.1365,0.12878,0.13632,0.1429,0.14852,0.15322,0.15704,0.16008,0.1624,0.16409,0.16522,0.16586,0.16606,0.17566,0.17485,0.17373,0.1723,0.17818,0.17608,0.17372,0.17719,0.17436,0.17623,0.17313,0.17388,0.17387,0.17095,0.17075,0.17031,0.16974,0.16909,0.16836,0.16758,0.16683,0.16643,0.16578,0.16552,0.16467,0.16517,0.16426,0.16554,0.16465,0.16637,0.16535,0.16389,0.16578,0.1639,0.16147,0.15849,0.1608,0.1577,0.15434,0.15086,0.14744,0.14422,0.14137,0.13901,0.13723,0.13611,0.13564,0.12643,0.1273,0.12861,0.13022,0.12215,0.12416,0.12613,0.11713,0.11917,0.10876,0.11102,0.09942,0.10216,0.08988,0.09338,0.08118,0.06914,0.05797,0.0483,0.04047,0.03452,0.03022,0.02717,0.01341,0.01157,0.01022,-0.0034,-0.00413,-0.01763,-0.0176,-0.03046,-0.04291,-0.04122,-0.05241,-0.06293,-0.07276,-0.06911,-0.07794,-0.08626,-0.09412,-0.10156,-0.10864
61.875 -179.57209,-178.03927,-176.43907,-174.87197,-173.31196,-171.76127,-170.22208,-168.69644,-167.18633,-165.33595,-163.82665,-162.33953,-160.39251,-158.92229,-157.48008,-155.46514,-154.05515,-151.99311,-150.62585,-148.53189,-146.40035,-145.10671,-142.96851,-140.80793,-138.63094,-136.44382,-134.25302,-132.06507,-129.88642,-127.72339,-125.58202,-124.33916,-122.20263,-120.10301,-118.78436,-116.71466,-115.35173,-113.32707,-111.92988,-110.50406,-108.54348,-107.09807,-105.62941,-104.13896,-102.28911,-100.79953,-99.2948,-97.77687,-96.24776,-94.70963,-93.08224,-91.57487,-90.06545,-88.55613,-87.04908,-85.41841,-83.88108,-82.35299,-80.83627,-79.33296,-77.84498,-75.99352,-74.50516,-73.03873,-71.59569,-69.63477,-68.21174,-66.18538,-64.79339,-63.43366,-61.36528,-59.25133,-57.95243,-55.8183,-54.57924,-52.44082,-50.28115,-48.10622,-45.92234,-43.73593,-41.55347,-39.38137,-37.22586,-35.09288,-33.80097,-31.67496,-30.32459,-28.22167,-26.16532,-24.75807,-23.31913,-21.30966,-19.84265,-17.90127,-16.41756,-14.91183,-13.38569,-11.56032,-10.03844,-8.50308,-6.9563,-5.40025,-3.83718,-2.26935,-0.69912,0.87118,2.43918,4.00255,5.559,7.10629,8.64228,10.1649,11.67223,13.54467,15.05148,16.53635,17.99783,19.97405,21.41469,23.45234,24.86122,26.94637,28.31304,30.43057,31.74552,33.87983,36.04247,37.27053,39.42488,41.59213,43.76627,45.94119,48.11074,50.2689,51.47003,53.63929,55.78169,57.89197,59.20117,61.28872,62.64513,64.69515,66.08948,68.08786,69.51009,70.9582,72.88381,74.34537,75.82732,77.32813,79.13453,80.62927,82.13642,83.65409,85.18032,86.71304,88.25016,89.78953,91.32899,92.86639,94.39958,95.92646,97.44497,98.95312,100.44902,102.25334,103.75573,105.2394,106.70281,108.62739,110.07773,111.50228,113.50047,114.89745,116.94788,118.30721,120.39578,121.7081,123.81996,125.96432,127.19721,129.34057,131.50153,133.67422,135.85258,138.03044,140.20166,142.3602,143.58917,145.75642,147.89547,149.21202,151.33457,153.41476,154.79363,156.20492,158.24786,159.69125,161.6727,163.13719,164.62525,166.51942,168.01296,169.52377,171.05,172.5897,174.1408,175.70113,177.3643,178.89503 -0.0678,-0.07466,-0.09385,-0.09975,-0.10514,-0.10999,-0.11435,-0.11817,-0.12148,-0.13726,-0.13974,-0.14169,-0.15528,-0.15628,-0.15677,-0.1678,-0.16734,-0.17623,-0.17493,-0.18182,-0.18721,-0.18506,-0.18902,-0.192,-0.19429,-0.19616,-0.19779,-0.19931,-0.20067,-0.20177,-0.20243,-0.20242,-0.20215,-0.20112,-0.19981,-0.19766,-0.19542,-0.19228,-0.1893,-0.18586,-0.18235,-0.17878,-0.17503,-0.17121,-0.16952,-0.16644,-0.16351,-0.16077,-0.15825,-0.15585,-0.15745,-0.15533,-0.15305,-0.15056,-0.14781,-0.13951,-0.13612,-0.13276,-0.12957,-0.12667,-0.12416,-0.11496,-0.11354,-0.11257,-0.11196,-0.10391,-0.10396,-0.09507,-0.09521,-0.09511,-0.08434,-0.07143,-0.07093,-0.05684,-0.05699,-0.04432,-0.03359,-0.02549,-0.02005,-0.01686,-0.01518,-0.01428,-0.0135,-0.01244,-0.00243,-0.00075,0.01018,0.01173,0.0127,0.02339,0.03433,0.03306,0.0434,0.0404,0.05004,0.0597,0.06927,0.06305,0.07155,0.07967,0.08729,0.09433,0.10069,0.10636,0.11132,0.11559,0.11919,0.12215,0.12451,0.12631,0.12756,0.12831,0.1286,0.14161,0.14078,0.13958,0.13803,0.14739,0.14505,0.15224,0.14926,0.15457,0.1511,0.1549,0.15116,0.15393,0.15599,0.1523,0.15403,0.15543,0.15653,0.15736,0.15796,0.15837,0.16123,0.16134,0.1615,0.16177,0.16376,0.16421,0.16582,0.16647,0.16782,0.16856,0.16969,0.17051,0.17136,0.17198,0.17226,0.17215,0.17323,0.17285,0.17208,0.17093,0.16947,0.16777,0.16592,0.16404,0.16222,0.16058,0.15921,0.15821,0.15762,0.15748,0.15777,0.15236,0.15341,0.15464,0.15595,0.15094,0.15229,0.15355,0.14816,0.14949,0.14373,0.14541,0.13926,0.14145,0.13472,0.12694,0.13004,0.12187,0.11336,0.10507,0.09756,0.09126,0.08629,0.08258,0.0715,0.06927,0.06758,0.05677,0.05551,0.05437,0.04326,0.03171,0.03111,0.01955,0.01974,0.00858,-0.00247,-0.00069,-0.011,-0.02101,-0.03067,-0.03997,-0.04888,-0.05741,-0.05268,-0.06046
67.5 -179.53326,-178.11265,-176.69384,-175.27854,-173.86847,-172.4653,-170.87489,-169.45747,-168.05246,-166.66137,-165.2856,-163.55874,-162.18861,-160.83873,-159.03848,-157.70649,-155.85351,-154.54805,-152.65325,-151.38264,-149.45784,-148.22976,-146.28723,-144.31796,-143.16047,-141.19336,-139.21161,-137.21996,-135.22326,-133.22644,-131.23446,-129.25218,-128.16568,-126.17274,-124.202,-122.25778,-121.07487,-119.14738,-117.92139,-116.02274,-114.76096,-112.90286,-111.61325,-110.29963,-108.49746,-107.16754,-105.81783,-104.09403,-102.74022,-101.37151,-99.98928,-98.59502,-97.01404,-95.63529,-94.24993,-92.85959,-91.46595,-90.07068,-88.6755,-87.28211,-85.89219,-84.50742,-83.12941,-81.54625,-80.15312,-78.77217,-77.40488,-76.05263,-74.32779,-72.98,-71.65211,-69.84965,-68.53838,-67.25119,-65.39357,-64.13447,-62.23684,-61.01375,-59.08779,-57.90795,-55.96574,-53.99735,-52.00707,-50.92392,-48.94467,-46.956,-44.96275,-42.96983,-40.98216,-39.00456,-37.87273,-35.8855,-33.92081,-31.98291,-30.75663,-28.83662,-27.56812,-25.6782,-24.37514,-22.52703,-21.19767,-19.40221,-18.05513,-16.68793,-15.30174,-13.59292,-12.20493,-10.80311,-9.38895,-7.96403,-6.40271,-4.9959,-3.58389,-2.16837,-0.75106,0.66631,2.082,3.49429,4.90148,6.30192,7.91455,9.32943,10.73207,12.12099,13.49476,15.24411,16.61254,17.96094,19.78398,21.11486,22.42151,24.29566,25.57337,27.48422,28.72517,30.66111,32.62795,33.80734,35.78014,37.77239,38.87198,40.85089,42.83722,44.82632,46.8135,48.79409,49.87177,51.8673,53.84425,55.79834,56.97592,58.91867,60.82775,62.0609,63.94049,65.20676,66.49841,68.33786,69.65238,71.43633,72.76559,74.11351,75.47899,77.17264,78.53795,79.91602,81.30546,82.70481,84.25059,85.63141,87.01702,88.40586,89.79635,91.18692,92.57597,93.96192,95.34322,96.88659,98.28673,99.67709,101.05621,102.4227,104.11485,105.48182,106.83131,108.16225,109.94553,111.262,112.55589,114.39509,115.66361,117.54363,118.77922,120.68918,122.63312,123.81343,125.76912,127.74796,128.85463,130.82632,132.80941,134.79933,136.7914,138.78091,140.76318,141.86334,143.85931,145.83595,147.78901,148.98743,150.92751,152.17011,154.08526,155.3649,157.24344,158.55229,160.38324,161.71302,163.06399,164.82877,166.18883,167.56544,168.95729,170.36298,172.00247,173.39763,174.80122,176.21161,177.62713,179.04609 -0.02599,-0.03251,-0.03851,-0.04394,-0.04882,-0.05311,-0.07193,-0.07526,-0.07814,-0.08064,-0.08282,-0.09973,-0.10128,-0.10259,-0.11784,-0.11842,-0.13191,-0.13167,-0.14321,-0.14218,-0.15178,-0.15004,-0.1579,-0.16463,-0.16211,-0.16781,-0.1729,-0.17756,-0.18183,-0.18571,-0.18901,-0.1916,-0.19565,-0.19676,-0.19694,-0.1962,-0.19777,-0.19576,-0.19617,-0.19306,-0.19246,-0.1885,-0.18717,-0.18543,-0.1813,-0.17951,-0.17758,-0.1745,-0.17303,-0.17155,-0.17006,-0.16858,-0.16767,-0.16643,-0.16511,-0.16365,-0.16204,-0.16025,-0.15827,-0.15605,-0.1536,-0.15094,-0.14811,-0.14303,-0.14014,-0.13741,-0.13492,-0.13271,-0.12812,-0.12669,-0.12548,-0.12138,-0.12062,-0.11982,-0.11532,-0.11445,-0.10868,-0.1075,-0.1,-0.09854,-0.08954,-0.0797,-0.07002,-0.07084,-0.06373,-0.05841,-0.05491,-0.05293,-0.05196,-0.05149,-0.04484,-0.04424,-0.04328,-0.04198,-0.03382,-0.03232,-0.02373,-0.02284,-0.01449,-0.01485,-0.00714,-0.009,-0.00198,0.00507,0.01218,0.00756,0.01408,0.02063,0.02714,0.03353,0.02518,0.03055,0.03567,0.04051,0.04503,0.04923,0.05309,0.05658,0.0597,0.06242,0.08089,0.08252,0.08365,0.08431,0.08446,0.09895,0.098,0.09666,0.10871,0.10651,0.10405,0.11391,0.11079,0.11892,0.11527,0.12178,0.12713,0.12291,0.1272,0.13075,0.12625,0.12923,0.13175,0.13388,0.13567,0.13716,0.14271,0.1437,0.14455,0.14534,0.14976,0.1504,0.151,0.15478,0.15518,0.15847,0.16137,0.16146,0.164,0.16386,0.16618,0.16825,0.1701,0.17007,0.17177,0.17317,0.17424,0.17497,0.17504,0.17547,0.17558,0.17542,0.17503,0.1745,0.17394,0.17342,0.17305,0.17059,0.17063,0.17101,0.17171,0.17265,0.17005,0.17115,0.17222,0.17314,0.16964,0.17032,0.17086,0.16709,0.1678,0.16438,0.1656,0.16268,0.15957,0.16165,0.15815,0.15373,0.15603,0.15084,0.14503,0.13901,0.13323,0.12804,0.12366,0.11517,0.11213,0.10976,0.10784,0.10011,0.09861,0.09047,0.08916,0.08058,0.07958,0.07072,0.07034,0.06147,0.05231,0.05336,0.04447,0.03542,0.02631,0.0172,0.02098,0.01251,0.00422,-0.00383,-0.01159,-0.019
73.125 -179.49513,-178.17143,-176.84919,-175.52981,-174.21466,-172.90512,-171.6025,-170.30808,-169.02309,-167.49577,-166.2065,-164.93085,-163.66985,-162.0545,-160.80186,-159.13288,-157.89551,-156.67903,-154.96541,-153.77341,-152.02692,-150.86574,-149.09566,-147.29741,-146.18702,-144.38047,-142.55481,-140.71359,-139.69224,-137.86457,-136.03123,-134.19605,-132.36286,-130.5355,-129.55581,-127.71491,-125.88968,-124.08365,-123.01493,-121.21691,-120.10747,-118.32715,-117.18233,-115.42931,-114.25509,-112.53861,-111.34139,-109.67001,-108.45647,-107.22507,-105.61464,-104.37633,-103.12383,-101.85814,-100.58037,-99.08021,-97.81097,-96.53385,-95.25011,-93.96105,-92.66797,-91.37222,-90.07517,-88.77819,-87.48266,-86.18992,-84.90132,-83.61819,-82.34181,-81.07341,-79.57168,-78.29506,-77.03065,-75.77952,-74.54267,-72.9316,-71.70195,-70.49023,-68.8188,-67.62365,-65.90754,-64.7356,-62.98338,-61.84103,-60.06193,-58.9551,-57.1587,-56.09268,-54.28863,-52.46563,-50.62721,-48.77709,-47.82577,-45.99553,-44.16348,-42.33344,-40.50921,-39.48863,-37.65114,-35.82931,-34.02665,-32.91764,-31.12345,-29.35743,-28.19801,-26.45567,-25.26565,-23.55618,-22.34188,-21.1068,-19.44196,-18.19175,-16.92411,-15.32193,-14.04889,-12.76231,-11.46329,-9.95644,-8.66477,-7.36494,-6.05821,-4.74592,-3.4294,-2.11003,-0.78921,0.53167,1.8512,3.16799,4.48066,5.78786,7.08828,8.38064,9.66371,11.2135,12.50106,13.77518,15.03483,16.67298,17.92455,19.15798,20.85318,22.06911,23.26377,24.99798,26.16643,27.9296,29.06586,30.8489,32.65764,33.74118,35.55491,37.38545,39.22932,40.22261,42.05058,43.88242,45.71445,47.54303,48.51873,50.36401,52.1964,54.01241,55.07941,56.89151,58.67833,59.79932,61.56749,62.72155,64.46206,65.64349,67.34773,68.55044,70.21045,71.42815,72.66277,73.91353,75.50398,76.75818,78.02487,79.30302,80.7968,82.06658,83.34387,84.62749,85.91622,87.20884,88.50407,89.80065,91.09728,92.39268,93.68558,94.9747,96.25881,97.53669,98.80717,100.29926,101.57836,102.84609,104.10142,105.34337,106.94291,108.17896,109.39817,111.05775,112.26217,113.96634,115.14967,116.89047,118.0466,119.81542,120.9386,122.72643,123.81148,125.60916,127.42673,129.26089,130.26285,132.08639,133.9172,135.75165,137.58606,139.41678,140.41043,142.25733,144.09102,145.90799,146.99248,148.80467,150.5912,151.72881,153.4956,154.66563,156.40353,157.6,158.81784,160.51682,161.75235,163.40157,164.64803,165.91001,167.18656,168.7549,170.03002,171.31566,172.61065,173.91376,175.2237,176.53915,177.85876,179.18113 0.01717,0.01119,0.00554,0.00026,-0.00457,-0.00897,-0.01292,-0.01645,-0.0196,-0.0362,-0.03867,-0.04099,-0.04321,-0.05914,-0.06102,-0.07657,-0.07794,-0.0791,-0.09303,-0.09332,-0.10564,-0.10494,-0.11554,-0.12503,-0.12284,-0.13088,-0.13808,-0.1446,-0.14126,-0.14715,-0.15262,-0.15759,-0.16197,-0.16552,-0.17299,-0.17507,-0.17616,-0.17631,-0.18121,-0.17998,-0.18348,-0.181,-0.18322,-0.17959,-0.18069,-0.17621,-0.17656,-0.17184,-0.1719,-0.17174,-0.16772,-0.1678,-0.16783,-0.16781,-0.16773,-0.16542,-0.16544,-0.16524,-0.16482,-0.16414,-0.16322,-0.16203,-0.1606,-0.15891,-0.15698,-0.15478,-0.15235,-0.1497,-0.14687,-0.14395,-0.14123,-0.13843,-0.13579,-0.13334,-0.13109,-0.12932,-0.12759,-0.12593,-0.12447,-0.12297,-0.12113,-0.11956,-0.117,-0.11522,-0.11163,-0.10965,-0.10493,-0.10299,-0.09761,-0.09186,-0.08629,-0.08144,-0.08277,-0.07983,-0.07782,-0.07656,-0.07584,-0.07176,-0.07145,-0.07117,-0.0708,-0.06597,-0.06524,-0.06448,-0.05846,-0.05782,-0.05137,-0.05148,-0.04524,-0.03902,-0.04093,-0.0354,-0.02999,-0.03377,-0.02895,-0.02418,-0.01946,-0.02517,-0.02103,-0.017,-0.01312,-0.00938,-0.00581,-0.00239,0.00091,0.00407,0.00712,0.01004,0.01284,0.01546,0.01787,0.02,0.02178,0.03804,0.03882,0.03909,0.03887,0.05281,0.05155,0.04992,0.06237,0.06007,0.05756,0.06872,0.06575,0.07571,0.07219,0.08072,0.08813,0.0837,0.08976,0.09493,0.0994,0.09421,0.09801,0.10136,0.10432,0.10693,0.11434,0.11628,0.11796,0.11942,0.12565,0.12677,0.12774,0.13333,0.13395,0.13901,0.13915,0.14364,0.14319,0.14716,0.14619,0.14981,0.1532,0.15641,0.15532,0.15847,0.16143,0.16416,0.16319,0.16565,0.16776,0.1695,0.17085,0.17183,0.17248,0.17285,0.17301,0.17307,0.17313,0.17331,0.17369,0.17435,0.17531,0.17685,0.17813,0.17951,0.18086,0.18208,0.18189,0.18252,0.18284,0.18089,0.18075,0.17814,0.178,0.17561,0.1759,0.17425,0.17509,0.17407,0.17518,0.17419,0.1726,0.17019,0.17112,0.16786,0.16392,0.15956,0.15505,0.15066,0.14461,0.14081,0.13758,0.1349,0.1296,0.12765,0.12599,0.12074,0.1194,0.11374,0.1127,0.10667,0.10023,0.09994,0.09347,0.09407,0.08774,0.08119,0.07441,0.07689,0.07038,0.06371,0.05694,0.05011,0.04329,0.03653,0.02989,0.02342
78.75 -179.44524,-178.2319,-177.0197,-175.80969,-174.60297,-173.28523,-172.06341,-170.84836,-169.64111,-168.44263,-167.25388,-165.80782,-164.61881,-163.44278,-161.9339,-160.76544,-159.61295,-158.0547,-156.91747,-155.32241,-154.20587,-152.58102,-151.49038,-149.84321,-148.78334,-147.12159,-145.43863,-144.42831,-142.74332,-141.04465,-139.33524,-137.61812,-135.8964,-134.17326,-132.45189,-130.73545,-129.02706,-127.32975,-125.64642,-124.67445,-122.99336,-121.98352,-120.31243,-118.66738,-117.61543,-115.99253,-114.91456,-113.32116,-112.22218,-111.10516,-109.55037,-108.4195,-107.27314,-105.77139,-104.6188,-103.45367,-102.27683,-100.85428,-99.68126,-98.49983,-97.31094,-96.1156,-94.91484,-93.70971,-92.5013,-91.29072,-90.07907,-88.86748,-87.65706,-86.44893,-85.24419,-84.04393,-82.84919,-81.66101,-80.48038,-79.30826,-77.88457,-76.70886,-75.54496,-74.39367,-72.89138,-71.74655,-70.61727,-69.06242,-67.9472,-66.85003,-65.25707,-64.18109,-62.55897,-61.50915,-59.8652,-58.19544,-57.18792,-55.50846,-53.81035,-52.85746,-51.16224,-49.45613,-47.74215,-46.02341,-44.30305,-42.58425,-40.87017,-39.1639,-37.46847,-35.78678,-34.77753,-33.09804,-31.43978,-30.38131,-28.73773,-27.64869,-26.02747,-24.9127,-23.32128,-22.18598,-20.63131,-19.48087,-18.31454,-16.80917,-15.63535,-14.44861,-13.24977,-11.81945,-10.62334,-9.41848,-8.20587,-6.98653,-5.76151,-4.46738,-3.2598,-2.05002,-0.83911,0.37185,1.58179,2.78961,3.99427,5.33435,6.55425,7.76751,8.97312,10.17008,11.35746,12.82618,14.01405,15.18909,16.35052,17.88862,19.04054,20.17605,21.75902,22.8776,24.49421,25.59067,27.23393,28.30333,29.96586,31.00364,32.67792,34.37148,35.35852,37.05168,38.75677,40.47092,42.19121,43.91462,44.77104,45.63811,47.35865,49.07321,50.77885,52.47273,54.15211,55.14088,56.81657,58.47074,59.50581,61.14463,62.20854,63.82487,64.91317,66.50011,67.60803,68.73313,70.28172,71.41962,72.57227,74.06895,75.22719,76.39735,77.82996,78.99848,80.1759,81.36136,82.55394,83.7527,84.95668,86.16486,87.4274,88.61595,89.80553,90.99515,92.18382,93.44432,94.65282,95.8572,97.05645,98.24961,99.43572,100.61387,101.78319,103.21463,104.38579,105.54509,106.6918,108.19488,109.33408,110.88228,112.00885,113.11828,114.70523,115.79519,117.41182,118.47751,120.11692,121.15387,122.8089,124.48564,125.47644,127.15711,128.85246,130.55975,132.27613,133.16863,134.86791,136.56873,138.26816,139.17262,140.88929,142.59699,144.29285,145.97413,146.97704,148.65426,149.69306,151.35867,152.99828,154.07572,155.6921,156.79343,157.91361,159.49981,160.63707,161.79081,163.33216,164.49554,165.6726,167.15543,168.33444,169.52398,170.72317,171.93105,173.14665,174.50905,175.71182,176.91883,178.12904,179.34138 0.06507,0.05996,0.05488,0.04989,0.04506,0.02945,0.02515,0.02119,0.01756,0.01426,0.01122,-0.00286,-0.00543,-0.00787,-0.02197,-0.02414,-0.02612,-0.04012,-0.04146,-0.05493,-0.05527,-0.06769,-0.06684,-0.07793,-0.0759,-0.08565,-0.0946,-0.09116,-0.099,-0.1062,-0.11281,-0.11889,-0.12444,-0.12942,-0.13375,-0.13731,-0.14012,-0.14217,-0.14356,-0.15108,-0.15128,-0.15758,-0.15647,-0.15455,-0.15888,-0.15548,-0.15862,-0.15414,-0.15646,-0.15837,-0.15349,-0.15516,-0.15658,-0.15224,-0.15371,-0.15505,-0.15627,-0.15261,-0.15387,-0.15495,-0.15583,-0.15646,-0.15681,-0.15685,-0.15657,-0.15598,-0.15502,-0.15372,-0.1521,-0.15015,-0.1479,-0.14539,-0.14263,-0.13971,-0.1367,-0.13365,-0.13278,-0.12994,-0.12725,-0.1247,-0.12438,-0.12221,-0.12012,-0.12006,-0.11806,-0.11602,-0.11575,-0.11363,-0.11288,-0.11066,-0.10933,-0.10739,-0.10521,-0.10284,-0.10006,-0.09872,-0.09632,-0.09407,-0.0921,-0.09051,-0.08928,-0.08834,-0.08763,-0.08712,-0.08677,-0.0866,-0.08419,-0.08422,-0.08432,-0.08142,-0.08143,-0.07783,-0.07785,-0.07368,-0.07413,-0.06986,-0.0712,-0.06722,-0.06315,-0.06603,-0.06238,-0.05868,-0.05495,-0.05909,-0.05566,-0.05229,-0.04905,-0.046,-0.04319,-0.04915,-0.04712,-0.04532,-0.04369,-0.04216,-0.04066,-0.03913,-0.03755,-0.02459,-0.02267,-0.02085,-0.0192,-0.01783,-0.01682,-0.00329,-0.00318,-0.00355,-0.00434,0.00769,0.0061,0.0043,0.01568,0.01347,0.02463,0.0221,0.03274,0.02976,0.03944,0.03585,0.04423,0.05174,0.04704,0.05333,0.05898,0.06408,0.06874,0.07301,0.06782,0.07688,0.08031,0.0833,0.08582,0.0879,0.08959,0.09668,0.09792,0.0989,0.10551,0.10603,0.11221,0.11207,0.11768,0.11672,0.12178,0.12656,0.12473,0.12919,0.13349,0.13146,0.13573,0.13987,0.13798,0.14201,0.14579,0.14926,0.15236,0.15505,0.15731,0.15914,0.15518,0.15628,0.15709,0.15771,0.15825,0.16379,0.1644,0.16526,0.16639,0.1678,0.16944,0.17121,0.17299,0.17778,0.17918,0.18026,0.18094,0.18318,0.183,0.18343,0.18258,0.18146,0.18074,0.17958,0.17882,0.17799,0.17775,0.17734,0.17761,0.17787,0.17776,0.17782,0.17735,0.17623,0.17443,0.17398,0.17159,0.1687,0.16542,0.16193,0.15819,0.15455,0.15118,0.14821,0.1448,0.14268,0.13944,0.13806,0.13705,0.13389,0.13329,0.12978,0.12582,0.12567,0.12148,0.11699,0.11757,0.11315,0.10855,0.11,0.10557,0.10101,0.09629,0.09142,0.08643,0.08967,0.08494,0.0801,0.07517,0.07015
84.375 -179.40845,-178.26651,-177.12552,-175.98637,-174.84997,-173.71719,-172.58889,-171.46593,-170.18309,-169.05228,-167.92961,-166.81586,-165.71174,-164.34155,-163.23979,-162.15025,-160.72943,-159.64859,-158.58227,-157.12209,-156.07061,-154.58048,-153.54816,-152.03383,-151.02478,-149.49232,-147.93801,-146.96603,-145.40354,-143.82501,-142.90035,-141.32393,-139.73775,-138.14425,-136.5459,-134.94524,-133.34483,-131.74722,-130.15495,-128.57048,-127.69691,-126.10689,-124.53106,-122.97167,-122.03564,-120.48477,-119.51932,-117.98326,-116.99195,-115.47691,-114.46363,-112.97559,-111.94449,-110.48906,-109.44445,-108.3858,-106.97297,-105.90687,-104.82902,-103.74003,-102.39059,-101.30226,-100.20541,-99.10077,-97.98912,-96.87128,-95.74808,-94.53003,-93.42137,-92.31016,-91.19725,-90.08352,-88.96983,-87.85705,-86.74606,-85.63771,-84.41803,-83.29533,-82.17808,-81.0671,-79.96321,-78.86719,-77.77976,-76.42951,-75.34161,-74.26491,-72.85775,-71.78689,-70.72963,-69.27629,-68.2311,-67.2016,-65.71392,-64.70237,-63.18797,-62.19851,-60.66337,-59.69986,-58.15017,-56.58039,-55.65818,-54.08395,-52.49568,-51.62427,-50.04176,-48.45158,-46.85621,-45.25816,-43.65998,-42.06422,-40.4734,-38.88999,-37.3164,-36.39257,-34.81703,-33.25755,-32.28669,-30.7355,-29.20615,-28.19847,-26.6873,-25.65649,-24.16952,-23.11969,-22.05377,-20.59808,-19.51905,-18.10132,-17.01367,-15.91387,-14.80253,-13.44453,-12.33281,-11.21222,-10.08352,-8.94751,-7.68255,-6.55638,-5.42574,-4.29149,-3.1545,-2.01567,-0.87589,0.26393,1.40291,2.54013,3.67471,4.80578,5.93248,7.05396,8.16941,9.48875,10.61023,11.72293,12.82612,13.91912,15.32019,16.40917,17.48549,18.93364,19.99977,21.05108,22.53498,23.57019,25.08154,26.09652,27.62959,28.62042,30.16925,31.13231,32.69082,34.26594,35.18502,36.76005,38.34577,39.93992,41.54012,43.14398,44.74904,46.35286,47.95298,49.54701,51.13258,52.70742,53.61556,55.19066,56.74915,57.70142,59.25055,60.77767,61.76449,63.27302,64.28166,65.766,66.79266,67.83463,69.28824,70.34282,71.41082,72.82255,73.89739,74.98346,76.34305,77.43006,78.52592,79.62994,80.74141,82.01291,83.11594,84.22383,85.33581,86.45109,87.56888,88.68834,89.80867,90.92904,92.04861,93.16657,94.2821,95.3944,96.50267,97.60614,98.87628,99.98836,101.09305,102.18963,103.27743,104.63613,105.72314,106.79897,108.21012,109.27926,110.33501,111.78837,112.83165,113.85964,115.34405,116.35414,117.86297,118.85134,120.37899,121.92879,122.88276,124.44215,126.01829,126.92823,128.50431,130.09126,131.6868,133.28858,134.89417,136.50113,138.10699,139.7093,141.30563,142.89363,144.471,145.39068,146.9683,148.52934,149.49327,151.04474,152.03661,153.57241,154.58858,156.10271,157.13925,158.62596,159.67873,160.7464,162.19735,163.27532,164.366,165.76984,166.86461,167.96964,169.08424,170.20767,171.52963,172.64705,173.77054,174.89928,176.03242,177.1691,178.30845,179.44956 0.08861,0.08443,0.08018,0.07589,0.07164,0.06747,0.06345,0.05963,0.04763,0.0442,0.04103,0.03809,0.03537,0.02362,0.02127,0.01913,0.00732,0.00567,0.00439,-0.0071,-0.00751,-0.01858,-0.01791,-0.02831,-0.02653,-0.03616,-0.04553,-0.04238,-0.051,-0.05925,-0.05528,-0.06284,-0.06995,-0.07655,-0.08259,-0.088,-0.09279,-0.09692,-0.10041,-0.10335,-0.112,-0.11408,-0.11566,-0.11662,-0.12377,-0.12331,-0.12937,-0.12714,-0.13202,-0.12815,-0.13209,-0.12722,-0.13064,-0.12549,-0.12872,-0.13174,-0.12674,-0.12962,-0.13227,-0.13469,-0.1295,-0.13173,-0.13379,-0.1357,-0.13745,-0.13903,-0.14041,-0.13482,-0.13593,-0.13669,-0.13709,-0.13703,-0.13651,-0.13553,-0.13411,-0.13226,-0.13501,-0.13241,-0.1296,-0.12664,-0.12361,-0.12058,-0.11761,-0.1187,-0.11594,-0.11331,-0.11428,-0.1119,-0.10958,-0.11054,-0.10832,-0.10608,-0.1068,-0.10453,-0.10492,-0.10259,-0.10262,-0.10028,-0.10004,-0.09953,-0.09755,-0.09716,-0.09674,-0.09564,-0.09567,-0.09574,-0.09578,-0.09574,-0.09557,-0.09523,-0.09479,-0.0943,-0.09387,-0.09292,-0.09276,-0.09271,-0.09178,-0.09185,-0.09183,-0.09068,-0.09055,-0.08907,-0.08902,-0.08741,-0.0855,-0.0863,-0.08453,-0.08602,-0.08441,-0.08254,-0.08041,-0.08273,-0.0805,-0.07804,-0.07542,-0.07275,-0.07549,-0.07325,-0.07126,-0.06956,-0.0682,-0.06714,-0.06632,-0.06569,-0.06515,-0.06462,-0.06403,-0.06336,-0.06261,-0.06181,-0.06102,-0.0512,-0.0505,-0.05008,-0.04997,-0.05021,-0.04032,-0.04119,-0.04229,-0.03261,-0.03408,-0.03558,-0.02598,-0.02764,-0.01797,-0.0199,-0.01046,-0.01287,-0.00407,-0.00718,0.00067,0.00804,0.0038,0.01037,0.01661,0.02259,0.02831,0.03376,0.03883,0.0434,0.04738,0.05068,0.05333,0.05537,0.06306,0.06443,0.06551,0.07273,0.07341,0.07376,0.08044,0.08005,0.08618,0.08484,0.0904,0.09574,0.09331,0.09834,0.1033,0.10051,0.10548,0.11042,0.10766,0.11257,0.11731,0.12181,0.126,0.12212,0.12554,0.1285,0.13097,0.13298,0.13458,0.13583,0.13685,0.13773,0.13862,0.13962,0.14082,0.14226,0.14395,0.14584,0.15427,0.15625,0.15817,0.15991,0.16137,0.16821,0.16891,0.16918,0.17392,0.17329,0.17227,0.1749,0.17327,0.17145,0.17281,0.17088,0.1719,0.17013,0.17128,0.17246,0.1712,0.17256,0.17375,0.1726,0.17344,0.17379,0.17362,0.17293,0.17172,0.17,0.16779,0.16512,0.16209,0.15885,0.1556,0.15353,0.15074,0.14844,0.14685,0.14548,0.14412,0.14349,0.14211,0.14187,0.1402,0.14001,0.13795,0.13551,0.13528,0.13263,0.12975,0.12966,0.1268,0.12379,0.12064,0.11735,0.11778,0.11456,0.11123,0.10776,0.10418,0.10047,0.09664,0.09268
90.0 -179.36014,-178.30128,-177.24318,-176.13988,-175.06609,-173.99536,-172.92841,-171.86598,-170.80875,-169.7574,-168.52812,-167.47239,-166.42484,-165.38608,-164.35666,-163.05673,-162.03137,-161.0174,-159.67623,-158.6715,-157.29888,-156.30706,-154.90741,-153.9321,-152.51019,-151.55489,-150.11574,-149.18371,-147.73251,-146.26418,-145.36872,-143.89673,-142.41261,-141.56175,-140.08244,-138.59623,-137.10514,-135.61121,-134.11653,-132.62318,-131.13325,-129.64877,-128.84534,-127.35349,-125.8724,-124.40393,-123.54195,-122.07773,-121.18791,-119.73314,-118.29892,-117.37812,-115.96142,-115.02088,-114.06516,-112.66962,-111.69865,-110.33248,-109.34982,-108.3548,-107.02655,-106.0249,-105.01279,-103.9907,-102.71795,-101.69599,-100.66622,-99.62926,-98.58574,-97.39661,-96.36155,-95.32223,-94.27935,-93.23361,-92.18572,-91.13641,-90.0864,-89.03643,-87.98723,-86.93953,-85.89405,-84.8515,-83.81258,-82.77799,-81.58768,-80.5448,-79.50854,-78.47954,-77.45841,-76.18496,-75.16387,-74.15279,-73.15223,-71.82372,-70.82993,-69.84855,-68.48244,-67.51287,-66.11762,-65.16344,-63.74368,-62.80834,-61.36901,-60.45581,-59.00202,-58.11397,-56.65095,-55.1722,-54.32372,-52.84415,-51.35396,-49.85515,-49.06978,-47.58177,-46.09046,-44.59791,-43.10621,-41.61743,-40.1336,-39.29836,-37.80655,-36.32501,-34.85564,-33.9611,-32.49549,-31.04702,-30.11612,-28.67976,-27.72572,-26.30662,-25.3327,-23.93587,-22.94552,-21.5757,-20.57254,-19.55658,-18.22178,-17.19811,-16.16357,-14.87316,-13.83616,-12.79042,-11.73654,-10.50974,-9.46024,-8.40488,-7.34434,-6.27931,-5.21049,-4.13863,-3.06446,-1.98872,-0.91218,0.1644,1.24027,2.31468,3.38686,4.45608,5.52161,6.58274,7.63878,8.68904,9.73288,10.99567,12.04243,13.08052,14.10939,15.12851,16.45728,17.47103,18.47307,19.8402,20.83185,22.22838,23.20608,24.16917,25.58785,26.53244,27.96907,28.89201,30.3417,31.80885,32.69786,34.17011,35.65511,36.50235,37.98435,39.47414,40.96979,42.46936,43.97084,45.47224,46.97155,48.46677,49.95596,51.43721,52.27567,53.75983,55.23111,56.68781,57.57737,59.02605,59.94012,61.37591,62.3117,63.72978,64.68428,66.08002,67.05001,68.419,69.40117,70.39556,71.73034,72.73222,73.7446,75.03649,76.05153,77.07515,78.10683,79.3379,80.36596,81.4,82.4394,83.48356,84.53182,85.58354,86.63805,87.69467,88.7527,89.81146,90.87025,91.92838,92.98514,94.03985,95.09184,96.14042,97.18495,98.22479,99.25931,100.2879,101.51797,102.55031,103.57464,104.59044,105.88164,106.89489,107.89769,109.23205,110.22747,111.2107,112.57954,113.5507,114.94646,115.90222,117.32053,118.25767,119.69387,120.60935,122.05864,122.94967,124.40715,125.87933,126.73205,128.20456,129.68698,131.17745,132.67407,134.17488,135.67787,137.18105,138.6824,140.17991,141.67162,143.15562,144.0033,145.49044,146.96486,147.85455,149.32398,150.77597,151.69979,153.13879,154.0844,155.50549,156.46971,157.86814,158.84761,159.84057,161.21016,162.2136,163.2288,164.56002,165.58065,166.6111,167.65082,168.92595,169.96441,171.00995,172.06196,173.11977,174.18271,175.25008,176.32117,177.46593,178.52274,179.58096 0.10387,0.1011,0.09826,0.09202,0.08874,0.08545,0.08219,0.07901,0.07592,0.07295,0.06413,0.06135,0.05873,0.05627,0.05398,0.04481,0.04289,0.04118,0.03203,0.03092,0.02189,0.02155,0.0129,0.01341,0.00526,0.00655,-0.00115,0.0007,-0.00669,-0.01419,-0.01174,-0.01904,-0.02635,-0.02362,-0.03061,-0.03737,-0.04378,-0.04972,-0.05511,-0.05987,-0.06398,-0.06747,-0.07549,-0.07811,-0.08015,-0.08152,-0.08877,-0.0889,-0.0956,-0.09407,-0.09126,-0.09656,-0.09218,-0.09679,-0.10117,-0.09587,-0.10002,-0.09477,-0.09879,-0.10266,-0.09736,-0.1009,-0.10421,-0.10728,-0.10108,-0.10375,-0.10628,-0.10869,-0.11103,-0.10433,-0.10665,-0.10887,-0.11092,-0.11271,-0.11416,-0.11517,-0.11569,-0.11569,-0.11513,-0.11405,-0.11249,-0.11053,-0.10827,-0.10579,-0.11014,-0.10737,-0.10461,-0.10192,-0.09934,-0.1025,-0.10002,-0.09766,-0.09539,-0.09788,-0.09563,-0.09337,-0.09533,-0.09298,-0.09452,-0.09205,-0.0933,-0.09073,-0.09173,-0.08913,-0.08999,-0.08747,-0.08833,-0.08914,-0.08708,-0.08819,-0.08938,-0.0906,-0.08923,-0.0905,-0.09153,-0.09224,-0.09262,-0.09269,-0.09255,-0.09363,-0.09325,-0.09286,-0.09246,-0.09306,-0.09262,-0.09203,-0.0924,-0.09161,-0.09178,-0.09088,-0.09095,-0.09021,-0.09037,-0.09004,-0.09038,-0.09057,-0.09103,-0.09129,-0.0913,-0.09197,-0.09171,-0.09106,-0.09004,-0.09031,-0.08904,-0.08761,-0.08611,-0.08467,-0.08338,-0.08235,-0.08158,-0.08111,-0.0809,-0.08089,-0.08101,-0.08117,-0.08133,-0.08142,-0.08144,-0.0814,-0.08133,-0.08129,-0.08133,-0.07527,-0.07548,-0.0759,-0.07651,-0.07724,-0.07054,-0.07144,-0.07232,-0.06498,-0.06588,-0.05807,-0.05906,-0.06004,-0.05234,-0.05372,-0.04629,-0.04827,-0.04136,-0.03457,-0.03766,-0.03141,-0.02525,-0.02893,-0.02296,-0.01697,-0.01101,-0.00518,0.0004,0.00555,0.01012,0.014,0.01714,0.01959,0.02754,0.02917,0.03046,0.03151,0.03886,0.03957,0.04663,0.04677,0.05337,0.05263,0.0586,0.05682,0.06219,0.0595,0.06447,0.06941,0.0661,0.07103,0.07604,0.07257,0.07761,0.08265,0.0876,0.08335,0.08782,0.09199,0.0958,0.09921,0.1022,0.10476,0.10694,0.10878,0.11038,0.11181,0.11319,0.11461,0.11615,0.11786,0.11975,0.12179,0.12392,0.12605,0.1281,0.12996,0.13925,0.1406,0.14159,0.14222,0.14996,0.14986,0.14942,0.15552,0.1544,0.15303,0.15738,0.15548,0.15867,0.15645,0.15891,0.15662,0.15885,0.15671,0.15905,0.15711,0.15956,0.16182,0.16002,0.16187,0.16321,0.16398,0.16421,0.16397,0.16332,0.16227,0.16082,0.15898,0.15676,0.15426,0.15418,0.15142,0.1489,0.14845,0.14652,0.14511,0.14509,0.14438,0.14449,0.14415,0.14415,0.14371,0.14333,0.1426,0.14159,0.1404,0.13893,0.13743,0.13576,0.13392,0.13194,0.13025,0.12819,0.126,0.12367,0.12122,0.11865,0.11599,0.11326,0.11185,0.10924,0.10658
95.625 -179.32443,-178.32036,-177.31694,-176.31478,-175.31451,-174.31671,-173.32198,-172.22126,-171.21769,-170.21915,-169.22621,-168.2394,-167.25925,-166.07317,-165.09251,-164.12034,-162.89032,-161.92201,-160.96391,-159.69725,-158.74738,-157.80926,-156.51395,-155.58825,-154.2704,-153.36007,-152.02369,-151.13155,-149.78082,-148.41266,-147.54873,-146.17305,-144.78389,-143.95535,-142.56574,-141.16694,-139.76058,-138.34835,-137.59084,-136.19068,-134.78911,-133.38785,-132.67586,-131.26075,-129.85038,-128.44648,-127.05072,-126.26467,-124.86738,-123.48257,-122.65912,-121.27984,-119.91712,-119.06304,-117.71275,-116.83896,-115.50533,-114.61452,-113.30165,-112.39664,-111.47927,-110.19214,-109.26458,-108.32604,-107.07288,-106.12842,-105.17457,-103.963,-103.00757,-102.04449,-101.07426,-100.09737,-98.95469,-97.98319,-97.00695,-96.02652,-95.04248,-94.05541,-93.06592,-92.0746,-91.08208,-90.08897,-89.09589,-88.10346,-87.1123,-86.12303,-85.13624,-84.15254,-83.17252,-82.19674,-81.22576,-80.08216,-79.10593,-78.1364,-77.17409,-76.21946,-75.0074,-74.05449,-73.11101,-71.85762,-70.92019,-69.99377,-68.7067,-67.79057,-66.88683,-65.57429,-64.68485,-63.35175,-62.4794,-61.12983,-60.27726,-58.91545,-57.53719,-56.71535,-55.33173,-53.93574,-53.15138,-51.75707,-50.35473,-48.94602,-47.53267,-46.11642,-44.69905,-43.28234,-41.86807,-40.458,-39.05385,-37.65731,-36.27,-35.4422,-34.05544,-32.68216,-31.81916,-30.45349,-29.10522,-28.21418,-26.8803,-25.97116,-24.65582,-23.73141,-22.43859,-21.50183,-20.55338,-19.28917,-18.33255,-17.36576,-16.13813,-15.16752,-14.18844,-13.20137,-12.0261,-11.04092,-10.04963,-9.05277,-8.0509,-7.0446,-5.95916,-4.96304,-3.96445,-2.96399,-1.96226,-0.95987,0.04256,1.04442,2.0451,3.04399,4.04049,5.03402,6.02398,7.1595,8.15709,9.14919,10.13526,11.11477,12.08723,13.30371,14.27553,15.23853,16.19228,17.4547,18.40228,19.33906,20.63304,21.55951,22.87812,23.79137,25.13084,26.02802,27.38438,28.26278,29.63191,30.489,31.86669,33.25825,34.08225,35.47561,36.87878,37.66345,39.06168,40.46552,41.87337,43.28357,44.69448,46.10443,47.51176,48.91483,50.31204,51.70182,52.49176,53.88362,55.26399,56.09028,57.46614,58.82667,59.68306,61.03261,61.90843,63.24303,64.13581,65.45158,66.3587,67.65196,68.5707,69.50058,70.76557,71.70324,72.65066,73.88002,74.83124,75.79066,76.75789,77.93687,78.90265,79.87451,80.85199,81.83457,82.82174,83.91528,84.89336,85.87423,86.85736,87.84219,88.82816,89.81472,90.8013,91.78735,92.7723,93.75559,94.73667,95.71501,96.80737,97.79491,98.7779,99.75583,100.72819,101.6945,102.87268,103.84055,104.80066,105.75259,106.98142,107.92966,108.86817,110.13285,111.06367,111.98338,113.27654,114.18471,115.50054,116.39445,117.72927,118.60628,119.95621,120.81384,122.17491,123.5514,124.37903,125.76018,127.15292,127.94425,129.33504,130.73335,132.13762,133.54622,134.95753,136.36988,137.78161,139.19104,140.59654,141.99648,142.78148,144.18649,145.58172,146.9657,147.79978,149.17947,150.03727,151.40846,152.76209,153.64616,154.9848,155.8859,156.80017,158.12095,159.04855,160.34471,161.28268,162.23151,163.49611,164.45117,165.41553,166.38875,167.60737,168.58127,169.56227,170.54986,171.54352,172.69281,173.68022,174.67177,175.66691,176.66504,177.66558,178.66792,179.67146 0.10594,0.10403,0.1021,0.10011,0.09806,0.09593,0.09373,0.08976,0.08727,0.08479,0.08231,0.07988,0.07748,0.07189,0.06959,0.06737,0.06108,0.05911,0.05725,0.05077,0.04934,0.04809,0.04198,0.04133,0.03551,0.03549,0.02998,0.03047,0.02512,0.01952,0.02055,0.01488,0.00893,0.01023,0.00423,-0.00193,-0.00815,-0.01432,-0.0122,-0.01785,-0.02312,-0.02785,-0.03567,-0.03957,-0.04277,-0.04525,-0.047,-0.05398,-0.05471,-0.05453,-0.06096,-0.05939,-0.05674,-0.06225,-0.05828,-0.06328,-0.05863,-0.06331,-0.05877,-0.06334,-0.06784,-0.06367,-0.06792,-0.07199,-0.06756,-0.07106,-0.07431,-0.069,-0.07164,-0.07415,-0.0766,-0.079,-0.07284,-0.0752,-0.0776,-0.08002,-0.08239,-0.0846,-0.08656,-0.08815,-0.08928,-0.08989,-0.08995,-0.08945,-0.08844,-0.08699,-0.08518,-0.08314,-0.08097,-0.07877,-0.07662,-0.08285,-0.08073,-0.07874,-0.07689,-0.07512,-0.08018,-0.07834,-0.07649,-0.08048,-0.07838,-0.07615,-0.07911,-0.0765,-0.07369,-0.07589,-0.07277,-0.07471,-0.07143,-0.07331,-0.07005,-0.07199,-0.07385,-0.07092,-0.07292,-0.07486,-0.07229,-0.07436,-0.07634,-0.07819,-0.07983,-0.08116,-0.08216,-0.08284,-0.08325,-0.08346,-0.08355,-0.08352,-0.08335,-0.08573,-0.0852,-0.08439,-0.0861,-0.08485,-0.08334,-0.08465,-0.08301,-0.08423,-0.08276,-0.08406,-0.08301,-0.08452,-0.08599,-0.08552,-0.08709,-0.08855,-0.08816,-0.08941,-0.09037,-0.09101,-0.08993,-0.09014,-0.09006,-0.08975,-0.08928,-0.08874,-0.08781,-0.08766,-0.08764,-0.0878,-0.08812,-0.08859,-0.08917,-0.08982,-0.09049,-0.09115,-0.09176,-0.0923,-0.09279,-0.09185,-0.09222,-0.09262,-0.09308,-0.09362,-0.09423,-0.09216,-0.09287,-0.09357,-0.0942,-0.09091,-0.09137,-0.09168,-0.08715,-0.08736,-0.08205,-0.08241,-0.07682,-0.07757,-0.0721,-0.07338,-0.06825,-0.07004,-0.06521,-0.06027,-0.06265,-0.05776,-0.05266,-0.05513,-0.04994,-0.04463,-0.03929,-0.03408,-0.02911,-0.02461,-0.02067,-0.01738,-0.01473,-0.01264,-0.00544,-0.00394,-0.00269,0.0044,0.00541,0.00624,0.01311,0.01342,0.01991,0.01936,0.02526,0.02367,0.02891,0.02636,0.03107,0.03569,0.03228,0.03673,0.04123,0.03748,0.04197,0.04653,0.05113,0.04675,0.0511,0.05533,0.05941,0.06328,0.0669,0.06069,0.06379,0.06667,0.06934,0.07183,0.07418,0.07644,0.07865,0.08086,0.0831,0.08536,0.08765,0.08992,0.10018,0.1023,0.10423,0.10593,0.10735,0.10845,0.11755,0.11807,0.11831,0.11828,0.12626,0.12578,0.12511,0.13197,0.13079,0.12942,0.13482,0.13289,0.1372,0.13482,0.13834,0.13577,0.13899,0.13647,0.13975,0.14302,0.14076,0.14395,0.14678,0.14424,0.14627,0.14759,0.14822,0.14828,0.14793,0.14734,0.14658,0.14569,0.14464,0.14342,0.14565,0.14395,0.14221,0.14055,0.14167,0.14023,0.14115,0.14016,0.13944,0.14046,0.13995,0.14086,0.14158,0.14079,0.14112,0.13975,0.13957,0.13911,0.13689,0.13602,0.13496,0.13374,0.13089,0.12949,0.12796,0.12631,0.12455,0.12117,0.11932,0.11742,0.11549,0.11356,0.11163,0.10973,0.10783
101.25 -179.28913,-178.33445,-177.38034,-176.42732,-175.47591,-174.52665,-173.58003,-172.63656,-171.69674,-170.76105,-169.68686,-168.74631,-167.81152,-166.88291,-165.96093,-164.82609,-163.90516,-162.99236,-161.82072,-160.91266,-160.01413,-158.81202,-157.92186,-156.69595,-155.81673,-154.57019,-153.70445,-152.44065,-151.59082,-150.31332,-149.48171,-148.19414,-147.38288,-146.08891,-144.78309,-143.46665,-142.69691,-141.38228,-140.0607,-138.73357,-137.40232,-136.06843,-134.73338,-133.39865,-132.06573,-130.73611,-129.41123,-128.09252,-127.36274,-126.04076,-124.72864,-123.96365,-122.65418,-121.35812,-120.56338,-119.27588,-118.46186,-117.18657,-116.35544,-115.09593,-114.25,-113.00973,-112.15143,-110.93366,-110.0655,-109.18725,-107.99775,-107.11315,-106.21975,-105.3179,-104.16894,-103.26543,-102.35494,-101.43787,-100.34035,-99.4264,-98.50745,-97.58397,-96.6564,-95.72525,-94.791,-93.85417,-92.91525,-91.97478,-91.01809,-90.09198,-89.16589,-88.20786,-87.26753,-86.3288,-85.3922,-84.45825,-83.52745,-82.60028,-81.67724,-80.75878,-79.84538,-78.74715,-77.83073,-76.92094,-76.01817,-74.8688,-73.96779,-73.07528,-72.1916,-71.00199,-70.12476,-68.90818,-68.03999,-67.18283,-65.94284,-65.09814,-63.83908,-63.00924,-61.73456,-60.9219,-59.63517,-58.84183,-57.54669,-56.23826,-55.47474,-54.16379,-52.84306,-52.11481,-50.79748,-49.47406,-48.14598,-46.81469,-45.48166,-44.14837,-42.81631,-41.48696,-40.16177,-38.84218,-37.52957,-36.76043,-35.44611,-34.14242,-33.3396,-32.04016,-30.75479,-29.9241,-28.64884,-27.80003,-26.5385,-25.67387,-24.42958,-23.55155,-22.32788,-21.43896,-20.23907,-19.34183,-18.43511,-17.26563,-16.3542,-15.43468,-14.50743,-13.38136,-12.4542,-11.52088,-10.58182,-9.63748,-8.57535,-7.63703,-6.69507,-5.74998,-4.80224,-3.85236,-2.90088,-1.9483,-0.99515,-0.04196,0.91074,1.86243,2.81259,3.7607,4.70624,5.64873,6.58766,7.52255,8.45294,9.55897,10.49322,11.42137,12.343,13.25771,14.4213,15.33402,16.23837,17.13401,18.33557,19.2246,20.45153,21.33143,22.20046,23.44905,24.3056,25.57182,26.41356,27.69404,28.51872,29.81001,30.61555,31.91414,33.22493,34.00101,35.31344,36.6347,37.96351,38.69337,40.01596,41.34255,42.67176,44.0022,45.33249,46.66123,47.98704,49.30855,50.62444,51.36063,52.68014,53.99056,55.29066,56.06945,57.36551,58.16506,59.45366,60.72677,61.54985,62.81018,63.64869,64.893,65.74477,66.60753,67.8327,68.70567,69.90724,70.78803,71.67788,72.84958,73.74394,74.64609,75.55571,76.68535,77.59507,78.51086,79.43231,80.51022,81.4274,82.34876,83.27389,84.20233,85.13365,86.06737,87.00303,87.94015,88.87826,89.81687,90.75551,91.69368,92.6309,93.56671,94.50061,95.43214,96.36085,97.28627,98.20797,99.12551,100.20257,101.12448,102.04076,102.95101,103.85485,104.99025,105.89304,106.78807,107.95936,108.84996,109.73153,110.93288,111.8067,112.67036,113.89547,114.74818,115.99257,116.83209,118.09264,118.91677,120.19024,121.47927,122.27996,123.57659,124.35656,125.65734,126.96853,128.28889,129.02633,130.34316,131.66571,132.99262,134.32253,135.65406,136.98581,138.31639,139.64441,140.96848,141.69858,143.02898,144.35187,145.66596,146.4425,147.75504,149.05537,149.86154,151.15465,151.98004,153.2624,154.10494,155.37306,156.23051,157.48102,158.35102,159.58072,160.46082,161.35094,162.55443,163.45122,164.35675,165.27069,166.43621,167.35219,168.27512,169.20461,170.32132,171.24811,172.17988,173.11618,174.05654,175.00047,175.94748,176.89707,177.84873,178.80193,179.75615 0.10206,0.10077,0.09946,0.09809,0.09664,0.09508,0.09339,0.09157,0.08962,0.08757,0.08594,0.0837,0.08143,0.07916,0.07689,0.07418,0.07193,0.06972,0.06632,0.06426,0.06229,0.05859,0.05698,0.05318,0.05208,0.04839,0.04787,0.04433,0.04429,0.04075,0.04096,0.03722,0.03749,0.03347,0.02913,0.02452,0.02508,0.02045,0.01568,0.01083,0.006,0.00133,-0.00302,-0.00693,-0.01029,-0.01303,-0.01515,-0.01659,-0.02273,-0.02321,-0.02294,-0.0285,-0.02704,-0.02482,-0.02961,-0.02647,-0.03099,-0.02752,-0.03194,-0.02889,-0.03338,-0.03115,-0.03564,-0.03409,-0.03829,-0.04231,-0.04043,-0.04372,-0.04672,-0.04946,-0.04601,-0.04806,-0.04997,-0.05182,-0.04742,-0.04904,-0.05072,-0.05247,-0.05428,-0.0561,-0.05784,-0.05943,-0.06077,-0.06176,-0.05354,-0.05339,-0.05281,-0.06124,-0.06,-0.05844,-0.05667,-0.0548,-0.05294,-0.05118,-0.04959,-0.04819,-0.04698,-0.05442,-0.05327,-0.05217,-0.05108,-0.0575,-0.05611,-0.05458,-0.05286,-0.05772,-0.05538,-0.05917,-0.05617,-0.05284,-0.05553,-0.05172,-0.05406,-0.05008,-0.05251,-0.04867,-0.05139,-0.04786,-0.05085,-0.05379,-0.05072,-0.05364,-0.05634,-0.05331,-0.0557,-0.05779,-0.05959,-0.0611,-0.06234,-0.06337,-0.06424,-0.065,-0.06569,-0.0663,-0.06673,-0.07052,-0.07041,-0.0699,-0.0729,-0.07174,-0.07024,-0.07261,-0.07085,-0.07295,-0.07123,-0.07323,-0.07177,-0.07379,-0.07267,-0.07476,-0.07387,-0.07599,-0.07804,-0.07709,-0.07897,-0.0807,-0.08224,-0.08046,-0.08159,-0.08249,-0.08318,-0.0837,-0.08111,-0.08159,-0.08207,-0.08257,-0.08313,-0.08378,-0.08451,-0.08531,-0.08616,-0.08703,-0.0879,-0.08874,-0.08953,-0.09026,-0.09093,-0.09153,-0.09207,-0.09257,-0.09305,-0.09473,-0.09523,-0.09574,-0.09624,-0.09672,-0.0979,-0.09834,-0.09867,-0.09887,-0.09888,-0.09885,-0.09759,-0.09737,-0.0971,-0.09484,-0.09466,-0.09189,-0.09197,-0.08909,-0.08949,-0.08666,-0.08732,-0.08449,-0.08139,-0.08232,-0.07902,-0.07534,-0.07133,-0.07235,-0.0682,-0.06393,-0.05965,-0.05553,-0.0517,-0.0483,-0.04539,-0.04303,-0.04117,-0.03541,-0.034,-0.0328,-0.03171,-0.02574,-0.02472,-0.01856,-0.01777,-0.01725,-0.01141,-0.01163,-0.0062,-0.00736,-0.00245,0.00232,-7e-05,0.00425,0.00134,0.00538,0.00936,0.00606,0.00989,0.01375,0.01764,0.01382,0.01753,0.02123,0.02493,0.02046,0.02393,0.02736,0.03074,0.03403,0.03723,0.04033,0.0433,0.04615,0.0489,0.05154,0.0541,0.05658,0.05901,0.06137,0.06366,0.06585,0.06791,0.06981,0.07148,0.07291,0.08242,0.08334,0.08398,0.08438,0.08456,0.09301,0.09285,0.09257,0.10053,0.09996,0.09925,0.10639,0.10521,0.10381,0.10966,0.10768,0.11253,0.11005,0.11416,0.11142,0.11522,0.11893,0.11619,0.11997,0.11718,0.12084,0.12418,0.12702,0.12337,0.12516,0.1262,0.12659,0.12653,0.12621,0.12584,0.12551,0.12526,0.12503,0.12897,0.12849,0.1279,0.12724,0.13012,0.12929,0.12856,0.13089,0.13025,0.1323,0.13169,0.13349,0.13276,0.13426,0.13314,0.13426,0.13253,0.13317,0.13352,0.13084,0.13069,0.1303,0.12967,0.12601,0.12508,0.12398,0.12275,0.11832,0.1169,0.11537,0.11381,0.11221,0.11063,0.10906,0.10755,0.10609,0.1047,0.10336
106.875 -179.24266,-178.34674,-177.45129,-176.55676,-175.66356,-174.77214,-173.81119,-172.91102,-172.014,-171.12058,-170.23115,-169.34613,-168.31028,-167.42237,-166.54023,-165.66422,-164.58284,-163.70805,-162.84068,-161.98103,-160.86335,-160.00898,-158.86714,-158.02028,-157.18309,-156.01963,-155.19293,-154.01193,-153.19783,-152.00219,-151.2027,-149.99542,-148.77393,-147.99661,-146.76836,-146.01065,-144.77878,-143.53744,-142.28773,-141.5699,-140.32358,-139.07202,-137.81645,-136.55807,-135.29815,-134.03792,-132.77866,-131.5216,-130.26798,-129.59883,-128.33878,-127.08538,-125.83979,-125.12654,-123.88151,-122.64736,-121.90553,-120.677,-119.91656,-118.69677,-117.49249,-116.71156,-115.5208,-114.72629,-113.92107,-112.74591,-111.92983,-110.7753,-109.9505,-109.11664,-107.98783,-107.14827,-106.30077,-105.20327,-104.35317,-103.49632,-102.63307,-101.57889,-100.71709,-99.85019,-98.97858,-98.10264,-97.22277,-96.33938,-95.36782,-94.49275,-93.61555,-92.73665,-91.85646,-90.97542,-90.09398,-89.21255,-88.33158,-87.45151,-86.57276,-85.69576,-84.82093,-83.84842,-82.96538,-82.08589,-81.21038,-80.33924,-79.47286,-78.42558,-77.55688,-76.69427,-75.83811,-74.98871,-73.89093,-73.04423,-72.20551,-71.0766,-70.24367,-69.41981,-68.26539,-67.45032,-66.27542,-65.47129,-64.27868,-63.48757,-62.70781,-61.5041,-60.28499,-59.52581,-58.29807,-57.55754,-56.32432,-55.0803,-54.3684,-53.12394,-51.87174,-50.61298,-49.94522,-48.69298,-47.43736,-46.1796,-44.92094,-43.66264,-42.40594,-41.15208,-39.90229,-39.19551,-37.94044,-36.69261,-35.45317,-34.70388,-33.4662,-32.23993,-31.46339,-30.24392,-29.03864,-28.24006,-27.04644,-26.23331,-25.05435,-24.22868,-23.06725,-22.23115,-21.38542,-20.24559,-19.3924,-18.53063,-17.41826,-16.55213,-15.67862,-14.59914,-13.72442,-12.84359,-11.95702,-10.92297,-10.03927,-9.15119,-8.25913,-7.36349,-6.46469,-5.56316,-4.61526,-3.72343,-2.83025,-1.93616,-1.0416,-0.147,0.7472,1.64057,2.53267,3.42309,4.31138,5.3053,6.20152,7.09423,7.98304,8.86754,9.74734,10.62207,11.69511,12.57093,13.44036,14.30309,15.41716,16.27697,17.12887,18.27236,19.11829,19.95522,21.12259,21.95058,22.76863,23.95403,24.76037,25.9608,26.75346,27.96606,28.74318,29.96501,31.19946,31.95295,33.1919,34.44069,35.16577,36.41421,37.66956,38.9307,39.61223,40.86636,42.12324,43.38172,44.64061,45.89874,47.15494,48.40803,49.65688,50.3456,51.59912,52.84543,54.08346,54.81251,56.04868,57.27377,58.02883,59.24738,60.01947,61.22861,62.42247,63.2129,64.01391,65.19569,66.00837,67.17242,67.99483,69.13863,69.96877,70.80731,71.92585,72.76932,73.62016,74.70836,75.56128,76.42044,77.28552,78.15623,79.19551,80.06368,80.93621,81.81275,82.69294,83.5764,84.54426,85.41978,86.29729,87.1764,88.05673,88.93787,89.81943,90.701,91.58219,92.4626,93.34184,94.2195,95.0952,96.06209,96.94581,97.82629,98.70315,99.57603,100.44458,101.48316,102.35432,103.21989,104.07956,104.93301,106.02074,106.87219,107.71629,108.83452,109.67376,110.50461,111.64825,112.47144,113.63543,114.44896,115.25251,116.4327,117.22403,118.41811,119.62753,120.4006,121.61955,122.37563,123.60122,124.83796,125.56808,126.80678,128.05383,129.30817,129.99802,131.24776,132.50181,133.75903,135.01824,136.27827,137.53794,138.79606,140.05148,140.73319,141.9957,143.25247,144.50235,145.74428,146.47812,147.71861,148.4726,149.70866,150.93212,151.70986,152.92412,153.71748,154.91961,155.72673,156.91384,157.73274,158.56162,159.73074,160.56862,161.71605,162.56079,163.41373,164.27461,165.39043,166.25427,167.12485,168.00184,169.07658,169.95251,170.83354,171.71928,172.60935,173.50336,174.50932,175.39637,176.28597,177.1777,178.07114,178.96585,179.86139 0.08938,0.08854,0.08768,0.08676,0.08572,0.08454,0.08666,0.08508,0.08334,0.08146,0.07945,0.07737,0.07783,0.07563,0.07343,0.07125,0.07089,0.06872,0.0666,0.06454,0.06351,0.06161,0.06011,0.05852,0.05715,0.05569,0.05481,0.05337,0.05292,0.05139,0.05114,0.04928,0.04697,0.0466,0.04383,0.04325,0.04022,0.03702,0.03372,0.03351,0.0304,0.02725,0.02408,0.02097,0.01799,0.01526,0.01284,0.0108,0.00912,0.00435,0.00319,0.00248,0.00225,-0.002,-0.00132,-0.00012,-0.00365,-0.00173,-0.00507,-0.00296,-0.00131,-0.00476,-0.00398,-0.00785,-0.01194,-0.01226,-0.01648,-0.01722,-0.02113,-0.02482,-0.02479,-0.02768,-0.03024,-0.02882,-0.03057,-0.03209,-0.03343,-0.03048,-0.03136,-0.03217,-0.03294,-0.03369,-0.03443,-0.03515,-0.02973,-0.02991,-0.02995,-0.02979,-0.02938,-0.0287,-0.02773,-0.02646,-0.02495,-0.02327,-0.0215,-0.01975,-0.01812,-0.02524,-0.02393,-0.02289,-0.02209,-0.02151,-0.02107,-0.02859,-0.02807,-0.02748,-0.02677,-0.02588,-0.03229,-0.03086,-0.02917,-0.03441,-0.03196,-0.02917,-0.03289,-0.0293,-0.03209,-0.02796,-0.03035,-0.0261,-0.02198,-0.02472,-0.02778,-0.02437,-0.02792,-0.02493,-0.02866,-0.03225,-0.02937,-0.03257,-0.03538,-0.03779,-0.03424,-0.03609,-0.0377,-0.03913,-0.04049,-0.04183,-0.04318,-0.0445,-0.04572,-0.05029,-0.05106,-0.05143,-0.05129,-0.05493,-0.05401,-0.05266,-0.05579,-0.0541,-0.0524,-0.0554,-0.05389,-0.05684,-0.0556,-0.05846,-0.0574,-0.06013,-0.06271,-0.06164,-0.06406,-0.06635,-0.06491,-0.06693,-0.06879,-0.06658,-0.06804,-0.06933,-0.07047,-0.0672,-0.06811,-0.06899,-0.06986,-0.07075,-0.0717,-0.0727,-0.06987,-0.07108,-0.07231,-0.07351,-0.07469,-0.07581,-0.07688,-0.07788,-0.07882,-0.07969,-0.08049,-0.08443,-0.08503,-0.08555,-0.08599,-0.08634,-0.08659,-0.08675,-0.08996,-0.09012,-0.09023,-0.09031,-0.09346,-0.09353,-0.09355,-0.09607,-0.09594,-0.09574,-0.09718,-0.0968,-0.09637,-0.09677,-0.09628,-0.09599,-0.09552,-0.0948,-0.09443,-0.09347,-0.09224,-0.09204,-0.09059,-0.08879,-0.08862,-0.08647,-0.08391,-0.081,-0.08084,-0.07782,-0.07474,-0.07175,-0.06898,-0.06657,-0.06455,-0.06295,-0.0617,-0.05777,-0.05674,-0.05582,-0.05488,-0.05046,-0.04938,-0.04824,-0.04351,-0.0425,-0.03771,-0.0372,-0.03714,-0.03284,-0.02847,-0.02959,-0.02553,-0.02729,-0.02346,-0.02554,-0.02188,-0.01823,-0.02054,-0.01707,-0.01366,-0.01618,-0.01302,-0.0099,-0.0068,-0.0037,-0.00684,-0.00386,-0.00082,0.00227,0.00541,0.00858,0.00534,0.00842,0.01144,0.01438,0.01719,0.01986,0.02239,0.02475,0.02698,0.02906,0.03101,0.03283,0.03453,0.04395,0.04552,0.04691,0.04811,0.04911,0.04992,0.05882,0.05923,0.05947,0.05959,0.0596,0.06765,0.06744,0.06716,0.07478,0.07421,0.07351,0.08041,0.07923,0.08536,0.08363,0.08172,0.08664,0.08425,0.08847,0.09242,0.08953,0.09324,0.09014,0.09373,0.09729,0.09377,0.09703,0.09998,0.10246,0.09801,0.09968,0.10081,0.10148,0.10183,0.10204,0.10222,0.10245,0.10274,0.10744,0.10767,0.10783,0.1079,0.10786,0.1119,0.11167,0.11536,0.11498,0.11452,0.1178,0.11708,0.11999,0.11884,0.12133,0.11958,0.12164,0.12341,0.12078,0.12205,0.11863,0.1194,0.11988,0.12005,0.1155,0.11525,0.11477,0.11407,0.10865,0.10766,0.10652,0.10526,0.10393,0.10255,0.09678,0.0955,0.09428,0.09314,0.09209,0.09113,0.09023
112.5 -179.20821,-178.35183,-177.49586,-176.64069,-175.78669,-174.93425,-174.08373,-173.2355,-172.38992,-171.4458,-170.59455,-169.74716,-168.90396,-168.06529,-167.0666,-166.22656,-165.39219,-164.56381,-163.5265,-162.70026,-161.88107,-160.81574,-160.0014,-159.1951,-158.10654,-157.30772,-156.20057,-155.4111,-154.63119,-153.50944,-152.37231,-151.60699,-150.4587,-149.70803,-148.55123,-147.81677,-146.65414,-145.48137,-144.29935,-143.59726,-142.4154,-141.22693,-140.03287,-138.83425,-138.18328,-136.99254,-135.79999,-134.6067,-133.41374,-132.22218,-131.60724,-130.40708,-129.21105,-128.02021,-126.83557,-126.16831,-124.9827,-123.80595,-123.11144,-121.93805,-120.77606,-120.05841,-118.90406,-118.17116,-117.02708,-116.28052,-115.14932,-114.39078,-113.27496,-112.50621,-111.72844,-110.63099,-109.84548,-109.05179,-107.97783,-107.179,-106.37296,-105.32731,-104.5188,-103.70411,-102.88352,-101.87672,-101.05716,-100.23283,-99.40407,-98.57119,-97.73453,-96.79157,-95.96106,-95.12798,-94.29268,-93.45552,-92.61688,-91.77713,-90.93664,-90.09579,-89.25495,-88.41452,-87.57487,-86.73636,-85.89938,-85.0643,-84.23146,-83.40125,-82.45751,-81.62123,-80.78876,-79.96044,-79.1366,-78.31755,-77.31028,-76.49029,-75.67622,-74.86836,-73.82247,-73.01716,-72.21909,-71.14506,-70.3522,-69.56755,-68.4702,-67.69335,-66.92554,-65.80999,-65.05245,-63.92164,-63.17613,-62.03256,-61.30076,-60.14703,-58.98042,-58.26927,-57.09669,-56.40338,-55.22755,-54.04292,-53.3769,-52.19334,-51.00364,-49.80883,-48.60995,-47.40806,-46.20425,-45.61449,-44.42265,-43.23159,-42.59227,-41.39174,-40.19475,-39.00234,-37.81555,-36.63539,-35.93386,-34.75361,-33.58262,-32.85475,-31.68803,-30.53304,-29.78315,-28.6367,-27.87223,-26.73696,-25.95958,-24.83806,-24.04955,-22.94425,-22.14644,-21.0597,-20.25445,-19.44118,-18.37765,-17.55957,-16.73446,-15.6989,-14.87167,-14.03847,-13.19962,-12.2026,-11.36513,-10.52315,-9.67699,-8.82698,-7.88438,-7.04003,-6.19304,-5.34376,-4.49256,-3.63981,-2.78589,-1.93116,-1.07603,-0.22085,0.63398,1.48809,2.3411,3.19263,4.04231,4.88979,5.73468,6.57666,7.41536,8.39845,9.24127,10.07964,10.91326,11.7418,12.77489,13.6033,14.42553,15.24133,16.30916,17.1214,17.9262,19.01903,19.81768,20.60799,21.72098,22.50265,23.63208,24.40333,25.54684,26.30594,27.46106,28.20639,29.37058,30.10059,31.27128,31.98455,33.15916,34.34262,35.03039,36.21364,37.40325,38.59824,39.79766,40.43637,41.62831,42.82208,44.01667,45.21108,46.40429,47.59532,48.23177,49.42976,50.62298,51.81047,52.9913,53.67591,54.85652,56.028,56.73763,57.90484,59.06062,59.79132,60.93889,61.68356,62.82047,63.57761,64.70148,65.4695,66.57803,67.35528,68.4463,69.23108,70.02366,71.09316,71.89091,72.69559,73.73914,74.54655,75.35997,76.17912,77.18716,78.00587,78.82929,79.65714,80.48913,81.44707,82.27468,83.10534,83.93874,84.77455,85.61243,86.45206,87.29309,88.13518,88.97798,89.82114,90.66432,91.50716,92.34932,93.19045,94.03021,94.86825,95.70424,96.53785,97.36876,98.19663,99.15384,99.98616,100.81437,101.63817,102.45728,103.46478,104.28441,105.09831,105.90624,106.94941,107.75466,108.553,109.62226,110.41548,111.20092,112.29183,113.06979,114.1783,114.94708,116.07103,116.82898,117.96606,118.71158,119.85941,120.59099,121.74713,122.46335,123.62533,124.79732,125.49024,126.66409,127.84558,129.03379,130.22778,130.87537,132.06407,133.256,134.45016,135.64556,136.84119,138.03604,139.2291,139.86794,141.06856,142.2648,143.45567,144.64023,145.32833,146.51316,147.68916,148.40287,149.575,150.30552,151.4712,152.62422,153.37376,154.51633,155.27858,156.40826,157.18155,157.964,159.07857,159.86972,160.96562,161.76365,162.56937,163.38256,164.45197,165.26875,166.092,167.13188,167.95609,168.7857,169.6204,170.45988,171.30383,172.28841,173.12825,173.97138,174.81745,175.66611,176.51699,177.36974,178.22396,179.0793,179.93537 0.07572,0.07494,0.07414,0.07329,0.07235,0.07127,0.07004,0.06864,0.06708,0.07002,0.06814,0.06619,0.0642,0.06221,0.06423,0.06225,0.06035,0.05855,0.05998,0.05825,0.05664,0.05744,0.05596,0.05465,0.05504,0.05398,0.05419,0.05344,0.0528,0.05299,0.05285,0.05224,0.05159,0.05065,0.04931,0.04794,0.04605,0.0439,0.04162,0.04023,0.03819,0.03622,0.03431,0.03242,0.03209,0.03047,0.02889,0.0274,0.02605,0.02486,0.0224,0.02126,0.02024,0.01935,0.0186,0.01585,0.01555,0.01557,0.01332,0.01399,0.01483,0.01296,0.01379,0.01166,0.01189,0.00919,0.00848,0.00512,0.00356,-0.00024,-0.00413,-0.0059,-0.00955,-0.01299,-0.01369,-0.01635,-0.01866,-0.01776,-0.01927,-0.02052,-0.02152,-0.01887,-0.01931,-0.01956,-0.01966,-0.01961,-0.01944,-0.01438,-0.01371,-0.01295,-0.0121,-0.01113,-0.01004,-0.00879,-0.00736,-0.00576,-0.00401,-0.00217,-0.00029,0.00152,0.00316,0.00456,0.00564,0.00639,0.00024,0.00052,0.00059,0.00054,0.00047,0.00048,-0.00573,-0.0053,-0.00466,-0.0038,-0.00928,-0.00788,-0.00625,-0.01096,-0.00866,-0.00607,-0.00947,-0.00614,-0.00265,-0.00487,-0.0011,-0.00318,0.0004,-0.00207,0.00099,-0.00209,-0.00552,-0.00301,-0.0067,-0.00423,-0.00782,-0.01121,-0.00831,-0.01118,-0.01368,-0.01584,-0.01772,-0.01945,-0.02112,-0.01769,-0.01956,-0.02151,-0.02648,-0.0283,-0.02993,-0.0312,-0.03195,-0.03204,-0.03565,-0.03476,-0.03328,-0.03646,-0.03456,-0.0326,-0.03595,-0.03429,-0.03784,-0.03657,-0.04023,-0.03922,-0.04278,-0.04179,-0.04513,-0.04394,-0.04697,-0.04979,-0.04806,-0.05051,-0.05273,-0.05021,-0.05197,-0.0535,-0.05483,-0.05116,-0.05217,-0.05312,-0.05407,-0.05506,-0.05126,-0.05252,-0.05388,-0.05533,-0.05683,-0.05833,-0.05982,-0.06126,-0.06262,-0.06391,-0.06511,-0.06626,-0.06735,-0.06839,-0.06937,-0.07027,-0.07106,-0.07171,-0.07218,-0.07617,-0.07627,-0.07621,-0.07602,-0.07574,-0.07939,-0.07917,-0.07899,-0.07887,-0.08291,-0.08293,-0.083,-0.08682,-0.08683,-0.08681,-0.08986,-0.08964,-0.09187,-0.09144,-0.09289,-0.0923,-0.0931,-0.09242,-0.09275,-0.09203,-0.09203,-0.09125,-0.09095,-0.09034,-0.08944,-0.08845,-0.0871,-0.08542,-0.08346,-0.08252,-0.08063,-0.07884,-0.07726,-0.07601,-0.07512,-0.07454,-0.07261,-0.07213,-0.07171,-0.07122,-0.07054,-0.06761,-0.06654,-0.06526,-0.06187,-0.06055,-0.0594,-0.05606,-0.05554,-0.05234,-0.05265,-0.04963,-0.05068,-0.04773,-0.04912,-0.04609,-0.0474,-0.04423,-0.04098,-0.04203,-0.03882,-0.03565,-0.03672,-0.0338,-0.03099,-0.02826,-0.02985,-0.02739,-0.02494,-0.02247,-0.01994,-0.02189,-0.01934,-0.01671,-0.01401,-0.01127,-0.00855,-0.00587,-0.0033,-0.00086,0.0014,0.00348,0.00537,0.00706,0.00859,0.00998,0.01123,0.01239,0.01346,0.01446,0.01539,0.01626,0.02483,0.0256,0.02628,0.02688,0.02741,0.03558,0.03589,0.03614,0.03634,0.04387,0.04383,0.04371,0.05071,0.05026,0.04968,0.05594,0.05491,0.06054,0.05901,0.0639,0.06185,0.06602,0.06346,0.067,0.06398,0.06709,0.06367,0.06651,0.06935,0.06546,0.06821,0.07094,0.07355,0.07593,0.07168,0.07368,0.07533,0.07662,0.0776,0.07837,0.07899,0.07951,0.08432,0.08476,0.08517,0.08552,0.08579,0.09038,0.09044,0.09036,0.09467,0.09431,0.0984,0.09767,0.09659,0.10025,0.09854,0.10181,0.09935,0.10218,0.10477,0.1013,0.10343,0.09916,0.10082,0.10221,0.10333,0.09796,0.09866,0.0991,0.09315,0.09325,0.09312,0.09277,0.09222,0.09147,0.08527,0.08438,0.0834,0.08235,0.08128,0.08022,0.0792,0.07825,0.07735,0.07651
118.125 -179.97165,-179.16282,-178.35402,-177.54557,-176.7378,-175.89688,-175.08016,-174.26514,-173.45213,-172.64146,-171.83343,-171.02837,-170.22656,-169.30309,-168.49802,-167.69724,-166.90101,-165.93806,-165.14159,-164.35066,-163.56551,-162.56962,-161.78727,-161.0116,-159.99174,-159.22118,-158.45813,-157.4185,-156.6628,-155.6071,-154.86034,-153.79064,-153.05438,-151.97282,-151.24856,-150.15737,-149.05439,-148.348,-147.239,-146.54833,-145.43565,-144.31465,-143.18613,-142.52688,-141.39988,-140.26768,-139.13116,-137.99124,-136.84881,-135.70483,-134.56023,-133.41595,-132.27294,-131.13212,-129.99444,-128.86079,-128.24308,-127.10586,-125.97505,-124.85148,-124.19942,-123.0775,-121.96506,-121.29055,-120.18348,-119.49414,-118.39476,-117.69191,-116.60251,-115.88755,-114.81038,-114.0848,-113.02201,-112.28734,-111.24101,-110.49884,-109.74909,-108.72282,-107.96778,-107.20596,-106.20397,-105.43913,-104.66838,-103.89195,-102.92312,-102.14667,-101.3655,-100.57987,-99.79006,-98.99634,-98.08201,-97.29272,-96.50057,-95.70584,-94.90885,-94.10992,-93.30937,-92.50752,-91.70469,-90.90122,-90.09743,-89.29366,-88.49024,-87.6875,-86.88576,-86.08537,-85.28662,-84.48986,-83.69539,-82.90352,-82.11455,-81.19959,-80.40626,-79.61687,-78.83169,-78.051,-77.27507,-76.30588,-75.53003,-74.75989,-73.76126,-72.99352,-72.23239,-71.47807,-70.45178,-69.70281,-68.65722,-67.91524,-67.18143,-66.11888,-65.39421,-64.31738,-63.60337,-62.51442,-61.81257,-60.71374,-60.02543,-58.91902,-58.24557,-57.13387,-56.01276,-55.36181,-54.23914,-53.10928,-51.97309,-51.35652,-50.22396,-49.08742,-47.94781,-46.80604,-45.66306,-44.5198,-43.3772,-42.23619,-41.09772,-39.96269,-38.832,-37.70653,-37.04776,-35.92083,-34.80143,-34.1174,-33.00032,-31.89297,-31.18726,-30.08596,-28.99644,-28.27296,-27.19308,-26.45764,-25.38963,-24.64374,-23.58973,-22.83493,-22.07206,-21.03486,-20.26526,-19.24705,-18.47237,-17.69104,-16.69676,-15.91265,-15.12277,-14.32738,-13.36597,-12.57082,-11.77114,-10.96718,-10.15925,-9.24446,-8.44051,-7.63361,-6.82406,-6.0122,-5.19831,-4.38274,-3.56581,-2.74783,-1.92908,-1.1214,-0.31368,0.49375,1.30058,2.16309,2.97898,3.79325,4.60557,5.41564,6.22313,7.02774,7.82917,8.62712,9.42132,10.38013,11.17627,11.96767,12.75406,13.74917,14.53453,15.31396,16.08725,17.11193,17.88124,18.64356,19.68962,20.44575,21.19415,22.25737,22.99745,24.07491,24.80517,25.89482,26.6138,27.7135,28.4198,29.52737,30.21969,31.33292,32.45548,33.12673,34.25139,35.38328,36.03008,37.1605,38.29596,39.43561,40.57861,41.72407,42.31444,43.45084,44.58749,45.72351,46.85806,47.45752,48.59922,49.73722,50.87068,51.99876,53.12068,53.7726,54.89415,56.00743,56.68185,57.7913,58.89049,59.58405,60.67602,61.38235,62.46501,63.18282,64.25411,64.98206,66.03999,66.77667,67.5211,68.5633,69.31451,70.33872,71.09519,71.85819,72.86005,73.62623,74.39813,75.17556,76.14699,76.92486,77.70737,78.49431,79.42917,80.21378,81.0019,81.79325,82.58757,83.38458,84.184,84.98554,85.84448,86.63844,87.43358,88.22962,89.02625,89.82319,90.62014,91.41681,92.2129,93.00813,93.8022,94.66031,95.46202,96.26162,97.05884,97.85339,98.645,99.4334,100.21832,101.1526,101.93988,102.72278,103.50104,104.47202,105.2499,106.02227,106.78894,107.7905,108.55402,109.31105,110.33507,111.08687,111.83145,112.87404,113.61138,114.66931,115.39795,116.46933,117.18788,118.2707,118.97779,120.07002,120.76437,121.86389,122.97372,123.64898,124.76272,125.88478,126.53758,127.66007,128.78879,129.92293,131.06166,131.67154,132.80453,133.9399,135.0768,136.21436,137.35171,138.48799,139.08863,140.23268,141.37343,142.51001,143.64159,144.28865,145.42175,146.54765,147.21927,148.34311,149.45764,150.15041,151.25933,151.96615,153.06723,153.78679,154.87784,155.60873,156.68761,157.42839,158.49303,159.24217,159.99907,161.04657,161.80971,162.57985,163.60598,164.38013,165.16046,166.16121,166.94328,167.73063,168.523,169.32013,170.28032,171.07553,171.8745,172.67697,173.48264,174.2912,175.10234,175.91576,176.79913,177.60488,178.41188,179.21981 0.05634,0.05531,0.05431,0.05334,0.05238,0.05672,0.05567,0.05452,0.05326,0.05189,0.05042,0.04886,0.04726,0.05039,0.0487,0.04709,0.04561,0.04847,0.04714,0.04598,0.04498,0.04754,0.04664,0.04587,0.04787,0.0471,0.0464,0.04792,0.04722,0.04849,0.04776,0.04878,0.04789,0.0485,0.04726,0.04724,0.04671,0.04481,0.04364,0.04149,0.04005,0.03855,0.03713,0.03539,0.03434,0.03342,0.03257,0.03175,0.03095,0.03019,0.02951,0.02895,0.02849,0.02806,0.02756,0.02694,0.0258,0.02498,0.02416,0.02347,0.02225,0.02203,0.02211,0.02126,0.02168,0.02075,0.02109,0.01975,0.01954,0.0175,0.01653,0.01371,0.0121,0.00873,0.00694,0.00345,3e-05,-0.00105,-0.00389,-0.00642,-0.00598,-0.0077,-0.0091,-0.01021,-0.00786,-0.00831,-0.00852,-0.00849,-0.00822,-0.00773,-0.00296,-0.00193,-0.00077,0.0005,0.00184,0.00326,0.00476,0.00634,0.00803,0.00983,0.01173,0.01368,0.01563,0.0175,0.01919,0.02063,0.02174,0.02249,0.02286,0.02289,0.02264,0.01765,0.01725,0.01688,0.01664,0.0166,0.0168,0.01251,0.01321,0.01412,0.01015,0.01147,0.01295,0.0146,0.0114,0.01359,0.01095,0.01372,0.01659,0.01482,0.01783,0.01608,0.01883,0.01673,0.01905,0.01654,0.01861,0.01587,0.018,0.01521,0.01229,0.01481,0.01198,0.00915,0.00644,0.00932,0.00686,0.00459,0.00245,0.00034,-0.00182,-0.00408,-0.00642,-0.00874,-0.01088,-0.01262,-0.01376,-0.01412,-0.01744,-0.01657,-0.01493,-0.01761,-0.01531,-0.01286,-0.01572,-0.0136,-0.01186,-0.01539,-0.01422,-0.01807,-0.01724,-0.02118,-0.02036,-0.02415,-0.02783,-0.02656,-0.02991,-0.02821,-0.03116,-0.0339,-0.03144,-0.03368,-0.03564,-0.03734,-0.03369,-0.03491,-0.03597,-0.03696,-0.03793,-0.03394,-0.03515,-0.03653,-0.03805,-0.03969,-0.04144,-0.04324,-0.04503,-0.04677,-0.04427,-0.04589,-0.04739,-0.04879,-0.0501,-0.05528,-0.05644,-0.05755,-0.05856,-0.05944,-0.06016,-0.06066,-0.06091,-0.06092,-0.0607,-0.06426,-0.06379,-0.06329,-0.06282,-0.06657,-0.06637,-0.06635,-0.06648,-0.07082,-0.07114,-0.07151,-0.07575,-0.07601,-0.07619,-0.07987,-0.07979,-0.08288,-0.0825,-0.08496,-0.08435,-0.08619,-0.08537,-0.08668,-0.0857,-0.08656,-0.08708,-0.08589,-0.08602,-0.08582,-0.08437,-0.08379,-0.08294,-0.08189,-0.08075,-0.07967,-0.0786,-0.07808,-0.07794,-0.07818,-0.07874,-0.07861,-0.07914,-0.0796,-0.0798,-0.07962,-0.07898,-0.07717,-0.07594,-0.0745,-0.07223,-0.0709,-0.06991,-0.06785,-0.06768,-0.06582,-0.06652,-0.06477,-0.06595,-0.06408,-0.0651,-0.06291,-0.06048,-0.06076,-0.05803,-0.05769,-0.05485,-0.05198,-0.05148,-0.04883,-0.04625,-0.04378,-0.04397,-0.04187,-0.03984,-0.03787,-0.03879,-0.037,-0.03516,-0.03325,-0.03126,-0.02918,-0.02704,-0.02485,-0.02686,-0.02494,-0.0231,-0.0214,-0.01985,-0.01847,-0.01728,-0.01626,-0.0154,-0.01467,-0.01403,-0.00753,-0.0069,-0.00628,-0.00565,-0.00502,-0.00435,-0.00365,-0.00291,0.00461,0.00538,0.00618,0.00699,0.0145,0.01518,0.01583,0.01645,0.02326,0.02354,0.02372,0.0298,0.02955,0.02913,0.03446,0.03353,0.03834,0.03685,0.04104,0.03895,0.04247,0.03978,0.04267,0.03948,0.0419,0.04419,0.04057,0.04276,0.04506,0.04149,0.04397,0.04656,0.04921,0.05179,0.04853,0.05086,0.05287,0.05451,0.05577,0.05668,0.05732,0.0618,0.06225,0.06266,0.06306,0.06344,0.06794,0.06821,0.06831,0.07263,0.07238,0.07183,0.07585,0.07477,0.07858,0.0769,0.08045,0.07807,0.0813,0.07817,0.08101,0.07712,0.07954,0.08181,0.07693,0.07879,0.08049,0.07489,0.07629,0.07753,0.07173,0.07279,0.07369,0.0744,0.0749,0.06933,0.06958,0.06959,0.06937,0.06892,0.06828,0.06748,0.06656,0.06074,0.05966,0.05854,0.05743
123.75 -179.90563,-179.12916,-178.35271,-177.57658,-176.80105,-176.0264,-175.25292,-174.48088,-173.71055,-172.87044,-172.09428,-171.32074,-170.5501,-169.7826,-169.0185,-168.1238,-167.35768,-166.59586,-165.83854,-164.90973,-164.15303,-163.4017,-162.65591,-161.69887,-160.95633,-160.2201,-159.24244,-158.51145,-157.51722,-156.79288,-155.78377,-155.0675,-154.35919,-153.33846,-152.30506,-151.60897,-150.56632,-149.88226,-148.83233,-148.16149,-147.10632,-146.0424,-145.39139,-144.32546,-143.25269,-142.17382,-141.08959,-140.47672,-139.39629,-138.31255,-137.22629,-136.13833,-135.04946,-133.9605,-132.87226,-131.78555,-130.70118,-130.12846,-129.03864,-127.95322,-126.87299,-125.7987,-125.18485,-124.11089,-123.04485,-122.40938,-121.34693,-120.69715,-119.64032,-118.59443,-117.92814,-116.89101,-116.21357,-115.18713,-114.4998,-113.80451,-112.79004,-112.08662,-111.08742,-110.37727,-109.66021,-108.67955,-107.95769,-107.22963,-106.27118,-105.54031,-104.80401,-104.06246,-103.13411,-102.39238,-101.64624,-100.89592,-100.14166,-99.25558,-98.5044,-97.75016,-96.99312,-96.23355,-95.47171,-94.70788,-93.94234,-93.17537,-92.40726,-91.61736,-90.85852,-90.0994,-89.3403,-88.5815,-87.79074,-87.02273,-86.2559,-85.49053,-84.72689,-83.96528,-83.20596,-82.44921,-81.69527,-80.94442,-80.05784,-79.30398,-78.55409,-77.8084,-77.06715,-76.13849,-75.39748,-74.66173,-73.93145,-72.97286,-72.24544,-71.52424,-70.54356,-69.82722,-69.11779,-68.11872,-67.41608,-66.40183,-65.70736,-64.67972,-63.99477,-62.95563,-62.28151,-61.23281,-60.57076,-59.51451,-58.8657,-57.80391,-57.16943,-56.10413,-55.03098,-53.95066,-53.34473,-52.26542,-51.18099,-50.09219,-49.52053,-48.43724,-47.35165,-46.26458,-45.17683,-44.0892,-43.00251,-41.91757,-40.83517,-39.7561,-39.14361,-38.06079,-36.98336,-35.91206,-35.26761,-34.19711,-33.1347,-32.46913,-31.41081,-30.36242,-29.67904,-28.63793,-27.94257,-26.91073,-26.20465,-25.18402,-24.46855,-23.461,-22.73751,-21.74482,-21.0147,-20.27775,-19.30323,-18.56162,-17.81388,-16.86122,-16.11083,-15.35511,-14.42774,-13.67141,-12.91057,-12.14547,-11.25213,-10.48904,-9.72256,-8.95294,-8.18044,-7.40532,-6.62787,-5.79715,-5.02613,-4.25368,-3.48006,-2.70556,-1.93047,-1.15505,-0.3796,0.39559,1.17025,1.9441,2.71685,3.48823,4.25796,5.02577,5.79139,6.66854,7.43886,8.20611,8.97002,9.73035,10.48687,11.41468,12.17209,12.92483,13.6727,14.41548,15.37799,16.11849,16.85314,17.83757,18.56799,19.29185,20.29468,21.0124,22.03023,22.74045,23.44303,24.47297,25.1663,26.20687,26.88969,27.93903,28.61017,29.66638,30.73214,31.38588,32.45547,33.09459,34.16607,35.24414,36.32812,36.93803,38.0196,39.10516,40.19395,41.28524,42.37827,43.47226,44.01921,45.10309,45.66008,46.75236,47.84253,48.92985,50.01357,51.09296,52.16731,52.78312,53.85818,54.92634,55.56371,56.62956,57.68674,58.34283,59.39469,60.43623,61.10798,62.14132,62.82368,63.84703,64.53884,65.55048,66.25054,66.95777,67.95586,68.66965,69.65198,70.37105,71.09624,72.0592,72.78787,73.522,74.26141,75.19815,75.93866,76.68372,77.43312,78.33813,79.08623,79.83788,80.59287,81.35096,82.11192,82.96645,83.7226,84.48081,85.24081,86.00238,86.76524,87.52915,88.29385,89.05908,89.82458,90.59009,91.35535,92.1201,92.88409,93.64705,94.40872,95.16887,95.92723,96.68356,97.43762,98.29862,99.05696,99.81221,100.56415,101.31255,102.21707,102.96682,103.71225,104.45314,105.18932,106.12935,106.86392,107.59305,108.55577,109.28146,110.00105,110.98322,111.69757,112.69558,113.40341,114.10407,115.11573,115.80818,116.83162,117.51465,118.54815,119.22059,120.26236,121.3145,121.97134,123.02886,123.67221,124.73326,125.80188,126.87744,127.49405,128.56896,129.64896,130.73332,131.82132,132.39738,133.47938,134.56311,135.6478,136.73272,137.81711,138.38355,139.47578,140.56555,141.6521,142.7347,143.81263,144.42988,145.50905,146.58165,147.22111,148.29186,149.35422,150.01296,151.07039,151.74199,152.79257,153.47592,154.51775,155.21165,156.24287,156.94607,157.96488,158.67608,159.39448,160.39862,161.1232,161.85437,162.84011,163.57554,164.31685,165.28066,166.02427,166.77299,167.5266,168.46064,169.21399,169.97141,170.73267,171.49752,172.26571,173.15124,173.91537,174.68196,175.45075,176.22147,176.99384,177.7676,178.54246,179.31815 0.04132,0.04008,0.03891,0.03784,0.03685,0.03592,0.03504,0.03417,0.03329,0.03698,0.03588,0.03473,0.03356,0.0324,0.03128,0.03416,0.03312,0.03226,0.0316,0.03466,0.03424,0.034,0.03389,0.03685,0.03669,0.03652,0.0389,0.03847,0.0404,0.03972,0.04129,0.04035,0.03925,0.04041,0.04135,0.03978,0.04025,0.03832,0.03824,0.03605,0.03553,0.03477,0.03258,0.03178,0.03099,0.03028,0.02966,0.02809,0.02761,0.02717,0.02677,0.02645,0.02627,0.02625,0.02637,0.02654,0.02665,0.02732,0.02706,0.02657,0.02592,0.02524,0.02506,0.02457,0.02437,0.02427,0.02451,0.02444,0.02496,0.02553,0.02521,0.02557,0.02469,0.02456,0.0229,0.02077,0.01972,0.0169,0.01552,0.01239,0.00925,0.00824,0.00555,0.00313,0.00342,0.00182,0.00055,-0.00042,0.00178,0.0015,0.00146,0.00167,0.00211,0.00615,0.00715,0.00834,0.00969,0.01116,0.01272,0.01434,0.01602,0.01774,0.01953,0.02508,0.02697,0.02887,0.03072,0.03247,0.03061,0.03205,0.03319,0.03399,0.03441,0.03447,0.03422,0.03375,0.03316,0.03256,0.02885,0.02851,0.0284,0.02854,0.02893,0.026,0.0268,0.02772,0.02874,0.02623,0.02752,0.02893,0.02684,0.02867,0.03062,0.0292,0.03147,0.03022,0.03247,0.03106,0.03299,0.03124,0.03287,0.03096,0.0326,0.03081,0.03277,0.03116,0.03344,0.03177,0.02977,0.02744,0.02965,0.02697,0.02416,0.02138,0.02304,0.02034,0.01779,0.01533,0.0129,0.01046,0.00803,0.00574,0.00375,0.00229,-0.00105,-0.00136,-0.00075,0.00074,-0.00132,0.00109,0.00374,0.00181,0.00423,0.0062,0.00362,0.00488,0.00181,0.00249,-0.0009,-0.00044,-0.00395,-0.00339,-0.00683,-0.00598,-0.00921,-0.01239,-0.01092,-0.01379,-0.01654,-0.01437,-0.01666,-0.01874,-0.01575,-0.01729,-0.01863,-0.01981,-0.01611,-0.01716,-0.01828,-0.01952,-0.02091,-0.02248,-0.02423,-0.02177,-0.02384,-0.02596,-0.02808,-0.03015,-0.03213,-0.03397,-0.03568,-0.03725,-0.03868,-0.04,-0.0412,-0.04229,-0.04325,-0.04405,-0.04466,-0.04895,-0.04915,-0.04912,-0.04889,-0.04852,-0.04807,-0.05144,-0.05102,-0.05074,-0.05065,-0.05075,-0.05471,-0.0551,-0.05557,-0.05982,-0.06026,-0.06062,-0.06471,-0.06481,-0.06867,-0.06849,-0.06815,-0.07159,-0.07099,-0.07404,-0.07322,-0.07581,-0.07479,-0.0769,-0.07861,-0.07733,-0.07857,-0.07713,-0.07791,-0.07832,-0.07838,-0.07664,-0.07636,-0.07592,-0.07544,-0.07507,-0.07497,-0.07527,-0.07475,-0.0759,-0.07717,-0.0786,-0.0801,-0.08144,-0.0824,-0.08282,-0.08261,-0.08208,-0.08105,-0.07967,-0.07849,-0.07705,-0.07589,-0.07481,-0.07441,-0.07459,-0.07401,-0.07486,-0.07428,-0.07514,-0.07426,-0.07444,-0.07304,-0.07135,-0.07029,-0.06818,-0.06638,-0.06411,-0.06177,-0.05991,-0.05777,-0.05566,-0.05361,-0.05269,-0.05101,-0.0494,-0.04786,-0.04791,-0.04664,-0.04539,-0.04415,-0.04288,-0.04158,-0.04251,-0.04133,-0.04011,-0.03887,-0.03761,-0.03638,-0.03519,-0.03406,-0.03303,-0.03209,-0.03126,-0.03053,-0.0299,-0.02934,-0.02883,-0.02836,-0.02792,-0.02748,-0.02702,-0.02654,-0.02151,-0.02089,-0.02019,-0.01939,-0.01849,-0.0123,-0.0112,-0.01,-0.00873,-0.00738,-0.00095,0.0002,0.00128,0.00708,0.00766,0.00803,0.01286,0.01258,0.0169,0.01596,0.01472,0.01831,0.01644,0.01963,0.01723,0.02001,0.0172,0.01962,0.02189,0.01883,0.02095,0.01808,0.02021,0.0224,0.0247,0.02234,0.02485,0.02746,0.03011,0.0327,0.03051,0.03276,0.03466,0.03616,0.03723,0.03793,0.04172,0.0421,0.04241,0.04273,0.0431,0.0435,0.04748,0.04778,0.04789,0.05171,0.05137,0.05068,0.05411,0.05281,0.05603,0.05412,0.05714,0.05465,0.05744,0.05438,0.05688,0.05322,0.05536,0.0574,0.0529,0.05458,0.0562,0.05115,0.0526,0.05405,0.04907,0.05054,0.05202,0.05347,0.04903,0.05042,0.05165,0.05269,0.05348,0.05399,0.04934,0.04933,0.04901,0.0484,0.04754,0.04648,0.04526,0.04396,0.04263
129.375 -179.84243,-179.09582,-178.34924,-177.60294,-176.85718,-176.1122,-175.36827,-174.62562,-173.88449,-173.14515,-172.40781,-171.67272,-170.8467,-170.10774,-169.37181,-168.63914,-167.90995,-167.04322,-166.31297,-165.58696,-164.86538,-163.96906,-163.24874,-162.53358,-161.61523,-160.90311,-160.1968,-159.2595,-158.558,-157.86293,-156.90995,-156.22138,-155.25538,-154.57452,-153.59708,-152.92511,-151.93788,-151.27594,-150.28062,-149.27537,-148.62813,-147.61752,-146.98317,-145.96899,-144.94749,-143.91928,-143.31024,-142.28242,-141.24963,-140.21255,-139.17184,-138.60134,-137.56611,-136.52908,-135.49094,-134.4524,-133.41417,-132.37695,-131.84499,-130.80097,-129.75977,-128.72209,-127.68862,-127.11593,-126.08068,-125.05141,-124.02877,-123.42871,-122.40825,-121.79447,-120.77798,-119.77084,-119.14065,-118.14027,-117.49902,-116.50714,-115.85589,-114.87422,-114.2141,-113.24427,-112.57646,-111.90179,-110.94572,-110.26498,-109.57792,-108.63901,-107.94758,-107.25046,-106.33195,-105.63222,-104.92745,-104.03237,-103.32676,-102.61684,-101.9028,-101.18483,-100.32633,-99.61037,-98.89125,-98.16919,-97.44442,-96.71717,-95.98768,-95.25617,-94.46448,-93.73942,-93.01314,-92.28588,-91.5579,-90.82944,-90.10074,-89.37205,-88.64363,-87.91571,-87.18855,-86.46239,-85.73747,-84.9451,-84.2138,-83.48452,-82.75753,-82.03303,-81.31128,-80.59248,-79.87686,-79.01796,-78.30039,-77.58677,-76.87729,-75.98596,-75.27684,-74.5726,-73.8734,-72.95478,-72.25824,-71.56742,-70.62852,-69.94211,-69.26204,-68.30609,-67.63213,-66.66205,-65.99544,-65.33609,-64.35472,-63.70427,-62.71278,-62.07236,-61.07245,-60.44312,-59.43652,-58.42063,-57.80775,-56.78796,-55.76051,-55.16691,-54.13843,-53.10401,-52.53227,-51.49969,-50.46295,-49.42272,-48.37972,-47.33465,-46.81257,-45.77544,-44.73802,-43.70104,-42.6652,-42.10337,-41.06098,-40.02154,-38.98574,-37.95426,-36.92776,-36.31916,-35.29232,-34.2722,-33.64318,-32.62559,-31.61639,-30.96974,-29.96591,-28.97201,-28.31073,-27.32493,-26.65365,-25.67765,-24.99752,-24.03295,-23.34515,-22.65049,-21.69931,-20.99863,-20.06273,-19.35727,-18.64601,-17.72903,-17.01474,-16.29532,-15.40034,-14.67966,-13.95456,-13.22524,-12.35979,-11.63152,-10.89979,-10.1648,-9.42679,-8.68597,-7.86781,-7.13142,-6.39302,-5.65286,-4.91116,-4.16818,-3.42417,-2.67937,-1.93403,-1.1884,-0.44274,0.30269,1.04766,1.7919,2.53517,3.27722,4.01781,4.75669,5.49362,6.22837,6.96072,7.69042,8.5506,9.28319,10.01238,10.73796,11.45971,12.17745,13.07953,13.79682,14.50939,15.21705,16.14488,16.84986,17.54929,18.49616,19.19121,19.88011,20.8429,21.52577,22.50174,23.17741,23.84601,24.83235,25.49224,26.48791,27.13801,28.14138,29.15432,29.79009,30.80812,31.43141,32.45283,33.48132,34.08591,35.11508,36.14969,37.18912,37.76571,38.80206,39.84155,40.88352,41.9273,42.97225,44.01768,45.06293,46.10732,47.15018,48.19086,49.2287,50.26306,51.29331,51.87642,52.90819,53.9342,54.95387,55.56278,56.58031,57.58996,58.21596,59.22085,59.85831,60.85683,61.50484,62.49538,63.15293,64.13394,64.79999,65.76993,66.44343,67.40084,68.08067,69.02417,69.70921,70.40001,71.32664,72.0211,72.72074,73.62763,74.32934,75.03562,75.7463,76.62683,77.3375,78.0519,78.76987,79.4912,80.33537,81.0541,81.77551,82.49937,83.22549,83.95365,84.68363,85.41522,86.14819,86.91938,87.64531,88.37191,89.09897,89.82626,90.55356,91.28064,92.00729,92.73328,93.50376,94.23683,94.96854,95.69866,96.42698,97.15327,97.87733,98.59894,99.31791,100.16156,100.88316,101.60141,102.31611,103.02709,103.90724,104.61828,105.32492,106.02701,106.93362,107.63368,108.32857,109.25501,109.94628,110.6318,111.57519,112.25553,113.2129,113.88694,114.85689,115.52352,116.18317,117.16275,117.8136,118.80207,119.80079,120.43891,121.44406,122.07073,123.08069,124.09857,124.70819,125.72827,126.75473,127.34481,128.37084,129.40163,130.43656,131.47501,132.51634,133.55989,134.605,135.13352,136.17046,136.6972,137.74296,138.78759,139.83042,140.8708,141.90808,142.94161,143.52524,144.56084,145.59101,146.19588,147.22542,148.2479,148.87154,149.89066,150.90119,151.5409,152.5454,153.19597,154.19279,154.85319,155.8407,156.50985,157.1861,158.16326,158.84674,159.81073,160.50028,161.196,162.14407,162.8442,163.5499,164.47893,165.18734,165.90067,166.61874,167.52201,168.24055,168.96312,169.68952,170.41956,171.28663,172.01434,172.74491,173.47814,174.21378,174.95162,175.69141,176.43291,177.17589,177.92009,178.66527,179.41118 0.0267,0.02543,0.0243,0.02332,0.0225,0.02183,0.02127,0.0208,0.02037,0.01997,0.01957,0.01914,0.02202,0.02139,0.0208,0.02028,0.01986,0.02233,0.02208,0.02201,0.02212,0.02497,0.02524,0.02556,0.02841,0.02857,0.02859,0.0309,0.03052,0.02994,0.03157,0.0306,0.03188,0.03057,0.03158,0.02998,0.03072,0.02887,0.02934,0.02965,0.02754,0.02763,0.02555,0.02554,0.02542,0.02522,0.02351,0.02332,0.02303,0.02267,0.02225,0.02066,0.02023,0.01987,0.01967,0.01967,0.01986,0.0202,0.02182,0.02216,0.02237,0.02241,0.02229,0.02322,0.02292,0.02272,0.02272,0.02337,0.02364,0.02425,0.02481,0.02552,0.02614,0.02696,0.02738,0.02812,0.0281,0.02845,0.02771,0.02735,0.02577,0.02372,0.02237,0.01983,0.01716,0.01576,0.01337,0.0112,0.01094,0.00957,0.00852,0.00975,0.00944,0.00936,0.0095,0.00984,0.01274,0.01356,0.01457,0.01578,0.01717,0.01871,0.02037,0.02211,0.02627,0.02813,0.02999,0.03185,0.03369,0.03548,0.03721,0.03883,0.0403,0.04157,0.0426,0.04333,0.04375,0.04214,0.04201,0.04165,0.04113,0.04056,0.04003,0.03963,0.03944,0.03713,0.03735,0.03777,0.03837,0.03639,0.03719,0.03802,0.03887,0.03712,0.03815,0.03926,0.03799,0.03944,0.04096,0.04027,0.04195,0.04128,0.04283,0.04414,0.04306,0.04408,0.04279,0.04382,0.04276,0.0442,0.04362,0.04311,0.04524,0.04468,0.04368,0.04556,0.04375,0.04134,0.04226,0.03915,0.03587,0.03263,0.0296,0.02682,0.0273,0.02489,0.02263,0.02047,0.0184,0.0154,0.01363,0.01233,0.01173,0.01195,0.013,0.01151,0.01358,0.01595,0.01485,0.01714,0.01901,0.01749,0.01865,0.01931,0.01721,0.01741,0.015,0.01501,0.01247,0.01254,0.00999,0.00733,0.00778,0.00524,0.00597,0.0036,0.00123,0.00251,0.00044,-0.00154,0.00045,-0.00111,-0.00253,-0.00382,-0.00087,-0.00187,-0.00286,-0.00388,-0.005,-0.00625,-0.00342,-0.005,-0.00678,-0.00875,-0.01086,-0.01309,-0.01537,-0.01765,-0.01987,-0.02199,-0.02397,-0.02577,-0.02739,-0.02882,-0.03006,-0.03111,-0.03197,-0.03265,-0.03314,-0.03345,-0.0336,-0.03361,-0.03731,-0.0371,-0.03688,-0.0367,-0.03662,-0.03667,-0.04014,-0.0404,-0.04079,-0.04124,-0.04498,-0.04539,-0.04568,-0.04939,-0.04941,-0.04923,-0.05279,-0.05234,-0.05588,-0.05524,-0.0545,-0.05794,-0.05707,-0.06038,-0.05938,-0.06244,-0.06525,-0.06407,-0.0665,-0.06526,-0.06728,-0.06893,-0.06757,-0.06871,-0.06944,-0.06981,-0.06824,-0.06832,-0.06831,-0.06841,-0.06879,-0.06958,-0.07085,-0.07255,-0.07454,-0.07657,-0.07837,-0.0797,-0.08037,-0.08031,-0.08104,-0.08009,-0.0787,-0.07712,-0.07726,-0.07586,-0.07486,-0.07521,-0.07497,-0.07548,-0.07586,-0.07641,-0.07689,-0.07718,-0.07707,-0.07681,-0.07564,-0.07472,-0.0725,-0.07107,-0.06828,-0.06667,-0.06498,-0.06243,-0.06095,-0.05949,-0.05778,-0.0566,-0.05545,-0.05431,-0.05345,-0.05248,-0.05152,-0.05061,-0.04973,-0.04931,-0.04864,-0.04802,-0.04746,-0.04694,-0.04644,-0.04594,-0.04544,-0.04493,-0.04608,-0.0457,-0.04526,-0.04475,-0.04418,-0.04357,-0.04293,-0.04227,-0.04161,-0.03883,-0.03824,-0.03769,-0.03716,-0.03664,-0.03614,-0.03563,-0.0351,-0.03451,-0.0312,-0.03038,-0.02941,-0.02827,-0.02696,-0.02207,-0.02046,-0.01874,-0.01699,-0.01169,-0.01019,-0.0089,-0.00441,-0.00386,-0.0037,-0.00051,-0.00125,0.00132,-0.0002,0.00204,-5e-05,-0.00232,-0.0003,-0.00273,-0.00057,0.00171,-0.00056,0.00184,-3e-05,0.00246,0.00492,0.00354,0.00597,0.00835,0.00725,0.00958,0.01193,0.01428,0.01659,0.0188,0.02081,0.02252,0.02059,0.02168,0.0248,0.02538,0.02571,0.02589,0.02605,0.02626,0.02653,0.02975,0.03007,0.0303,0.03361,0.03354,0.03319,0.0362,0.03531,0.03409,0.03661,0.03484,0.03713,0.03491,0.03701,0.03443,0.03633,0.03821,0.03504,0.0366,0.03304,0.03427,0.03544,0.03139,0.0324,0.03346,0.02947,0.03066,0.032,0.03346,0.03007,0.0317,0.03333,0.03492,0.03638,0.03296,0.03399,0.03472,0.03512,0.03517,0.03487,0.03425,0.03334,0.0322,0.03089,0.02949,0.02807
135.0 -179.76209,-179.0519,-178.34174,-177.63183,-176.92237,-176.21361,-175.50573,-174.79897,-174.04354,-173.33109,-172.62044,-171.91181,-171.20539,-170.5014,-169.80003,-168.99044,-168.28676,-167.58639,-166.88951,-166.0498,-165.35264,-164.65962,-163.97093,-163.10545,-162.4185,-161.73649,-160.85176,-160.17306,-159.49985,-158.59865,-157.93028,-157.01559,-156.35315,-155.42631,-154.77086,-153.83327,-153.18588,-152.23898,-151.60067,-150.64597,-150.01771,-149.05674,-148.43947,-147.47378,-146.5005,-145.89949,-144.92399,-143.94235,-142.95513,-142.3787,-141.39275,-140.40277,-139.40935,-138.4131,-137.41463,-136.41456,-135.41352,-134.41214,-133.41107,-132.41092,-131.41234,-130.41594,-129.42234,-128.43214,-127.89047,-126.89787,-125.91026,-125.34784,-124.36033,-123.37936,-122.79838,-121.82005,-120.84971,-120.25261,-119.28741,-118.67944,-117.72093,-117.10301,-116.15273,-115.52581,-114.58525,-113.95034,-113.02095,-112.37909,-111.73095,-110.8145,-110.16086,-109.25896,-108.6009,-107.93747,-107.05339,-106.38707,-105.71595,-105.04018,-104.17994,-103.50329,-102.82261,-102.13806,-101.44984,-100.62291,-99.93633,-99.24674,-98.55433,-97.85931,-97.16186,-96.38147,-95.68864,-94.99409,-94.29803,-93.60067,-92.90223,-92.20291,-91.50295,-90.80257,-90.10197,-89.40138,-88.70103,-88.00113,-87.3019,-86.60356,-85.90632,-85.21041,-84.51603,-83.8234,-83.04247,-82.34527,-81.65052,-80.9584,-80.26912,-79.58287,-78.75558,-78.06774,-77.3836,-76.70333,-76.02712,-75.16668,-74.49139,-73.82077,-72.93896,-72.27082,-71.60795,-70.95047,-70.04861,-69.39558,-68.47924,-67.83176,-67.19057,-66.26138,-65.62718,-64.6869,-64.06072,-63.11079,-62.49363,-61.53555,-60.92837,-59.96366,-59.36737,-58.39759,-57.41986,-56.83973,-55.85942,-54.87262,-54.31107,-53.32422,-52.33243,-51.33627,-50.8023,-49.80958,-48.81411,-47.81649,-46.81733,-45.81728,-44.81696,-43.81701,-42.81804,-41.8207,-40.82561,-39.83336,-38.84458,-38.2748,-37.2838,-36.29782,-35.31744,-34.72175,-33.74268,-32.77069,-32.15773,-31.18957,-30.22991,-29.60224,-28.64886,-28.01117,-27.0656,-26.41887,-25.48261,-24.82786,-23.90234,-23.24062,-22.32725,-21.65962,-20.9861,-20.08728,-19.40936,-18.52591,-17.8447,-17.15857,-16.29433,-15.60646,-14.91429,-14.21798,-13.37946,-12.68344,-11.98393,-11.28113,-10.57522,-9.77218,-9.06906,-8.36352,-7.65577,-6.94601,-6.23445,-5.5213,-4.77414,-4.06714,-3.35924,-2.65067,-1.94163,-1.23234,-0.52302,0.18612,0.89485,1.60297,2.31025,3.01648,3.72146,4.42496,5.21549,5.92384,6.63003,7.33386,8.03514,8.73367,9.42925,10.27057,10.9676,11.66103,12.35069,13.0364,13.90919,14.59389,15.27404,15.94949,16.84465,17.51714,18.18436,19.09615,19.75893,20.6843,21.34158,21.99272,22.92998,23.57422,24.52178,25.15812,26.11457,26.74205,27.70595,28.32365,29.29354,29.90058,30.87498,31.85673,32.44798,33.43186,34.42169,34.99483,35.9844,36.97846,37.53142,38.52284,39.51728,40.51416,41.51291,42.51294,43.51368,44.51453,45.5149,46.51421,47.51187,48.50731,49.49996,50.48925,51.04267,52.03409,53.0207,54.00197,54.58014,55.56031,56.53374,57.12854,58.09855,59.06052,59.66964,60.62592,61.24478,62.19398,62.82172,63.76244,64.39816,65.32907,65.97184,66.89164,67.54051,68.19513,69.10195,69.76133,70.65403,71.31717,71.98523,72.86059,73.53102,74.20583,74.88489,75.73721,76.41682,77.1001,77.78689,78.61204,79.29755,79.98596,80.67712,81.37085,82.06696,82.76528,83.5418,84.23571,84.93118,85.62805,86.3261,87.02515,87.72501,88.42547,89.12633,89.8274,90.52848,91.22937,91.92987,92.62978,93.32891,94.02705,94.72402,95.41961,96.11365,96.80595,97.58811,98.28441,98.97833,99.66971,100.35836,101.0441,101.86883,102.55591,103.23949,103.9194,104.77139,105.45079,106.12596,106.79675,107.67188,108.34034,109.00389,109.89643,110.55625,111.21068,112.11806,112.7674,113.68717,114.33045,115.26138,115.89763,116.83843,117.46673,118.41605,119.03549,119.99196,120.60167,121.56388,122.53416,123.12959,124.10335,124.6869,125.6627,126.64438,127.63142,128.19154,129.17742,130.16723,131.16042,132.15644,133.15472,134.15467,135.15571,136.15726,137.15873,138.15952,139.15904,140.15673,141.15199,142.14426,142.69738,143.69233,144.6828,145.66826,146.24695,147.23179,148.2102,148.80608,149.78148,150.38888,151.3598,151.9779,152.94285,153.89835,154.5283,155.16512,156.11376,156.75852,157.69687,158.34856,159.27529,159.93289,160.59627,161.50917,162.17702,162.85016,163.74642,164.42254,165.10338,165.78879,166.66268,167.34912,168.03951,168.7337,169.58066,170.27388,170.97024,171.66955,172.37163,173.07627,173.78329,174.58133,175.28399,175.98832,176.69414,177.40121,178.10934,178.81831,179.52791 0.00836,0.00738,0.00661,0.00606,0.00574,0.00561,0.00565,0.00584,0.00938,0.00954,0.0097,0.00986,0.01001,0.01014,0.01026,0.01259,0.01261,0.0127,0.01288,0.01508,0.01539,0.01578,0.01621,0.01864,0.01901,0.01926,0.02152,0.02143,0.02113,0.02288,0.02217,0.02355,0.02249,0.02352,0.02219,0.02293,0.02137,0.02187,0.02014,0.02047,0.01866,0.01891,0.01714,0.01742,0.01775,0.01618,0.0166,0.01698,0.01727,0.01587,0.01596,0.01585,0.01554,0.01511,0.01462,0.01418,0.01386,0.01376,0.01387,0.01418,0.01461,0.01506,0.01549,0.01586,0.01731,0.01753,0.01777,0.019,0.01931,0.01974,0.02091,0.02147,0.02212,0.02332,0.02412,0.02531,0.02624,0.02733,0.0282,0.02896,0.02935,0.02946,0.02899,0.02826,0.02707,0.02536,0.02358,0.02153,0.01967,0.01784,0.01658,0.01536,0.0144,0.0137,0.01441,0.01437,0.01449,0.01477,0.01519,0.01709,0.01782,0.0187,0.01976,0.02102,0.02246,0.0249,0.02664,0.02847,0.03036,0.03226,0.03415,0.03599,0.03777,0.03946,0.04105,0.0425,0.04378,0.04486,0.04569,0.04626,0.04657,0.04664,0.0465,0.04624,0.04523,0.04485,0.04458,0.04447,0.04455,0.04485,0.04373,0.0443,0.04496,0.04566,0.04634,0.04506,0.04569,0.04626,0.04497,0.04566,0.04638,0.04716,0.04656,0.04759,0.04732,0.04843,0.04941,0.04911,0.04984,0.04923,0.04976,0.04907,0.04974,0.0494,0.05057,0.05083,0.05251,0.05309,0.05347,0.0552,0.05489,0.05383,0.05459,0.05236,0.04948,0.04617,0.04581,0.0423,0.03895,0.03593,0.03328,0.03096,0.02887,0.02693,0.02514,0.02355,0.02231,0.02157,0.02146,0.01994,0.02087,0.02232,0.02407,0.02349,0.02532,0.02683,0.02612,0.0271,0.02767,0.02648,0.02659,0.02509,0.02493,0.02321,0.02296,0.02112,0.02091,0.01905,0.01891,0.01711,0.01527,0.01541,0.01372,0.01415,0.0127,0.01128,0.01244,0.01135,0.01032,0.00934,0.01158,0.01089,0.01023,0.00956,0.00886,0.01178,0.01104,0.01014,0.00906,0.00776,0.00622,0.00445,0.00689,0.00476,0.00245,1e-05,-0.00247,-0.00493,-0.00728,-0.00946,-0.01143,-0.01312,-0.01452,-0.01565,-0.01651,-0.01715,-0.02152,-0.02182,-0.02203,-0.02218,-0.02231,-0.02247,-0.02268,-0.02636,-0.02662,-0.02699,-0.02743,-0.02793,-0.03146,-0.03192,-0.03231,-0.03256,-0.03577,-0.03571,-0.03545,-0.03836,-0.03781,-0.04072,-0.03999,-0.03921,-0.04221,-0.0414,-0.04452,-0.04371,-0.0469,-0.0461,-0.04926,-0.04848,-0.05153,-0.05081,-0.05368,-0.05636,-0.05565,-0.05797,-0.05993,-0.05908,-0.06048,-0.06145,-0.06034,-0.06085,-0.06118,-0.06151,-0.06202,-0.06287,-0.06414,-0.06581,-0.06772,-0.06965,-0.07131,-0.07243,-0.07284,-0.07249,-0.07411,-0.07292,-0.07129,-0.0695,-0.07081,-0.06926,-0.06808,-0.06958,-0.06905,-0.06894,-0.07066,-0.07086,-0.07245,-0.07245,-0.07366,-0.07296,-0.07354,-0.07192,-0.07178,-0.06934,-0.06862,-0.06768,-0.06485,-0.06378,-0.06133,-0.06041,-0.05952,-0.05787,-0.05717,-0.05646,-0.05573,-0.0545,-0.05371,-0.05287,-0.05201,-0.0504,-0.04955,-0.0488,-0.04818,-0.04771,-0.04741,-0.04726,-0.04647,-0.04672,-0.04704,-0.04738,-0.04768,-0.04788,-0.04793,-0.04783,-0.04755,-0.04713,-0.04657,-0.04591,-0.0452,-0.04445,-0.04371,-0.04299,-0.04231,-0.04167,-0.04108,-0.04054,-0.03971,-0.03921,-0.0387,-0.03814,-0.0375,-0.03675,-0.03483,-0.03367,-0.03232,-0.03077,-0.02725,-0.02539,-0.02349,-0.02166,-0.01773,-0.01635,-0.01532,-0.01237,-0.0123,-0.01268,-0.01122,-0.01253,-0.01174,-0.01366,-0.01305,-0.01518,-0.01428,-0.01621,-0.01474,-0.01619,-0.01409,-0.01496,-0.01236,-0.0096,-0.00989,-0.00708,-0.00715,-0.00456,-0.00216,7e-05,-0.0003,0.00167,0.00356,0.00539,0.00715,0.00878,0.01021,0.01138,0.01226,0.01284,0.01316,0.01332,0.01341,0.01348,0.01357,0.01589,0.01603,0.01613,0.01617,0.0187,0.01858,0.01831,0.02074,0.02012,0.02234,0.02127,0.0232,0.0217,0.02004,0.02152,0.02299,0.02094,0.02227,0.02005,0.02117,0.01873,0.01955,0.0203,0.01738,0.01787,0.01836,0.01521,0.01574,0.01642,0.01731,0.01451,0.01567,0.017,0.01845,0.01593,0.01732,0.01861,0.01973,0.0206,0.02119,0.02144,0.01693,0.01645,0.01567,0.01464,0.01343,0.01212,0.01079,0.00951
140.625 -179.70452,-179.01939,-178.3343,-177.64942,-176.96497,-176.28113,-175.59809,-174.91605,-174.23521,-173.55574,-172.87784,-172.13208,-171.45009,-170.77027,-170.09282,-169.4179,-168.7457,-167.95846,-167.28477,-166.61439,-165.94748,-165.13374,-164.46714,-163.80458,-163.1462,-162.30995,-161.65368,-161.00212,-160.14899,-159.5009,-158.63412,-157.99048,-157.35242,-156.47294,-155.84064,-154.95042,-154.32482,-153.4251,-152.80712,-151.89918,-151.28972,-150.37488,-149.45157,-148.8544,-147.92632,-147.33991,-146.40845,-145.47054,-144.90007,-143.961,-143.01679,-142.06793,-141.11493,-140.57429,-139.62411,-138.6712,-137.71609,-136.75934,-135.80148,-134.84307,-133.88468,-132.92685,-131.97015,-131.01511,-130.06229,-129.55525,-128.5987,-127.64577,-126.697,-126.1638,-125.21438,-124.27048,-123.71947,-122.77717,-121.84172,-121.27497,-120.34334,-119.766,-118.83957,-118.25241,-117.33256,-116.42233,-115.82449,-115.22021,-114.31754,-113.70604,-112.81392,-112.19611,-111.31575,-110.69259,-110.064,-109.1976,-108.56497,-107.92739,-107.07749,-106.43722,-105.7925,-105.14345,-104.31549,-103.66555,-103.01184,-102.35451,-101.55262,-100.8962,-100.23676,-99.57444,-98.90943,-98.24189,-97.48084,-96.81686,-96.15098,-95.48337,-94.81422,-94.14372,-93.47206,-92.79942,-92.12602,-91.45203,-90.77766,-90.1031,-89.42855,-88.75421,-88.08028,-87.40695,-86.73441,-86.06286,-85.39249,-84.7235,-84.05607,-83.39038,-82.72661,-81.96511,-81.29784,-80.6331,-79.97108,-79.31195,-78.65587,-77.85369,-77.19674,-76.54342,-75.89389,-75.06576,-74.41716,-73.77291,-73.13312,-72.28317,-71.64611,-71.01401,-70.14765,-69.51963,-68.89705,-68.01682,-67.39963,-66.5077,-65.89684,-64.99444,-64.39084,-63.47924,-62.88379,-61.96432,-61.37789,-60.45191,-59.87531,-58.94419,-58.3782,-57.44332,-56.50162,-55.9514,-55.00817,-54.05944,-53.52705,-52.57902,-51.62687,-50.67113,-49.71233,-49.21295,-48.25879,-47.30299,-46.3461,-45.38867,-44.43126,-43.47442,-42.51869,-41.56465,-40.61281,-40.07889,-39.1234,-38.17153,-37.22382,-36.28076,-35.71554,-34.7728,-33.83608,-33.25404,-32.31988,-31.39301,-30.79637,-29.87428,-28.96067,-28.35178,-27.44506,-26.82769,-25.9292,-25.30423,-24.41524,-23.7836,-23.14606,-22.26796,-21.62503,-20.75945,-20.11209,-19.45964,-18.60932,-17.9538,-17.2937,-16.46109,-15.7993,-15.13348,-14.32087,-13.65475,-12.98516,-12.31228,-11.63625,-10.85471,-10.1806,-9.50397,-8.82497,-8.1438,-7.46064,-6.72195,-6.0433,-5.36327,-4.68206,-3.99985,-3.31683,-2.63319,-1.94913,-1.26485,-0.58054,0.10361,0.7874,1.47063,2.15312,2.83468,3.5151,4.19421,4.87181,5.54773,6.22178,6.89379,7.67767,8.35259,9.02487,9.69434,10.36082,11.02418,11.84545,12.50913,13.1691,13.82523,14.67011,15.32481,15.97513,16.62095,17.48535,18.12802,18.76571,19.6447,20.27794,21.16898,21.79685,22.41898,23.32039,23.93593,24.84647,25.45454,26.37297,26.97274,27.89778,28.48844,29.4188,29.99959,30.93397,31.87506,32.44127,33.38429,34.33277,34.88239,35.8307,36.78319,37.7394,38.26461,39.21773,40.17324,41.13063,42.08941,43.04904,44.00901,44.96881,45.92791,46.88581,47.84197,48.79591,49.74712,50.69512,51.22727,52.17703,53.12229,54.06259,54.61732,55.55654,56.48959,57.05956,57.98949,58.91209,59.49528,60.41278,61.005,61.91616,62.51667,63.42026,64.02827,64.92311,65.5378,66.42275,67.04328,67.66919,68.54274,69.17334,70.03429,70.66869,71.30775,72.15341,72.79504,73.44088,74.0908,74.91624,75.56713,76.2216,76.87953,77.681,78.33827,78.99846,79.66143,80.32703,81.09622,81.75916,82.42417,83.09109,83.75976,84.43002,85.1017,85.77462,86.44861,87.12349,87.82265,88.49107,89.15985,89.8288,90.49776,91.16656,91.83501,92.53355,93.2085,93.88257,94.55558,95.22737,95.89775,96.56655,97.23363,97.8988,98.5619,99.33065,99.99645,100.65964,101.32006,101.97758,102.77869,103.43689,104.09166,104.74284,105.568,106.21825,106.86443,107.50641,108.35188,108.99131,109.62609,110.48692,111.11792,111.99139,112.61775,113.23872,114.12365,114.73881,115.63369,116.24218,117.14586,117.74688,118.65816,119.25091,120.16858,120.75232,121.67514,122.60532,123.17587,124.10921,125.04876,125.60408,126.54475,127.49041,128.4406,128.97338,129.92184,130.87354,131.82801,132.78473,133.7432,134.7029,135.66333,136.62396,137.58427,138.54375,139.50187,140.45812,141.412,141.93734,142.89435,143.84767,144.79681,145.34664,146.29599,147.23989,147.80638,148.74837,149.68367,150.26479,151.19609,151.78712,152.71312,153.3133,154.2327,154.84121,155.75274,156.36875,157.27116,157.89379,158.78588,159.41424,160.04802,160.92803,161.56629,162.20955,163.07497,163.7214,164.37234,165.02768,165.87357,166.53035,167.191,167.85536,168.67762,169.34167,170.00886,170.67905,171.35206,172.02772,172.81256,173.48531,174.16011,174.83679,175.51517,176.19505,176.87626,177.5586,178.24189,178.92593,179.61052 -0.00352,-0.00419,-0.00462,-0.0048,-0.00474,-0.00447,-0.00402,-0.00344,-0.00276,-0.00202,-0.00125,0.00197,0.0026,0.00319,0.00374,0.00426,0.00474,0.00706,0.00744,0.00783,0.0082,0.01034,0.01068,0.01095,0.01112,0.01315,0.01307,0.01282,0.01456,0.01401,0.01551,0.01469,0.01378,0.01492,0.01385,0.0147,0.01349,0.01404,0.01271,0.013,0.01161,0.01176,0.01187,0.01052,0.01069,0.00949,0.00978,0.01015,0.0091,0.00952,0.00992,0.01021,0.01035,0.009,0.00883,0.00848,0.00799,0.00746,0.00698,0.00663,0.00652,0.00666,0.00707,0.00769,0.00845,0.0101,0.0108,0.01144,0.01201,0.01331,0.01376,0.01419,0.01551,0.01598,0.01648,0.01796,0.01861,0.02017,0.02101,0.0226,0.02353,0.02439,0.02579,0.02698,0.02712,0.02772,0.02692,0.02677,0.02508,0.02431,0.02327,0.02118,0.02005,0.01892,0.0177,0.01704,0.01657,0.01628,0.01672,0.01686,0.01709,0.01739,0.01815,0.01852,0.01897,0.01953,0.02025,0.02115,0.02181,0.02307,0.02453,0.02617,0.02795,0.02981,0.03171,0.03362,0.03549,0.0373,0.03902,0.04061,0.04207,0.04335,0.04443,0.04527,0.04588,0.04625,0.04642,0.04645,0.04641,0.04638,0.04643,0.04648,0.04674,0.04719,0.04781,0.04856,0.04939,0.04929,0.05004,0.0507,0.05125,0.05052,0.05089,0.05119,0.05145,0.05062,0.05101,0.05142,0.05099,0.05157,0.05211,0.05198,0.05245,0.05227,0.05253,0.05221,0.05237,0.05215,0.05253,0.05278,0.05365,0.05454,0.05588,0.05715,0.0586,0.05966,0.0602,0.06103,0.06051,0.05918,0.05903,0.0567,0.05383,0.05064,0.04737,0.04703,0.04409,0.04143,0.03906,0.03693,0.035,0.03324,0.03169,0.03043,0.02954,0.0278,0.02764,0.02796,0.02866,0.02959,0.02907,0.03021,0.03121,0.0309,0.03169,0.03228,0.03175,0.03204,0.0322,0.03125,0.03116,0.02994,0.02965,0.02825,0.02782,0.02631,0.02478,0.02426,0.02277,0.0223,0.02098,0.01975,0.01977,0.01888,0.01809,0.01894,0.01852,0.01814,0.01979,0.01967,0.01954,0.01941,0.01927,0.02171,0.02166,0.02155,0.02131,0.02092,0.02035,0.02296,0.02205,0.02083,0.01929,0.01743,0.01529,0.01293,0.01044,0.0079,0.00541,0.00306,0.00094,-0.00091,-0.00246,-0.0037,-0.00466,-0.0054,-0.00598,-0.00645,-0.00688,-0.00733,-0.01136,-0.01182,-0.01236,-0.01297,-0.01363,-0.01433,-0.01815,-0.01879,-0.01938,-0.01989,-0.02328,-0.02351,-0.02356,-0.02344,-0.02611,-0.02565,-0.02508,-0.02739,-0.02667,-0.02899,-0.02828,-0.02763,-0.03014,-0.02963,-0.03233,-0.03198,-0.03483,-0.03464,-0.03759,-0.03756,-0.04055,-0.04065,-0.04359,-0.04643,-0.0465,-0.04905,-0.05132,-0.05106,-0.05276,-0.05406,-0.05496,-0.054,-0.05445,-0.05476,-0.05511,-0.05564,-0.05646,-0.05758,-0.0589,-0.06023,-0.06132,-0.06191,-0.06183,-0.061,-0.05952,-0.06135,-0.05936,-0.05729,-0.05543,-0.05747,-0.05625,-0.05558,-0.05805,-0.05803,-0.05833,-0.06086,-0.06121,-0.06348,-0.0635,-0.06532,-0.06475,-0.066,-0.06475,-0.06536,-0.06355,-0.06359,-0.06336,-0.06118,-0.0607,-0.05873,-0.05824,-0.05774,-0.05621,-0.0558,-0.05536,-0.05489,-0.05331,-0.05266,-0.05189,-0.05101,-0.04859,-0.04752,-0.04646,-0.04547,-0.04463,-0.04217,-0.04178,-0.04167,-0.04183,-0.04223,-0.04281,-0.04349,-0.04418,-0.04481,-0.04529,-0.04412,-0.04421,-0.04407,-0.04374,-0.04326,-0.04267,-0.04205,-0.04264,-0.04198,-0.04135,-0.04076,-0.04022,-0.03971,-0.03923,-0.03874,-0.03826,-0.03776,-0.03795,-0.03737,-0.03669,-0.03591,-0.03497,-0.0342,-0.03289,-0.03142,-0.02984,-0.02771,-0.026,-0.02441,-0.02304,-0.02075,-0.01998,-0.0196,-0.01822,-0.01868,-0.01811,-0.01929,-0.02062,-0.02096,-0.02246,-0.02283,-0.02408,-0.02399,-0.02469,-0.02382,-0.02386,-0.0222,-0.02169,-0.01945,-0.01694,-0.01618,-0.01366,-0.0112,-0.01075,-0.00866,-0.00674,-0.005,-0.0052,-0.00374,-0.00236,-0.00106,0.00014,0.00121,0.00212,0.00283,0.00336,0.00373,0.00398,0.00417,0.00433,0.00446,0.00604,0.00608,0.00607,0.006,0.00765,0.00752,0.00737,0.00917,0.00896,0.0087,0.01043,0.00992,0.01145,0.0106,0.01186,0.01069,0.01174,0.01039,0.01131,0.00985,0.01064,0.00905,0.00965,0.01017,0.00813,0.00834,0.00847,0.00596,0.00591,0.00593,0.00606,0.00348,0.00385,0.00444,0.00523,0.00306,0.00405,0.00512,0.00617,0.00714,0.00795,0.00494,0.00516,0.00508,0.00471,0.00405,0.00315,0.00206,0.00086,-0.00038,-0.00157,-0.00264
146.25 -179.63104,-178.9767,-178.32239,-177.66828,-177.01454,-176.34224,-175.68237,-175.0234,-174.36551,-173.70886,-173.05363,-172.39998,-171.74808,-171.09808,-170.36411,-169.71133,-169.06101,-168.41329,-167.76832,-167.00284,-166.35705,-165.71454,-165.07545,-164.28659,-163.64828,-163.01389,-162.20731,-161.57493,-160.94694,-160.12473,-159.49997,-158.88005,-158.04443,-157.42894,-156.58217,-155.97197,-155.1151,-154.51103,-153.64517,-153.04807,-152.17437,-151.58502,-150.70466,-150.12385,-149.23803,-148.66649,-147.77643,-146.87975,-146.32178,-145.42281,-144.51834,-143.60878,-143.07113,-142.16205,-141.2491,-140.33275,-139.41347,-138.90591,-137.99063,-137.07368,-136.15553,-135.23668,-134.31762,-133.39884,-132.48083,-132.01232,-131.08882,-130.16733,-129.24837,-128.33239,-127.83134,-126.91334,-125.99958,-125.09053,-124.56694,-123.65862,-122.7562,-122.21734,-121.31765,-120.76853,-119.87281,-118.98484,-118.42356,-117.54148,-116.97185,-116.09686,-115.51962,-114.6529,-114.06883,-113.4791,-112.62144,-112.02598,-111.17936,-110.57901,-109.97365,-109.14009,-108.53103,-107.91737,-107.09914,-106.48299,-105.86269,-105.06195,-104.44039,-103.81516,-103.1864,-102.40865,-101.78022,-101.14878,-100.51446,-99.8774,-99.23777,-98.49596,-97.85902,-97.22004,-96.57919,-95.93662,-95.2925,-94.64699,-94.00027,-93.35251,-92.70388,-92.05455,-91.4047,-90.74715,-90.10448,-89.46182,-88.80363,-88.15383,-87.50457,-86.85602,-86.20837,-85.56177,-84.91641,-84.27244,-83.63005,-82.98939,-82.35062,-81.71391,-80.97173,-80.33236,-79.69559,-79.06157,-78.43044,-77.65617,-77.02437,-76.39598,-75.77114,-75.14998,-74.34911,-73.72925,-73.11355,-72.29528,-71.6821,-71.07353,-70.24001,-69.63518,-69.03538,-68.18888,-67.59399,-66.7365,-66.14737,-65.56391,-64.69745,-64.12083,-63.24617,-62.67718,-61.79547,-61.23487,-60.34733,-59.45207,-58.90365,-58.00447,-57.46633,-56.56448,-55.65676,-55.13391,-54.2255,-53.31242,-52.39513,-51.89484,-50.97962,-50.06143,-49.14075,-48.21808,-47.2939,-46.8332,-45.9153,-44.99715,-44.07924,-43.16205,-42.66791,-41.7452,-40.82447,-39.90622,-38.99091,-38.07902,-37.171,-36.63371,-35.72524,-34.82187,-34.26829,-33.36647,-32.4709,-31.90293,-31.01091,-30.12623,-29.54593,-28.66671,-28.07791,-27.20536,-26.60882,-25.74411,-25.14064,-24.28492,-23.67533,-22.8297,-22.21485,-21.38036,-20.7611,-20.13702,-19.31592,-18.68862,-18.05694,-17.25145,-16.61777,-15.98018,-15.19238,-14.55402,-13.91225,-13.2672,-12.50273,-11.85851,-11.21154,-10.56197,-9.90996,-9.25565,-8.5277,-7.87656,-7.22367,-6.56921,-5.91333,-5.25621,-4.59801,-3.93891,-3.27908,-2.61444,-1.96109,-1.30753,-0.65394,-0.00049,0.65265,1.30531,1.95732,2.66342,3.32094,3.97727,4.63225,5.28571,5.93749,6.58742,7.23536,7.88113,8.52459,9.29366,9.93887,10.58124,11.22064,11.85692,12.65444,13.29054,13.92302,14.55177,15.3701,15.9971,16.61991,17.45397,18.07384,18.68909,19.53675,20.1479,20.75403,21.61305,22.21395,23.08271,23.67758,24.26683,25.14306,25.72525,26.60851,27.18291,28.07208,28.63798,29.5319,30.43265,30.98616,31.88983,32.79925,33.3385,34.24897,35.16408,35.6873,36.60158,37.51935,38.44018,38.94006,39.85748,40.77678,41.69752,42.61923,43.54146,44.46375,45.38565,46.30668,47.2264,48.14435,49.06009,49.97317,50.48034,51.39562,52.3071,53.21436,53.7432,54.65012,55.55173,56.09534,56.99478,57.88785,58.44449,59.33359,60.21534,60.78313,61.65918,62.23472,63.10399,63.68657,64.548,65.13692,65.98949,66.584,67.18356,68.02607,68.63021,69.46144,70.06937,70.68171,71.4994,72.11446,72.73354,73.35654,74.15641,74.78071,75.40849,76.19032,76.81828,77.44928,78.08318,78.71986,79.47415,80.10924,80.74662,81.38616,82.02772,82.67115,83.31632,84.02782,84.66896,85.31133,85.95478,86.59917,87.24434,87.89014,88.53642,89.18301,89.82976,90.47652,91.12313,91.76944,92.41528,93.06051,93.70497,94.3485,94.99097,95.63221,96.27207,96.98852,97.6321,98.27382,98.91353,99.55109,100.18636,100.94028,101.57718,102.21131,102.84254,103.47076,104.2523,104.88036,105.50494,106.12594,106.92789,107.54729,108.16268,108.98021,109.59291,110.2012,111.03233,111.63685,112.4793,113.07927,113.67419,114.52676,115.11611,115.97758,116.56062,117.42997,118.00598,118.88215,119.45043,120.33234,121.22164,121.77879,122.67209,123.21977,124.11595,125.01785,125.9251,126.4545,127.36212,128.27399,129.18969,129.69744,130.61097,131.52719,132.44564,133.36588,134.28746,135.20992,136.1328,137.05564,137.97799,138.89938,139.81935,140.73746,141.65326,142.15901,143.07752,143.99256,144.90369,145.43186,146.34313,147.24936,147.79286,148.69737,149.25116,150.15277,151.04756,151.61379,152.50385,153.07861,153.96278,154.54536,155.42251,156.01218,156.8812,157.47719,158.07856,158.93852,159.54514,160.39435,161.0054,161.62118,162.45754,163.0766,163.69998,164.32756,165.14682,165.77617,166.40926,167.21076,167.84443,168.48134,169.12139,169.76442,170.53859,171.18026,171.8244,172.47086,173.11949,173.77012,174.42261,175.07679,175.73249,176.45186,177.1028,177.75473,178.40748,179.06088,179.71477 -0.01539,-0.01577,-0.01591,-0.01582,-0.01551,-0.01268,-0.01205,-0.01129,-0.01044,-0.00955,-0.00863,-0.00773,-0.00686,-0.00604,-0.00289,-0.00221,-0.00161,-0.0011,-0.00066,0.00198,0.00228,0.00251,0.00265,0.00494,0.0049,0.00473,0.00668,0.00625,0.00567,0.00728,0.0065,0.00565,0.00709,0.0062,0.00753,0.00663,0.00776,0.0068,0.00762,0.00659,0.00711,0.00603,0.00636,0.00533,0.00559,0.00468,0.00494,0.00519,0.00443,0.00466,0.00486,0.00504,0.00412,0.00415,0.00411,0.00399,0.00375,0.00242,0.00197,0.00144,0.00087,0.00036,3e-05,-1e-05,0.00032,0.00182,0.00267,0.00376,0.00496,0.0061,0.00747,0.00822,0.00869,0.00892,0.00995,0.01002,0.01006,0.01141,0.01167,0.01331,0.01392,0.01469,0.01664,0.01755,0.01942,0.02015,0.02171,0.02186,0.02291,0.02367,0.02271,0.02288,0.02133,0.02106,0.02062,0.01903,0.01858,0.0181,0.01733,0.01717,0.0171,0.01713,0.01726,0.01742,0.01757,0.01735,0.01739,0.01743,0.0175,0.01765,0.01791,0.01715,0.01772,0.01854,0.01961,0.02092,0.02244,0.02414,0.02599,0.02793,0.02992,0.03193,0.03391,0.03458,0.03652,0.03832,0.04084,0.04212,0.04315,0.04393,0.04447,0.04482,0.04503,0.04519,0.04537,0.04566,0.04611,0.04672,0.04769,0.04857,0.04954,0.05052,0.05146,0.05211,0.05279,0.05333,0.05371,0.05397,0.05372,0.05383,0.0539,0.05348,0.0536,0.05372,0.05347,0.05364,0.05374,0.05358,0.05356,0.05335,0.05318,0.05292,0.0528,0.05267,0.05294,0.05319,0.05407,0.05478,0.05624,0.05787,0.05892,0.06047,0.06128,0.06228,0.06272,0.06281,0.06231,0.06116,0.0594,0.05886,0.05664,0.05419,0.05167,0.04923,0.04689,0.04702,0.04497,0.04304,0.04123,0.03961,0.03748,0.03624,0.03532,0.03475,0.03448,0.03442,0.03447,0.03358,0.03385,0.03411,0.03372,0.03415,0.03462,0.03449,0.03507,0.03568,0.03535,0.03579,0.03511,0.03526,0.0342,0.03405,0.0327,0.03227,0.03072,0.03005,0.02841,0.02763,0.02609,0.0247,0.02421,0.02324,0.02251,0.02281,0.02258,0.02253,0.02355,0.02381,0.02413,0.02448,0.02594,0.02643,0.02693,0.02743,0.02792,0.02837,0.03046,0.0309,0.03116,0.03117,0.03087,0.03023,0.02921,0.02781,0.02606,0.0271,0.02493,0.02263,0.02029,0.01803,0.01593,0.01406,0.01245,0.00766,0.00658,0.00569,0.00495,0.00427,0.00361,0.00291,0.00217,0.00136,0.0005,-0.00339,-0.00424,-0.00508,-0.00588,-0.00663,-0.01026,-0.01082,-0.01126,-0.01158,-0.01468,-0.01469,-0.01456,-0.01707,-0.01666,-0.01618,-0.01827,-0.01771,-0.01718,-0.01927,-0.01888,-0.02118,-0.02103,-0.02103,-0.02367,-0.02394,-0.02675,-0.02722,-0.03011,-0.0307,-0.03359,-0.03644,-0.03696,-0.03965,-0.04219,-0.04236,-0.04451,-0.04637,-0.04595,-0.04724,-0.04817,-0.04877,-0.04757,-0.04778,-0.04788,-0.04796,-0.04816,-0.04851,-0.04899,-0.04949,-0.04985,-0.04987,-0.04939,-0.04832,-0.04668,-0.04841,-0.04625,-0.04404,-0.04208,-0.04398,-0.04275,-0.04217,-0.04475,-0.04498,-0.04563,-0.0485,-0.04932,-0.05008,-0.05262,-0.05298,-0.05516,-0.05502,-0.05676,-0.05613,-0.05739,-0.05637,-0.05716,-0.0577,-0.05625,-0.05642,-0.05484,-0.0548,-0.05463,-0.05291,-0.05267,-0.05237,-0.05202,-0.04994,-0.04942,-0.0488,-0.0461,-0.04521,-0.0442,-0.04311,-0.04198,-0.03891,-0.03793,-0.03711,-0.03652,-0.0362,-0.03619,-0.03646,-0.03541,-0.03612,-0.03693,-0.03774,-0.03847,-0.03904,-0.0394,-0.03954,-0.03946,-0.03921,-0.03883,-0.03839,-0.03792,-0.03747,-0.03706,-0.03669,-0.03636,-0.03603,-0.0357,-0.03532,-0.03586,-0.03536,-0.0348,-0.03417,-0.03348,-0.03272,-0.03306,-0.03218,-0.0312,-0.03017,-0.02908,-0.0288,-0.02759,-0.02645,-0.02545,-0.0246,-0.02384,-0.02337,-0.02256,-0.02255,-0.02278,-0.02244,-0.02302,-0.02306,-0.0238,-0.02441,-0.0248,-0.02518,-0.02558,-0.02554,-0.02563,-0.02509,-0.02468,-0.02371,-0.02275,-0.0214,-0.02019,-0.01859,-0.0175,-0.01588,-0.01423,-0.01264,-0.01222,-0.0109,-0.00968,-0.00855,-0.00874,-0.00783,-0.00698,-0.00619,-0.00547,-0.00483,-0.00427,-0.00378,-0.00334,-0.00292,-0.0025,-0.00207,-0.00164,-0.00126,-0.00019,-0.0,7e-05,4e-05,0.00085,0.00071,0.00055,0.00149,0.00136,0.00248,0.00234,0.00214,0.00325,0.00282,0.00381,0.0031,0.00392,0.00299,0.00369,0.00261,0.00323,0.00382,0.00253,0.00297,0.00141,0.0016,0.00166,-0.00045,-0.00067,-0.00096,-0.00128,-0.00381,-0.00406,-0.00416,-0.00644,-0.00623,-0.00583,-0.00526,-0.00456,-0.00634,-0.00566,-0.00505,-0.00459,-0.00434,-0.00434,-0.00462,-0.00515,-0.00593,-0.00957,-0.01067,-0.01181,-0.01291,-0.01392,-0.01476
151.875 -179.57829,-178.94529,-178.31231,-177.67952,-177.04707,-176.41511,-175.78379,-175.15326,-174.52369,-173.89521,-173.21638,-172.5838,-171.95281,-171.32355,-170.69617,-170.07081,-169.35432,-168.72691,-168.102,-167.47972,-166.86021,-166.1158,-165.496,-164.87943,-164.26621,-163.50113,-162.88905,-162.28076,-161.49995,-160.8939,-160.29205,-159.49741,-158.89888,-158.09291,-157.49848,-156.90891,-156.0925,-155.50807,-154.68265,-154.1041,-153.27067,-152.69873,-151.85831,-151.29369,-150.44734,-149.59366,-149.03949,-148.18157,-147.63649,-146.77542,-145.90863,-145.37692,-144.50873,-143.63586,-142.75868,-142.24672,-141.37063,-140.49132,-139.60922,-138.72476,-137.83835,-136.95044,-136.06146,-135.17186,-134.28209,-133.3926,-132.50381,-131.61619,-130.73017,-129.84619,-128.96467,-128.48779,-127.60388,-126.72355,-125.84723,-125.34878,-124.47252,-123.60133,-123.08813,-122.21879,-121.69568,-120.82929,-119.96968,-119.43451,-118.57959,-118.03616,-117.18703,-116.63598,-115.7937,-115.23573,-114.40136,-113.83717,-113.01171,-112.44204,-111.86738,-111.05206,-110.47293,-109.88917,-109.08609,-108.4989,-107.90745,-107.11866,-106.52488,-105.92724,-105.15466,-104.5558,-103.9535,-103.34789,-102.59652,-101.99111,-101.38285,-100.77186,-100.15826,-99.43543,-98.82381,-98.21008,-97.59437,-96.97681,-96.35756,-95.73677,-95.11457,-94.49113,-93.82404,-93.20566,-92.58652,-91.96677,-91.34657,-90.72607,-90.10543,-89.48479,-88.86432,-88.24416,-87.62448,-87.00541,-86.38712,-85.71953,-85.09622,-84.47416,-83.85353,-83.23446,-82.61709,-82.00159,-81.38808,-80.7767,-80.05355,-79.44023,-78.82952,-78.22156,-77.61648,-76.8649,-76.25964,-75.65771,-75.05922,-74.28653,-73.68931,-73.09595,-72.30712,-71.71612,-71.1294,-70.32636,-69.74309,-69.16447,-68.34926,-67.77513,-67.20599,-66.38072,-65.81709,-64.98296,-64.42557,-63.58359,-63.03314,-62.18435,-61.64154,-60.78702,-60.25249,-59.39331,-58.5274,-58.00495,-57.13613,-56.6236,-55.75298,-54.87731,-53.99698,-53.50385,-52.62419,-51.74097,-50.85461,-50.384,-49.50076,-48.61551,-47.72868,-46.84071,-45.95206,-45.06315,-44.17443,-43.28636,-42.39936,-41.51389,-40.63037,-39.74923,-38.8709,-38.36423,-37.48415,-36.60799,-35.73613,-35.20878,-34.33766,-33.4719,-32.93048,-32.06724,-31.21037,-30.65666,-29.80406,-29.2419,-28.39465,-27.5553,-26.98389,-26.15153,-25.57353,-24.74918,-24.16532,-23.57634,-22.76099,-22.16716,-21.36225,-20.76434,-20.16193,-19.36952,-18.76411,-17.98433,-17.37669,-16.76527,-16.15019,-15.38864,-14.77275,-14.15364,-13.4102,-12.79138,-12.1698,-11.54559,-10.91889,-10.20331,-9.57865,-8.95198,-8.32344,-7.69316,-7.06131,-6.42802,-5.75554,-5.12667,-4.49686,-3.86625,-3.235,-2.60326,-1.97118,-1.33891,-0.70662,-0.07445,0.55745,1.18892,1.8198,2.44995,3.07921,3.70744,4.33449,4.96021,5.58446,6.29933,6.92677,7.55224,8.17563,8.79679,9.41559,10.0319,10.78501,11.40211,12.01627,12.62736,13.40202,14.01251,14.6195,15.22288,16.01593,16.61733,17.21471,18.02174,18.61608,19.20604,20.02511,20.611,21.19217,22.02127,22.59737,23.43519,24.00552,24.85109,25.41497,25.97338,26.82403,27.68211,28.23107,29.09387,29.63444,30.50092,31.03252,31.90164,32.77606,33.29445,34.16985,35.04956,35.55318,36.4322,37.31451,38.19973,39.08746,39.56416,40.44826,41.33382,42.22045,43.10773,43.99526,44.88262,45.76941,46.65523,47.53966,48.4223,49.30277,49.78699,50.66997,51.54974,52.42592,53.29815,53.80734,54.67918,55.5461,56.06891,56.93383,57.79288,58.32776,59.18321,59.72635,60.5772,61.12802,61.9733,62.81076,63.36993,64.20033,64.76552,65.33566,66.15848,66.73375,67.54728,68.127,68.71116,69.51386,70.10153,70.89286,71.48333,72.07765,72.85514,73.45129,74.0509,74.65389,75.41333,76.01687,76.62339,77.23277,77.97125,78.5799,79.19099,79.80441,80.42004,81.03776,81.74402,82.35912,82.97586,83.59412,84.21377,84.83467,85.4567,86.0797,86.70356,87.32812,87.95325,88.59234,89.21157,89.83094,90.45032,91.06957,91.70811,92.33328,92.9579,93.58181,94.20489,94.827,95.448,96.06775,96.68613,97.303,97.91823,98.6241,99.24197,99.85778,100.47138,101.08266,101.69151,102.42968,103.03929,103.64604,104.24982,105.00902,105.61227,106.21216,106.80859,107.5859,108.18052,108.77131,109.5625,110.15051,110.73433,111.53763,112.11771,112.93119,113.50685,114.32966,114.90021,115.46579,116.29624,116.85584,117.69337,118.24635,119.09003,119.94103,120.48463,121.34026,121.87562,122.73488,123.60004,124.12335,124.99054,125.86269,126.37239,127.24495,128.12149,129.00164,129.49147,130.36978,131.25068,132.13377,133.01868,133.90499,134.7923,135.6802,136.56828,137.45614,138.34336,139.22953,140.11425,140.99713,141.47943,142.36533,143.24833,144.12804,144.63184,145.51228,146.38842,146.90703,147.78222,148.6521,149.18397,150.05124,150.5921,151.45571,152.31248,152.86391,153.71539,154.27417,155.11937,155.68484,156.25557,157.09425,157.67078,158.50074,159.08235,159.90268,160.48865,161.07909,161.88805,162.48184,163.07974,163.68166,164.47559,165.07951,165.68706,166.46517,167.07364,167.68532,168.30006,168.91777,169.67173,170.28865,170.90807,171.52986,172.15389,172.78001,173.50051,174.1238,174.7487,175.37509,176.00281,176.63172,177.26166,177.8925,178.52408,179.15624,179.78884 -0.02107,-0.02142,-0.02156,-0.02149,-0.02125,-0.02086,-0.02036,-0.01977,-0.01914,-0.01847,-0.01561,-0.01486,-0.01414,-0.01347,-0.01286,-0.01232,-0.00918,-0.00873,-0.00837,-0.00807,-0.00783,-0.00495,-0.00487,-0.00488,-0.00499,-0.00259,-0.00295,-0.00345,-0.00156,-0.00229,-0.00309,-0.00151,-0.00235,-0.00079,-0.00155,-0.00223,-0.00066,-0.00129,0.0001,-0.00061,0.00048,-0.00035,0.00047,-0.0004,0.00031,0.00097,0.00026,0.00092,0.00039,0.00097,0.00138,0.00087,0.001,0.00094,0.00074,-9e-05,-0.00044,-0.00079,-0.00117,-0.00159,-0.00208,-0.00265,-0.00324,-0.0038,-0.00416,-0.00419,-0.00379,-0.00291,-0.00161,-8e-05,0.00145,0.00286,0.00393,0.00453,0.00462,0.00535,0.00491,0.00421,0.00507,0.00451,0.00581,0.00572,0.00593,0.00797,0.00866,0.01092,0.01175,0.01392,0.01451,0.0163,0.01634,0.01759,0.01702,0.01773,0.0182,0.01707,0.01724,0.01731,0.01631,0.0164,0.01646,0.01596,0.01614,0.0163,0.01585,0.01594,0.01597,0.01594,0.01473,0.01453,0.01431,0.01413,0.01399,0.01256,0.01267,0.01297,0.01349,0.01424,0.01523,0.01647,0.01795,0.01963,0.02029,0.02231,0.02446,0.0267,0.02901,0.03133,0.03359,0.03573,0.03768,0.03937,0.04077,0.04186,0.04265,0.04346,0.04378,0.04402,0.04425,0.04456,0.04499,0.04557,0.04631,0.04715,0.04867,0.04967,0.05061,0.05145,0.05214,0.05318,0.05355,0.05376,0.05384,0.05417,0.05409,0.05394,0.05406,0.0539,0.05367,0.05376,0.05349,0.0531,0.05311,0.05259,0.05194,0.05191,0.05127,0.05139,0.05097,0.05151,0.0515,0.05261,0.05303,0.05463,0.05531,0.05712,0.05886,0.05947,0.06088,0.06121,0.06207,0.06246,0.06235,0.06195,0.06114,0.05991,0.05833,0.05756,0.05583,0.05405,0.05228,0.05055,0.04888,0.04729,0.0458,0.04447,0.04335,0.04244,0.04172,0.0411,0.04049,0.03905,0.03846,0.0378,0.03711,0.03628,0.03593,0.03582,0.03571,0.03619,0.03697,0.03726,0.03827,0.03836,0.03922,0.03995,0.03939,0.03971,0.03867,0.03858,0.03713,0.0355,0.03482,0.03296,0.03199,0.03012,0.02839,0.02753,0.02622,0.02572,0.02501,0.0246,0.02446,0.02491,0.02518,0.02559,0.02636,0.02697,0.02766,0.02841,0.02924,0.03061,0.03166,0.03275,0.03383,0.03484,0.03571,0.03634,0.03806,0.0382,0.03792,0.0372,0.03606,0.03454,0.03273,0.03072,0.02862,0.02654,0.02458,0.02279,0.02122,0.01988,0.01872,0.01772,0.0168,0.01593,0.01504,0.01164,0.0107,0.0097,0.00868,0.00765,0.00665,0.00571,0.00241,0.00165,0.00097,0.00039,-0.00271,-0.00311,-0.00344,-0.00368,-0.0064,-0.00639,-0.0063,-0.00855,-0.00825,-0.00791,-0.00987,-0.00952,-0.00924,-0.01136,-0.01131,-0.01375,-0.014,-0.01677,-0.0173,-0.0179,-0.02092,-0.02392,-0.02456,-0.02746,-0.02794,-0.03064,-0.03086,-0.03331,-0.03562,-0.03537,-0.03733,-0.03905,-0.03828,-0.03954,-0.04048,-0.04112,-0.04148,-0.03991,-0.03993,-0.0398,-0.03959,-0.03936,-0.03913,-0.03889,-0.03859,-0.03816,-0.03748,-0.03647,-0.03512,-0.03657,-0.03472,-0.03279,-0.03102,-0.02965,-0.03113,-0.03055,-0.03061,-0.03287,-0.03367,-0.03478,-0.03744,-0.03861,-0.04123,-0.04211,-0.0445,-0.04492,-0.04508,-0.04699,-0.04674,-0.04838,-0.04988,-0.04917,-0.05036,-0.04936,-0.05019,-0.05081,-0.0493,-0.04955,-0.04762,-0.04757,-0.0474,-0.04498,-0.04465,-0.04425,-0.04378,-0.04103,-0.04043,-0.03975,-0.03896,-0.03623,-0.03539,-0.03453,-0.0337,-0.03297,-0.03238,-0.03093,-0.03086,-0.03102,-0.03142,-0.032,-0.03272,-0.03351,-0.03427,-0.03496,-0.03549,-0.03584,-0.03522,-0.0352,-0.03503,-0.03475,-0.03441,-0.0348,-0.03446,-0.03415,-0.03388,-0.03362,-0.03336,-0.03306,-0.03269,-0.03224,-0.0317,-0.03107,-0.0312,-0.03042,-0.02958,-0.0287,-0.0278,-0.02691,-0.02695,-0.0261,-0.02534,-0.0247,-0.02478,-0.02434,-0.02409,-0.02406,-0.02411,-0.02431,-0.02466,-0.02459,-0.02499,-0.02537,-0.02513,-0.02531,-0.025,-0.02488,-0.02459,-0.02415,-0.0235,-0.02321,-0.02233,-0.02209,-0.02109,-0.02079,-0.02038,-0.01931,-0.01871,-0.01775,-0.01703,-0.01619,-0.0155,-0.01468,-0.01385,-0.01348,-0.01278,-0.01213,-0.01153,-0.01163,-0.01126,-0.01096,-0.01069,-0.01044,-0.01016,-0.00985,-0.00948,-0.00903,-0.00848,-0.00784,-0.00711,-0.00631,-0.00549,-0.00439,-0.00375,-0.00326,-0.00294,-0.00238,-0.00235,-0.00245,-0.0021,-0.00232,-0.00258,-0.00215,-0.00243,-0.00186,-0.00221,-0.00267,-0.00203,-0.00265,-0.00203,-0.0028,-0.00225,-0.00171,-0.00266,-0.0022,-0.00327,-0.00292,-0.00422,-0.00406,-0.00399,-0.0058,-0.00602,-0.00634,-0.00675,-0.00919,-0.0097,-0.01018,-0.01256,-0.01281,-0.0129,-0.01279,-0.0125,-0.01402,-0.01345,-0.01284,-0.01223,-0.0117,-0.01133,-0.01295,-0.01302,-0.01335,-0.01392,-0.01471,-0.01565,-0.0167,-0.01778,-0.01881,-0.01974,-0.0205
157.5 -179.5111,-178.91454,-178.30156,-177.68874,-177.07624,-176.46419,-175.85272,-175.24198,-174.63211,-174.02323,-173.41549,-172.80902,-172.20396,-171.53356,-170.9255,-170.31927,-169.71501,-169.11285,-168.51289,-167.80995,-167.20886,-166.61042,-166.01473,-165.29064,-164.69509,-164.10271,-163.36242,-162.77117,-162.18348,-161.59943,-160.84301,-160.26137,-159.49359,-158.91506,-158.3408,-157.56194,-156.99173,-156.20352,-155.63806,-154.84134,-154.28129,-153.47696,-152.92299,-152.11197,-151.56472,-150.74795,-150.20803,-149.38649,-148.85449,-148.02914,-147.19795,-146.67746,-145.84402,-145.00564,-144.16266,-143.6592,-142.81617,-141.9695,-141.11955,-140.63611,-139.78834,-138.93829,-138.08633,-137.23287,-136.37829,-135.52297,-134.66733,-133.81174,-132.95663,-132.10237,-131.24936,-130.39799,-129.94854,-129.09389,-128.2419,-127.39293,-126.92206,-126.072,-125.22597,-124.38432,-123.89475,-123.05422,-122.55511,-121.7167,-120.8842,-120.37323,-119.54443,-119.02534,-118.20123,-117.67459,-116.85613,-116.32254,-115.5107,-114.97078,-114.1665,-113.6209,-112.82508,-112.27446,-111.71922,-110.93301,-110.37366,-109.59806,-109.0353,-108.46849,-107.7056,-107.13633,-106.56338,-105.98682,-105.24052,-104.66277,-104.0818,-103.49771,-102.77104,-102.18706,-101.60037,-101.01109,-100.41933,-99.71896,-99.1289,-98.5368,-97.94277,-97.34696,-96.74947,-96.15045,-95.49049,-94.89535,-94.29912,-93.70192,-93.10391,-92.50521,-91.90596,-91.3063,-90.70637,-90.10631,-89.50626,-88.90635,-88.30673,-87.70754,-87.10891,-86.51097,-85.91388,-85.31776,-84.72275,-84.06237,-83.46351,-82.8662,-82.27057,-81.67675,-81.08487,-80.49504,-79.79439,-79.20289,-78.61388,-78.02748,-77.4438,-76.71695,-76.1332,-75.55257,-74.97518,-74.22879,-73.65261,-73.08005,-72.51119,-71.74829,-71.18192,-70.6196,-69.84405,-69.28518,-68.49907,-67.94433,-67.3942,-66.59856,-66.05348,-65.24942,-64.71005,-63.89848,-63.36545,-62.54731,-62.02125,-61.19749,-60.679,-59.85061,-59.34024,-58.50819,-57.67025,-57.17177,-56.33176,-55.48678,-55.00173,-54.15627,-53.30682,-52.83661,-51.98828,-51.13695,-50.28298,-49.42678,-48.98355,-48.13127,-47.27777,-46.42343,-45.56864,-44.71381,-43.85933,-43.00559,-42.15299,-41.30192,-40.45275,-39.97466,-39.12272,-38.27369,-37.42796,-36.58588,-36.08276,-35.24074,-34.40333,-33.88652,-33.05077,-32.22057,-31.69161,-30.86465,-30.0441,-29.50464,-28.68888,-28.14211,-27.3321,-26.77863,-25.97531,-25.41579,-24.62007,-24.05515,-23.26793,-22.69829,-21.92042,-21.34673,-20.76878,-20.00198,-19.42094,-18.83597,-18.08204,-17.49496,-16.90434,-16.16499,-15.57323,-14.97832,-14.38036,-13.6601,-13.0623,-12.46186,-11.85891,-11.1605,-10.55898,-9.95538,-9.34983,-8.74243,-8.13334,-7.46844,-6.86264,-6.25557,-5.64737,-5.03816,-4.42809,-3.8173,-3.20592,-2.59409,-1.98194,-1.36963,-0.75728,-0.14504,0.46695,1.07855,1.68963,2.30005,2.90966,3.51834,4.12594,4.73234,5.33741,5.94101,6.54302,7.14331,7.84705,8.44952,9.04985,9.64791,10.24359,10.83678,11.57027,12.16379,12.7544,13.34202,13.92654,14.68141,15.26472,15.84455,16.61356,17.19123,17.76508,18.54654,19.11729,19.68388,20.47605,21.03863,21.59676,22.39782,22.95106,23.75996,24.30769,25.12356,25.66516,26.48712,27.022,27.84913,28.37671,29.2081,29.72785,30.56255,31.40273,31.91106,32.75307,33.59968,34.09513,34.94207,35.79272,36.27393,37.1234,37.97565,38.83032,39.68706,40.14249,40.99544,41.84951,42.70433,43.55955,44.4148,45.26972,46.12393,46.97707,47.82879,48.67872,49.1418,49.99448,50.84446,51.69138,52.53492,53.02198,53.86567,54.70509,55.53992,56.04346,56.87643,57.38851,58.21874,59.04301,59.56547,60.38558,60.91522,61.73028,62.26657,63.07571,63.6181,64.42048,64.96838,65.76316,66.31598,67.10237,67.65951,68.22085,68.99759,69.56241,70.32888,70.89655,71.46789,72.22198,72.7953,73.37197,73.95189,74.68991,75.27067,75.85434,76.44082,77.1601,77.74627,78.33488,78.92582,79.62389,80.21338,80.80482,81.3981,81.99311,82.58973,83.18786,83.78737,84.44387,85.03971,85.63654,86.23423,86.83267,87.43173,88.03129,88.63124,89.23143,89.83176,90.43209,91.0323,91.63227,92.23187,92.83097,93.42947,94.02722,94.62412,95.22004,95.81487,96.47574,97.07398,97.67073,98.26587,98.85929,99.45088,100.04053,100.73828,101.32941,101.9182,102.50457,103.08841,103.81028,104.39418,104.97518,105.71298,106.29316,106.87009,107.44368,108.19762,108.76925,109.33721,110.10358,110.66871,111.44538,112.00705,112.56453,113.35089,113.90407,114.69886,115.24713,116.04955,116.59232,117.40153,117.93823,118.7534,119.28346,120.1037,120.62658,121.45103,121.96622,122.79398,123.62717,124.13117,124.96625,125.80594,126.64993,127.13748,127.98134,128.82861,129.67895,130.14741,130.9956,131.84595,132.6981,133.5517,134.40638,135.26178,136.11754,136.97328,137.82865,138.68327,139.53679,140.38883,140.84963,141.70492,142.55779,143.40792,143.88927,144.74058,145.5882,146.43181,146.93115,147.77387,148.61169,149.12333,149.95877,150.47879,151.31093,151.83881,152.6667,153.2019,154.02463,154.56658,155.38323,155.93133,156.74102,157.29465,158.09651,158.65505,159.21805,160.01103,160.57806,161.36115,161.93155,162.50587,163.08402,163.85385,164.43418,165.018,165.77368,166.35872,166.94687,167.53803,168.27526,168.8664,169.46015,170.05641,170.65505,171.25597,171.96452,172.56357,173.16446,173.76708,174.3713,174.97699,175.58402,176.19226,176.80158,177.41184,178.0229,178.63463,179.2761,179.88238 -0.02571,-0.02514,-0.02538,-0.02546,-0.02542,-0.02527,-0.02504,-0.02475,-0.02442,-0.02407,-0.0237,-0.02333,-0.02296,-0.02053,-0.02013,-0.01976,-0.01942,-0.0191,-0.01881,-0.01611,-0.01588,-0.01568,-0.01552,-0.01291,-0.01291,-0.013,-0.0107,-0.01103,-0.01144,-0.01192,-0.01022,-0.01083,-0.00927,-0.00988,-0.0104,-0.0088,-0.0092,-0.00755,-0.00791,-0.0064,-0.00689,-0.00568,-0.00634,-0.00537,-0.0061,-0.00515,-0.00573,-0.00461,-0.0049,-0.00365,-0.00251,-0.00252,-0.00165,-0.00114,-0.00099,-0.00132,-0.00161,-0.00207,-0.0026,-0.00317,-0.00373,-0.00428,-0.00484,-0.00543,-0.00604,-0.00659,-0.00699,-0.0071,-0.0068,-0.00603,-0.00484,-0.00339,-0.00233,-0.00087,0.00027,0.00088,0.00162,0.00139,0.00058,-0.00068,-0.00033,-0.00177,-0.00111,-0.00218,-0.00291,-0.00134,-0.00128,0.00085,0.00152,0.00394,0.00483,0.00719,0.00792,0.00993,0.01024,0.01174,0.0116,0.01258,0.01336,0.01273,0.01325,0.0126,0.01304,0.01344,0.01283,0.01318,0.01348,0.01371,0.01264,0.01264,0.01255,0.0124,0.0107,0.01047,0.01026,0.0101,0.00999,0.00903,0.00926,0.00961,0.01011,0.01077,0.01161,0.01264,0.01374,0.01514,0.01673,0.01851,0.02047,0.0226,0.02487,0.02725,0.02968,0.0321,0.03441,0.03654,0.03841,0.03997,0.04118,0.04207,0.04265,0.04299,0.04316,0.04348,0.04362,0.04383,0.04415,0.0446,0.04516,0.04581,0.04743,0.04821,0.04892,0.04952,0.04999,0.05138,0.05154,0.05154,0.05139,0.05215,0.0518,0.05134,0.05078,0.05135,0.0507,0.04994,0.05043,0.04955,0.04991,0.04892,0.04785,0.04819,0.0472,0.04774,0.04704,0.04801,0.04776,0.04927,0.04947,0.05142,0.05191,0.05399,0.05457,0.05652,0.05823,0.05862,0.05989,0.06076,0.06064,0.06084,0.06058,0.05972,0.05879,0.05756,0.05615,0.05467,0.05315,0.05183,0.05067,0.04968,0.04889,0.04826,0.0478,0.04747,0.04721,0.04694,0.04652,0.04542,0.0446,0.04346,0.04204,0.04044,0.03922,0.03786,0.03679,0.03637,0.03617,0.03653,0.03702,0.03813,0.03951,0.04025,0.04163,0.04204,0.04308,0.043,0.04357,0.04294,0.04294,0.04176,0.04111,0.03943,0.03813,0.03613,0.03409,0.03241,0.03055,0.02889,0.02768,0.02663,0.02589,0.02562,0.02547,0.02555,0.0258,0.02646,0.027,0.02764,0.0284,0.02963,0.03062,0.03175,0.03299,0.03433,0.03571,0.03761,0.03894,0.0401,0.04098,0.04151,0.04163,0.04131,0.04053,0.03934,0.03782,0.03607,0.03419,0.0323,0.03049,0.02882,0.02735,0.02606,0.02494,0.02395,0.02302,0.0221,0.02116,0.02015,0.01908,0.01795,0.01508,0.01396,0.01289,0.01192,0.01105,0.0103,0.00776,0.00721,0.00673,0.00631,0.00593,0.0035,0.00321,0.00296,0.00066,0.0006,0.00059,-0.00136,-0.00121,-0.00106,-0.00284,-0.00274,-0.00273,-0.00481,-0.00505,-0.00751,-0.00799,-0.01079,-0.01139,-0.01434,-0.01487,-0.01777,-0.01808,-0.02078,-0.02079,-0.02323,-0.02555,-0.02512,-0.0272,-0.02916,-0.02836,-0.03004,-0.03151,-0.03037,-0.03146,-0.03225,-0.03276,-0.033,-0.03127,-0.03119,-0.03094,-0.03054,-0.03004,-0.02947,-0.02887,-0.02825,-0.0276,-0.02691,-0.02613,-0.02729,-0.02616,-0.02494,-0.02375,-0.02273,-0.02342,-0.02286,-0.02277,-0.02315,-0.02471,-0.02569,-0.02769,-0.02895,-0.0302,-0.03235,-0.03335,-0.03538,-0.03596,-0.03778,-0.0379,-0.03954,-0.03931,-0.04081,-0.04032,-0.0417,-0.04096,-0.04212,-0.04314,-0.04182,-0.04246,-0.04062,-0.04085,-0.04092,-0.03855,-0.0384,-0.03819,-0.03792,-0.03559,-0.03531,-0.03498,-0.0346,-0.0327,-0.03229,-0.03182,-0.03131,-0.02996,-0.02958,-0.02927,-0.02907,-0.02902,-0.02915,-0.02947,-0.02995,-0.03037,-0.03106,-0.03177,-0.03244,-0.03301,-0.03344,-0.03371,-0.03379,-0.0337,-0.03347,-0.03313,-0.03273,-0.03229,-0.03186,-0.03144,-0.03106,-0.0307,-0.03035,-0.02999,-0.02961,-0.02994,-0.02943,-0.02885,-0.0282,-0.02748,-0.02672,-0.02593,-0.02566,-0.02487,-0.02415,-0.02356,-0.02313,-0.02319,-0.02309,-0.02322,-0.02361,-0.02405,-0.02465,-0.02536,-0.02578,-0.02644,-0.02702,-0.02696,-0.02719,-0.0267,-0.0265,-0.02607,-0.02506,-0.02429,-0.02318,-0.02224,-0.02123,-0.0203,-0.01955,-0.01875,-0.01826,-0.01765,-0.0173,-0.01684,-0.01652,-0.01618,-0.01581,-0.0154,-0.01514,-0.01468,-0.01418,-0.01369,-0.01354,-0.01314,-0.01283,-0.01265,-0.0128,-0.0129,-0.01312,-0.0134,-0.01367,-0.01386,-0.01392,-0.01379,-0.01345,-0.01289,-0.01209,-0.0111,-0.00998,-0.00859,-0.00752,-0.00657,-0.00581,-0.00494,-0.00456,-0.0044,-0.00444,-0.00411,-0.00441,-0.00483,-0.0047,-0.00526,-0.00512,-0.00576,-0.00554,-0.00622,-0.00591,-0.00659,-0.00621,-0.00689,-0.00651,-0.00723,-0.00691,-0.00774,-0.00754,-0.00739,-0.00859,-0.00864,-0.01021,-0.0105,-0.01087,-0.0113,-0.01353,-0.01413,-0.01474,-0.01704,-0.01757,-0.01799,-0.01826,-0.01988,-0.01976,-0.01945,-0.01899,-0.0184,-0.01776,-0.01843,-0.01788,-0.01748,-0.01727,-0.01729,-0.01757,-0.01807,-0.01877,-0.01963,-0.02059,-0.02158,-0.02254,-0.02439,-0.02512
163.125 -179.46317,-178.87493,-178.28672,-177.69866,-177.11089,-176.52351,-175.93667,-175.35047,-174.73294,-174.1425,-173.5531,-172.96486,-172.37791,-171.79235,-171.20832,-170.62592,-169.96532,-169.38085,-168.7984,-168.21809,-167.64003,-166.95436,-166.37564,-165.79954,-165.22617,-164.5216,-163.94873,-163.37894,-162.65986,-162.09145,-161.52648,-160.79436,-160.23166,-159.67272,-158.92912,-158.37333,-157.6202,-157.06817,-156.52043,-155.75859,-155.21546,-154.44598,-153.90805,-153.13174,-152.5996,-151.81729,-151.29151,-150.50404,-149.71021,-149.19342,-148.39578,-147.88681,-147.08626,-146.28063,-145.78301,-144.97589,-144.1645,-143.34915,-142.86819,-142.05334,-141.23541,-140.41473,-139.59164,-138.76649,-138.3148,-137.49326,-136.67056,-135.84705,-135.02309,-134.19904,-133.37524,-132.96226,-132.1334,-131.3057,-130.47951,-129.6552,-128.83311,-128.01358,-127.5638,-126.74282,-125.9253,-125.46132,-124.64378,-123.83059,-123.35364,-122.54187,-121.73529,-121.24673,-120.443,-119.94652,-119.14655,-118.35307,-117.8473,-117.05895,-116.54665,-115.76429,-115.24603,-114.72305,-113.94683,-113.41864,-112.65047,-112.11767,-111.35832,-110.82152,-110.28065,-109.53156,-108.98753,-108.43973,-107.70255,-107.15246,-106.59892,-105.87524,-105.32029,-104.76223,-104.20114,-103.49496,-102.93362,-102.36962,-101.80305,-101.23401,-100.55128,-99.98343,-99.4135,-98.8416,-98.26784,-97.69234,-97.1152,-96.46856,-95.89458,-95.31937,-94.74305,-94.16574,-93.58755,-93.00862,-92.42907,-91.84902,-91.2686,-90.68793,-90.10714,-89.52636,-88.94571,-88.36532,-87.78532,-87.20583,-86.62697,-86.04888,-85.47167,-84.89546,-84.32038,-83.74655,-83.09955,-82.52258,-81.94726,-81.3737,-80.80201,-80.23231,-79.66469,-78.98173,-78.41296,-77.84666,-77.28294,-76.7219,-76.01558,-75.45482,-74.89709,-74.1753,-73.61875,-73.06557,-72.51586,-71.77869,-71.23129,-70.68768,-69.93865,-69.39822,-68.86186,-68.10263,-67.5703,-66.80229,-66.27458,-65.49857,-64.9761,-64.19291,-63.67625,-63.16448,-62.37644,-61.58143,-61.07808,-60.27847,-59.78256,-58.97924,-58.49127,-57.68513,-56.87383,-56.39748,-55.58479,-54.76779,-54.30442,-53.48746,-52.66707,-51.84357,-51.399,-50.57755,-49.7539,-48.92839,-48.10139,-47.27325,-46.44432,-46.03784,-45.21454,-44.39135,-43.56863,-43.128,-42.30058,-41.47453,-40.65021,-39.82798,-39.00816,-38.1911,-37.71458,-36.89648,-36.08203,-35.27154,-34.77759,-33.96807,-33.16336,-32.65747,-31.85516,-31.05845,-30.54209,-29.74919,-29.22555,-28.43734,-27.65596,-27.1243,-26.34893,-25.81149,-25.04295,-24.50033,-23.95321,-23.19221,-22.64072,-21.88851,-21.33326,-20.59058,-20.0322,-19.47007,-18.73885,-18.17445,-17.60663,-16.88844,-16.31924,-15.74695,-15.17168,-14.47048,-13.89499,-13.31688,-12.73625,-12.05458,-11.47489,-10.89306,-10.30922,-9.72346,-9.06761,-8.4842,-7.89927,-7.31294,-6.72533,-6.13656,-5.54675,-4.95603,-4.34434,-3.75811,-3.17136,-2.58421,-1.99678,-1.40918,-0.82156,-0.23402,0.3533,0.94028,1.52681,2.11275,2.698,3.28242,3.8659,4.51729,5.10432,5.69001,6.27425,6.85693,7.43793,8.01714,8.59445,9.28585,9.86452,10.44091,11.01493,11.58646,12.15543,12.87237,13.44103,14.00675,14.56947,15.3029,15.86419,16.42214,17.16824,17.72391,18.27593,19.03318,19.58208,20.12704,20.89384,21.43488,22.2099,22.74642,23.27855,24.06034,24.58721,25.3753,25.89635,26.68995,27.20466,28.00294,28.5108,29.31293,30.12062,30.61861,31.42883,31.91869,32.7306,33.54678,34.02468,34.8412,35.66119,36.48434,36.94489,37.76652,38.59047,39.41644,40.24409,40.68,41.50377,42.32838,43.1535,43.9788,44.80397,45.62865,46.45254,47.27531,48.09662,48.54014,49.36438,50.18633,51.00569,51.82215,52.28869,53.10574,53.91907,54.72841,55.21097,56.01908,56.82243,57.31599,58.11681,58.91213,59.41539,60.20692,60.71692,61.50386,62.02013,62.80171,63.32374,64.09918,64.62646,65.39503,65.92703,66.688,67.22418,67.76433,68.51666,69.06025,69.80328,70.34973,70.89969,71.63161,72.18366,72.73893,73.45832,74.01489,74.57438,75.13669,75.83991,76.4025,76.96759,77.5351,78.10493,78.7866,79.35542,79.92623,80.49893,81.07341,81.73011,82.30231,82.87595,83.45093,84.02712,84.60444,85.18277,85.76199,86.34202,86.92272,87.50399,88.08572,88.66779,89.25608,89.83277,90.40947,90.99727,91.57937,92.16113,92.74245,93.3232,93.90328,94.48257,95.06097,95.63837,96.21466,96.78974,97.36349,97.93581,98.59217,99.16679,99.73962,100.31059,100.87958,101.44649,102.13097,102.69867,103.26395,103.82674,104.52974,105.09228,105.65199,106.2088,106.92802,107.48354,108.03586,108.76763,109.31787,109.86461,110.60755,111.15143,111.90371,112.44418,112.98068,113.74162,114.27396,115.04254,115.57017,116.34565,116.86805,117.6497,118.16634,118.95338,119.46377,120.25543,120.75909,121.55457,122.35557,122.84955,123.6531,124.46144,124.94443,125.75403,126.56763,127.03841,127.85197,128.66874,129.48844,130.31075,130.75942,131.57934,132.40106,133.22423,134.04855,134.87369,135.69931,136.5251,137.35072,138.17584,139.00013,139.82327,140.26429,141.09082,141.91535,142.73757,143.55715,144.02201,144.84262,145.65977,146.13784,146.95467,147.76723,148.25731,149.0682,149.87403,150.3748,151.17763,151.68576,152.48475,152.99975,153.79407,154.31543,155.10426,155.63146,156.41399,156.94648,157.72193,158.25914,158.80056,159.56812,160.11349,160.6628,161.42082,161.97327,162.52938,163.27625,163.83466,164.39642,165.13062,165.69382,166.26004,166.82919,167.5469,168.11638,168.68844,169.26298,169.83991,170.53542,171.11128,171.68914,172.26891,172.85048,173.43373,174.01855,174.67972,175.26154,175.84454,176.42861,177.01363,177.59947,178.18602,178.77315,179.36075,179.94868 -0.02854,-0.02905,-0.02944,-0.02974,-0.02994,-0.03006,-0.0301,-0.03008,-0.02874,-0.02858,-0.02839,-0.02816,-0.02791,-0.02762,-0.02732,-0.027,-0.02523,-0.02491,-0.02458,-0.02426,-0.02394,-0.02207,-0.02181,-0.02157,-0.02137,-0.01953,-0.01947,-0.01945,-0.01779,-0.01794,-0.01811,-0.01672,-0.01699,-0.01722,-0.01591,-0.0161,-0.01467,-0.01478,-0.01485,-0.01341,-0.01356,-0.0123,-0.01265,-0.01166,-0.01217,-0.01129,-0.01171,-0.01061,-0.00928,-0.00913,-0.00743,-0.00685,-0.00507,-0.00356,-0.00291,-0.00199,-0.00157,-0.0016,-0.00165,-0.00219,-0.00286,-0.00357,-0.00424,-0.00486,-0.00512,-0.00565,-0.00612,-0.00647,-0.00665,-0.00658,-0.00618,-0.00636,-0.0055,-0.00437,-0.00313,-0.00201,-0.00122,-0.00092,-0.00083,-0.0013,-0.00234,-0.00251,-0.00417,-0.00606,-0.00621,-0.00798,-0.00942,-0.00883,-0.00939,-0.00808,-0.00766,-0.00667,-0.00461,-0.0031,-0.00093,0.00067,0.00265,0.00453,0.00558,0.00701,0.0076,0.00855,0.0087,0.00926,0.00975,0.00942,0.00974,0.01007,0.00941,0.0096,0.00976,0.00865,0.00861,0.00852,0.00839,0.00705,0.00697,0.00696,0.00701,0.00716,0.00725,0.0078,0.00844,0.00914,0.0099,0.01072,0.01159,0.01363,0.01463,0.01572,0.01692,0.01827,0.01977,0.02146,0.02334,0.02539,0.02755,0.02979,0.03203,0.03418,0.03616,0.03791,0.03937,0.04052,0.04135,0.04189,0.04219,0.0423,0.0423,0.04222,0.04261,0.04264,0.04275,0.04295,0.04324,0.04359,0.04397,0.04552,0.04595,0.0463,0.04652,0.04658,0.04785,0.04758,0.04714,0.048,0.04728,0.04644,0.04548,0.04617,0.0451,0.04395,0.04464,0.04341,0.04214,0.04278,0.04149,0.04214,0.04095,0.04183,0.04095,0.0423,0.04189,0.04168,0.04391,0.04633,0.04676,0.04937,0.04997,0.05247,0.05307,0.05522,0.05696,0.05722,0.05826,0.05874,0.05816,0.05768,0.0567,0.05531,0.05337,0.05154,0.04976,0.04819,0.04695,0.0461,0.04567,0.04424,0.04455,0.04517,0.04596,0.04699,0.04754,0.04789,0.04784,0.04728,0.04613,0.04444,0.04348,0.04136,0.03922,0.03733,0.03674,0.03573,0.0354,0.03577,0.03648,0.03769,0.03872,0.04032,0.04137,0.04288,0.04419,0.04481,0.04561,0.04573,0.0458,0.04532,0.04452,0.04337,0.04196,0.03995,0.03813,0.03564,0.03378,0.03198,0.02993,0.02864,0.02759,0.02688,0.0265,0.02634,0.02637,0.02718,0.02755,0.028,0.02853,0.02992,0.03057,0.03132,0.03219,0.03321,0.03482,0.036,0.0373,0.03865,0.03998,0.04121,0.04224,0.04297,0.04348,0.04349,0.04307,0.04225,0.04109,0.03969,0.03814,0.03654,0.035,0.03357,0.03229,0.03116,0.03017,0.02927,0.02841,0.02638,0.02545,0.02444,0.02336,0.02222,0.02106,0.01993,0.01886,0.01656,0.01571,0.01499,0.01441,0.01394,0.01356,0.01168,0.01135,0.01103,0.01069,0.0087,0.00838,0.00807,0.00615,0.00595,0.00578,0.00411,0.004,0.00381,0.00222,0.00194,0.00019,-0.00027,-0.00085,-0.00291,-0.00357,-0.00581,-0.0064,-0.00868,-0.00907,-0.01127,-0.0114,-0.01345,-0.01548,-0.01518,-0.017,-0.0165,-0.01818,-0.01986,-0.01913,-0.02068,-0.02213,-0.0234,-0.02232,-0.0232,-0.02378,-0.02409,-0.02417,-0.02235,-0.02209,-0.02171,-0.02125,-0.02074,-0.02024,-0.01984,-0.01957,-0.01946,-0.01947,-0.02063,-0.02049,-0.02029,-0.02002,-0.0197,-0.01988,-0.01954,-0.01939,-0.0195,-0.02003,-0.02061,-0.02142,-0.0226,-0.02371,-0.02485,-0.02634,-0.02735,-0.02882,-0.02945,-0.03077,-0.03096,-0.03213,-0.03195,-0.03304,-0.03261,-0.03367,-0.03302,-0.03402,-0.03499,-0.03392,-0.03466,-0.03318,-0.03362,-0.03393,-0.03209,-0.03221,-0.03227,-0.03061,-0.03068,-0.03072,-0.03075,-0.02962,-0.02965,-0.02962,-0.02954,-0.02939,-0.02853,-0.02838,-0.02822,-0.0281,-0.02804,-0.02776,-0.02798,-0.0283,-0.02876,-0.02931,-0.02994,-0.03061,-0.03126,-0.03185,-0.03233,-0.03266,-0.03281,-0.03277,-0.03208,-0.03166,-0.03111,-0.03111,-0.0305,-0.02989,-0.02932,-0.02881,-0.02835,-0.02795,-0.0276,-0.02727,-0.02695,-0.02661,-0.02623,-0.02581,-0.0258,-0.02521,-0.02459,-0.02396,-0.02338,-0.02287,-0.0227,-0.02245,-0.02241,-0.02259,-0.02303,-0.02359,-0.02432,-0.02517,-0.02597,-0.02684,-0.02762,-0.02808,-0.02852,-0.02872,-0.02844,-0.02815,-0.02734,-0.02665,-0.02581,-0.02454,-0.02358,-0.02223,-0.02135,-0.02015,-0.01949,-0.01857,-0.01817,-0.01756,-0.01735,-0.01695,-0.01682,-0.0165,-0.01618,-0.01607,-0.01575,-0.0154,-0.01532,-0.01493,-0.01448,-0.01439,-0.01392,-0.0135,-0.01322,-0.01314,-0.01318,-0.01343,-0.01392,-0.01457,-0.0153,-0.01599,-0.01653,-0.01682,-0.01678,-0.01637,-0.0156,-0.01453,-0.01322,-0.01195,-0.01073,-0.0097,-0.00892,-0.00791,-0.0075,-0.00732,-0.00662,-0.00671,-0.00696,-0.00658,-0.00707,-0.00769,-0.0076,-0.00838,-0.00836,-0.00918,-0.00911,-0.00985,-0.00967,-0.01026,-0.00999,-0.01051,-0.01025,-0.01083,-0.01072,-0.01068,-0.0117,-0.01192,-0.01221,-0.01382,-0.01433,-0.01489,-0.01694,-0.01761,-0.01828,-0.02037,-0.02097,-0.0215,-0.02195,-0.02342,-0.02353,-0.02348,-0.02327,-0.0229,-0.02319,-0.0226,-0.02201,-0.02145,-0.02099,-0.02067,-0.02054,-0.02161,-0.02193,-0.02243,-0.02308,-0.02385,-0.02469,-0.02556,-0.02641,-0.02721,-0.02792
168.75 -179.9884,-179.41755,-178.84661,-178.27571,-177.70495,-177.13446,-176.56434,-175.99471,-175.42568,-174.85735,-174.28985,-173.72328,-173.15775,-172.54111,-171.97254,-171.40536,-170.83968,-170.27561,-169.71325,-169.06674,-168.50283,-167.94098,-167.3813,-166.82387,-166.15489,-165.5972,-165.0421,-164.48969,-163.8038,-163.25216,-162.70353,-162.00462,-161.45756,-160.91382,-160.20323,-159.66186,-158.94169,-158.40327,-157.86866,-157.13922,-156.60834,-155.87097,-155.34435,-154.59975,-154.07795,-153.32684,-152.8104,-152.05353,-151.54297,-150.78111,-150.27694,-149.51086,-148.73917,-148.24406,-147.46941,-146.98197,-146.20516,-145.42392,-144.6385,-144.16554,-143.37976,-142.59058,-141.79829,-141.34229,-140.55145,-139.75831,-138.96318,-138.16638,-137.36821,-136.569,-135.76907,-134.96875,-134.16835,-133.36821,-132.56865,-131.76999,-130.97256,-130.17667,-129.38264,-128.95665,-128.16038,-127.36679,-126.57618,-126.13221,-125.34115,-124.55388,-124.09741,-123.31099,-122.52913,-122.06135,-121.28165,-120.80616,-120.02942,-119.25845,-118.77369,-118.00695,-117.51572,-116.75399,-116.25678,-115.50084,-114.99814,-114.24875,-113.7411,-113.22923,-112.48691,-111.9708,-111.23684,-110.71704,-110.19345,-109.46917,-108.94265,-108.41261,-107.69953,-107.16735,-106.63194,-105.93147,-105.39472,-104.85504,-104.31252,-103.62834,-103.08552,-102.54018,-101.99241,-101.32687,-100.77986,-100.23075,-99.67965,-99.12665,-98.57186,-98.01537,-97.38212,-96.82818,-96.2729,-95.71639,-95.15876,-94.60012,-94.04057,-93.48023,-92.91922,-92.35763,-91.79559,-91.23322,-90.67062,-90.10791,-89.54521,-88.98263,-88.42028,-87.85829,-87.29676,-86.73581,-86.17556,-85.6161,-85.05757,-84.50005,-83.94367,-83.38854,-82.83475,-82.2012,-81.64489,-81.09029,-80.5375,-79.98661,-79.43773,-78.77508,-78.22522,-77.67771,-77.13264,-76.59011,-75.90581,-75.36359,-74.82423,-74.28781,-73.58729,-73.05223,-72.52041,-71.80732,-71.27767,-70.75154,-70.02732,-69.50414,-68.98475,-68.2509,-67.73523,-66.99306,-66.48165,-65.97446,-65.22527,-64.72306,-63.96736,-63.47064,-62.70919,-62.21847,-61.45205,-60.96781,-60.19719,-59.42083,-58.94589,-58.1666,-57.69937,-56.91796,-56.13201,-55.6761,-54.88933,-54.0988,-53.6554,-52.86534,-52.07233,-51.27665,-50.47862,-50.05783,-49.26257,-48.46579,-47.6678,-46.86893,-46.06949,-45.26982,-44.47022,-43.67104,-42.8726,-42.0752,-41.27918,-40.48485,-39.69251,-38.90248,-38.44674,-37.65529,-36.86695,-36.082,-35.60936,-34.8248,-34.04442,-33.5601,-32.7814,-32.00762,-31.5129,-30.74209,-29.97689,-29.47314,-28.71216,-28.20204,-27.44605,-26.93007,-26.17984,-25.65852,-24.91479,-24.38867,-23.65217,-23.12179,-22.39322,-21.85913,-21.32123,-20.60191,-20.06108,-19.51671,-18.80814,-18.26163,-17.71189,-17.01547,-16.46439,-15.9104,-15.22747,-14.67294,-14.11582,-13.5562,-12.89078,-12.33167,-11.77041,-11.20709,-10.56132,-9.99955,-9.43606,-8.87097,-8.30438,-7.7364,-7.16713,-6.5555,-5.98952,-5.42261,-4.85487,-4.28643,-3.71739,-3.14785,-2.57795,-2.00778,-1.43746,-0.8671,-0.29683,0.27326,0.84305,1.41242,1.98127,2.54947,3.11693,3.68354,4.24918,4.81375,5.37714,5.93926,6.49999,7.15119,7.71408,8.27525,8.83459,9.392,9.94739,10.62558,11.18163,11.73533,12.28659,12.83533,13.5334,14.08154,14.62684,15.16924,15.88208,16.42287,16.96047,17.68473,18.21996,18.75171,19.48598,20.01462,20.53954,21.28236,21.80344,22.55373,23.07045,23.82752,24.33937,24.84694,25.60898,26.11103,26.87808,27.37414,28.14544,28.92232,29.40987,30.18983,30.67019,31.45246,32.23919,32.70907,33.4969,34.28847,34.7467,35.53814,36.33258,36.77812,37.57122,38.36657,39.16386,39.96281,40.76314,41.18109,41.97749,42.7745,43.57182,44.36916,45.16621,45.96269,46.7583,47.55274,47.97809,48.77557,49.57114,50.36451,51.1554,51.94352,52.39466,53.18326,53.96838,54.74976,55.21577,55.99599,56.77178,57.24807,58.02153,58.50487,59.27528,60.04018,60.5319,61.29263,61.79026,62.5461,63.04919,63.79946,64.30755,65.05157,65.56419,66.3013,66.81796,67.33839,68.06775,68.59155,69.31245,69.83912,70.36914,71.08003,71.61222,72.1475,72.84708,73.38383,73.92339,74.4657,75.15075,75.6936,76.2389,76.78658,77.45497,78.00225,78.55161,79.10296,79.65622,80.30274,80.85444,81.40773,81.96253,82.51873,83.07625,83.63498,84.24863,84.80425,85.36076,85.91808,86.4761,87.03473,87.59387,88.15341,88.71326,89.27331,89.83348,90.39364,90.95371,91.51358,92.07315,92.63232,93.19099,93.74907,94.30645,94.86303,95.41872,96.032,96.59083,97.14845,97.70476,98.25967,98.81308,99.36491,100.01114,100.56454,101.11605,101.66557,102.21301,102.88116,103.42903,103.97453,104.51757,105.20242,105.74495,106.28474,106.82171,107.52114,108.05667,108.58911,109.29988,109.83016,110.35711,111.07793,111.60202,112.33132,112.85205,113.36902,114.10612,114.61906,115.36309,115.87151,116.62182,117.12526,117.88117,118.37915,119.13997,119.63205,120.39708,121.16763,121.65135,122.42498,122.90166,123.67764,124.45806,124.92449,125.7061,126.49147,127.28034,127.7319,128.52032,129.31151,130.1052,130.90111,131.3314,132.12475,132.91957,133.71558,134.51246,135.30994,136.10772,136.9055,137.70297,138.49986,139.29585,139.71868,140.51815,141.31597,142.11185,142.9055,143.35116,144.14616,144.93818,145.72694,146.18874,146.97717,147.76161,148.23459,149.01749,149.49806,150.27867,151.05412,151.54399,152.31596,152.81229,153.58,154.08234,154.84507,155.35294,156.10996,156.62288,157.13994,157.89093,158.41237,159.1559,159.68119,160.21021,160.9452,161.47736,162.013,162.73798,163.276,163.81723,164.5308,165.07363,165.61939,166.168,166.86679,167.416,167.96774,168.52193,169.20362,169.75739,170.31329,170.87121,171.43106,171.99275,172.6483,173.20808,173.76934,174.33199,174.89593,175.46105,176.02725,176.59441,177.16243,177.73121,178.30062,178.87057,179.44093 -0.03073,-0.03137,-0.03192,-0.0324,-0.03279,-0.03309,-0.03329,-0.0334,-0.03342,-0.03334,-0.03317,-0.03292,-0.03259,-0.03134,-0.03096,-0.03054,-0.0301,-0.02965,-0.02918,-0.02798,-0.02754,-0.02709,-0.02664,-0.02618,-0.0251,-0.02469,-0.02429,-0.02387,-0.02293,-0.02261,-0.02229,-0.0215,-0.02131,-0.02113,-0.02047,-0.02039,-0.01963,-0.01957,-0.01949,-0.01857,-0.01851,-0.01747,-0.01749,-0.01651,-0.0167,-0.01587,-0.01615,-0.01534,-0.01547,-0.01435,-0.01403,-0.01231,-0.01029,-0.00919,-0.00691,-0.00561,-0.00363,-0.00213,-0.00121,-0.0008,-0.00077,-0.00118,-0.00186,-0.00228,-0.00306,-0.00374,-0.00426,-0.00462,-0.0048,-0.00481,-0.00463,-0.00425,-0.00365,-0.00284,-0.00185,-0.00081,0.00017,0.00091,0.00127,0.0005,0.00026,-0.00049,-0.00173,-0.0028,-0.00456,-0.00653,-0.00761,-0.00957,-0.01124,-0.01184,-0.0127,-0.01263,-0.01237,-0.01129,-0.0102,-0.00817,-0.00666,-0.00413,-0.00253,3e-05,0.00145,0.00367,0.00472,0.00567,0.00698,0.00746,0.00816,0.00826,0.00831,0.00827,0.00812,0.00798,0.00749,0.00725,0.00703,0.00626,0.00598,0.00574,0.00557,0.00515,0.00525,0.00551,0.00594,0.00716,0.00811,0.00918,0.01032,0.01149,0.01263,0.01372,0.01649,0.01743,0.01829,0.01911,0.01993,0.0208,0.02179,0.0229,0.02418,0.02562,0.0272,0.0289,0.03067,0.03243,0.03411,0.03567,0.03704,0.03819,0.03912,0.03979,0.04025,0.04052,0.04064,0.04063,0.04054,0.0404,0.04024,0.0408,0.04073,0.04072,0.04076,0.04086,0.04098,0.04229,0.04245,0.04254,0.04251,0.04231,0.04332,0.04276,0.04199,0.04105,0.04154,0.04036,0.03909,0.03955,0.03822,0.03689,0.03749,0.03617,0.0349,0.03557,0.03433,0.03507,0.03398,0.03302,0.03412,0.03354,0.03519,0.03509,0.03737,0.03772,0.04049,0.04115,0.04416,0.04715,0.04792,0.05067,0.05131,0.05351,0.05514,0.0551,0.05563,0.05539,0.05412,0.05266,0.05064,0.04827,0.04581,0.04304,0.04075,0.03897,0.03786,0.03747,0.03779,0.0387,0.04002,0.04153,0.04299,0.04416,0.04483,0.04484,0.04412,0.04271,0.04261,0.04046,0.03816,0.03602,0.03572,0.03429,0.03358,0.03398,0.03433,0.03525,0.03627,0.0377,0.03923,0.04045,0.04188,0.04299,0.04406,0.04487,0.04532,0.04566,0.0452,0.04491,0.04339,0.04245,0.03998,0.03858,0.03705,0.03416,0.03269,0.0313,0.02935,0.02851,0.02789,0.02763,0.02765,0.02782,0.02893,0.02941,0.0299,0.03038,0.0319,0.03231,0.03269,0.03311,0.03427,0.03469,0.03522,0.0359,0.03672,0.03768,0.03876,0.0397,0.04077,0.04176,0.0426,0.04318,0.04343,0.04333,0.04286,0.04209,0.04106,0.03988,0.03862,0.03736,0.03618,0.0351,0.03413,0.03325,0.03244,0.03165,0.03084,0.02998,0.02905,0.02808,0.02706,0.02476,0.02372,0.02274,0.02186,0.02111,0.02049,0.01855,0.01814,0.0178,0.0175,0.01722,0.01549,0.01515,0.01477,0.01434,0.01252,0.01206,0.01159,0.00987,0.00942,0.00892,0.00734,0.00679,0.00613,0.00457,0.00378,0.00219,0.0013,-0.0003,-0.00119,-0.00209,-0.00353,-0.00426,-0.00558,-0.00611,-0.00732,-0.00858,-0.00878,-0.00993,-0.00996,-0.01101,-0.01211,-0.01191,-0.01299,-0.01414,-0.0138,-0.01487,-0.01586,-0.01518,-0.01573,-0.01602,-0.01603,-0.0158,-0.0154,-0.01346,-0.01288,-0.01235,-0.01193,-0.0117,-0.01172,-0.01207,-0.01277,-0.0138,-0.01526,-0.01633,-0.01739,-0.01833,-0.01904,-0.01949,-0.01942,-0.01952,-0.01957,-0.01965,-0.01955,-0.01984,-0.02031,-0.02075,-0.02153,-0.02232,-0.02325,-0.02411,-0.02503,-0.02562,-0.02643,-0.02659,-0.02725,-0.02702,-0.02759,-0.02706,-0.02762,-0.0269,-0.02748,-0.02812,-0.02719,-0.02778,-0.02672,-0.02719,-0.02762,-0.02648,-0.02682,-0.02713,-0.02623,-0.02655,-0.02685,-0.02713,-0.02652,-0.02675,-0.02692,-0.02705,-0.02625,-0.02628,-0.02629,-0.0263,-0.02632,-0.02556,-0.02574,-0.02599,-0.0263,-0.0267,-0.02717,-0.02771,-0.02772,-0.02833,-0.02893,-0.0295,-0.02999,-0.03036,-0.03059,-0.03065,-0.03051,-0.0302,-0.02972,-0.02912,-0.02843,-0.02771,-0.02701,-0.02637,-0.02583,-0.0254,-0.02509,-0.02488,-0.02474,-0.02511,-0.02496,-0.02479,-0.02456,-0.02425,-0.02387,-0.02343,-0.02314,-0.02265,-0.02222,-0.0219,-0.02172,-0.02195,-0.02217,-0.02258,-0.02316,-0.02411,-0.02492,-0.02573,-0.02648,-0.02744,-0.02794,-0.02821,-0.0286,-0.02841,-0.02797,-0.02767,-0.02686,-0.02617,-0.02518,-0.02416,-0.02329,-0.02237,-0.02149,-0.02075,-0.01995,-0.01938,-0.01872,-0.01827,-0.01776,-0.01735,-0.01698,-0.01667,-0.01634,-0.01615,-0.01589,-0.01583,-0.01576,-0.01571,-0.01561,-0.01536,-0.01495,-0.01484,-0.01425,-0.01364,-0.01316,-0.0129,-0.01274,-0.01288,-0.01336,-0.01414,-0.0151,-0.0161,-0.01698,-0.01758,-0.01781,-0.0176,-0.01699,-0.01638,-0.01531,-0.01421,-0.01323,-0.0125,-0.01165,-0.01126,-0.01108,-0.01104,-0.01028,-0.01036,-0.01052,-0.00991,-0.01027,-0.00986,-0.01047,-0.01119,-0.01107,-0.01191,-0.01184,-0.01263,-0.01249,-0.01309,-0.01283,-0.01325,-0.01294,-0.01267,-0.01317,-0.0131,-0.01394,-0.0142,-0.01458,-0.0161,-0.01677,-0.0175,-0.01948,-0.02029,-0.02106,-0.02304,-0.02368,-0.02422,-0.02467,-0.02599,-0.02611,-0.0261,-0.02595,-0.02616,-0.0257,-0.02517,-0.02462,-0.02409,-0.02363,-0.02365,-0.02354,-0.0236,-0.02382,-0.0242,-0.02472,-0.02535,-0.02607,-0.02684,-0.02765,-0.02847,-0.02926,-0.03002
174.375 -179.91018,-179.36085,-178.81147,-178.26213,-177.71293,-177.16398,-176.61536,-176.04949,-175.49667,-174.9445,-174.39309,-173.84255,-173.29296,-172.74444,-172.19708,-171.65097,-171.04138,-170.49302,-169.94624,-169.40113,-168.85779,-168.22503,-167.68057,-167.1382,-166.598,-166.06006,-165.40714,-164.86925,-164.33393,-163.66769,-163.13315,-162.60147,-161.92308,-161.39291,-160.86588,-160.17656,-159.65177,-159.13039,-158.43145,-157.91302,-157.20598,-156.69103,-156.17991,-155.46553,-154.95856,-154.23765,-153.73532,-153.00854,-152.51134,-151.77937,-151.28777,-150.5513,-149.80926,-149.32547,-148.58004,-148.10304,-147.35494,-146.60231,-146.13509,-145.38095,-144.62294,-143.86132,-143.40832,-142.64681,-141.88239,-141.11533,-140.34591,-139.91344,-139.14622,-138.37738,-137.60719,-136.83595,-136.06394,-135.29145,-134.51878,-133.74621,-132.97404,-132.20256,-131.43206,-131.0327,-130.25889,-129.4868,-128.71674,-127.94897,-127.52724,-126.75822,-125.99224,-125.22956,-124.792,-124.0297,-123.27143,-122.82289,-122.06617,-121.61018,-120.85576,-120.10648,-119.6413,-118.89548,-118.42392,-117.68227,-117.20476,-116.46801,-115.985,-115.25385,-114.76579,-114.04092,-113.54829,-112.83037,-112.33367,-111.8332,-111.12304,-110.61917,-110.11176,-109.41076,-108.90063,-108.38721,-107.69674,-107.18132,-106.66287,-105.98423,-105.4645,-104.94202,-104.41685,-103.75341,-103.22792,-102.70004,-102.16985,-101.52376,-100.9942,-100.46264,-99.92918,-99.39389,-98.85687,-98.237,-97.702,-97.1656,-96.62788,-96.08894,-95.54887,-95.00778,-94.46577,-93.92294,-93.37938,-92.80831,-92.26902,-91.72933,-91.18934,-90.64915,-90.10887,-89.56859,-89.02842,-88.48846,-87.9488,-87.40956,-86.8381,-86.29462,-85.75187,-85.20995,-84.66897,-84.12903,-83.59022,-83.05264,-82.51639,-81.98155,-81.36143,-80.82459,-80.2895,-79.75624,-79.2249,-78.69557,-78.0493,-77.51937,-76.99175,-76.46653,-75.80298,-75.2781,-74.75592,-74.2365,-73.55782,-73.0397,-72.52461,-71.83415,-71.32109,-70.81133,-70.11039,-69.60336,-69.09988,-68.38982,-67.88977,-67.17183,-66.67572,-66.18352,-65.45884,-64.97123,-64.2403,-63.75775,-63.02126,-62.54423,-61.80288,-61.33181,-60.58631,-60.12163,-59.37271,-58.61867,-58.16319,-57.40689,-56.95887,-56.20104,-55.43921,-55.00218,-54.23999,-53.47452,-52.70603,-52.28485,-51.51763,-50.74814,-49.97664,-49.20344,-48.80462,-48.03476,-47.26392,-46.49241,-45.72051,-44.94852,-44.17673,-43.40543,-42.6349,-41.86545,-41.09735,-40.66941,-39.89865,-39.13,-38.36371,-37.60008,-36.83936,-36.38665,-35.62583,-34.86863,-34.40453,-33.64841,-32.8966,-32.42224,-31.67269,-30.92808,-30.44468,-29.70347,-29.21372,-28.47664,-27.74549,-27.24872,-26.52277,-26.02089,-25.3008,-24.79429,-24.28378,-23.57008,-23.0556,-22.34938,-21.83145,-21.13331,-20.61243,-20.08815,-19.39963,-18.87312,-18.34347,-17.66586,-17.1347,-16.6007,-15.93523,-15.40044,-14.8631,-14.32328,-13.67351,-13.13386,-12.59204,-12.04815,-11.41609,-10.8733,-10.32875,-9.78253,-9.23473,-8.68545,-8.08025,-7.53344,-6.98548,-6.43645,-5.88647,-5.33562,-4.78401,-4.23174,-3.67892,-3.12564,-2.56997,-2.02132,-1.47253,-0.92369,-0.37491,0.17371,0.72207,1.27008,1.81762,2.3646,2.96088,3.51156,4.06137,4.6102,5.15796,5.70455,6.24988,6.79385,7.33637,7.87735,8.51817,9.06063,9.60123,10.1399,10.67656,11.21111,11.87544,12.4101,12.94237,13.47217,14.15194,14.68092,15.20717,15.7306,16.42365,16.94536,17.46401,18.16737,18.68361,19.19654,19.90894,20.41879,20.9251,21.64519,22.14778,22.87468,23.37307,24.10615,24.59989,25.33849,25.82712,26.57059,27.05368,27.80134,28.27848,29.02964,29.50042,30.25441,30.71846,31.47457,32.23486,32.6891,33.45041,34.21524,34.65864,35.4234,36.191,36.96119,37.38903,38.15762,38.92812,39.70026,40.47377,41.24838,41.64981,42.4205,43.1916,43.96285,44.73398,45.50473,46.27481,47.04398,47.45236,48.22466,48.99536,49.76419,50.5309,51.29523,51.72842,52.49356,53.25566,54.01448,54.46215,55.22029,55.97451,56.43223,57.18471,57.93266,58.39939,59.14454,59.61752,60.35922,61.09545,61.57567,62.30744,62.79285,63.51953,64.00971,64.7307,65.22522,65.72347,66.43835,66.94035,67.64806,68.15337,68.85336,69.36153,69.8729,70.56384,71.07743,71.594,72.27471,72.79285,73.31373,73.83727,74.50489,75.02917,75.55585,76.21066,76.73744,77.26635,77.79734,78.33031,78.96597,79.49798,80.03171,80.56707,81.10397,81.64235,82.25263,82.78881,83.32617,83.86461,84.40407,84.94443,85.48563,86.02757,86.57015,87.11329,87.6569,88.20088,88.74514,89.28959,89.83414,90.37869,90.92316,91.46744,92.01145,92.55509,93.09827,93.6409,94.18289,94.72415,95.26458,95.80411,96.34264,96.88008,97.41636,98.02634,98.56482,99.10185,99.63733,100.17119,100.70334,101.33874,101.87187,102.40302,102.9321,103.45905,104.11365,104.64053,105.165,105.68701,106.3562,106.87729,107.39565,108.07623,108.59303,109.10686,109.79771,110.30933,110.81775,111.51768,112.02326,112.73093,113.23322,113.94808,114.44663,114.94145,115.66246,116.15295,116.87968,117.36541,118.09725,118.5778,119.31412,120.05592,120.52925,121.27454,121.74162,122.48973,123.24237,123.70047,124.45489,125.21324,125.66129,126.42034,127.18269,127.61971,128.38169,129.14631,129.91332,130.68246,131.45349,131.8666,132.63494,133.40447,134.17494,134.94607,135.71761,136.48927,137.26081,138.03193,138.80239,139.20847,139.98245,140.75508,141.52607,142.29517,142.7231,143.49382,144.26196,145.02725,145.47079,146.23618,146.99806,147.45247,148.21334,148.97005,149.4343,150.18888,150.65988,151.41167,152.15826,152.63733,153.38004,153.86478,154.60295,155.09294,155.58696,156.32071,156.81941,157.54698,158.04989,158.77065,159.27732,159.78752,160.50059,161.01389,161.5305,162.23456,162.75359,163.2757,163.96944,164.49329,165.01995,165.54936,166.22982,166.76006,167.29277,167.82788,168.4929,169.02791,169.56503,170.10418,170.64526,171.28985,171.82969,172.37117,172.91419,173.45866,174.00449,174.55159,175.09986,175.64921,176.2547,176.8008,177.34765,177.89516,178.44323,178.99177,179.54067 -0.03297,-0.03362,-0.03423,-0.03478,-0.03525,-0.03563,-0.03589,-0.03568,-0.03569,-0.03558,-0.03536,-0.03504,-0.03463,-0.03415,-0.03362,-0.03304,-0.03198,-0.03138,-0.03075,-0.03009,-0.02941,-0.02845,-0.02777,-0.02704,-0.02624,-0.02538,-0.02473,-0.02391,-0.02304,-0.02272,-0.02197,-0.02123,-0.02126,-0.02073,-0.02026,-0.02053,-0.02025,-0.02003,-0.02028,-0.02015,-0.02012,-0.02003,-0.01996,-0.0197,-0.0197,-0.0193,-0.01935,-0.01884,-0.01883,-0.01804,-0.01773,-0.01638,-0.01461,-0.01354,-0.01116,-0.00978,-0.00724,-0.00492,-0.00392,-0.00237,-0.00143,-0.00109,-0.00154,-0.00196,-0.0026,-0.00328,-0.00383,-0.0043,-0.0043,-0.00399,-0.00338,-0.0025,-0.00138,-9e-05,0.0013,0.00271,0.00405,0.00523,0.00614,0.00517,0.00558,0.00554,0.00502,0.00405,0.00245,0.00095,-0.0008,-0.00269,-0.00449,-0.00632,-0.00786,-0.00938,-0.01025,-0.01129,-0.01112,-0.01013,-0.01014,-0.00801,-0.00739,-0.00444,-0.00345,-0.00016,0.00089,0.00404,0.00488,0.00752,0.00799,0.00994,0.00996,0.00986,0.01075,0.01029,0.00978,0.00989,0.0092,0.00855,0.00834,0.00767,0.00706,0.00691,0.00638,0.00595,0.00566,0.00626,0.00638,0.00675,0.00737,0.00956,0.01075,0.01211,0.01358,0.01508,0.01653,0.01959,0.02074,0.02168,0.02244,0.02305,0.02355,0.02401,0.02449,0.02504,0.0257,0.0269,0.02767,0.02855,0.02953,0.03055,0.03159,0.03258,0.03351,0.03433,0.03504,0.03564,0.03719,0.03756,0.03782,0.03797,0.03803,0.038,0.0379,0.03776,0.03757,0.03738,0.03812,0.03798,0.03786,0.03776,0.03769,0.03759,0.03871,0.03853,0.03821,0.03773,0.03848,0.03765,0.03666,0.03553,0.0357,0.0344,0.03307,0.03316,0.03187,0.03064,0.0309,0.02978,0.02876,0.0292,0.0283,0.02888,0.02813,0.02756,0.0285,0.02829,0.02971,0.02993,0.0319,0.03249,0.03492,0.03572,0.03849,0.03936,0.04227,0.04521,0.04591,0.04856,0.04894,0.05087,0.05208,0.05141,0.05126,0.05017,0.04829,0.04583,0.043,0.03992,0.0369,0.03426,0.03165,0.03004,0.02932,0.02952,0.03052,0.03214,0.03409,0.03608,0.03782,0.03909,0.03971,0.04072,0.04018,0.03895,0.03723,0.03524,0.03329,0.0331,0.03167,0.03088,0.03132,0.03151,0.03224,0.0333,0.03448,0.03572,0.03699,0.0382,0.03948,0.04048,0.0412,0.04227,0.04246,0.0431,0.04243,0.04245,0.04219,0.04018,0.03929,0.03663,0.0354,0.0327,0.03153,0.03046,0.0288,0.02829,0.02799,0.02799,0.02832,0.02879,0.03004,0.03082,0.03159,0.03231,0.03375,0.03429,0.03469,0.03498,0.03576,0.03585,0.03593,0.03604,0.03623,0.03654,0.03711,0.03765,0.03836,0.0392,0.04012,0.04107,0.04195,0.04268,0.0432,0.04344,0.04361,0.04342,0.04299,0.04237,0.04163,0.04082,0.03999,0.03917,0.03839,0.03764,0.03578,0.03503,0.03427,0.03347,0.03264,0.03176,0.03088,0.03001,0.02918,0.02842,0.02626,0.02564,0.02513,0.02471,0.02436,0.02405,0.02212,0.0218,0.02146,0.02106,0.01906,0.01855,0.01798,0.01735,0.01537,0.01471,0.01399,0.01212,0.01133,0.01045,0.00859,0.00755,0.00639,0.00455,0.00331,0.00163,0.0004,-0.00104,-0.00214,-0.0033,-0.00422,-0.00514,-0.00591,-0.00664,-0.0073,-0.00788,-0.00843,-0.00887,-0.00929,-0.0096,-0.00994,-0.01013,-0.01047,-0.0109,-0.01089,-0.01127,-0.0116,-0.01178,-0.01108,-0.01073,-0.01012,-0.00928,-0.00833,-0.00737,-0.00561,-0.00483,-0.00437,-0.00433,-0.00479,-0.00578,-0.00733,-0.00938,-0.01095,-0.01323,-0.01556,-0.01771,-0.01949,-0.02079,-0.0208,-0.02133,-0.02152,-0.02148,-0.02099,-0.02087,-0.0208,-0.02061,-0.02082,-0.02118,-0.02151,-0.02212,-0.02266,-0.02328,-0.02374,-0.02419,-0.02428,-0.02454,-0.02421,-0.02433,-0.02368,-0.02375,-0.02387,-0.02305,-0.02326,-0.0225,-0.02279,-0.02216,-0.02251,-0.02289,-0.02243,-0.02283,-0.02323,-0.023,-0.02342,-0.02382,-0.02418,-0.02389,-0.02409,-0.02422,-0.02344,-0.02336,-0.02328,-0.0232,-0.02315,-0.02202,-0.02211,-0.02231,-0.0226,-0.02299,-0.02344,-0.02303,-0.02361,-0.02419,-0.02476,-0.02532,-0.02586,-0.02637,-0.02685,-0.02727,-0.0276,-0.02783,-0.02793,-0.02787,-0.02766,-0.02731,-0.02683,-0.02627,-0.02567,-0.02509,-0.02457,-0.02414,-0.02382,-0.02364,-0.02358,-0.0236,-0.02368,-0.02376,-0.0238,-0.02376,-0.02373,-0.02344,-0.02306,-0.02259,-0.02208,-0.02156,-0.02129,-0.02099,-0.02084,-0.02085,-0.02102,-0.02192,-0.02242,-0.02296,-0.02347,-0.02476,-0.02512,-0.02527,-0.0262,-0.02594,-0.02542,-0.02579,-0.02491,-0.02386,-0.02384,-0.0227,-0.02255,-0.02151,-0.02132,-0.02045,-0.01965,-0.01947,-0.01876,-0.01844,-0.01769,-0.01726,-0.01645,-0.01603,-0.01568,-0.01496,-0.01484,-0.01431,-0.01448,-0.01478,-0.01471,-0.0152,-0.01563,-0.01584,-0.01606,-0.01595,-0.01599,-0.01542,-0.01462,-0.01372,-0.01289,-0.01229,-0.012,-0.01183,-0.01206,-0.01265,-0.01348,-0.01441,-0.01526,-0.0159,-0.01622,-0.01621,-0.01644,-0.01592,-0.0153,-0.01474,-0.01436,-0.01404,-0.01393,-0.01401,-0.0142,-0.01375,-0.01391,-0.01406,-0.01347,-0.01366,-0.01393,-0.01344,-0.01393,-0.0136,-0.0143,-0.01507,-0.01489,-0.01562,-0.01541,-0.01594,-0.01563,-0.01528,-0.01552,-0.01516,-0.01538,-0.01518,-0.01566,-0.01581,-0.01615,-0.01732,-0.01804,-0.01889,-0.02063,-0.02167,-0.0227,-0.02453,-0.02545,-0.02622,-0.02684,-0.02809,-0.02832,-0.02835,-0.02819,-0.02827,-0.02769,-0.02702,-0.02631,-0.02561,-0.02496,-0.02449,-0.02422,-0.02417,-0.02434,-0.0247,-0.02523,-0.02587,-0.0266,-0.02771,-0.02852,-0.02932,-0.0301,-0.03085,-0.03157,-0.03228
180.0 -179.85627,-179.32207,-178.78782,-178.25362,-177.71956,-177.18574,-176.65224,-176.11915,-175.58658,-175.05461,-174.52334,-173.99285,-173.42158,-172.88809,-172.35568,-171.82443,-171.29444,-170.7658,-170.23858,-169.63682,-169.10802,-168.58095,-168.05568,-167.43622,-166.91021,-166.3863,-165.86457,-165.34507,-164.70748,-164.18832,-163.67168,-163.02207,-162.50641,-161.99355,-161.33298,-160.82177,-160.3136,-159.64321,-159.13735,-158.45883,-157.95574,-157.45611,-156.76977,-156.27356,-155.58045,-155.08811,-154.38881,-153.9008,-153.1959,-152.71267,-152.00278,-151.52475,-150.81051,-150.3381,-149.62016,-148.89728,-148.43276,-147.7072,-147.24937,-146.52178,-145.79021,-145.05488,-144.60951,-143.87361,-143.13459,-142.39267,-141.96183,-141.22084,-140.47762,-139.73241,-138.98546,-138.23704,-137.8311,-137.08593,-136.33996,-135.59347,-134.84669,-134.09991,-133.35339,-132.97895,-132.22828,-131.47853,-130.72998,-129.98288,-129.2375,-128.4941,-128.08918,-127.3443,-126.60207,-125.86273,-125.44259,-124.70325,-123.96746,-123.5367,-122.80199,-122.36405,-121.63106,-120.90266,-120.45568,-119.73008,-119.27685,-118.55471,-118.09561,-117.37758,-116.91301,-116.19975,-115.7301,-115.02225,-114.54796,-113.84614,-113.36763,-112.67245,-112.19016,-111.70438,-111.0166,-110.52765,-109.84795,-109.3563,-108.86153,-108.19132,-107.69449,-107.19476,-106.69218,-106.03411,-105.53032,-105.02394,-104.37809,-103.87116,-103.3619,-102.85038,-102.33667,-101.70897,-101.19578,-100.68069,-100.16376,-99.64508,-99.03848,-98.52139,-98.00284,-97.48291,-96.96169,-96.43927,-95.91573,-95.39117,-94.82014,-94.29882,-93.77676,-93.25406,-92.73081,-92.2071,-91.68303,-91.15868,-90.63416,-90.10954,-89.58493,-89.06042,-88.5361,-88.01206,-87.4884,-86.96521,-86.44258,-85.92059,-85.39936,-84.828,-84.30355,-83.78013,-83.25784,-82.73676,-82.21698,-81.69859,-81.18167,-80.57485,-80.05636,-79.53963,-79.02475,-78.51177,-77.88392,-77.37045,-76.85918,-76.35018,-75.84351,-75.19758,-74.69149,-74.18799,-73.52988,-73.02762,-72.52821,-72.0317,-71.36152,-70.86709,-70.37579,-69.69616,-69.20758,-68.5199,-68.0345,-67.55261,-66.85757,-66.37947,-65.67783,-65.20395,-64.49631,-64.0271,-63.31408,-62.84995,-62.1322,-61.67356,-60.95172,-60.49896,-59.77369,-59.32719,-58.59915,-57.86655,-57.4291,-56.69479,-55.95654,-55.52918,-54.79029,-54.04811,-53.6318,-52.89006,-52.14569,-51.39894,-50.99841,-50.25358,-49.50705,-48.75908,-48.00993,-47.25986,-46.50916,-45.75807,-45.3939,-44.64777,-43.90193,-43.50525,-42.75535,-42.00641,-41.25869,-40.51246,-39.76797,-39.02547,-38.28521,-37.85464,-37.11347,-36.3752,-35.64007,-35.195,-34.46044,-33.72964,-33.27449,-32.54534,-31.82055,-31.35639,-30.6343,-29.91713,-29.44511,-28.73166,-28.25402,-27.54493,-27.0621,-26.35798,-25.8704,-25.17188,-24.67998,-23.98765,-23.49188,-22.80631,-22.30714,-21.80452,-21.12676,-20.62137,-19.95174,-19.44405,-18.93332,-18.2735,-17.76113,-17.24598,-16.59709,-16.08095,-15.5623,-15.0412,-14.40643,-13.88521,-13.36182,-12.83634,-12.21754,-11.6928,-11.16626,-10.63799,-10.10809,-9.51017,-8.98206,-8.4526,-7.92188,-7.39,-6.85705,-6.32311,-5.75639,-5.22564,-4.6942,-4.16215,-3.62959,-3.09662,-2.56331,-2.02977,-1.49609,-0.96237,-0.42868,0.10487,0.63819,1.17119,1.70377,2.23585,2.76734,3.29815,3.82818,4.35735,4.88557,5.41276,6.01422,6.54374,7.07193,7.59872,8.12401,8.64775,9.16983,9.79935,10.32232,10.84337,11.36241,11.87939,12.52738,13.0442,13.55869,14.07079,14.73276,15.24386,15.75232,16.25808,16.93203,17.43598,17.937,18.62032,19.11891,19.61436,20.30585,20.79826,21.49684,21.98578,22.47124,23.17594,23.65735,24.36771,24.84468,25.56011,26.03222,26.75211,27.21898,27.94272,28.40397,29.13093,29.58622,30.31577,31.04962,31.49628,32.23173,32.97089,33.40794,34.14769,34.89054,35.31708,36.05951,36.80443,37.55159,37.96311,38.70848,39.45546,40.20382,40.95331,41.70368,42.4547,42.83642,43.58315,44.32991,45.07644,45.8225,46.56785,46.96031,47.70885,48.45606,49.2017,49.94553,50.68732,51.42684,51.84652,52.58674,53.32409,54.05836,54.49155,55.22517,55.95512,56.39775,57.12608,57.57519,58.3013,59.02284,59.47985,60.19822,60.6608,61.37541,61.84318,62.55345,63.25802,63.7314,64.20844,64.90832,65.38941,66.08325,66.56799,67.25528,67.74325,68.23444,68.91429,69.40815,70.08019,70.5763,71.07528,71.73804,72.23868,72.74197,73.3944,73.89877,74.40556,74.9147,75.55395,76.0634,76.57497,77.08859,77.71293,78.22609,78.74104,79.25772,79.77606,80.29597,80.89794,81.41626,81.93591,82.4568,82.97885,83.50199,84.02614,84.59855,85.11982,85.64184,86.16452,86.68778,87.21154,87.73572,88.26024,88.78501,89.30995,89.83498,90.36001,90.88496,91.40975,91.93429,92.4585,92.9823,93.5056,94.02833,94.5504,95.07174,95.64382,96.16804,96.69127,97.21341,97.73439,98.25414,98.77257,99.28961,99.8943,100.41276,100.92958,101.44467,101.95798,102.58209,103.09587,103.6076,104.11723,104.75629,105.26562,105.7726,106.27716,106.92944,107.43294,107.9338,108.59644,109.09565,109.59199,110.26394,110.75805,111.24909,111.92927,112.4175,113.10477,113.58977,114.28361,114.76498,115.24282,115.9422,116.41588,117.12049,117.58962,118.2989,119.01359,119.47649,120.19496,120.65231,121.37397,121.82541,122.54967,123.27816,123.72114,124.45128,125.18509,125.61865,126.35313,127.09071,127.83118,128.25123,128.99102,129.73309,130.47721,131.22316,131.97069,132.36768,133.11241,133.85811,134.60453,135.35144,136.09858,136.84571,137.59259,138.33897,138.72967,139.4796,140.2284,140.97585,141.72168,142.46566,142.88093,143.62634,144.36928,145.10951,145.5393,146.27958,147.01654,147.45648,148.19248,148.63931,149.37372,150.10385,150.55933,151.28687,151.74834,152.47268,152.93978,153.66028,154.13264,154.84869,155.32592,156.03691,156.51861,157.22394,157.70969,158.40878,158.89817,159.3909,160.08305,160.57883,161.07776,161.76174,162.26312,162.76743,163.44205,163.94818,164.45702,165.12113,165.63116,166.14365,166.65855,167.30918,167.82444,168.34184,168.86132,169.3828,170.01557,170.53637,171.05891,171.58309,172.10885,172.6361,173.16476,173.77028,174.29683,174.8245,175.3532,175.88286,176.41338,176.94468,177.47666,178.00925,178.54234,179.07584,179.60967 -0.03212,-0.03277,-0.03341,-0.03402,-0.03457,-0.03505,-0.03542,-0.03568,-0.03582,-0.03584,-0.03574,-0.03553,-0.03534,-0.0349,-0.03439,-0.0338,-0.03315,-0.03244,-0.03167,-0.03079,-0.02992,-0.02896,-0.0279,-0.02691,-0.02572,-0.0244,-0.02298,-0.02145,-0.02076,-0.01931,-0.01788,-0.0179,-0.01678,-0.01579,-0.01659,-0.01598,-0.01552,-0.01679,-0.01659,-0.01784,-0.01775,-0.01768,-0.01869,-0.01863,-0.01932,-0.01926,-0.01966,-0.01961,-0.01974,-0.01963,-0.01932,-0.01899,-0.01802,-0.01734,-0.01562,-0.01345,-0.01232,-0.0099,-0.00897,-0.00688,-0.00522,-0.00409,-0.00451,-0.00426,-0.0044,-0.00477,-0.00577,-0.00596,-0.00589,-0.00546,-0.00466,-0.0035,-0.0025,-0.00073,0.00122,0.00327,0.0053,0.00721,0.00887,0.00874,0.00991,0.01068,0.01101,0.0109,0.01036,0.00945,0.00801,0.00661,0.00502,0.00335,0.00144,-0.00017,-0.00152,-0.00332,-0.0041,-0.00562,-0.00556,-0.00481,-0.00554,-0.00377,-0.0039,-0.00122,-0.00082,0.00247,0.00318,0.00661,0.00734,0.01049,0.01097,0.01349,0.01357,0.0153,0.01493,0.01442,0.01511,0.01426,0.01444,0.01343,0.01244,0.01249,0.01158,0.01074,0.00997,0.01048,0.00988,0.00936,0.0105,0.01028,0.01025,0.01045,0.01092,0.01338,0.01438,0.01563,0.01705,0.01856,0.02154,0.02287,0.02403,0.02494,0.02562,0.02606,0.02631,0.02641,0.02687,0.02676,0.02669,0.02672,0.02688,0.02716,0.02758,0.02809,0.02867,0.0293,0.02994,0.03056,0.03113,0.03164,0.03209,0.03246,0.03276,0.033,0.03316,0.03457,0.03459,0.03455,0.03445,0.03429,0.03408,0.03384,0.03359,0.03457,0.03433,0.03408,0.0338,0.03347,0.03448,0.03403,0.03344,0.03275,0.03195,0.03249,0.03151,0.03049,0.03062,0.02954,0.02852,0.02759,0.02746,0.02662,0.02589,0.02581,0.02518,0.02523,0.02473,0.02433,0.02462,0.02444,0.0251,0.02524,0.02639,0.02688,0.0285,0.02922,0.03115,0.03191,0.03406,0.03473,0.03705,0.03757,0.04002,0.04254,0.04269,0.04488,0.04663,0.04589,0.0465,0.0462,0.04413,0.04248,0.04012,0.03726,0.03424,0.03127,0.02859,0.02647,0.02513,0.02471,0.0252,0.02648,0.02672,0.02877,0.03093,0.03257,0.03441,0.03576,0.03649,0.03654,0.03593,0.03479,0.0333,0.03287,0.03123,0.02985,0.02892,0.02898,0.02887,0.02923,0.03004,0.03086,0.03172,0.03286,0.03366,0.03429,0.03554,0.03602,0.0373,0.03753,0.03867,0.03845,0.03919,0.0383,0.03846,0.03686,0.03642,0.0344,0.03353,0.03254,0.03063,0.02974,0.02856,0.02809,0.02783,0.0279,0.02821,0.02873,0.0297,0.03055,0.03147,0.03241,0.0335,0.03433,0.03505,0.03563,0.03614,0.03645,0.03665,0.03674,0.03678,0.03693,0.03702,0.03718,0.03745,0.03787,0.03845,0.03917,0.03997,0.04083,0.04171,0.04253,0.04324,0.04378,0.04413,0.04426,0.04419,0.04394,0.04354,0.04304,0.04247,0.04185,0.0412,0.04054,0.03984,0.03911,0.03833,0.03752,0.03666,0.0358,0.03421,0.0334,0.03265,0.03198,0.03141,0.03093,0.03055,0.02917,0.02889,0.02864,0.02839,0.0281,0.02628,0.02584,0.02531,0.02469,0.02247,0.02172,0.02091,0.02005,0.01779,0.01686,0.01583,0.01357,0.01238,0.01106,0.00873,0.00725,0.00501,0.00352,0.00205,0.00018,-0.00108,-0.00258,-0.00359,-0.00479,-0.00563,-0.00663,-0.00738,-0.00821,-0.00888,-0.00948,-0.01002,-0.01032,-0.01044,-0.01064,-0.01057,-0.01047,-0.01045,-0.01036,-0.01032,-0.01012,-0.00992,-0.00954,-0.00892,-0.00806,-0.00696,-0.00566,-0.00426,-0.0029,-0.00173,-0.0009,-7e-05,-8e-05,-0.00077,-0.0022,-0.00436,-0.00715,-0.00864,-0.01186,-0.01515,-0.0182,-0.02076,-0.02264,-0.0238,-0.02363,-0.0239,-0.02374,-0.02332,-0.02276,-0.02228,-0.02185,-0.02151,-0.02135,-0.02127,-0.02145,-0.02175,-0.02206,-0.02246,-0.02282,-0.02303,-0.02327,-0.02311,-0.02271,-0.02264,-0.02252,-0.02183,-0.02166,-0.02103,-0.0209,-0.02051,-0.02048,-0.02052,-0.0204,-0.02053,-0.0206,-0.02081,-0.0211,-0.02132,-0.02165,-0.02198,-0.0221,-0.02227,-0.02235,-0.02233,-0.02167,-0.02135,-0.021,-0.02063,-0.01947,-0.01917,-0.01899,-0.01894,-0.01905,-0.01929,-0.01886,-0.01929,-0.01978,-0.02028,-0.02077,-0.02123,-0.02164,-0.02077,-0.02106,-0.02136,-0.0217,-0.02208,-0.02249,-0.0229,-0.02329,-0.02361,-0.02383,-0.02393,-0.02389,-0.02373,-0.02349,-0.02321,-0.02291,-0.02266,-0.02247,-0.02237,-0.02237,-0.02246,-0.02289,-0.02306,-0.0232,-0.02328,-0.02326,-0.02312,-0.02284,-0.02244,-0.02193,-0.02133,-0.02072,-0.02012,-0.01959,-0.01953,-0.01932,-0.01921,-0.01919,-0.02025,-0.02039,-0.02045,-0.02037,-0.0216,-0.02123,-0.02063,-0.0214,-0.02046,-0.01938,-0.01975,-0.01856,-0.0174,-0.01775,-0.01679,-0.01725,-0.01655,-0.01705,-0.01652,-0.01606,-0.0163,-0.01573,-0.01557,-0.01481,-0.01434,-0.01384,-0.01299,-0.01265,-0.01202,-0.01209,-0.01185,-0.0124,-0.01318,-0.01356,-0.0146,-0.01558,-0.01619,-0.0169,-0.01722,-0.01708,-0.01717,-0.0164,-0.01531,-0.01407,-0.01287,-0.01188,-0.01151,-0.01095,-0.01081,-0.01104,-0.01154,-0.01219,-0.01285,-0.01339,-0.01377,-0.01434,-0.01439,-0.01434,-0.01428,-0.01431,-0.0145,-0.01468,-0.01503,-0.01543,-0.0158,-0.01584,-0.01608,-0.01628,-0.01614,-0.01634,-0.01612,-0.01646,-0.01693,-0.01677,-0.01741,-0.01726,-0.01794,-0.01775,-0.01827,-0.01797,-0.01819,-0.01778,-0.01769,-0.01722,-0.017,-0.01664,-0.01653,-0.01648,-0.01663,-0.01707,-0.01767,-0.01847,-0.01953,-0.02071,-0.02198,-0.02341,-0.02477,-0.02604,-0.02735,-0.02836,-0.02911,-0.02958,-0.02994,-0.02983,-0.02944,-0.02882,-0.02801,-0.02697,-0.02602,-0.02517,-0.02448,-0.02402,-0.02383,-0.0239,-0.02401,-0.02453,-0.0252,-0.02594,-0.02671,-0.02747,-0.0282,-0.02889,-0.02955,-0.03019,-0.03083,-0.03147
185.625 -179.79195,-179.27667,-178.76137,-178.24747,-177.72775,-177.20826,-176.68908,-176.17031,-175.65201,-175.13428,-174.61721,-174.10087,-173.58536,-173.07075,-172.55712,-171.99053,-171.47459,-170.9599,-170.44655,-169.93462,-169.42418,-168.83346,-168.32183,-167.81195,-167.30391,-166.79778,-166.18871,-165.68235,-165.17816,-164.55697,-164.05314,-163.55173,-163.05281,-162.4189,-161.92113,-161.42608,-160.78229,-160.289,-159.63715,-159.14605,-158.65806,-157.99807,-157.51287,-156.84599,-156.36399,-155.88547,-155.21235,-154.7376,-154.05889,-153.58832,-152.90455,-152.43858,-151.75031,-151.05687,-150.59711,-149.90006,-149.44593,-148.74585,-148.04141,-147.5952,-146.88868,-146.44906,-145.74107,-145.0296,-144.31485,-143.88751,-143.17263,-142.45506,-141.735,-141.32181,-140.60298,-139.88227,-139.15992,-138.43614,-137.71117,-136.98526,-136.25863,-135.53154,-134.80422,-134.07692,-133.34988,-132.62334,-131.89755,-131.17275,-130.44918,-129.72708,-129.34127,-128.61715,-127.8951,-127.17538,-126.77448,-126.05406,-125.33657,-124.92507,-124.20787,-123.49418,-123.07292,-122.3605,-121.65218,-121.22207,-120.51599,-120.0798,-119.37656,-118.67831,-118.23482,-117.54036,-117.09173,-116.40164,-115.94822,-115.26308,-114.80526,-114.34389,-113.6638,-113.19853,-112.52479,-112.05603,-111.38916,-110.91733,-110.44238,-109.78335,-109.30589,-108.8255,-108.17544,-107.69313,-107.2081,-106.56811,-106.08175,-105.5929,-105.1016,-104.47442,-103.98258,-103.48853,-102.99235,-102.37979,-101.88384,-101.386,-100.88635,-100.38494,-99.79146,-99.29127,-98.78958,-98.28648,-97.78205,-97.27635,-96.76947,-96.26149,-95.70016,-95.19491,-94.68882,-94.18198,-93.67447,-93.16638,-92.65778,-92.14876,-91.6394,-91.1298,-90.62003,-90.11018,-89.60033,-89.09058,-88.581,-88.07168,-87.5627,-87.05415,-86.54612,-86.03868,-85.53192,-85.02593,-84.52077,-83.95915,-83.45129,-82.94454,-82.43899,-81.9347,-81.43176,-80.93024,-80.43022,-79.83654,-79.33533,-78.83588,-78.33825,-77.84252,-77.22983,-76.73389,-76.24009,-75.7485,-75.12124,-74.63022,-74.14165,-73.65557,-73.01556,-72.53083,-72.04883,-71.3988,-70.91874,-70.44161,-69.78264,-69.30804,-68.64145,-68.16979,-67.70141,-67.0278,-66.56291,-65.88299,-65.42201,-64.96459,-64.27966,-63.82666,-63.1368,-62.68859,-61.99439,-61.29487,-60.85337,-60.15044,-59.7147,-59.00895,-58.5793,-57.87134,-57.1593,-56.73851,-56.02523,-55.30844,-54.89742,-54.18037,-53.46042,-53.06,-52.34075,-51.61921,-50.89559,-50.17014,-49.7887,-49.06567,-48.34143,-47.61621,-46.89025,-46.1638,-45.43711,-44.7104,-43.98394,-43.25795,-42.53268,-41.80837,-41.08525,-40.36356,-39.64353,-39.23406,-38.51244,-37.79308,-37.07621,-36.36204,-35.93498,-35.22095,-34.51021,-34.07327,-33.36364,-32.65785,-32.21199,-31.50829,-30.80895,-30.35518,-29.65887,-29.19949,-28.50679,-28.04218,-27.35368,-26.67064,-26.20049,-25.52251,-25.04818,-24.57024,-23.8977,-23.41614,-22.74998,-22.26522,-21.60595,-21.11842,-20.62777,-19.97662,-19.48379,-18.98807,-18.34612,-17.84882,-17.34887,-16.71714,-16.21621,-15.71287,-15.09235,-14.58864,-14.08277,-13.5748,-12.9687,-12.46115,-11.95178,-11.44064,-10.92783,-10.34059,-9.82916,-9.31631,-8.80213,-8.2867,-7.77009,-7.20754,-6.69343,-6.17842,-5.66259,-5.14602,-4.62879,-4.111,-3.59272,-3.07404,-2.55505,-2.03583,-1.51647,-0.99705,-0.47765,0.04162,0.5607,1.0795,1.59793,2.1159,2.63335,3.15017,3.66629,4.18163,4.69611,5.20965,5.72217,6.23359,6.74384,7.25284,7.84854,8.35908,8.86811,9.37556,9.88136,10.38544,11.00289,11.50737,12.00989,12.51039,13.14231,13.64244,14.1403,14.63585,15.28047,15.77489,16.26676,16.75606,17.41152,17.89895,18.38358,19.04759,19.52979,20.00901,20.68046,21.15671,21.83469,22.30757,22.99156,23.46068,23.92641,24.61514,25.07661,25.77003,26.22689,26.92442,27.37632,28.07741,28.52401,29.22808,29.93654,30.37556,31.08609,31.51897,32.231,32.94654,33.37042,34.08654,34.80562,35.21967,35.93842,36.65955,37.38286,37.78292,38.50463,39.22795,39.95264,40.67849,41.40527,42.13276,42.86073,43.58896,43.95253,44.67622,45.04526,45.77288,46.49985,47.22595,47.95096,48.67464,49.3968,50.11721,50.83567,51.23932,51.95873,52.67564,53.38983,53.80666,54.52057,55.23124,55.65731,56.36681,57.07255,57.50701,58.21069,58.91014,59.35206,60.04859,60.4958,61.18887,61.64103,62.33013,62.7869,63.47149,63.93252,64.61209,65.07702,65.75107,66.21954,66.88758,67.35922,67.83394,68.49521,68.97258,69.6267,70.10634,70.58874,71.23441,71.71855,72.20525,72.84151,73.32941,73.81967,74.31223,74.93651,75.42957,75.92472,76.42189,77.03258,77.52954,78.0283,78.52879,79.03095,79.62398,80.12507,80.62758,81.13145,81.63662,82.14301,82.71299,83.21728,83.72256,84.22874,84.73576,85.24355,85.75202,86.26111,86.77074,87.28083,87.79131,88.3021,88.81313,89.32431,89.83557,90.34684,90.85803,91.36907,91.87988,92.39039,92.90052,93.41019,93.91932,94.42785,94.93569,95.44277,95.94903,96.45438,96.95875,97.52844,98.03492,98.54019,99.04417,99.5468,100.04799,100.5477,101.14307,101.6437,102.1426,102.6397,103.2502,103.74753,104.24284,104.73607,105.36018,105.85292,106.34337,106.83146,107.46758,107.95449,108.43883,109.0844,109.56702,110.04688,110.70092,111.17853,111.83975,112.31471,112.7866,113.45461,113.92334,114.59738,115.06259,115.74216,116.20348,116.88809,117.34516,118.0343,118.48677,119.17991,119.62743,120.32405,120.7663,121.46585,122.16967,122.60445,123.31034,124.02,124.44641,125.15727,125.87138,126.28856,127.00296,127.7201,128.43975,128.84377,129.56248,130.28316,131.0056,131.72958,132.45489,133.18131,133.55907,134.28227,135.006,135.73005,136.45419,137.17821,137.55056,138.27844,139.00564,139.7319,140.45702,141.18078,141.90294,142.30306,143.02683,143.74843,144.46766,144.88181,145.60138,146.31801,146.74201,147.45807,148.17063,148.60366,149.31473,150.02176,150.46293,151.16756,151.61436,152.31601,152.76812,153.46623,153.92332,154.61733,155.07904,155.76838,156.23436,156.91848,157.38836,157.86152,158.54012,159.01666,159.68873,160.16826,160.65077,161.31541,161.80037,162.28813,162.94423,163.43386,163.92609,164.57259,165.06613,165.56204,166.06028,166.69454,167.19334,167.69422,168.19714,168.70203,169.32009,169.82458,170.3308,170.83867,171.34812,171.85909,172.4554,172.96484,173.47553,173.9874,174.50036,175.01436,175.5293,176.0451,176.56169,177.07898,177.5969,178.14885,178.66319,179.1779,179.69288 -0.02785,-0.02852,-0.02923,-0.03116,-0.03183,-0.03245,-0.03299,-0.03344,-0.03377,-0.03397,-0.03405,-0.034,-0.03381,-0.03349,-0.03303,-0.03309,-0.03242,-0.03165,-0.03079,-0.02984,-0.0288,-0.02826,-0.02703,-0.02567,-0.02416,-0.02251,-0.02127,-0.0194,-0.01747,-0.0163,-0.01448,-0.01279,-0.01128,-0.0112,-0.01022,-0.0095,-0.01047,-0.01021,-0.01166,-0.01166,-0.01174,-0.01335,-0.01342,-0.01492,-0.01492,-0.01492,-0.01623,-0.01622,-0.01739,-0.01741,-0.01834,-0.01833,-0.01877,-0.01865,-0.01827,-0.01732,-0.01666,-0.01503,-0.01311,-0.01245,-0.01067,-0.01046,-0.00929,-0.00853,-0.00814,-0.00898,-0.00893,-0.00887,-0.00862,-0.00881,-0.00785,-0.00653,-0.0049,-0.00303,-0.001,0.00111,0.00323,0.00531,0.00726,0.00901,0.01048,0.0116,0.01235,0.01272,0.01275,0.01249,0.01224,0.01154,0.01063,0.00959,0.00841,0.00713,0.0059,0.00433,0.0033,0.00263,0.0012,0.00115,0.00162,0.00073,0.002,0.00153,0.0036,0.00609,0.00634,0.00934,0.0099,0.01309,0.01372,0.01668,0.01712,0.01743,0.01953,0.0194,0.02067,0.02009,0.02059,0.01967,0.01867,0.01861,0.01756,0.01654,0.01667,0.01588,0.01517,0.01594,0.01547,0.01505,0.01465,0.01605,0.01581,0.01566,0.01563,0.01752,0.01787,0.01846,0.01929,0.02034,0.02279,0.02396,0.02512,0.02615,0.027,0.0276,0.02794,0.02803,0.02822,0.02784,0.02735,0.02683,0.02635,0.02595,0.02567,0.02553,0.02553,0.02567,0.02593,0.02628,0.02668,0.02711,0.02754,0.02794,0.0283,0.0286,0.02884,0.029,0.02908,0.02909,0.02903,0.03041,0.03028,0.03008,0.02983,0.02955,0.02922,0.02886,0.02848,0.02976,0.02933,0.02886,0.02832,0.02772,0.02877,0.02807,0.02733,0.0266,0.02737,0.02666,0.02601,0.02546,0.02592,0.02542,0.02503,0.02514,0.02478,0.02449,0.02435,0.02408,0.02387,0.02364,0.02348,0.02342,0.02341,0.02372,0.02397,0.02431,0.02525,0.02575,0.02703,0.02748,0.02888,0.0304,0.03059,0.03219,0.03213,0.03386,0.03355,0.03538,0.03727,0.03648,0.038,0.0391,0.03738,0.03744,0.03677,0.03417,0.0326,0.03058,0.02832,0.02608,0.02403,0.02255,0.02167,0.02152,0.02213,0.0234,0.02515,0.02715,0.02917,0.03096,0.03239,0.03334,0.03376,0.03365,0.03307,0.0331,0.03193,0.03062,0.02935,0.02827,0.02805,0.02748,0.02727,0.02763,0.02788,0.0282,0.029,0.02936,0.0296,0.03055,0.03069,0.03173,0.0318,0.03293,0.03288,0.03268,0.03362,0.03311,0.03372,0.03413,0.03307,0.03301,0.03177,0.03137,0.03019,0.02966,0.02911,0.02842,0.02811,0.02794,0.02799,0.02822,0.02862,0.02914,0.02983,0.03064,0.03123,0.03211,0.03299,0.03383,0.03418,0.03486,0.03544,0.0359,0.03625,0.03614,0.03636,0.03654,0.03672,0.03695,0.03727,0.03737,0.03794,0.03862,0.03939,0.04022,0.04105,0.04184,0.04255,0.04315,0.04359,0.04389,0.04403,0.04403,0.0439,0.04368,0.04335,0.04295,0.04245,0.04188,0.0412,0.04041,0.03951,0.03852,0.03745,0.03634,0.03523,0.03417,0.03321,0.03237,0.03228,0.03181,0.03148,0.03128,0.03117,0.03113,0.03099,0.03085,0.03064,0.03033,0.02914,0.02855,0.02783,0.027,0.02498,0.02397,0.02287,0.02167,0.01933,0.01797,0.01648,0.01395,0.01225,0.01045,0.00789,0.0061,0.00379,0.00225,0.00038,-0.00077,-0.00171,-0.003,-0.00362,-0.00482,-0.00533,-0.00658,-0.00707,-0.0083,-0.00873,-0.00969,-0.01035,-0.01041,-0.01061,-0.01037,-0.01027,-0.01008,-0.00968,-0.00953,-0.00938,-0.00899,-0.00876,-0.00834,-0.00767,-0.00699,-0.00593,-0.00462,-0.00318,-0.00174,-0.00045,0.00052,0.00101,0.00083,0.00046,-0.00092,-0.00189,-0.00445,-0.00767,-0.01133,-0.01511,-0.01866,-0.02166,-0.02389,-0.02526,-0.02541,-0.02567,-0.02537,-0.02472,-0.02423,-0.02346,-0.02271,-0.02235,-0.02183,-0.02147,-0.02138,-0.02129,-0.0213,-0.0215,-0.02159,-0.02186,-0.02181,-0.02202,-0.02174,-0.02183,-0.02142,-0.02142,-0.0211,-0.02105,-0.02102,-0.02095,-0.02126,-0.02114,-0.02099,-0.0214,-0.02119,-0.02159,-0.02139,-0.02128,-0.02163,-0.02162,-0.02168,-0.02194,-0.02195,-0.0219,-0.02176,-0.02132,-0.02088,-0.02035,-0.01977,-0.01878,-0.01821,-0.01774,-0.01739,-0.01717,-0.01676,-0.0168,-0.01693,-0.01712,-0.01735,-0.01757,-0.017,-0.01701,-0.01698,-0.01692,-0.01689,-0.01691,-0.01705,-0.01734,-0.01778,-0.01837,-0.01908,-0.01984,-0.02059,-0.02128,-0.02183,-0.02223,-0.02245,-0.02251,-0.02243,-0.02227,-0.02207,-0.02187,-0.02171,-0.02162,-0.02162,-0.0217,-0.02184,-0.02203,-0.02224,-0.02267,-0.02271,-0.02263,-0.02242,-0.02204,-0.02152,-0.02086,-0.01999,-0.01918,-0.01835,-0.01752,-0.01721,-0.01662,-0.01607,-0.01552,-0.01632,-0.01587,-0.01534,-0.01473,-0.0157,-0.01493,-0.01411,-0.01474,-0.01383,-0.013,-0.01339,-0.01271,-0.01315,-0.01273,-0.01253,-0.01317,-0.01318,-0.01383,-0.01384,-0.01421,-0.01401,-0.01391,-0.01343,-0.01292,-0.01229,-0.01166,-0.01112,-0.01075,-0.01053,-0.01066,-0.01116,-0.01158,-0.01259,-0.01381,-0.01465,-0.01596,-0.01713,-0.01787,-0.01858,-0.01882,-0.01855,-0.01856,-0.01758,-0.01625,-0.01474,-0.01326,-0.01198,-0.01104,-0.01084,-0.01043,-0.01039,-0.01063,-0.01103,-0.01146,-0.01189,-0.01226,-0.01253,-0.01272,-0.01289,-0.01309,-0.01335,-0.01379,-0.01416,-0.01451,-0.01481,-0.01528,-0.01549,-0.01566,-0.01608,-0.0163,-0.01663,-0.01703,-0.01757,-0.01828,-0.01861,-0.01942,-0.01959,-0.02029,-0.02023,-0.02062,-0.0203,-0.02026,-0.01974,-0.0193,-0.01868,-0.01801,-0.01743,-0.01694,-0.01635,-0.01615,-0.01578,-0.01597,-0.0164,-0.01661,-0.01753,-0.01869,-0.01954,-0.02106,-0.02267,-0.02386,-0.02544,-0.02686,-0.02806,-0.02862,-0.02922,-0.02947,-0.02937,-0.02896,-0.02791,-0.02708,-0.02615,-0.02522,-0.02438,-0.02372,-0.02306,-0.02288,-0.02292,-0.02316,-0.02355,-0.02404,-0.02457,-0.0251,-0.02561,-0.02608,-0.02653,-0.02588,-0.02627,-0.02673,-0.02725
191.25 -179.75058,-179.24864,-178.74669,-178.24482,-177.7431,-177.2416,-176.74041,-176.23959,-175.73924,-175.23942,-174.7095,-174.20664,-173.70455,-173.20331,-172.70301,-172.20371,-171.7055,-171.20844,-170.64706,-170.14828,-169.6509,-169.155,-168.66064,-168.08046,-167.58525,-167.09182,-166.60025,-166.00556,-165.51384,-165.02422,-164.53676,-163.92903,-163.44214,-162.95765,-162.33978,-161.85641,-161.37565,-160.74853,-160.26946,-159.79321,-159.1578,-158.68378,-158.21279,-157.57008,-157.10186,-156.45292,-155.98786,-155.33314,-154.87164,-154.21161,-153.75403,-153.0892,-152.63592,-151.96678,-151.51817,-150.84524,-150.40165,-149.72546,-149.04497,-148.60833,-147.92542,-147.49471,-146.80994,-146.12164,-145.42998,-145.0101,-144.31778,-143.62262,-143.21245,-142.51752,-141.82029,-141.12094,-140.41967,-140.02665,-139.32722,-138.62642,-137.92449,-137.22162,-136.51804,-135.81396,-135.1096,-134.40518,-133.70093,-132.99706,-132.29379,-131.59135,-131.22693,-130.5217,-129.81785,-129.11561,-128.41519,-128.03212,-127.33045,-126.63116,-125.93447,-125.53797,-124.84126,-124.14768,-123.74178,-123.04907,-122.36004,-121.94552,-121.25826,-120.57517,-120.1529,-119.47246,-119.04481,-118.36756,-117.93484,-117.26132,-116.82386,-116.1546,-115.71272,-115.04827,-114.60232,-113.94318,-113.49352,-113.04067,-112.38718,-111.9311,-111.28417,-110.82524,-110.3634,-109.72392,-109.25974,-108.79283,-108.16184,-107.69313,-107.22187,-106.60036,-106.12785,-105.65299,-105.17583,-104.56635,-104.08864,-103.60886,-103.12706,-102.53126,-102.04963,-101.5662,-101.08104,-100.59421,-100.01621,-99.53044,-99.04324,-98.55467,-98.06481,-97.57371,-97.01897,-96.52999,-96.04002,-95.54914,-95.05743,-94.56495,-94.07178,-93.578,-93.08368,-92.5889,-92.09374,-91.59827,-91.10257,-90.60671,-90.11079,-89.61487,-89.11903,-88.62335,-88.12791,-87.63278,-87.13805,-86.64379,-86.15008,-85.65699,-85.16459,-84.67297,-84.18219,-83.69234,-83.20347,-82.64848,-82.15752,-81.6678,-81.17939,-80.69234,-80.20674,-79.62857,-79.14192,-78.65695,-78.17373,-77.6923,-77.09639,-76.61482,-76.13527,-75.65781,-75.04826,-74.57136,-74.09676,-73.62452,-73.003,-72.53203,-72.06361,-71.43264,-70.96604,-70.50218,-69.86276,-69.40125,-68.94265,-68.29582,-67.84009,-67.18674,-66.73424,-66.28494,-65.62598,-65.1804,-64.51614,-64.07465,-63.40562,-62.96855,-62.29527,-61.86297,-61.18598,-60.75876,-60.0786,-59.39396,-58.97399,-58.28706,-57.87298,-57.18431,-56.49198,-56.08652,-55.39334,-54.69703,-54.30099,-53.60473,-52.90588,-52.20467,-51.82207,-51.12213,-50.42038,-49.71703,-49.01232,-48.30645,-47.94645,-47.24373,-46.54041,-45.83672,-45.13288,-44.42911,-43.72562,-43.02264,-42.32038,-41.61906,-40.9189,-40.52961,-39.82728,-39.12667,-38.42797,-37.73138,-37.32436,-36.62721,-35.93271,-35.24106,-34.82147,-34.13049,-33.44287,-33.01447,-32.3284,-31.64618,-31.20988,-30.53008,-30.0882,-29.41137,-28.73913,-28.29091,-27.62245,-27.16957,-26.50542,-26.04825,-25.38891,-24.92782,-24.27378,-23.80915,-23.16088,-22.69309,-22.22214,-21.5805,-21.10692,-20.47217,-19.99637,-19.51775,-18.89128,-18.41098,-17.92807,-17.31083,-16.8268,-16.34037,-15.73326,-15.24626,-14.75711,-14.26586,-13.67176,-13.18067,-12.68771,-12.19297,-11.61336,-11.11948,-10.62405,-10.12715,-9.62885,-9.12922,-8.57142,-8.07368,-7.57486,-7.07504,-6.57429,-6.07268,-5.5703,-5.06721,-4.54149,-4.04161,-3.54127,-3.04055,-2.53953,-2.03827,-1.53687,-1.03539,-0.53392,-0.03252,0.46871,0.96971,1.4704,1.97071,2.47055,2.96986,3.46856,3.96657,4.51966,5.02026,5.51993,6.01861,6.51622,7.01269,7.50795,8.00195,8.4946,9.08008,9.57376,10.06588,10.55637,11.04516,11.64792,12.13687,12.62391,13.10898,13.59202,14.20953,14.69187,15.17199,15.79961,16.27849,16.75495,17.22893,17.86641,18.3385,18.80793,19.45323,19.92025,20.57231,21.03656,21.49787,22.15603,22.61407,23.27781,23.73225,24.40106,24.85155,25.29875,25.97114,26.41396,27.09018,27.77115,28.20783,28.89182,29.32329,30.00975,30.43573,31.12415,31.81623,32.23421,32.9274,33.62374,34.03294,34.72955,35.42879,35.82848,36.52714,37.22792,37.93062,38.31681,39.01778,39.72012,40.42365,41.12816,41.83343,42.53927,43.24546,43.95179,44.65807,45.36407,46.0696,46.77445,47.47841,48.18128,48.88287,49.58298,50.28141,50.6698,51.36941,52.06683,52.76188,53.16311,53.8582,54.55042,55.2396,55.65215,56.34024,57.02482,57.4453,58.12799,58.55401,59.2343,59.91034,60.34297,61.01584,61.45319,62.1224,62.56418,63.22925,63.67512,64.33559,64.78523,65.44062,65.8937,66.54358,66.99976,67.4589,68.10262,68.56438,69.20153,69.66557,70.13228,70.76171,71.23021,71.7012,72.32202,72.79431,73.26891,73.74575,74.35566,74.83316,75.31271,75.91206,76.39177,76.87333,77.35668,77.84176,78.42544,78.90989,79.39585,79.88326,80.37207,80.93797,81.42535,81.91391,82.40358,82.89429,83.38599,83.8786,84.37205,84.86629,85.39922,85.89064,86.38262,86.8751,87.36799,87.86123,88.35476,88.8485,89.34238,89.83633,90.33029,90.82418,91.31793,91.81148,92.30475,92.79767,93.29018,93.7822,94.27368,94.76453,95.30058,95.7941,96.28678,96.77856,97.26935,97.75911,98.24776,98.73523,99.30087,99.78979,100.27733,100.7634,101.24797,101.83144,102.31666,102.80015,103.28185,103.76171,104.36088,104.84059,105.31826,105.92802,106.40504,106.87981,107.35229,107.97299,108.44418,108.91289,109.54222,110.00914,110.4734,111.11047,111.57247,112.21613,112.67551,113.13193,113.78178,114.23511,114.8905,115.3404,116.00087,116.44702,117.11212,117.55418,118.22344,118.66108,119.33402,119.76694,120.44308,121.12346,121.5498,122.2326,122.65341,123.33812,124.02636,124.43924,125.12859,125.82099,126.22515,126.91785,127.6131,128.31075,129.01059,129.39933,130.09801,130.79838,131.50025,132.20341,132.90766,133.61282,134.31866,134.67808,135.38035,135.73161,136.4383,137.14485,137.85105,138.55671,139.2616,139.96553,140.66829,141.36967,141.75591,142.45903,143.16025,143.85937,144.25913,144.95885,145.65593,146.35018,146.76206,147.45575,148.1461,148.56644,149.25538,149.6815,150.3685,150.80013,151.48466,152.16474,152.60305,153.27983,153.72286,154.39582,154.84323,155.51186,155.96335,156.41802,157.08235,157.54065,158.1994,158.66098,159.31367,159.77816,160.24547,160.89137,161.3611,161.83349,162.47157,162.94587,163.42265,164.05191,164.53008,165.01053,165.49322,166.11133,166.59473,167.08016,167.56756,168.17283,168.66025,169.14942,169.64029,170.13279,170.62688,171.21295,171.70601,172.20041,172.69608,173.19297,173.691,174.1901,174.75034,175.2472,175.7449,176.24335,176.74249,177.24224,177.74253,178.24328,178.74442,179.24588,179.74757 -0.02424,-0.0249,-0.02564,-0.02643,-0.02723,-0.02802,-0.02875,-0.0294,-0.02992,-0.03029,-0.03141,-0.03142,-0.03124,-0.03087,-0.03031,-0.02958,-0.02871,-0.02773,-0.02796,-0.02693,-0.02586,-0.02475,-0.02362,-0.02345,-0.0221,-0.02065,-0.01909,-0.01787,-0.01604,-0.01421,-0.01244,-0.01095,-0.00947,-0.00825,-0.00759,-0.00697,-0.00666,-0.00701,-0.00714,-0.00744,-0.00833,-0.0087,-0.00907,-0.01002,-0.01024,-0.01124,-0.01135,-0.01247,-0.01258,-0.01386,-0.01404,-0.01542,-0.01563,-0.01681,-0.01688,-0.01751,-0.01729,-0.01716,-0.0165,-0.0159,-0.01485,-0.01436,-0.0134,-0.0126,-0.01203,-0.01242,-0.01222,-0.01203,-0.01237,-0.01178,-0.01079,-0.00937,-0.00758,-0.00617,-0.00392,-0.00169,0.00039,0.00224,0.00386,0.00524,0.0064,0.00737,0.00816,0.00877,0.00922,0.00955,0.01057,0.01074,0.01084,0.01089,0.0109,0.01103,0.01073,0.01034,0.00988,0.00903,0.00846,0.00805,0.00698,0.00693,0.00725,0.00646,0.00741,0.00875,0.00848,0.01042,0.01048,0.01295,0.01332,0.01612,0.01669,0.01954,0.02009,0.02259,0.0229,0.02468,0.02458,0.02431,0.02497,0.02429,0.02425,0.02331,0.02232,0.02195,0.02102,0.02016,0.02018,0.01963,0.01919,0.01989,0.01973,0.01961,0.0195,0.02059,0.02051,0.02043,0.02036,0.0215,0.02163,0.02191,0.02238,0.02304,0.02474,0.02566,0.02661,0.02753,0.02832,0.02893,0.0298,0.02985,0.02965,0.0292,0.02858,0.02782,0.027,0.02618,0.02542,0.02478,0.02427,0.02392,0.02372,0.02367,0.02375,0.02395,0.02421,0.02452,0.02481,0.02507,0.02526,0.02536,0.02536,0.02526,0.02505,0.02475,0.02438,0.02394,0.02344,0.0247,0.02423,0.02372,0.02319,0.02262,0.02204,0.02364,0.02307,0.02248,0.02188,0.02129,0.02271,0.02212,0.02161,0.02119,0.02239,0.02209,0.0219,0.02183,0.02287,0.02287,0.02292,0.02363,0.02364,0.02365,0.02392,0.02384,0.02375,0.02368,0.02356,0.02344,0.02337,0.02331,0.02347,0.02351,0.024,0.02405,0.0248,0.0247,0.02555,0.02518,0.02605,0.0254,0.02631,0.02734,0.02638,0.0275,0.0263,0.02745,0.02864,0.02703,0.02794,0.02855,0.02648,0.02655,0.02619,0.02543,0.02347,0.02261,0.0217,0.02088,0.02033,0.02018,0.02015,0.02075,0.02171,0.02296,0.02436,0.02576,0.02704,0.0281,0.02888,0.02935,0.02949,0.0305,0.03013,0.02947,0.02861,0.02766,0.02782,0.02689,0.02612,0.02555,0.02581,0.02554,0.02539,0.02592,0.02587,0.02579,0.02649,0.0264,0.02716,0.02706,0.02697,0.02781,0.02773,0.02859,0.02846,0.02927,0.02903,0.02971,0.02935,0.0298,0.02932,0.02951,0.02954,0.02888,0.02873,0.0281,0.02794,0.0278,0.02743,0.02746,0.02759,0.02754,0.0279,0.02838,0.02857,0.02924,0.02998,0.03077,0.03114,0.03193,0.03267,0.03334,0.03337,0.03379,0.03412,0.03436,0.03456,0.03475,0.03407,0.03433,0.03471,0.03522,0.03586,0.03661,0.03743,0.03829,0.03819,0.03896,0.03963,0.04018,0.0406,0.04089,0.04108,0.04118,0.0412,0.04115,0.041,0.04075,0.04036,0.0398,0.03904,0.03805,0.03684,0.03542,0.03526,0.03374,0.0322,0.03074,0.02942,0.02831,0.02744,0.02685,0.02651,0.02825,0.02829,0.02845,0.02866,0.02886,0.03009,0.03005,0.02988,0.02957,0.02911,0.02864,0.02778,0.02679,0.02532,0.02404,0.02262,0.02107,0.01883,0.017,0.01505,0.01245,0.01036,0.0078,0.00584,0.00403,0.00211,0.00083,-0.00045,-0.00115,-0.002,-0.00232,-0.00255,-0.00336,-0.00362,-0.00476,-0.00605,-0.00639,-0.00761,-0.00777,-0.00857,-0.00843,-0.00873,-0.00878,-0.00828,-0.00816,-0.00805,-0.0076,-0.0076,-0.00761,-0.00726,-0.00716,-0.00687,-0.0063,-0.00585,-0.00493,-0.00379,-0.00252,-0.00126,-0.00018,0.00054,0.00073,0.00023,-0.00107,-0.00321,-0.0061,-0.00955,-0.01328,-0.01692,-0.02014,-0.02266,-0.02434,-0.02517,-0.02561,-0.02538,-0.02472,-0.02451,-0.02357,-0.02264,-0.0218,-0.02166,-0.02104,-0.02053,-0.0206,-0.02029,-0.02046,-0.02026,-0.02004,-0.02028,-0.02,-0.02022,-0.01991,-0.02014,-0.02,-0.02029,-0.02058,-0.02098,-0.0218,-0.02221,-0.02334,-0.02357,-0.02363,-0.02447,-0.02418,-0.02457,-0.02406,-0.02355,-0.02357,-0.02314,-0.02282,-0.02283,-0.02262,-0.02241,-0.02218,-0.02182,-0.02136,-0.02081,-0.01997,-0.01927,-0.01858,-0.01794,-0.01739,-0.01676,-0.01646,-0.01626,-0.01616,-0.01611,-0.01584,-0.01572,-0.01555,-0.01531,-0.01499,-0.01463,-0.01425,-0.0139,-0.01364,-0.01277,-0.01287,-0.01324,-0.01385,-0.01473,-0.0158,-0.01699,-0.01821,-0.01936,-0.02036,-0.02114,-0.02169,-0.022,-0.0221,-0.02202,-0.02182,-0.02155,-0.02127,-0.02101,-0.02082,-0.02092,-0.02096,-0.0211,-0.02132,-0.02158,-0.02184,-0.02204,-0.02213,-0.02212,-0.02177,-0.02121,-0.02043,-0.01945,-0.01825,-0.01705,-0.01579,-0.01451,-0.01324,-0.01266,-0.01164,-0.01071,-0.011,-0.0103,-0.00969,-0.00921,-0.00998,-0.00966,-0.0095,-0.01018,-0.01016,-0.01033,-0.01078,-0.01108,-0.01145,-0.01187,-0.01236,-0.0127,-0.01314,-0.0134,-0.01362,-0.01361,-0.01353,-0.01317,-0.01284,-0.01223,-0.01185,-0.01125,-0.01105,-0.01075,-0.01071,-0.01103,-0.01151,-0.01215,-0.01307,-0.01421,-0.01506,-0.01633,-0.01757,-0.01824,-0.01918,-0.01979,-0.01995,-0.0196,-0.01941,-0.0184,-0.01704,-0.01551,-0.01398,-0.01264,-0.01161,-0.01096,-0.01088,-0.01068,-0.01065,-0.0108,-0.011,-0.01118,-0.0113,-0.01135,-0.01136,-0.01136,-0.01139,-0.01186,-0.01197,-0.01205,-0.01207,-0.01271,-0.0127,-0.01268,-0.01277,-0.0136,-0.01401,-0.01471,-0.0157,-0.01676,-0.0177,-0.01895,-0.01969,-0.02086,-0.02186,-0.02204,-0.02248,-0.02223,-0.02205,-0.02145,-0.02074,-0.01995,-0.01914,-0.01811,-0.01734,-0.01631,-0.0157,-0.01482,-0.0145,-0.01438,-0.01404,-0.0144,-0.01503,-0.01557,-0.01673,-0.01811,-0.01942,-0.02103,-0.02267,-0.02423,-0.0253,-0.02642,-0.02726,-0.0278,-0.02749,-0.0274,-0.02706,-0.02652,-0.02584,-0.02509,-0.02413,-0.02354,-0.02305,-0.0227,-0.0225,-0.02244,-0.02249,-0.02242,-0.02248,-0.02253,-0.02257,-0.02259,-0.02262,-0.02266,-0.02278,-0.02297,-0.02327,-0.02369
196.875 -179.71645,-179.2272,-178.73796,-178.2488,-177.75981,-177.27104,-176.78258,-176.2945,-175.80686,-175.31974,-174.83321,-174.34734,-173.86221,-173.37788,-172.84665,-172.36003,-171.87444,-171.38994,-170.90661,-170.42451,-169.87126,-169.3878,-168.9058,-168.42532,-167.94644,-167.37614,-166.8967,-166.41906,-165.9433,-165.35987,-164.88421,-164.41063,-163.93922,-163.34401,-162.87335,-162.40504,-161.80069,-161.33365,-160.86917,-160.25649,-159.79378,-159.33383,-158.71369,-158.25602,-157.62963,-157.17459,-156.54235,-156.0903,-155.64145,-155.00391,-154.55854,-153.91622,-153.47466,-152.82801,-152.39062,-151.74009,-151.0851,-150.65327,-149.99514,-149.56835,-148.90757,-148.24297,-147.82318,-147.15671,-146.74279,-146.07495,-145.40402,-144.73016,-144.32696,-143.65284,-142.97627,-142.29742,-141.90656,-141.22858,-140.54882,-139.86746,-139.18469,-138.50071,-138.13064,-137.4493,-136.76727,-136.08472,-135.40187,-134.71891,-134.03604,-133.35347,-133.00881,-132.32286,-131.6377,-130.95355,-130.2706,-129.58905,-128.9091,-128.53911,-127.85779,-127.17858,-126.50168,-126.11885,-125.44168,-124.76732,-124.37547,-123.70166,-123.03115,-122.63096,-121.96182,-121.29646,-120.88868,-120.2255,-119.8125,-119.15199,-118.73404,-118.0767,-117.65408,-117.00041,-116.57341,-115.92391,-115.49283,-114.84798,-114.41315,-113.77342,-113.33515,-112.701,-112.25963,-111.81541,-111.18738,-110.74052,-110.29094,-109.67,-109.21825,-108.60462,-108.15105,-107.69506,-107.23669,-106.63275,-106.17319,-105.71143,-105.11731,-104.65487,-104.19041,-103.72399,-103.14229,-102.67584,-102.20763,-101.73772,-101.26616,-100.70058,-100.2298,-99.75758,-99.28398,-98.80907,-98.33291,-97.78844,-97.31401,-96.83855,-96.36213,-95.8848,-95.40664,-94.92771,-94.44808,-93.96782,-93.48699,-93.00568,-92.50311,-92.02521,-91.54704,-91.06866,-90.59015,-90.11157,-89.633,-89.1545,-88.67614,-88.19799,-87.72013,-87.21723,-86.73596,-86.2552,-85.77501,-85.29546,-84.81662,-84.33855,-83.86132,-83.38501,-82.90966,-82.43536,-81.89066,-81.41464,-80.93988,-80.46644,-79.99439,-79.52377,-78.95803,-78.48666,-78.01694,-77.54893,-77.08269,-76.50088,-76.03469,-75.57046,-75.10825,-74.51408,-74.05257,-73.59326,-72.9893,-72.5312,-72.07549,-71.46261,-71.0086,-70.55714,-69.93626,-69.487,-69.04044,-68.41251,-67.96861,-67.52757,-66.89356,-66.45563,-65.81606,-65.38158,-64.73691,-64.3062,-63.65691,-63.23027,-62.57685,-62.1546,-61.49753,-61.07996,-60.41973,-60.00713,-59.34425,-58.67731,-58.27184,-57.60305,-57.20326,-56.53313,-55.8597,-55.46826,-54.7943,-54.11755,-53.73514,-53.05866,-52.3799,-51.69902,-51.01623,-50.64998,-49.9689,-49.28643,-48.60278,-47.91813,-47.23269,-46.54667,-45.86027,-45.52409,-44.84167,-44.15938,-43.80083,-43.11494,-42.42969,-41.74527,-41.06188,-40.37971,-39.69895,-39.0198,-38.34243,-37.95181,-37.27358,-36.59763,-35.92414,-35.52121,-34.84799,-34.17769,-33.76607,-33.09686,-32.43103,-32.01156,-31.34761,-30.68747,-30.26101,-29.60353,-29.17204,-28.51771,-28.08151,-27.43081,-26.78479,-26.34363,-25.70194,-25.25697,-24.80868,-24.17163,-23.72,-23.08839,-22.63377,-22.00801,-21.55076,-21.09062,-20.47172,-20.00945,-19.39737,-18.93333,-18.46674,-17.86297,-17.39512,-16.9249,-16.33027,-15.8593,-15.38618,-14.91097,-14.32809,-13.85279,-13.37562,-12.89662,-12.32685,-11.84843,-11.36841,-10.88687,-10.40386,-9.8511,-9.36946,-8.88659,-8.40255,-7.91741,-7.43125,-6.94413,-6.41659,-5.93191,-5.44649,-4.96042,-4.47375,-3.98657,-3.49893,-3.01092,-2.52261,-2.03406,-1.54536,-1.05656,-0.56775,-0.07899,0.40965,0.89808,1.38626,1.87409,2.36152,2.84847,3.33488,3.82068,4.30581,4.79019,5.27376,5.75645,6.23821,6.78948,7.27297,7.7553,8.23641,8.71625,9.19475,9.67186,10.24615,10.72387,11.19999,11.67446,12.14722,12.73689,13.20947,13.68014,14.14887,14.75034,15.21825,15.68402,16.29485,16.75932,17.22147,17.84076,18.30113,18.75903,19.38583,19.84148,20.2945,20.92787,21.37818,21.82573,22.4647,22.90911,23.55328,23.99423,24.64315,25.08033,25.73353,26.16664,26.82363,27.25238,27.91268,28.3368,28.99993,29.41914,30.08461,30.75388,31.166,31.83683,32.24337,32.91528,33.59023,33.98854,34.66379,35.34159,36.02176,36.40834,37.08774,37.76902,38.45201,38.8256,39.50676,40.18913,40.87252,41.55674,42.2416,42.92691,43.61248,44.2981,44.98361,45.66879,46.35347,47.03746,47.72056,48.4026,49.0834,49.76277,50.13648,50.81722,51.49606,52.17283,52.84736,53.23618,53.91074,54.5826,54.98002,55.65116,56.31916,56.72443,57.39096,58.05394,58.46631,59.12708,59.54447,60.20258,60.85648,61.2797,61.93023,62.3577,63.00443,63.43585,64.07834,64.51342,65.15124,65.58966,66.03106,66.66387,67.10819,67.73531,68.18223,68.63187,69.2525,69.70429,70.3183,70.77192,71.22797,71.83409,72.29151,72.75119,73.21308,73.80923,74.2719,74.7366,75.32304,75.78806,76.25492,76.72356,77.29767,77.76604,78.23601,78.7075,79.18048,79.73866,80.21063,80.68389,81.15836,81.63399,82.11072,82.58848,83.12315,83.59892,84.07552,84.55289,85.03097,85.5097,85.98902,86.46885,86.94915,87.42983,87.91085,88.39212,88.8736,89.35521,89.83689,90.31856,90.80018,91.28167,91.76297,92.244,92.72472,93.20505,93.68492,94.16428,94.64306,95.1212,95.59863,96.0753,96.55113,97.08552,97.56337,98.04019,98.51591,98.99047,99.46383,99.93591,100.49385,100.96695,101.43857,101.90866,102.37717,102.95107,103.41985,103.88686,104.35204,104.9383,105.40316,105.866,106.32677,106.92407,107.38393,107.84154,108.44755,108.90379,109.35761,109.97153,110.42352,110.87294,111.49394,111.94108,112.56815,113.01271,113.64548,114.08712,114.52579,115.1636,115.59894,116.24143,116.67312,117.31988,117.74762,118.3982,118.8217,119.47566,120.13384,120.55152,121.21239,121.62506,122.28815,122.9548,123.36039,124.02853,124.69982,125.09756,125.76959,126.44432,126.83348,127.50821,128.18518,128.86424,129.24128,129.91927,130.59888,131.27993,131.96224,132.64562,133.32989,134.01486,134.70036,135.38618,136.07213,136.75803,137.44369,138.12891,138.81349,139.49726,140.18001,140.86156,141.23517,141.91857,142.60027,143.2801,143.95786,144.34734,145.02559,145.70129,146.09969,146.7751,147.44749,147.85414,148.52546,149.19329,149.60748,150.27347,150.69283,151.35648,151.78076,152.4416,152.87053,153.52807,153.96137,154.61512,155.0525,155.70198,156.14314,156.78788,157.23252,157.87206,158.31985,158.7704,159.40435,159.85763,160.48525,160.94092,161.39909,162.01952,162.47961,162.94206,163.55435,164.01825,164.48433,164.95255,165.55461,166.02366,166.49467,166.96758,167.55784,168.03094,168.50576,168.98223,169.46031,170.0352,170.51267,170.99154,171.47176,171.95325,172.43597,172.99055,173.4717,173.95385,174.43695,174.92092,175.40571,175.89124,176.37746,176.86429,177.35167,177.83953,178.32779,178.8164,179.30527,179.79434 -0.02188,-0.02246,-0.02315,-0.02391,-0.0247,-0.0255,-0.02626,-0.02694,-0.02749,-0.02787,-0.02804,-0.02796,-0.02763,-0.02703,-0.02715,-0.02618,-0.02505,-0.02384,-0.02262,-0.02143,-0.02172,-0.02072,-0.0198,-0.01893,-0.0181,-0.01821,-0.01714,-0.01598,-0.01474,-0.01369,-0.01227,-0.01094,-0.00977,-0.00861,-0.00789,-0.00748,-0.007,-0.00715,-0.00753,-0.00762,-0.00821,-0.00883,-0.00896,-0.00944,-0.00951,-0.00978,-0.00988,-0.01001,-0.01011,-0.01045,-0.01058,-0.01132,-0.0115,-0.01258,-0.01271,-0.01384,-0.01487,-0.01462,-0.0152,-0.01465,-0.01478,-0.01463,-0.01402,-0.01386,-0.01348,-0.01352,-0.01362,-0.0137,-0.01369,-0.01351,-0.01294,-0.01186,-0.01069,-0.0087,-0.00631,-0.00374,-0.00124,0.001,0.00273,0.00419,0.00513,0.00561,0.00571,0.00558,0.00532,0.00506,0.00561,0.00563,0.00581,0.0062,0.00683,0.00768,0.00869,0.00951,0.01038,0.01116,0.01179,0.01162,0.01186,0.01205,0.01137,0.01158,0.012,0.01133,0.01215,0.0133,0.01296,0.01455,0.01447,0.01648,0.01668,0.01903,0.01948,0.02199,0.02255,0.02493,0.02539,0.02724,0.0274,0.02845,0.02819,0.02841,0.02778,0.02703,0.02653,0.02563,0.02471,0.02414,0.02334,0.02304,0.02249,0.02205,0.02175,0.0221,0.02205,0.02207,0.02256,0.02265,0.02274,0.0228,0.02317,0.02327,0.02342,0.02366,0.02402,0.02492,0.02563,0.02647,0.02741,0.02836,0.02927,0.0306,0.03122,0.03158,0.03167,0.03148,0.03102,0.03032,0.02946,0.02849,0.02747,0.02647,0.02619,0.0253,0.02454,0.02393,0.02349,0.02321,0.02306,0.02303,0.02307,0.02314,0.02317,0.02334,0.02324,0.023,0.02261,0.02207,0.02141,0.02062,0.01976,0.01883,0.01784,0.01685,0.01771,0.01686,0.01604,0.01526,0.01456,0.01394,0.01568,0.01524,0.01491,0.01469,0.01461,0.01632,0.01631,0.01642,0.01663,0.01808,0.01833,0.01862,0.01993,0.0202,0.02044,0.02156,0.02168,0.02173,0.02254,0.02244,0.02226,0.02274,0.02244,0.02206,0.02233,0.02189,0.02211,0.0216,0.02187,0.02126,0.02163,0.02086,0.02127,0.02029,0.02071,0.01954,0.01996,0.0186,0.01904,0.01956,0.01801,0.01859,0.01694,0.01762,0.01839,0.01679,0.01761,0.01836,0.01707,0.01781,0.01841,0.01884,0.01913,0.01878,0.01913,0.01941,0.01968,0.02,0.02038,0.02085,0.02139,0.02105,0.0214,0.02175,0.02307,0.02355,0.02391,0.02414,0.02422,0.02412,0.02384,0.02343,0.02293,0.02387,0.02328,0.02275,0.02232,0.02297,0.02259,0.02224,0.02281,0.02247,0.02212,0.02275,0.02246,0.02222,0.02299,0.02283,0.02364,0.02357,0.02438,0.02435,0.02435,0.02513,0.02515,0.02589,0.02658,0.02655,0.02712,0.02698,0.02734,0.02699,0.02713,0.02719,0.02657,0.02655,0.02591,0.02596,0.02605,0.02565,0.02593,0.02628,0.0263,0.02687,0.02751,0.02821,0.02877,0.02954,0.03029,0.03097,0.03137,0.03177,0.03203,0.03216,0.03217,0.03142,0.03121,0.03105,0.03098,0.03108,0.03136,0.03184,0.03124,0.03204,0.03294,0.03387,0.03475,0.03553,0.03617,0.03663,0.03693,0.03709,0.03713,0.03707,0.03695,0.03676,0.0365,0.03614,0.03564,0.03496,0.03405,0.0329,0.0315,0.02988,0.02809,0.0262,0.02431,0.02251,0.0209,0.0218,0.02076,0.02005,0.01965,0.01952,0.01962,0.01989,0.02269,0.0231,0.02349,0.02383,0.02409,0.02611,0.02602,0.02579,0.02542,0.02584,0.02502,0.02404,0.02316,0.02174,0.02016,0.01824,0.0163,0.01424,0.01173,0.00956,0.00746,0.0051,0.00334,0.00185,0.00044,-0.0004,-0.00105,-0.00134,-0.00158,-0.00162,-0.00194,-0.00206,-0.00277,-0.00308,-0.00411,-0.00447,-0.0055,-0.00572,-0.00641,-0.00683,-0.0066,-0.00664,-0.00624,-0.00612,-0.00603,-0.00568,-0.00575,-0.00593,-0.00614,-0.00602,-0.00616,-0.0061,-0.00575,-0.0055,-0.00474,-0.00372,-0.00255,-0.00138,-0.00039,0.00022,0.00031,-0.00029,-0.00163,-0.00373,-0.00646,-0.00962,-0.0129,-0.016,-0.01864,-0.02064,-0.02211,-0.02301,-0.02324,-0.02294,-0.0223,-0.02237,-0.02145,-0.02051,-0.02047,-0.01963,-0.01888,-0.01901,-0.01846,-0.01801,-0.01832,-0.018,-0.01834,-0.01806,-0.01781,-0.01812,-0.01798,-0.01834,-0.01852,-0.01907,-0.0198,-0.02063,-0.02192,-0.0229,-0.02379,-0.0252,-0.0258,-0.02664,-0.02671,-0.02653,-0.02632,-0.0258,-0.02513,-0.02457,-0.02406,-0.0235,-0.02319,-0.02293,-0.02268,-0.02226,-0.0219,-0.02144,-0.02068,-0.02001,-0.01929,-0.01856,-0.01762,-0.017,-0.01649,-0.01612,-0.01586,-0.01543,-0.01532,-0.01522,-0.01507,-0.01485,-0.01453,-0.01412,-0.01337,-0.01287,-0.01239,-0.01201,-0.01177,-0.01173,-0.01194,-0.01241,-0.01315,-0.01411,-0.01525,-0.01647,-0.01771,-0.01885,-0.01983,-0.02061,-0.02116,-0.02147,-0.02158,-0.02152,-0.02134,-0.02109,-0.02082,-0.02056,-0.02034,-0.02019,-0.02014,-0.02017,-0.0203,-0.02076,-0.02102,-0.02126,-0.02144,-0.02149,-0.02134,-0.02096,-0.02045,-0.01952,-0.01835,-0.01699,-0.0155,-0.01401,-0.01247,-0.011,-0.00964,-0.00872,-0.00773,-0.00696,-0.00644,-0.00663,-0.0066,-0.00684,-0.00769,-0.00829,-0.00909,-0.01004,-0.01094,-0.01187,-0.01244,-0.01322,-0.01346,-0.01402,-0.01405,-0.01437,-0.01453,-0.01433,-0.01425,-0.0139,-0.01366,-0.01319,-0.0129,-0.01242,-0.01226,-0.01193,-0.01172,-0.01198,-0.01208,-0.01261,-0.013,-0.01357,-0.01429,-0.01503,-0.01588,-0.01647,-0.01734,-0.01822,-0.01848,-0.01915,-0.01961,-0.01972,-0.0194,-0.01893,-0.01804,-0.01681,-0.01537,-0.0139,-0.01256,-0.01147,-0.01072,-0.0103,-0.01013,-0.0101,-0.01009,-0.01006,-0.00996,-0.00979,-0.00957,-0.00932,-0.00965,-0.00943,-0.00922,-0.00898,-0.00873,-0.00924,-0.00908,-0.00908,-0.00983,-0.01025,-0.01106,-0.01221,-0.01356,-0.01521,-0.01656,-0.01836,-0.01956,-0.0211,-0.02191,-0.02285,-0.02316,-0.02332,-0.02312,-0.02257,-0.02198,-0.02094,-0.02013,-0.01889,-0.01802,-0.01683,-0.01602,-0.01529,-0.01443,-0.01393,-0.01357,-0.01345,-0.01357,-0.0142,-0.01484,-0.01572,-0.01733,-0.01856,-0.01988,-0.02124,-0.02285,-0.02393,-0.02486,-0.02558,-0.02582,-0.026,-0.02601,-0.02586,-0.02558,-0.02481,-0.02445,-0.02407,-0.02369,-0.02335,-0.02305,-0.02286,-0.02267,-0.0225,-0.02233,-0.02216,-0.02198,-0.02178,-0.02156,-0.02134,-0.02114,-0.02099,-0.02091,-0.02095,-0.02112,-0.02143
202.5 -179.68507,-179.21178,-178.73854,-178.26541,-177.79247,-177.31976,-176.84737,-176.37536,-175.87858,-175.40359,-174.92918,-174.45541,-173.98235,-173.51006,-173.03862,-172.56808,-172.09851,-171.56989,-171.09856,-170.62841,-170.1595,-169.6919,-169.22567,-168.67749,-168.21035,-167.74479,-167.28086,-166.71967,-166.25543,-165.79303,-165.33254,-164.75948,-164.29928,-163.84118,-163.38523,-162.80156,-162.34652,-161.89382,-161.3019,-160.85058,-160.4018,-159.80239,-159.35544,-158.74987,-158.3051,-157.86316,-157.25144,-156.81214,-156.19514,-155.7588,-155.13692,-154.70387,-154.07748,-153.64806,-153.01758,-152.5921,-151.95793,-151.5367,-150.89929,-150.48261,-149.84238,-149.19845,-148.78796,-148.1419,-147.73675,-147.08904,-146.43824,-146.04058,-145.38884,-144.73443,-144.07749,-143.69043,-143.03357,-142.37462,-141.71374,-141.33875,-140.67899,-140.01775,-139.3552,-138.69152,-138.02687,-137.36143,-136.69539,-136.02892,-135.36221,-134.69544,-134.0288,-133.36248,-132.69665,-132.03151,-131.36723,-130.70401,-130.04202,-129.68691,-129.02318,-128.36116,-127.70102,-127.04295,-126.67246,-126.01395,-125.35796,-124.97884,-124.32314,-123.67042,-123.28328,-122.6316,-121.98334,-121.58884,-120.94236,-120.54282,-119.89857,-119.25844,-118.85268,-118.21551,-117.80537,-117.17162,-116.75738,-116.12749,-115.70942,-115.08383,-114.66221,-114.23773,-113.61646,-113.18882,-112.57291,-112.1424,-111.53225,-111.09919,-110.66358,-110.05988,-109.62214,-109.182,-108.58562,-108.14378,-107.69968,-107.11146,-106.66612,-106.21867,-105.76916,-105.19118,-104.74101,-104.28895,-103.83504,-103.26872,-102.81475,-102.35912,-101.90187,-101.34852,-100.89181,-100.43368,-99.97417,-99.51336,-99.05128,-98.51709,-98.05642,-97.59469,-97.13196,-96.66828,-96.20372,-95.73833,-95.27217,-94.76608,-94.30247,-93.83829,-93.37362,-92.90851,-92.44302,-91.97722,-91.51117,-91.04493,-90.57856,-90.11214,-89.64572,-89.17937,-88.71315,-88.24713,-87.78136,-87.31591,-86.85085,-86.38623,-85.92212,-85.41898,-84.9522,-84.48613,-84.02084,-83.55638,-83.09281,-82.63019,-82.16859,-81.70805,-81.17365,-80.71171,-80.25105,-79.79171,-79.33374,-78.8772,-78.3237,-77.86665,-77.41121,-76.95744,-76.39101,-75.93732,-75.48548,-75.03553,-74.45749,-74.00822,-73.56102,-73.11592,-72.52769,-72.08385,-71.64228,-71.04592,-70.60605,-70.1686,-69.56495,-69.12964,-68.51966,-68.08681,-67.65661,-67.04081,-66.61349,-65.99235,-65.56821,-64.94216,-64.52149,-64.10376,-63.47407,-63.06018,-62.42664,-62.01686,-61.37995,-60.73866,-60.33468,-59.69072,-59.29156,-58.64538,-58.25126,-57.60333,-56.95199,-56.56524,-55.91288,-55.25756,-54.87883,-54.22323,-53.56513,-52.90467,-52.53738,-51.87767,-51.2161,-50.55283,-49.88804,-49.5366,-48.87385,-48.21007,-47.54542,-46.8801,-46.21428,-45.54816,-44.88192,-44.21573,-43.5498,-42.8843,-42.21941,-41.55531,-40.89218,-40.23019,-39.56952,-39.19763,-38.53556,-37.87525,-37.21689,-36.56062,-36.1738,-35.51745,-34.86364,-34.46826,-33.81511,-33.16491,-32.76174,-32.11295,-31.46749,-31.05732,-30.41399,-29.77436,-29.35801,-28.7212,-28.30031,-27.66674,-27.24162,-26.61173,-26.18268,-25.55688,-25.12423,-24.50293,-24.06699,-23.45058,-23.01168,-22.56982,-21.959,-21.51465,-20.90965,-20.46313,-20.01395,-19.41592,-18.96504,-18.51167,-17.9214,-17.4668,-17.0099,-16.42815,-15.97049,-15.51073,-14.93818,-14.47812,-14.01617,-13.55238,-12.99167,-12.52819,-12.06307,-11.59638,-11.12817,-10.58286,-10.1157,-9.64724,-9.17753,-8.70664,-8.23463,-7.7093,-7.23919,-6.76818,-6.29633,-5.82371,-5.35037,-4.87639,-4.40184,-3.92677,-3.45126,-2.96185,-2.48957,-2.01704,-1.54434,-1.07151,-0.59864,-0.12578,0.34701,0.81965,1.29209,1.76425,2.23609,2.70753,3.21509,3.68929,4.16289,4.63583,5.10804,5.57947,6.05005,6.51974,6.98847,7.45619,7.99782,8.46684,8.93464,9.40117,9.86639,10.33024,10.89059,11.35485,11.81755,12.27865,12.73811,13.31263,13.77176,14.22906,14.68451,15.26994,15.72447,16.17698,16.77113,17.22227,17.67124,18.27325,18.72042,19.16527,19.77425,20.21688,20.65705,21.27212,21.70966,22.33026,22.76488,23.19683,23.82198,24.25062,24.88025,25.3053,25.93896,26.36016,26.9974,27.41449,28.05486,28.46758,29.11064,29.75762,30.16405,30.813,31.21442,31.86488,32.51857,32.91263,33.56711,34.22437,34.61044,35.26776,35.92742,36.58923,36.96392,37.62481,38.28739,38.9515,39.31373,39.97595,40.63925,41.30344,41.96834,42.63379,43.29959,43.96559,44.63159,45.29742,45.9629,46.62787,47.29215,47.95557,48.61796,49.27915,49.63859,50.30133,50.96244,51.62174,52.27909,52.65336,53.31101,53.96628,54.61903,55.00389,55.65597,56.30513,56.6975,57.3453,57.74292,58.38894,59.03139,59.43538,60.07538,60.48394,61.12107,61.53392,62.16776,62.58464,63.21479,63.63541,64.26146,64.68555,65.30711,65.73436,66.35106,66.78118,67.39264,67.82535,68.26069,68.8662,69.30371,69.9031,70.34248,70.78423,71.37638,71.81958,72.26499,72.71257,73.29558,73.74406,74.19454,74.76859,75.21954,75.67232,76.12688,76.68958,77.14406,77.60013,78.05775,78.51687,79.06491,79.52327,79.98293,80.44385,80.90597,81.43758,81.89827,82.35997,82.82262,83.28617,83.75057,84.21574,84.68165,85.14822,85.61539,86.11361,86.57806,87.04293,87.50815,87.97368,88.43945,88.9054,89.37148,89.83761,90.30375,90.76983,91.2358,91.70158,92.16713,92.63239,93.09729,93.56177,94.05967,94.5269,94.99352,95.45948,95.92472,96.38918,96.8528,97.31553,97.77731,98.23809,98.76944,99.23165,99.69267,100.15244,100.61091,101.15873,101.61796,102.07571,102.53192,102.98653,103.54904,104.00374,104.45667,104.90778,105.48166,105.93231,106.38095,106.82757,107.41158,107.85717,108.30056,108.89258,109.33453,109.77411,110.37341,110.81113,111.41656,111.85212,112.28505,112.89646,113.32681,113.94347,114.37096,114.99251,115.41684,115.83819,116.46377,116.88158,117.51108,118.14496,118.55809,119.19527,119.6041,120.24417,120.64845,121.29099,121.69045,122.33503,122.98294,123.37562,124.0249,124.67712,125.06231,125.71521,126.37064,127.02847,127.40308,128.06061,128.72012,129.38143,130.0444,130.40419,131.06562,131.72825,132.39192,133.05647,133.72172,134.38749,135.05362,135.71993,136.38623,137.05237,137.71815,138.38339,139.04794,139.71159,140.37419,140.73641,141.40091,142.06389,142.72518,143.3846,143.76213,144.42221,145.07997,145.46609,146.1238,146.77874,147.17287,147.82704,148.47798,148.87951,149.52895,150.17475,150.58299,151.22657,151.63943,152.28032,152.69756,153.33532,153.75668,154.39088,154.81611,155.44627,155.8751,156.50081,156.93295,157.55375,157.98893,158.42669,159.04232,159.48272,159.92558,160.53514,160.98023,161.58322,162.03023,162.47946,163.07489,163.52561,163.97839,164.4332,165.01922,165.47496,165.93256,166.39199,166.96711,167.42688,167.8883,168.35132,168.91409,169.37686,169.84104,170.3066,170.77348,171.24164,171.78622,172.25323,172.72131,173.19041,173.66047,174.13143,174.60324,175.07584,175.54916,176.06366,176.53452,177.00591,177.47775,177.94998,178.42256,178.8954,179.36845,179.84165 -0.02074,-0.02116,-0.02166,-0.02225,-0.02288,-0.02352,-0.02414,-0.02469,-0.02568,-0.02598,-0.02607,-0.02589,-0.02544,-0.02469,-0.02369,-0.02245,-0.02106,-0.02052,-0.01911,-0.01777,-0.01657,-0.01552,-0.01464,-0.01515,-0.01451,-0.01389,-0.01324,-0.0136,-0.01272,-0.01175,-0.01073,-0.01035,-0.00938,-0.00858,-0.008,-0.00797,-0.00793,-0.00815,-0.00861,-0.00919,-0.00981,-0.01027,-0.01081,-0.01091,-0.01119,-0.0113,-0.01097,-0.01086,-0.01046,-0.01026,-0.01003,-0.00984,-0.00992,-0.00976,-0.01013,-0.00988,-0.01044,-0.00999,-0.01058,-0.00985,-0.01038,-0.01089,-0.01,-0.01052,-0.00971,-0.01036,-0.01101,-0.01041,-0.01108,-0.01157,-0.01177,-0.01068,-0.01013,-0.009,-0.00728,-0.00488,-0.00248,0.0001,0.00258,0.00471,0.00629,0.00722,0.00752,0.00727,0.00664,0.00578,0.00488,0.00413,0.00365,0.00356,0.00394,0.00479,0.00608,0.00669,0.00834,0.01009,0.01179,0.01334,0.01348,0.01456,0.01545,0.01507,0.01572,0.01642,0.01586,0.01673,0.01779,0.01739,0.01872,0.01847,0.02003,0.02168,0.02179,0.02362,0.02399,0.0259,0.02642,0.02818,0.02866,0.02994,0.03015,0.03021,0.03057,0.03025,0.03,0.02937,0.0288,0.02803,0.02722,0.02672,0.02595,0.02521,0.02503,0.0244,0.02386,0.02388,0.02348,0.02319,0.02303,0.02312,0.02306,0.02307,0.02312,0.02321,0.02335,0.02355,0.02384,0.02435,0.02492,0.02564,0.02651,0.0275,0.02859,0.03009,0.03121,0.03222,0.03304,0.03362,0.03391,0.03389,0.03356,0.03384,0.03306,0.03208,0.03099,0.02986,0.02873,0.02766,0.0267,0.02587,0.02517,0.02464,0.02426,0.02401,0.02384,0.0237,0.02355,0.0233,0.02293,0.02237,0.02162,0.02079,0.01973,0.01853,0.01721,0.01583,0.01441,0.01301,0.01166,0.01041,0.01054,0.00963,0.00889,0.00836,0.00806,0.00799,0.00942,0.00966,0.01009,0.01067,0.0123,0.01293,0.01361,0.01432,0.01558,0.01613,0.0166,0.01698,0.01784,0.01796,0.01794,0.01872,0.01849,0.01814,0.01895,0.01844,0.01925,0.0186,0.01783,0.01853,0.01761,0.01818,0.01713,0.01757,0.0164,0.01515,0.0155,0.01416,0.01444,0.01301,0.0132,0.01336,0.01179,0.01192,0.01028,0.01045,0.00883,0.00915,0.00961,0.00831,0.00909,0.01007,0.00936,0.01069,0.01211,0.01358,0.01367,0.01521,0.01662,0.01781,0.01874,0.01906,0.01957,0.01974,0.01962,0.01927,0.01878,0.01824,0.01775,0.01736,0.01709,0.01693,0.01684,0.01677,0.01668,0.01655,0.01637,0.01771,0.01749,0.01731,0.01723,0.01724,0.01831,0.01827,0.01818,0.01895,0.01863,0.01818,0.01875,0.01826,0.0178,0.01853,0.01825,0.01808,0.01901,0.01898,0.01996,0.02003,0.02099,0.0211,0.02203,0.0222,0.02308,0.02327,0.02405,0.02413,0.0247,0.02516,0.02479,0.02498,0.02425,0.02427,0.02428,0.0234,0.02351,0.02371,0.02317,0.02362,0.02416,0.02423,0.02504,0.02589,0.02656,0.02754,0.02848,0.02936,0.03008,0.03068,0.03109,0.03128,0.03126,0.03075,0.03027,0.02969,0.02908,0.02851,0.02808,0.02689,0.02679,0.02698,0.02742,0.02809,0.02889,0.02976,0.03058,0.03128,0.03181,0.03045,0.03049,0.03032,0.03,0.02954,0.029,0.0284,0.02776,0.02707,0.02631,0.02546,0.0245,0.02339,0.02451,0.023,0.02138,0.0197,0.01802,0.01642,0.01498,0.01373,0.01272,0.01198,0.01311,0.01287,0.01283,0.01296,0.01322,0.01357,0.01624,0.01671,0.01717,0.01762,0.01804,0.02045,0.0206,0.02063,0.02053,0.02149,0.02087,0.02006,0.01957,0.0182,0.01666,0.01491,0.01298,0.011,0.00865,0.0067,0.00489,0.00288,0.00154,0.0002,-0.00051,-0.00098,-0.0013,-0.00136,-0.00135,-0.00134,-0.00146,-0.00161,-0.00211,-0.00249,-0.00327,-0.00372,-0.00451,-0.00515,-0.00533,-0.0056,-0.00555,-0.00545,-0.00524,-0.00496,-0.00473,-0.00463,-0.00447,-0.00464,-0.00499,-0.00542,-0.00558,-0.00594,-0.00607,-0.00587,-0.00583,-0.00513,-0.00415,-0.00303,-0.00193,-0.00105,-0.00056,-0.0006,-0.00126,-0.00255,-0.00441,-0.00673,-0.00926,-0.0118,-0.01412,-0.01605,-0.01756,-0.01882,-0.01956,-0.01984,-0.01974,-0.02014,-0.01955,-0.01879,-0.01793,-0.01788,-0.01698,-0.01615,-0.01623,-0.01563,-0.01588,-0.01553,-0.01533,-0.01573,-0.01563,-0.01603,-0.01594,-0.01635,-0.01638,-0.01692,-0.01728,-0.01811,-0.01895,-0.0201,-0.02128,-0.02259,-0.02366,-0.02478,-0.0252,-0.02584,-0.02619,-0.0255,-0.02539,-0.02425,-0.02397,-0.02366,-0.02276,-0.02262,-0.02251,-0.02242,-0.02209,-0.02197,-0.02175,-0.02128,-0.02078,-0.02016,-0.01943,-0.01847,-0.01764,-0.01686,-0.01618,-0.01562,-0.01489,-0.01461,-0.01446,-0.01438,-0.01432,-0.01393,-0.01379,-0.01356,-0.01326,-0.0129,-0.01253,-0.0122,-0.01195,-0.01185,-0.01194,-0.01236,-0.01285,-0.01349,-0.01426,-0.01509,-0.01594,-0.01673,-0.0174,-0.01794,-0.01833,-0.01856,-0.01867,-0.01868,-0.01863,-0.01856,-0.01849,-0.01845,-0.01921,-0.01916,-0.01916,-0.01922,-0.01934,-0.01951,-0.01972,-0.01994,-0.02015,-0.02031,-0.02062,-0.0205,-0.02017,-0.01959,-0.01878,-0.01794,-0.01667,-0.01527,-0.0138,-0.01234,-0.01089,-0.00957,-0.00841,-0.00745,-0.00657,-0.00607,-0.00584,-0.00588,-0.00619,-0.00677,-0.00758,-0.0087,-0.0098,-0.01092,-0.01213,-0.01309,-0.01393,-0.01451,-0.01485,-0.01505,-0.01501,-0.01492,-0.01465,-0.01443,-0.01406,-0.01365,-0.01345,-0.01312,-0.01296,-0.01279,-0.01275,-0.01275,-0.01299,-0.01321,-0.01371,-0.01408,-0.01472,-0.01511,-0.01546,-0.01601,-0.01626,-0.01651,-0.01675,-0.01693,-0.01719,-0.01753,-0.01736,-0.0176,-0.01775,-0.01766,-0.01725,-0.01623,-0.01525,-0.01396,-0.01248,-0.01097,-0.00961,-0.00853,-0.00781,-0.00745,-0.00736,-0.00743,-0.00756,-0.00763,-0.00761,-0.00749,-0.0073,-0.00762,-0.00734,-0.00706,-0.00679,-0.00658,-0.00682,-0.00671,-0.00677,-0.00716,-0.00759,-0.00836,-0.00917,-0.0105,-0.01212,-0.0134,-0.01529,-0.01711,-0.01843,-0.01983,-0.02089,-0.02156,-0.02221,-0.02208,-0.02231,-0.02154,-0.0214,-0.02029,-0.01991,-0.01875,-0.01824,-0.01726,-0.0167,-0.0161,-0.01551,-0.01501,-0.01457,-0.01466,-0.01456,-0.01537,-0.01573,-0.01627,-0.01797,-0.01885,-0.01982,-0.02084,-0.0226,-0.02341,-0.0241,-0.02463,-0.02504,-0.02511,-0.02507,-0.02493,-0.02431,-0.02407,-0.02386,-0.02367,-0.02351,-0.02336,-0.02299,-0.0229,-0.02279,-0.02266,-0.0225,-0.02232,-0.02211,-0.02187,-0.02162,-0.02112,-0.02086,-0.02062,-0.02042,-0.02026,-0.02016,-0.02014,-0.02023,-0.02043
208.125 -179.67471,-179.21274,-178.75085,-178.28911,-177.82756,-177.36628,-176.90532,-176.44475,-175.98462,-175.52501,-175.06596,-174.60754,-174.14982,-173.64614,-173.18624,-172.72721,-172.26913,-171.81205,-171.35602,-170.90112,-170.37508,-169.91889,-169.46401,-169.0105,-168.55843,-168.0172,-167.5645,-167.11342,-166.66402,-166.11104,-165.66156,-165.21396,-164.76827,-164.20459,-163.75939,-163.31629,-162.74432,-162.30213,-161.86224,-161.28261,-160.84406,-160.40798,-159.82137,-159.38707,-158.95541,-158.36255,-157.93309,-157.33501,-156.90807,-156.48406,-155.88099,-155.45992,-154.85248,-154.43466,-153.8232,-153.40892,-152.7938,-152.38335,-151.76496,-151.35864,-150.73736,-150.11251,-149.71167,-149.08455,-148.68858,-148.05959,-147.42758,-147.03832,-146.4051,-145.7692,-145.3874,-144.75096,-144.11222,-143.47132,-143.09997,-142.45947,-141.81721,-141.17332,-140.52797,-140.17125,-139.52752,-138.88273,-138.23706,-137.59066,-136.94368,-136.2963,-135.64869,-135.001,-134.35339,-133.70605,-133.05914,-132.41283,-131.76729,-131.12269,-130.78091,-130.1343,-129.48905,-128.84533,-128.20332,-127.84653,-127.20367,-126.56294,-125.92449,-125.5568,-124.91844,-124.28279,-123.90743,-123.27254,-122.64076,-122.25831,-121.62798,-121.2407,-120.61224,-119.98755,-119.59417,-118.97201,-118.57438,-117.95517,-117.55353,-116.93768,-116.53227,-115.92019,-115.51125,-114.90335,-114.49114,-113.8878,-113.4726,-113.05483,-112.45627,-112.03587,-111.44282,-111.02006,-110.59493,-110.00804,-109.58094,-109.1516,-108.57167,-108.14075,-107.70774,-107.13552,-106.70134,-106.26519,-105.70144,-105.26455,-104.82584,-104.38536,-103.83221,-103.39152,-102.94922,-102.50536,-101.96403,-101.52049,-101.07557,-100.62929,-100.18171,-99.73288,-99.20894,-98.76124,-98.31246,-97.86266,-97.41189,-96.9602,-96.50765,-96.0064,-95.55589,-95.1047,-94.65288,-94.2005,-93.7476,-93.29424,-92.84048,-92.38637,-91.93198,-91.47736,-91.02257,-90.56766,-90.11271,-89.65775,-89.20286,-88.74808,-88.29349,-87.83913,-87.38506,-86.93135,-86.47804,-86.0252,-85.57289,-85.12114,-84.67004,-84.21962,-83.7181,-83.26564,-82.81407,-82.36341,-81.91374,-81.46509,-81.01753,-80.49338,-80.0447,-79.59728,-79.15117,-78.70641,-78.26305,-77.72157,-77.2779,-76.8358,-76.39531,-75.84205,-75.40179,-74.9633,-74.52663,-73.96281,-73.52691,-73.09296,-72.52072,-72.08796,-71.6573,-71.07737,-70.6483,-70.22147,-69.63462,-69.20978,-68.7873,-68.19432,-67.77421,-67.17574,-66.75829,-66.34339,-65.74017,-65.32829,-64.72052,-64.31191,-63.7,-63.29492,-62.67925,-62.27795,-61.65895,-61.26167,-60.63973,-60.2467,-59.62226,-58.99406,-58.60715,-57.97711,-57.59502,-56.96356,-56.32901,-55.95401,-55.31871,-54.68072,-54.3134,-53.67533,-53.03499,-52.39254,-52.03613,-51.39453,-50.75124,-50.10644,-49.46028,-48.81293,-48.47473,-47.82966,-47.18383,-46.53741,-45.89056,-45.24346,-44.59628,-43.94917,-43.30231,-42.65585,-42.00998,-41.36483,-40.72059,-40.367,-39.72086,-39.07604,-38.4327,-37.79097,-37.42228,-36.7799,-36.13955,-35.50137,-35.12183,-34.48394,-33.8486,-33.46132,-32.82695,-32.1955,-31.80122,-31.1714,-30.54484,-30.14432,-29.52002,-29.11492,-28.49331,-28.08389,-27.46536,-26.85079,-26.43686,-25.82594,-25.40848,-24.98789,-24.38088,-23.95716,-23.35471,-22.92817,-22.33062,-21.90157,-21.30923,-20.87797,-20.44408,-19.85798,-19.42232,-18.9842,-18.40506,-17.9656,-17.52384,-16.95235,-16.50969,-16.06491,-15.5017,-15.05645,-14.60927,-14.16023,-13.60769,-13.15872,-12.70807,-12.2558,-11.715,-11.26335,-10.81028,-10.35583,-9.90006,-9.44304,-8.91992,-8.46433,-8.00767,-7.55,-7.0914,-6.63191,-6.17161,-5.71054,-5.21325,-4.75461,-4.2954,-3.83568,-3.37552,-2.91497,-2.45409,-1.99295,-1.5316,-1.07011,-0.60854,-0.14695,0.3146,0.77606,1.23735,1.69844,2.15924,2.61972,3.0798,3.53944,3.99857,4.45715,4.91511,5.37241,5.88087,6.34005,6.79838,7.25581,7.71227,8.16773,8.62214,9.15294,9.60827,10.06237,10.51518,10.96667,11.4168,11.96442,12.41465,12.86335,13.31047,13.86961,14.3163,14.76125,15.20445,15.77372,16.21593,16.65624,17.23368,17.67261,18.10949,18.69429,19.12939,19.56232,20.15364,20.5844,21.01289,21.60988,22.03583,22.63808,23.06122,23.66832,24.0884,24.50593,25.11667,25.5308,26.14539,26.55588,27.17389,27.5805,28.20152,28.82659,29.22763,29.85504,30.2516,30.88091,31.51363,31.9036,32.53755,32.92252,33.55729,34.1948,34.83487,35.20994,35.84989,36.49199,36.85882,37.50015,38.1432,38.7878,39.43378,40.08098,40.42999,41.07503,41.72086,42.36733,43.01427,43.66151,44.30889,44.95624,45.60341,46.25022,46.89652,47.54215,48.18695,48.83077,49.17616,49.82169,50.46583,51.10843,51.74933,52.10932,52.75077,53.39013,54.02727,54.39777,55.03455,55.66872,56.0467,56.67988,57.31009,57.69488,58.32345,58.71308,59.33962,59.96263,60.35797,60.97834,61.37786,61.99519,62.39863,63.01256,63.41964,64.0298,64.44027,65.04629,65.45987,66.0614,66.47782,66.89693,67.49349,67.91506,68.50629,68.93004,69.35623,69.94125,70.36924,70.79952,71.37762,71.8093,72.24311,72.8136,73.24842,73.68522,74.24743,74.68483,75.12406,75.56505,76.11678,76.55787,77.00056,77.44481,77.98494,78.42877,78.87399,79.32054,79.76837,80.21745,80.74042,81.18832,81.63727,82.08724,82.53816,82.98998,83.44265,83.94338,84.39401,84.84532,85.29723,85.74972,86.2027,86.65614,87.10998,87.56415,88.01861,88.4733,88.92815,89.38313,89.83816,90.29319,90.74817,91.20304,91.65775,92.11223,92.56643,93.02029,93.47377,93.9268,94.37932,94.83129,95.28265,95.73334,96.23378,96.68652,97.13841,97.58941,98.03946,98.4885,98.93649,99.38337,99.90839,100.35633,100.80299,101.24833,101.69227,102.23218,102.67657,103.11939,103.56062,104.11216,104.5533,104.99268,105.43024,105.99228,106.42925,106.86424,107.43458,107.86858,108.30044,108.87842,109.30889,109.73707,110.32199,110.74839,111.17236,111.7635,112.18529,112.78179,113.20113,113.61778,114.21927,114.63309,115.23909,115.64981,116.25995,116.6673,117.28124,117.68494,118.3023,118.70209,119.3225,119.71813,120.34119,120.9678,121.35773,121.98639,122.37148,123.00179,123.63508,124.01338,124.64768,125.28459,125.65542,126.29271,126.93223,127.57385,127.93419,128.57527,129.21806,129.86241,130.50816,130.85391,131.49796,132.143,132.78888,133.43544,134.08252,134.72996,135.3776,136.02528,136.67282,137.32008,137.96687,138.61304,139.25842,139.90284,140.25495,140.9013,141.54628,142.18971,142.83143,143.19827,143.84077,144.48115,145.11922,145.49674,146.13468,146.7699,147.15493,147.78935,148.42063,148.8126,149.4424,149.83906,150.46696,151.09106,151.49368,152.11521,152.52194,153.14047,153.5511,154.16621,154.58049,155.19177,155.60946,156.2165,156.63734,157.06065,157.66346,158.08959,158.68714,159.11582,159.54679,160.13867,160.57181,161.00714,161.5925,162.02962,162.46878,163.0468,163.48736,163.92983,164.49969,164.94314,165.38836,165.83532,166.39505,166.84246,167.29145,167.74197,168.29019,168.74062,169.19241,169.64554,170.09995,170.63338,171.08701,171.54174,171.99754,172.45434,172.91211,173.37079,173.88246,174.33939,174.79705,175.25538,175.71432,176.17383,176.63384,177.0943,177.55516,178.01635,178.47782,178.9395,179.40135,179.8633 -0.02032,-0.02064,-0.021,-0.02141,-0.02184,-0.02228,-0.02269,-0.02303,-0.02328,-0.02337,-0.02328,-0.02294,-0.02234,-0.0224,-0.02131,-0.01999,-0.01851,-0.01693,-0.01534,-0.01381,-0.01342,-0.0122,-0.01113,-0.01021,-0.00939,-0.00999,-0.00928,-0.00853,-0.00771,-0.00828,-0.00734,-0.0064,-0.00552,-0.00606,-0.00548,-0.00512,-0.00614,-0.00625,-0.00653,-0.00797,-0.00842,-0.0088,-0.01003,-0.01016,-0.01004,-0.01066,-0.0102,-0.01038,-0.00971,-0.00893,-0.00899,-0.00823,-0.00829,-0.00759,-0.00766,-0.00691,-0.00694,-0.00604,-0.00602,-0.00492,-0.00495,-0.00512,-0.00394,-0.00434,-0.00321,-0.00385,-0.00462,-0.00358,-0.0044,-0.00519,-0.00384,-0.00432,-0.00452,-0.00433,-0.00197,-0.00106,0.00032,0.00213,0.00422,0.0072,0.00913,0.01074,0.01182,0.01225,0.01204,0.01129,0.01016,0.00886,0.0076,0.00656,0.00592,0.00576,0.00614,0.00704,0.00678,0.00829,0.0101,0.01206,0.01399,0.01416,0.01586,0.0173,0.01847,0.01833,0.01924,0.02006,0.0198,0.02068,0.02166,0.02144,0.02258,0.02238,0.02359,0.02478,0.02466,0.02585,0.02588,0.02709,0.02734,0.02853,0.02895,0.02995,0.03036,0.03096,0.03118,0.03134,0.03129,0.03108,0.03082,0.0304,0.03015,0.02962,0.02902,0.029,0.02837,0.0277,0.02779,0.02706,0.02632,0.02633,0.02559,0.02492,0.02488,0.02432,0.02389,0.02359,0.02376,0.02364,0.02365,0.02376,0.0244,0.02472,0.02518,0.02577,0.02651,0.0274,0.02872,0.02981,0.03096,0.03213,0.03325,0.03423,0.03501,0.03565,0.03591,0.03585,0.03549,0.03484,0.03397,0.03292,0.03176,0.03057,0.0294,0.02828,0.02727,0.02641,0.02569,0.02511,0.02468,0.02435,0.02407,0.02379,0.02344,0.02298,0.02234,0.02149,0.02044,0.01919,0.01777,0.01624,0.01474,0.01312,0.01156,0.01012,0.00884,0.00777,0.00695,0.00643,0.00609,0.00603,0.00626,0.00674,0.00747,0.00827,0.00926,0.01035,0.01148,0.01251,0.01353,0.01444,0.0152,0.01576,0.01614,0.01629,0.01644,0.0162,0.01574,0.01573,0.01502,0.01415,0.01432,0.01332,0.0122,0.01266,0.01146,0.01211,0.01081,0.00945,0.01017,0.00878,0.00949,0.00813,0.00876,0.00741,0.00787,0.00647,0.00671,0.00519,0.00522,0.00358,0.00355,0.00359,0.00205,0.00238,0.00117,0.00195,0.00297,0.00256,0.00408,0.00576,0.00612,0.00808,0.01008,0.01205,0.01273,0.01454,0.01613,0.0174,0.01825,0.01863,0.01812,0.0177,0.01687,0.01575,0.01453,0.01336,0.01235,0.01159,0.01106,0.01072,0.01051,0.01037,0.01027,0.01131,0.01124,0.01127,0.01141,0.01171,0.01281,0.01322,0.01368,0.01407,0.01492,0.01496,0.01478,0.01522,0.01475,0.01424,0.01462,0.01419,0.01389,0.01451,0.01442,0.01523,0.01528,0.01622,0.01636,0.01652,0.01756,0.01778,0.01887,0.01994,0.02018,0.02116,0.02121,0.02194,0.0216,0.02198,0.02115,0.02123,0.02123,0.02008,0.02012,0.02025,0.01948,0.01994,0.02055,0.02055,0.0215,0.02255,0.02318,0.0244,0.02562,0.02681,0.02755,0.02858,0.02946,0.03014,0.03016,0.03033,0.03021,0.0298,0.02915,0.02834,0.02693,0.02597,0.02509,0.02439,0.02393,0.02375,0.02384,0.02418,0.02335,0.02383,0.02432,0.02475,0.02501,0.02507,0.02493,0.02457,0.02405,0.02338,0.02263,0.02182,0.02099,0.02016,0.01934,0.01852,0.01769,0.01685,0.01598,0.01509,0.01419,0.0133,0.01242,0.01158,0.01141,0.01055,0.00981,0.0092,0.00873,0.00839,0.00815,0.00865,0.00867,0.00878,0.00899,0.0093,0.0097,0.01163,0.01222,0.01285,0.01348,0.01559,0.01598,0.01624,0.01633,0.01728,0.01682,0.01614,0.01576,0.01452,0.01309,0.01153,0.0098,0.00808,0.00609,0.0045,0.00309,0.00152,0.00056,-0.00041,-0.00088,-0.00126,-0.00138,-0.00145,-0.00143,-0.00149,-0.00158,-0.00182,-0.00224,-0.00266,-0.00335,-0.00408,-0.00454,-0.00508,-0.00537,-0.00555,-0.00549,-0.00543,-0.00509,-0.00494,-0.00453,-0.00424,-0.00417,-0.00428,-0.00462,-0.00519,-0.00572,-0.00645,-0.00705,-0.00737,-0.00733,-0.0069,-0.00725,-0.00645,-0.00551,-0.00462,-0.00396,-0.00365,-0.0038,-0.00442,-0.0055,-0.00692,-0.00855,-0.01021,-0.01178,-0.01315,-0.01405,-0.01518,-0.01604,-0.01664,-0.01699,-0.01755,-0.01749,-0.0172,-0.01672,-0.01665,-0.01592,-0.01518,-0.01496,-0.01434,-0.01391,-0.0139,-0.01375,-0.01391,-0.01391,-0.01392,-0.01412,-0.014,-0.01423,-0.01405,-0.01445,-0.01443,-0.01516,-0.01547,-0.01656,-0.01714,-0.01847,-0.019,-0.0203,-0.0215,-0.02139,-0.0222,-0.02151,-0.02192,-0.02216,-0.0212,-0.02133,-0.02143,-0.02093,-0.02115,-0.02137,-0.02138,-0.02159,-0.02169,-0.02161,-0.02144,-0.02109,-0.02057,-0.0198,-0.01897,-0.01806,-0.01712,-0.01604,-0.0152,-0.0145,-0.01398,-0.01363,-0.01344,-0.01305,-0.013,-0.01297,-0.0129,-0.01279,-0.01261,-0.0124,-0.01194,-0.01181,-0.01175,-0.0118,-0.01196,-0.01223,-0.01261,-0.01306,-0.01353,-0.014,-0.01442,-0.01475,-0.01497,-0.01507,-0.01507,-0.01499,-0.01488,-0.01476,-0.01469,-0.01468,-0.01476,-0.01495,-0.01523,-0.01559,-0.01603,-0.01652,-0.01705,-0.01818,-0.0186,-0.01899,-0.01931,-0.01954,-0.01964,-0.01956,-0.01928,-0.01894,-0.0182,-0.01726,-0.01617,-0.01497,-0.01372,-0.01244,-0.01123,-0.01013,-0.00896,-0.00812,-0.00746,-0.00699,-0.00645,-0.00638,-0.0065,-0.00676,-0.00733,-0.00803,-0.00911,-0.01001,-0.01084,-0.01208,-0.01265,-0.01298,-0.01372,-0.0136,-0.01391,-0.01345,-0.01287,-0.01291,-0.0123,-0.01238,-0.01189,-0.01209,-0.0118,-0.01211,-0.01205,-0.01247,-0.01263,-0.01321,-0.0136,-0.01431,-0.015,-0.01556,-0.01616,-0.01663,-0.01699,-0.01715,-0.0173,-0.01719,-0.01698,-0.01682,-0.01648,-0.01616,-0.01588,-0.01534,-0.01491,-0.01437,-0.01364,-0.01269,-0.01104,-0.00964,-0.00813,-0.00663,-0.0053,-0.00426,-0.00359,-0.00332,-0.0034,-0.0037,-0.00411,-0.00449,-0.00478,-0.00493,-0.00496,-0.00543,-0.00535,-0.00526,-0.00522,-0.00527,-0.00555,-0.0057,-0.006,-0.00649,-0.00678,-0.00754,-0.00853,-0.00908,-0.01039,-0.01182,-0.01274,-0.0142,-0.01526,-0.01642,-0.0171,-0.01797,-0.01795,-0.01863,-0.01798,-0.01848,-0.01752,-0.01792,-0.017,-0.01733,-0.01669,-0.01692,-0.01701,-0.01671,-0.01666,-0.01661,-0.01646,-0.01625,-0.01655,-0.0165,-0.01655,-0.01748,-0.01789,-0.01843,-0.01992,-0.02071,-0.02155,-0.02289,-0.02358,-0.02414,-0.02455,-0.02469,-0.02467,-0.02453,-0.02429,-0.02348,-0.02317,-0.02289,-0.02267,-0.02252,-0.02198,-0.02195,-0.02192,-0.02189,-0.02182,-0.02171,-0.02156,-0.02077,-0.02055,-0.02032,-0.02011,-0.01992,-0.01977,-0.01965,-0.01958,-0.01955,-0.01956,-0.01962,-0.01972,-0.01987,-0.02007
213.75 -179.68291,-179.23524,-178.78769,-178.34033,-177.89321,-177.42411,-176.97409,-176.52447,-176.07531,-175.62666,-175.17859,-174.73114,-174.28439,-173.83837,-173.39317,-172.94881,-172.44501,-171.99895,-171.55393,-171.11001,-170.66724,-170.22567,-169.70425,-169.26169,-168.82051,-168.38077,-167.94253,-167.4074,-166.96878,-166.53183,-166.0966,-165.55089,-165.1158,-164.6826,-164.25136,-163.69604,-163.26545,-162.83698,-162.27423,-161.84682,-161.42169,-160.85209,-160.42842,-160.0072,-159.43138,-159.01201,-158.4311,-158.01387,-157.59937,-157.01333,-156.60136,-156.01095,-155.6018,-155.00733,-154.60128,-154.00307,-153.6004,-152.99878,-152.59977,-151.99508,-151.6,-150.9926,-150.60171,-149.99196,-149.60553,-148.99379,-148.37914,-147.99872,-147.38267,-146.76399,-146.3903,-145.77082,-145.14907,-144.78279,-144.16086,-143.53698,-142.91127,-142.5553,-141.93028,-141.30379,-140.67598,-140.04698,-139.41692,-139.07811,-138.4501,-137.82144,-137.19225,-136.56271,-135.93294,-135.3031,-134.67335,-134.04383,-133.41471,-132.78612,-132.15823,-131.82822,-131.19814,-130.56915,-129.94139,-129.31502,-128.69019,-128.34307,-127.71727,-127.09347,-126.47175,-126.11426,-125.49244,-124.87312,-124.50832,-123.88954,-123.27362,-122.90201,-122.28725,-121.67572,-121.29786,-120.6881,-120.30598,-119.69839,-119.31218,-118.70714,-118.10611,-117.71493,-117.11704,-116.72235,-116.12798,-115.73,-115.13951,-114.73846,-114.33498,-113.74834,-113.3421,-112.76023,-112.35148,-111.94045,-111.3637,-110.9505,-110.37936,-109.96425,-109.54704,-108.98226,-108.56349,-108.14275,-107.58504,-107.1631,-106.73932,-106.18935,-105.76475,-105.33843,-104.91042,-104.37009,-103.94175,-103.51186,-103.08047,-102.55092,-102.11969,-101.68711,-101.25321,-100.81803,-100.30225,-99.86785,-99.43233,-98.99573,-98.55811,-98.11951,-97.67997,-97.18434,-96.74642,-96.30772,-95.86831,-95.42822,-94.98751,-94.54623,-94.10442,-93.66215,-93.21946,-92.7764,-92.33302,-91.88938,-91.43535,-90.99481,-90.55416,-90.11346,-89.67277,-89.23213,-88.7916,-88.33721,-87.89361,-87.45027,-87.00725,-86.56461,-86.12239,-85.68065,-85.23944,-84.79881,-84.35881,-83.91948,-83.48088,-83.04306,-82.54718,-82.10775,-81.66927,-81.23178,-80.79533,-80.35994,-79.92569,-79.40972,-78.9747,-78.54097,-78.10855,-77.6775,-77.14781,-76.71661,-76.28692,-75.85878,-75.31834,-74.89055,-74.46444,-74.04006,-73.49003,-73.06648,-72.64478,-72.08703,-71.66654,-71.24802,-70.68324,-70.2663,-69.85145,-69.28034,-68.86741,-68.29072,-67.87998,-67.47152,-66.88973,-66.48378,-65.89725,-65.49407,-64.90315,-64.50298,-64.10531,-63.5111,-63.11673,-62.51902,-61.9171,-61.52733,-60.92251,-60.53663,-59.92927,-59.54749,-58.93798,-58.56046,-57.94919,-57.33472,-56.96346,-56.34784,-55.72938,-55.36492,-54.74593,-54.12449,-53.76732,-53.14595,-52.52252,-51.89716,-51.27002,-50.92588,-50.29991,-49.67255,-49.04397,-48.41432,-47.78375,-47.45719,-46.82905,-46.20036,-45.5713,-44.942,-44.31263,-43.68333,-43.05426,-42.42556,-41.79737,-41.46169,-40.83123,-40.20167,-39.57317,-38.94586,-38.31988,-37.96652,-37.33963,-36.71444,-36.09107,-35.72704,-35.10363,-34.4824,-33.86346,-33.49006,-32.87192,-32.2564,-31.8763,-31.26218,-30.87721,-30.26488,-29.65566,-29.26511,-28.65824,-28.2635,-27.65935,-27.26069,-26.6596,-26.25729,-25.6596,-25.25392,-24.65997,-24.25119,-23.66129,-23.2497,-22.66415,-22.25003,-21.83318,-21.25274,-20.83376,-20.2584,-19.83757,-19.41428,-18.84513,-18.4204,-17.99338,-17.43106,-17.00299,-16.5728,-16.01789,-15.58705,-15.15426,-14.71957,-14.17425,-13.73943,-13.30289,-12.86467,-12.32991,-11.89207,-11.45274,-11.01197,-10.56982,-10.04874,-9.60758,-9.16521,-8.7217,-8.27709,-7.83145,-7.38482,-6.88399,-6.43919,-5.99358,-5.54723,-5.10019,-4.65251,-4.20427,-3.7555,-3.30628,-2.85665,-2.40668,-1.95642,-1.50593,-1.05527,-0.60449,-0.15365,0.2972,0.748,1.19869,1.64922,2.09953,2.54958,2.9993,3.44865,3.89758,4.34602,4.79394,5.24128,5.68799,6.13403,6.57934,7.0779,7.52473,7.97066,8.41566,8.85967,9.30265,9.74457,10.26337,10.70591,11.14722,11.58726,12.02599,12.55861,12.99733,13.4346,13.87038,14.41378,14.84904,15.28267,15.71465,16.26753,16.69849,17.12768,17.68827,18.11607,18.54197,19.10949,19.53365,19.9558,20.52946,20.94951,21.52877,21.94647,22.36199,22.94604,23.35888,23.94759,24.35752,24.9505,25.35731,25.95415,26.35758,26.9579,27.35775,27.96113,28.35719,28.96325,29.35532,29.96366,30.57558,30.96178,31.57534,31.95704,32.57185,33.18961,33.56459,34.18297,34.8039,35.42722,35.79258,36.41565,37.04072,37.66763,38.02241,38.64822,39.27547,39.90401,40.53366,41.16428,41.50152,42.12977,42.7586,43.38785,44.01737,44.647,45.2766,45.90601,46.53508,47.16366,47.7916,48.12006,48.75013,49.37917,50.00705,50.63361,51.25873,51.60443,52.23043,52.85451,53.47664,53.83284,54.45496,55.07472,55.43843,56.05756,56.67399,57.04457,57.65976,58.27195,58.64875,59.2591,59.64039,60.24851,60.63404,61.23958,61.84143,62.23169,62.83041,63.22425,63.81949,64.21666,64.80808,65.20833,65.61132,66.19866,66.60438,67.18708,67.59526,68.17302,68.58339,68.99618,69.56822,69.98284,70.39973,70.96537,71.38373,71.80421,72.36281,72.78438,73.20793,73.75885,74.18312,74.60921,75.03708,75.5783,76.00641,76.43613,76.86743,77.39789,77.82894,78.26141,78.69525,79.1304,79.64705,80.08137,80.51684,80.95342,81.39105,81.82969,82.26929,82.76569,83.20364,83.64238,84.08186,84.52202,84.96283,85.40422,85.84614,86.28854,86.73137,87.17458,87.63568,88.07601,88.51655,88.95724,89.39805,89.83891,90.27977,90.72058,91.16129,91.60185,92.04219,92.50294,92.94618,93.38905,93.83149,94.27346,94.7149,95.15575,95.59598,96.03552,96.47433,96.91235,97.34953,97.84814,98.28686,98.72459,99.16127,99.59684,100.03126,100.54765,100.98292,101.41688,101.84947,102.28065,102.81088,103.24232,103.67219,104.10044,104.64146,105.06948,105.49574,105.92017,106.47092,106.89464,107.31639,107.87483,108.2955,108.71405,109.27956,109.69665,110.11148,110.6834,111.0964,111.507,112.08466,112.49306,113.07569,113.48164,114.06891,114.47215,114.87265,115.46402,115.86146,116.45666,116.85077,117.44947,117.84001,118.44186,118.82857,119.43322,120.04138,120.42295,121.03335,121.41045,122.02272,122.63798,123.00889,123.62543,124.24464,124.60871,125.2286,125.85081,126.20741,126.82969,127.45394,128.08001,128.42617,129.05147,129.67824,130.30633,130.93559,131.5659,131.89473,132.52292,133.15175,133.78109,134.41077,135.04065,135.67058,136.3004,136.92997,137.55912,138.1877,138.81555,139.15583,139.78583,140.4147,141.04231,141.66848,142.29307,142.6505,143.27596,143.89943,144.52076,144.88849,145.50984,146.12864,146.50362,147.12182,147.73707,148.1188,148.73282,149.3435,149.73145,150.34025,150.73239,151.33893,151.73507,152.33895,152.73889,153.3397,153.74324,154.3406,154.74752,155.34103,155.7511,156.34036,156.75335,157.33796,157.75365,158.17152,158.75135,159.17158,159.74582,160.16816,160.59251,161.16062,161.58673,162.01475,162.57592,163.00533,163.43654,163.99002,164.42225,164.85613,165.29164,165.83566,166.2717,166.70923,167.14823,167.68145,168.12046,168.56078,169.00238,169.4452,169.96463,170.40684,170.85012,171.29444,171.73974,172.18599,172.68745,173.13231,173.57795,174.02431,174.47135,174.91903,175.36728,175.81607,176.26534,176.71504,177.16512,177.63147,178.07876,178.52624,178.97387,179.42159,179.86935 -0.01935,-0.01955,-0.01972,-0.01986,-0.01996,-0.02066,-0.02076,-0.02079,-0.02072,-0.02051,-0.02013,-0.01955,-0.01876,-0.01775,-0.01652,-0.0151,-0.01507,-0.01344,-0.01179,-0.01017,-0.00863,-0.00721,-0.00738,-0.00624,-0.0052,-0.00422,-0.00327,-0.00393,-0.00299,-0.00204,-0.00107,-0.00177,-0.00089,-0.00012,0.00051,-0.0007,-0.00045,-0.00037,-0.00213,-0.00227,-0.0024,-0.00428,-0.00421,-0.00392,-0.00539,-0.00468,-0.00577,-0.00474,-0.00358,-0.00444,-0.0033,-0.00416,-0.00316,-0.00396,-0.00304,-0.00361,-0.00261,-0.00282,-0.00159,-0.00149,-6e-05,0.00016,0.00165,0.00173,0.00312,0.00292,0.00254,0.00377,0.00327,0.00278,0.00426,0.00401,0.00389,0.00599,0.00625,0.00669,0.00735,0.01014,0.01116,0.0124,0.01379,0.01519,0.01642,0.0186,0.01898,0.01875,0.01791,0.01658,0.01494,0.01325,0.01176,0.01064,0.01006,0.01009,0.01068,0.01009,0.01127,0.01275,0.01439,0.01602,0.01753,0.01735,0.01867,0.01972,0.02051,0.02048,0.02111,0.02166,0.02178,0.02247,0.02328,0.02358,0.02463,0.02581,0.02608,0.02725,0.02732,0.02833,0.02822,0.02901,0.02966,0.02948,0.02996,0.02991,0.03027,0.03036,0.03058,0.03076,0.03097,0.03106,0.0312,0.03132,0.03138,0.03135,0.03163,0.0315,0.03193,0.03168,0.03131,0.03165,0.03109,0.03042,0.03054,0.02971,0.02884,0.02885,0.02799,0.02717,0.02644,0.02673,0.02622,0.02585,0.02562,0.02642,0.02639,0.02648,0.02665,0.02692,0.02782,0.02817,0.02862,0.0292,0.02992,0.03076,0.03167,0.03181,0.03263,0.03338,0.03399,0.03439,0.03453,0.03439,0.03397,0.03329,0.0324,0.03134,0.03018,0.02899,0.02715,0.02603,0.025,0.02408,0.0233,0.02266,0.02213,0.02262,0.02225,0.02187,0.02141,0.02083,0.02011,0.01922,0.01818,0.01701,0.01576,0.01447,0.01321,0.01203,0.01061,0.00961,0.00885,0.00834,0.00811,0.00817,0.00849,0.00797,0.0087,0.00962,0.01068,0.01182,0.01194,0.01309,0.01414,0.01504,0.01526,0.01587,0.01623,0.01632,0.01619,0.01584,0.01523,0.0147,0.01371,0.01251,0.01179,0.01039,0.00888,0.00832,0.00677,0.00651,0.00495,0.00338,0.00352,0.00205,0.00253,0.00122,0.00197,0.00085,-0.00017,0.00065,-0.00034,0.00019,0.00048,-0.00091,-0.00102,-0.00265,-0.00289,-0.00455,-0.00451,-0.00586,-0.0052,-0.00412,-0.00452,-0.0027,-0.00061,-4e-05,0.00239,0.00477,0.00573,0.0079,0.00986,0.0116,0.01314,0.01334,0.01435,0.01501,0.01523,0.01498,0.01425,0.01269,0.01145,0.01011,0.00883,0.00777,0.00702,0.00656,0.00635,0.00629,0.00632,0.00695,0.00701,0.00713,0.00736,0.00775,0.0083,0.00904,0.00973,0.01046,0.01112,0.01182,0.01219,0.01231,0.01218,0.01248,0.01212,0.01174,0.01193,0.01161,0.01184,0.01164,0.01151,0.0119,0.01185,0.0124,0.01239,0.0131,0.01311,0.014,0.01407,0.0151,0.0152,0.0163,0.0163,0.01731,0.017,0.01772,0.01826,0.01738,0.01759,0.0165,0.01659,0.01669,0.01595,0.01631,0.01681,0.01687,0.01772,0.01869,0.01931,0.02043,0.02161,0.02281,0.02333,0.02447,0.02559,0.02664,0.02664,0.02746,0.02807,0.02841,0.02848,0.0275,0.02705,0.02634,0.02541,0.02439,0.02337,0.02244,0.02107,0.02042,0.01998,0.01975,0.01969,0.01975,0.01986,0.01996,0.01997,0.01987,0.01961,0.0192,0.01865,0.01799,0.01726,0.0165,0.01571,0.01495,0.01422,0.01356,0.01295,0.01243,0.01197,0.01157,0.01124,0.01095,0.0107,0.01046,0.01024,0.01001,0.00978,0.0092,0.00888,0.00857,0.00827,0.008,0.00776,0.00758,0.0074,0.00747,0.00764,0.00794,0.00837,0.00945,0.01007,0.01069,0.01126,0.01267,0.01301,0.01318,0.01315,0.01377,0.01325,0.01254,0.01213,0.01095,0.00966,0.00839,0.00694,0.00555,0.00403,0.00282,0.00149,0.00062,-9e-05,-0.00083,-0.00122,-0.00156,-0.00173,-0.00179,-0.00188,-0.00189,-0.00203,-0.00226,-0.00254,-0.0031,-0.0035,-0.00423,-0.00464,-0.00528,-0.00572,-0.00592,-0.006,-0.00607,-0.00584,-0.00546,-0.00549,-0.00514,-0.00497,-0.00508,-0.00562,-0.00625,-0.00712,-0.00811,-0.00916,-0.01006,-0.01067,-0.01091,-0.01076,-0.01029,-0.01105,-0.0104,-0.00977,-0.00929,-0.00905,-0.0091,-0.00944,-0.01,-0.01071,-0.01145,-0.01214,-0.01224,-0.01295,-0.01356,-0.01409,-0.01456,-0.01496,-0.01542,-0.01566,-0.01576,-0.0157,-0.01583,-0.01551,-0.01512,-0.01495,-0.01453,-0.01426,-0.01404,-0.01396,-0.01403,-0.01389,-0.01398,-0.01382,-0.01372,-0.0135,-0.01315,-0.01268,-0.01252,-0.01214,-0.01229,-0.01221,-0.01275,-0.01299,-0.01384,-0.01485,-0.01516,-0.01617,-0.01626,-0.0171,-0.01694,-0.01756,-0.01811,-0.01786,-0.01834,-0.0188,-0.01887,-0.01938,-0.01988,-0.02019,-0.02064,-0.02101,-0.02107,-0.02121,-0.0212,-0.02104,-0.02038,-0.0199,-0.01925,-0.01847,-0.01734,-0.01646,-0.01558,-0.01475,-0.01403,-0.01337,-0.0129,-0.01255,-0.0123,-0.0121,-0.01193,-0.01176,-0.0111,-0.01089,-0.01072,-0.0106,-0.01054,-0.01057,-0.01068,-0.01087,-0.01112,-0.01142,-0.01172,-0.01144,-0.01161,-0.01169,-0.01165,-0.0115,-0.01126,-0.01094,-0.01059,-0.01025,-0.00999,-0.00984,-0.01079,-0.01095,-0.01127,-0.01174,-0.01235,-0.01306,-0.01386,-0.01469,-0.01553,-0.01634,-0.01706,-0.01766,-0.01856,-0.01879,-0.01883,-0.01865,-0.01825,-0.01764,-0.01698,-0.01599,-0.0149,-0.01376,-0.01263,-0.01151,-0.01049,-0.00959,-0.00882,-0.00809,-0.0076,-0.00723,-0.00699,-0.00684,-0.00688,-0.00704,-0.00748,-0.00789,-0.00835,-0.00927,-0.00972,-0.01006,-0.01089,-0.01091,-0.01076,-0.01109,-0.01064,-0.01073,-0.01013,-0.01017,-0.00961,-0.00916,-0.00943,-0.00919,-0.00971,-0.00968,-0.01039,-0.01053,-0.01137,-0.01165,-0.01261,-0.0136,-0.014,-0.01498,-0.01533,-0.01615,-0.01678,-0.01687,-0.01719,-0.01728,-0.01712,-0.01693,-0.01656,-0.01624,-0.01563,-0.01488,-0.01398,-0.01315,-0.01186,-0.01036,-0.00871,-0.00695,-0.00519,-0.00338,-0.00184,-0.00065,0.00012,0.00045,0.00036,-3e-05,-0.00061,-0.00124,-0.00182,-0.00225,-0.00251,-0.003,-0.00308,-0.00311,-0.00316,-0.00332,-0.00362,-0.00415,-0.00464,-0.00528,-0.00606,-0.00653,-0.0074,-0.00834,-0.00879,-0.00981,-0.01083,-0.01141,-0.01238,-0.01312,-0.01373,-0.01403,-0.01456,-0.01424,-0.01466,-0.01381,-0.01418,-0.01311,-0.01358,-0.01273,-0.01338,-0.01304,-0.01387,-0.01406,-0.0149,-0.01538,-0.01605,-0.01654,-0.01695,-0.01721,-0.01754,-0.0177,-0.01785,-0.01828,-0.0186,-0.01903,-0.01964,-0.02028,-0.02098,-0.02139,-0.02207,-0.02267,-0.02317,-0.0227,-0.02289,-0.02293,-0.02286,-0.02174,-0.0216,-0.02144,-0.0213,-0.02118,-0.02052,-0.02052,-0.02052,-0.02049,-0.02042,-0.0203,-0.01946,-0.01917,-0.01885,-0.01852,-0.0182,-0.01793,-0.01773,-0.01762,-0.0176,-0.01767,-0.01782,-0.01747,-0.01781,-0.01817,-0.01851,-0.01883,-0.01911
219.375 -179.70884,-179.27134,-178.83401,-178.39689,-177.96005,-177.52353,-177.08739,-176.65168,-176.21645,-175.78176,-175.34765,-174.86617,-174.42997,-173.99452,-173.55986,-173.12605,-172.69315,-172.26121,-171.83029,-171.32624,-170.89404,-170.46303,-170.03325,-169.60475,-169.17759,-168.65797,-168.23021,-167.80394,-167.37923,-166.84933,-166.42448,-166.00134,-165.57997,-165.04059,-164.61955,-164.20044,-163.78331,-163.23534,-162.81903,-162.40484,-161.85026,-161.43726,-161.02655,-160.46589,-160.05673,-159.65002,-159.08384,-158.67906,-158.10837,-157.70577,-157.30587,-156.73067,-156.33332,-155.75427,-155.35973,-154.7771,-154.38564,-153.79972,-153.41159,-152.82269,-152.43815,-151.84657,-151.46588,-150.87194,-150.27505,-149.89937,-149.30062,-148.92943,-148.32917,-147.72639,-147.36126,-146.7575,-146.1515,-145.7931,-145.18669,-144.57834,-144.22729,-143.61909,-143.00927,-142.39794,-142.05705,-141.44666,-140.83509,-140.22246,-139.6089,-138.99454,-138.37951,-138.05822,-137.4456,-136.83267,-136.21955,-135.60639,-134.99332,-134.38048,-133.76801,-133.15604,-132.83624,-132.22199,-131.6086,-130.99619,-130.38493,-129.77493,-129.16636,-128.82752,-128.21801,-127.61027,-127.00444,-126.65586,-126.04986,-125.44613,-125.09066,-124.48731,-123.88656,-123.52464,-122.92484,-122.328,-121.96009,-121.36476,-120.77271,-120.39932,-119.80933,-119.43218,-118.84461,-118.46387,-117.87906,-117.49491,-116.91321,-116.52585,-115.94758,-115.55721,-114.98273,-114.58955,-114.01917,-113.62341,-113.05746,-112.65932,-112.25908,-111.69783,-111.29552,-110.73947,-110.33533,-109.92923,-109.37901,-108.97139,-108.56193,-108.01818,-107.60752,-107.19513,-106.78101,-106.24522,-105.83035,-105.41387,-104.88599,-104.4691,-104.05074,-103.63093,-103.11288,-102.6931,-102.27202,-101.84965,-101.42605,-100.92054,-100.49752,-100.07341,-99.64823,-99.22204,-98.79487,-98.30549,-97.87956,-97.45279,-97.02524,-96.59694,-96.16795,-95.73829,-95.30802,-94.87718,-94.4137,-93.98505,-93.55599,-93.12656,-92.6968,-92.26676,-91.83649,-91.40604,-90.97545,-90.54477,-90.11404,-89.68331,-89.25264,-88.82206,-88.39163,-87.96139,-87.53139,-87.10168,-86.67229,-86.24328,-85.8147,-85.35089,-84.92013,-84.48994,-84.06037,-83.63146,-83.20326,-82.77582,-82.34916,-81.92334,-81.43372,-81.00668,-80.58062,-80.15558,-79.73161,-79.30874,-78.80304,-78.3796,-77.95741,-77.53649,-77.11689,-76.5987,-76.17908,-75.76091,-75.34422,-74.81623,-74.39997,-73.98531,-73.44944,-73.03555,-72.62338,-72.21296,-71.66917,-71.25995,-70.85258,-70.30234,-69.8965,-69.34066,-68.93658,-68.53454,-67.97333,-67.57337,-67.00729,-66.60963,-66.21415,-65.64387,-65.25099,-64.67661,-64.28654,-63.70841,-63.32136,-62.73981,-62.35597,-61.77133,-61.39091,-60.80353,-60.4267,-59.83692,-59.24367,-58.87203,-58.27694,-57.90936,-57.31277,-56.71325,-56.35166,-55.7512,-55.14815,-54.79302,-54.1896,-53.58392,-53.23568,-52.63019,-52.02279,-51.41364,-50.80287,-50.46693,-49.85731,-49.24642,-48.63441,-48.02141,-47.40757,-46.79303,-46.17792,-45.86448,-45.25207,-44.63943,-44.0267,-43.41403,-43.09888,-42.48335,-41.86823,-41.25366,-40.63976,-40.02667,-39.41451,-38.8034,-38.46506,-37.8528,-37.24195,-36.63261,-36.28377,-35.67408,-35.06622,-34.4603,-34.10217,-33.49667,-32.89342,-32.52858,-31.92631,-31.32656,-30.95566,-30.35742,-29.98205,-29.38567,-28.79223,-28.41186,-27.82078,-27.43658,-26.84817,-26.46038,-25.87495,-25.48384,-24.90169,-24.50751,-23.92893,-23.53194,-23.13215,-22.55766,-22.15542,-21.58516,-21.18074,-20.77378,-20.20865,-19.79986,-19.2396,-18.82927,-18.41665,-17.86246,-17.44866,-17.03272,-16.6147,-16.06838,-15.64966,-15.22901,-14.68998,-14.269,-13.84626,-13.4218,-12.89222,-12.4679,-12.04203,-11.61466,-11.18584,-10.66857,-10.24046,-9.81108,-9.38046,-8.94866,-8.44489,-8.01435,-7.58281,-7.1503,-6.71688,-6.28262,-5.84755,-5.41174,-4.97523,-4.49675,-4.06243,-3.62758,-3.19224,-2.75648,-2.32033,-1.88386,-1.44711,-1.01014,-0.573,-0.13574,0.30158,0.73893,1.17624,1.61347,2.05056,2.48748,2.92416,3.36057,3.79666,4.23237,4.69521,5.13309,5.57044,6.0072,6.44334,6.87881,7.31357,7.74759,8.23496,8.67018,9.10448,9.53785,9.97023,10.40159,10.90579,11.33764,11.76833,12.19782,12.62607,13.14322,13.57138,13.99817,14.42357,14.95089,15.37573,15.79905,16.33467,16.75707,17.17784,17.59696,18.14052,18.55828,18.97429,19.52445,19.93877,20.49484,20.90724,21.31771,21.8791,22.28734,22.85376,23.25955,23.66329,24.23375,24.63475,25.20934,25.60739,26.18573,26.58062,27.16235,27.55389,28.13862,28.52663,29.114,29.70514,30.08792,30.68108,31.05986,31.65468,32.25268,32.62542,33.22448,33.82632,34.19256,34.79488,35.39961,36.00659,36.36352,36.97018,37.57871,38.18897,38.53576,39.1449,39.7554,40.3671,40.97986,41.59353,42.20796,42.823,43.14681,43.75913,44.37171,44.98441,45.59707,45.90225,46.51789,47.13312,47.74782,48.36182,48.975,49.58723,50.19838,50.5275,51.13989,51.75084,52.36022,52.96792,53.30994,53.91784,54.52372,54.87326,55.47877,56.08196,56.43841,57.04067,57.64026,58.003,58.6011,58.9684,59.56466,60.15777,60.53035,61.12108,61.4976,62.08563,62.46584,63.05083,63.43449,64.01612,64.403,64.98094,65.37079,65.94474,66.33731,66.73248,67.30202,67.69956,68.26436,68.66403,69.06607,69.62537,70.02918,70.58304,70.98839,71.39586,71.94318,72.35183,72.76245,73.17501,73.7141,74.12739,74.54246,75.07364,75.48909,75.90617,76.32485,76.84601,77.26461,77.68465,78.10609,78.52889,79.03717,79.45933,79.88267,80.30717,80.73278,81.15944,81.65114,82.0765,82.50276,82.92986,83.35777,83.78644,84.21582,84.64585,85.07648,85.54148,85.96984,86.39866,86.82788,87.25745,87.68733,88.11746,88.54779,88.97827,89.40886,89.8395,90.27014,90.70074,91.13123,91.56158,91.99173,92.42163,92.85124,93.28049,93.70935,94.13776,94.6024,95.03309,95.46318,95.89262,96.32136,96.74934,97.17653,97.60287,98.02831,98.51971,98.94647,99.37218,99.79678,100.22024,100.64251,101.15053,101.57345,101.99502,102.4152,102.83393,103.35485,103.77368,104.19092,104.60653,105.13749,105.55273,105.96619,106.50508,106.91782,107.32863,107.73747,108.28462,108.69229,109.09784,109.65155,110.05557,110.61474,111.01699,111.41689,111.98158,112.37936,112.77465,113.3442,113.73703,114.31089,114.701,115.27888,115.66603,116.2476,116.63154,117.21649,117.59699,118.18499,118.5618,119.15253,119.52541,120.11853,120.48725,121.08241,121.68055,122.04361,122.64326,123.24557,123.60235,124.20561,124.81124,125.16112,125.76713,126.37517,126.71754,127.3254,127.93495,128.54607,128.878,129.48813,130.09948,130.71193,131.32533,131.93956,132.55449,133.16997,133.47868,134.09143,134.70437,135.31734,135.93021,136.54284,137.15506,137.48191,138.09666,138.71066,139.32377,139.93582,140.54668,141.15619,141.7642,142.11357,142.72248,143.32952,143.93453,144.29376,144.8989,145.50163,145.86782,146.47009,147.06959,147.44231,148.04075,148.63603,149.0148,149.60844,149.99124,150.58286,151.17071,151.55875,152.14398,152.53557,153.1178,153.51276,154.09162,154.48974,155.06486,155.46595,156.03695,156.44079,157.0073,157.41368,157.82207,158.38402,158.79465,159.35122,159.76387,160.17836,160.7291,161.14529,161.56324,162.1074,162.52672,162.94769,163.48453,163.90652,164.33006,164.75512,165.28306,165.7087,166.13574,166.56414,167.08191,167.51042,167.94017,168.37111,168.87747,169.30805,169.73969,170.17234,170.60599,171.04058,171.53057,171.96408,172.39839,172.83345,173.26923,173.70567,174.14275,174.58041,175.04645,175.48206,175.9181,176.3545,176.79124,177.22826,177.66551,178.10294,178.54051,178.97817,179.41587,179.85355 -0.0182,-0.01828,-0.01826,-0.01814,-0.01791,-0.01757,-0.01711,-0.01653,-0.01581,-0.01494,-0.01394,-0.01471,-0.01356,-0.01226,-0.01082,-0.00926,-0.00763,-0.00597,-0.00434,-0.0049,-0.00339,-0.00199,-0.00071,0.00046,0.00152,0.00072,0.0017,0.00267,0.00363,0.00291,0.00388,0.00482,0.0057,0.00483,0.00548,0.00598,0.00631,0.00481,0.00489,0.00492,0.00318,0.00328,0.00353,0.00207,0.0027,0.00353,0.00261,0.00376,0.00296,0.00419,0.00533,0.0043,0.0052,0.00391,0.00462,0.00337,0.00414,0.00326,0.00432,0.004,0.0054,0.00549,0.00708,0.00727,0.00741,0.00885,0.00876,0.01002,0.00976,0.00949,0.01076,0.01071,0.01084,0.01254,0.01309,0.01379,0.01592,0.01683,0.01776,0.01869,0.02098,0.02195,0.02293,0.02382,0.0245,0.02479,0.02453,0.02532,0.02402,0.02222,0.02013,0.01803,0.0162,0.01491,0.01431,0.01446,0.01383,0.01487,0.01632,0.01796,0.01956,0.02093,0.02195,0.02134,0.02194,0.02219,0.02219,0.02179,0.02172,0.02162,0.02168,0.02187,0.0223,0.0229,0.02384,0.02511,0.02602,0.0276,0.02929,0.0299,0.03135,0.03147,0.03245,0.03211,0.03259,0.03199,0.03208,0.03146,0.03136,0.03092,0.03077,0.0306,0.03059,0.03071,0.03096,0.03131,0.03168,0.03224,0.03262,0.03323,0.03348,0.0336,0.034,0.0339,0.03366,0.0338,0.03337,0.03284,0.03219,0.03224,0.03153,0.03079,0.03095,0.03031,0.02972,0.02921,0.02968,0.02937,0.02913,0.02896,0.02883,0.0291,0.02886,0.02861,0.02838,0.0282,0.02811,0.02698,0.02691,0.027,0.02727,0.02767,0.02817,0.0287,0.02919,0.02956,0.02755,0.02768,0.02758,0.02725,0.02668,0.02592,0.02501,0.02401,0.02297,0.02195,0.02098,0.0201,0.01932,0.01863,0.01803,0.0175,0.01702,0.01657,0.01613,0.01569,0.01523,0.0158,0.01513,0.01446,0.01379,0.01317,0.01261,0.01217,0.01186,0.01172,0.01093,0.01109,0.01148,0.01211,0.01293,0.01392,0.01362,0.01472,0.01579,0.01673,0.01749,0.01695,0.01736,0.01749,0.01733,0.01675,0.01627,0.01553,0.01503,0.01399,0.01272,0.01123,0.01051,0.00881,0.00701,0.00619,0.00437,0.00359,0.00185,0.00017,-0.00044,-0.00196,-0.00234,-0.00365,-0.00476,-0.00464,-0.00543,-0.00489,-0.00542,-0.00473,-0.00526,-0.00485,-0.0057,-0.00586,-0.00716,-0.00779,-0.00936,-0.01002,-0.01036,-0.01158,-0.01116,-0.01177,-0.01032,-0.00826,-0.00771,-0.0048,-0.00169,-0.00037,0.00268,0.00532,0.00644,0.00832,0.0097,0.01069,0.01135,0.01109,0.01117,0.01096,0.01045,0.00966,0.00864,0.00751,0.00643,0.00534,0.0047,0.00435,0.00427,0.00441,0.00461,0.00481,0.00504,0.00526,0.0055,0.00582,0.00625,0.0068,0.00728,0.00797,0.00862,0.00913,0.00968,0.00994,0.00994,0.00973,0.01018,0.00985,0.00952,0.00995,0.00969,0.00948,0.00986,0.00963,0.00995,0.00963,0.00921,0.00955,0.00906,0.00952,0.00905,0.00966,0.00926,0.01007,0.00974,0.01071,0.01042,0.01147,0.01251,0.0121,0.01299,0.01239,0.01306,0.01359,0.01288,0.0133,0.0129,0.01342,0.01398,0.01426,0.01503,0.01586,0.01673,0.01742,0.01827,0.01911,0.01937,0.02007,0.02082,0.02162,0.02121,0.02205,0.02294,0.02384,0.02465,0.02404,0.02458,0.02485,0.0248,0.02443,0.02322,0.02249,0.02159,0.02062,0.01966,0.01877,0.01801,0.01738,0.01689,0.0156,0.01519,0.01484,0.01452,0.0142,0.01385,0.01347,0.01303,0.01256,0.01206,0.01154,0.01102,0.0105,0.01003,0.00961,0.00926,0.00901,0.00886,0.00884,0.00892,0.00908,0.00976,0.00993,0.01008,0.0102,0.01025,0.01021,0.01009,0.00988,0.00944,0.00911,0.00877,0.00844,0.00815,0.00793,0.0077,0.00774,0.00789,0.00811,0.00836,0.009,0.00933,0.00957,0.00971,0.01055,0.01049,0.01027,0.0108,0.01026,0.00956,0.00872,0.00845,0.00738,0.0063,0.00549,0.0044,0.00338,0.00245,0.00164,0.00073,0.00016,-0.0006,-0.00095,-0.00123,-0.00167,-0.0018,-0.002,-0.00202,-0.00207,-0.00206,-0.0022,-0.00227,-0.00272,-0.00291,-0.00365,-0.00446,-0.00477,-0.00553,-0.00584,-0.00639,-0.00669,-0.00698,-0.00699,-0.00683,-0.0072,-0.0071,-0.00719,-0.00758,-0.00849,-0.00936,-0.01047,-0.01166,-0.01285,-0.01389,-0.01465,-0.01506,-0.0151,-0.01484,-0.01439,-0.01388,-0.01438,-0.01392,-0.01355,-0.0133,-0.01316,-0.01271,-0.01282,-0.01296,-0.01308,-0.01319,-0.01329,-0.01342,-0.01359,-0.01385,-0.01407,-0.01427,-0.01441,-0.01448,-0.01474,-0.01468,-0.01457,-0.01469,-0.01456,-0.01454,-0.01458,-0.01471,-0.01498,-0.01496,-0.01525,-0.01508,-0.01519,-0.01512,-0.01459,-0.01421,-0.01355,-0.01304,-0.01245,-0.01211,-0.01177,-0.01177,-0.01177,-0.01211,-0.01239,-0.01291,-0.01333,-0.01384,-0.01431,-0.01478,-0.01521,-0.01564,-0.01609,-0.01655,-0.017,-0.01753,-0.01797,-0.01844,-0.01877,-0.01914,-0.01948,-0.0198,-0.01944,-0.01957,-0.01963,-0.01874,-0.01865,-0.01847,-0.01818,-0.01704,-0.01664,-0.01615,-0.0156,-0.01499,-0.01419,-0.01366,-0.01313,-0.01261,-0.01211,-0.01163,-0.0108,-0.01028,-0.00979,-0.00937,-0.00904,-0.00881,-0.00869,-0.00869,-0.0088,-0.0085,-0.00883,-0.00921,-0.00959,-0.00994,-0.01023,-0.01043,-0.01053,-0.0105,-0.01036,-0.01013,-0.00983,-0.0095,-0.00919,-0.00894,-0.00879,-0.00879,-0.00894,-0.00926,-0.00973,-0.01035,-0.01123,-0.01208,-0.01298,-0.01388,-0.01473,-0.01548,-0.01611,-0.01657,-0.01686,-0.01754,-0.01744,-0.01713,-0.01663,-0.01595,-0.01513,-0.01449,-0.01344,-0.01236,-0.0113,-0.01029,-0.00951,-0.00869,-0.00798,-0.00738,-0.00709,-0.00675,-0.00651,-0.00658,-0.00657,-0.00666,-0.00685,-0.00737,-0.00771,-0.00809,-0.00871,-0.00902,-0.00946,-0.00954,-0.00955,-0.00949,-0.00928,-0.00905,-0.00868,-0.00841,-0.00813,-0.00795,-0.00791,-0.00791,-0.00818,-0.00833,-0.00887,-0.00912,-0.00986,-0.01017,-0.01103,-0.01135,-0.01229,-0.01254,-0.01344,-0.01429,-0.01428,-0.01498,-0.01558,-0.01537,-0.01582,-0.01612,-0.01585,-0.01592,-0.01572,-0.01534,-0.01473,-0.01376,-0.0124,-0.01146,-0.00954,-0.00736,-0.00507,-0.00285,-0.00088,0.00068,0.00174,0.00227,0.0025,0.0023,0.00179,0.00111,0.00041,-0.00019,-0.00066,-0.00103,-0.0012,-0.00123,-0.00119,-0.00117,-0.00127,-0.00156,-0.00215,-0.00279,-0.00364,-0.00464,-0.00544,-0.0065,-0.00755,-0.00819,-0.00912,-0.00994,-0.01047,-0.01112,-0.01156,-0.01197,-0.01202,-0.01229,-0.01181,-0.01096,-0.01092,-0.00974,-0.0097,-0.0086,-0.0088,-0.0082,-0.0088,-0.00889,-0.00988,-0.01052,-0.0117,-0.01251,-0.01365,-0.0147,-0.01517,-0.01594,-0.01601,-0.01655,-0.01698,-0.0167,-0.01707,-0.01745,-0.01695,-0.0174,-0.01789,-0.01709,-0.01763,-0.01819,-0.01875,-0.01747,-0.01795,-0.01837,-0.01873,-0.01727,-0.01763,-0.01794,-0.01822,-0.01724,-0.01762,-0.01796,-0.01825,-0.01847,-0.0186,-0.0178,-0.01774,-0.01756,-0.01728,-0.01692,-0.01653,-0.01614,-0.01579,-0.01481,-0.01466,-0.01464,-0.01476,-0.01501,-0.01539,-0.01584,-0.01635,-0.01686,-0.01732,-0.01771,-0.01801
225.0 -179.75438,-179.3266,-178.89903,-178.47172,-178.04472,-177.61807,-177.19184,-176.76605,-176.34077,-175.91604,-175.49192,-175.06845,-174.64569,-174.22367,-173.80246,-173.31572,-172.89297,-172.47117,-172.05036,-171.63061,-171.21196,-170.79446,-170.29012,-169.87176,-169.45471,-169.039,-168.62469,-168.10847,-167.69383,-167.28074,-166.86926,-166.45941,-165.93245,-165.52281,-165.11496,-164.58112,-164.17379,-163.76842,-163.36505,-162.82359,-162.42118,-162.02091,-161.4736,-161.07465,-160.67798,-160.12531,-159.7303,-159.17332,-158.7802,-158.3896,-157.82813,-157.43978,-156.87456,-156.48868,-156.10556,-155.5368,-155.15649,-154.58462,-154.20736,-153.63262,-153.25866,-152.68134,-152.31091,-151.73127,-151.14889,-150.78296,-150.1987,-149.83692,-149.2511,-148.89367,-148.3066,-147.7173,-147.36573,-146.77567,-146.18363,-145.83852,-145.24622,-144.65221,-144.05657,-143.72036,-143.12519,-142.52871,-141.931,-141.60478,-141.00825,-140.4108,-139.81254,-139.21358,-138.61405,-138.01406,-137.41374,-137.10946,-136.51186,-135.91425,-135.31675,-134.71949,-134.12259,-133.81159,-133.21238,-132.61384,-132.0161,-131.41929,-130.82353,-130.22896,-129.63569,-129.30411,-128.70993,-128.11738,-127.52659,-127.18587,-126.59485,-126.00591,-125.41916,-125.07005,-124.48377,-123.90001,-123.54498,-122.96219,-122.38222,-122.0217,-121.44322,-121.07899,-120.5023,-119.92893,-119.55992,-118.98885,-118.61654,-118.04808,-117.67263,-117.10709,-116.72867,-116.16636,-115.78514,-115.22636,-114.84254,-114.2876,-113.90136,-113.51311,-112.96207,-112.57167,-112.02518,-111.63282,-111.23857,-110.69703,-110.30111,-109.76479,-109.36741,-108.96831,-108.43792,-108.03765,-107.63575,-107.11188,-106.70911,-106.3048,-105.89898,-105.38312,-104.97683,-104.56914,-104.16007,-103.65319,-103.24405,-102.83365,-102.42203,-101.92504,-101.51375,-101.10135,-100.68789,-100.2734,-99.8579,-99.37523,-98.96066,-98.54522,-98.12895,-97.71188,-97.29406,-96.87551,-96.41128,-95.99434,-95.57682,-95.15876,-94.74019,-94.32116,-93.90172,-93.48189,-93.06172,-92.64126,-92.22054,-91.79961,-91.37851,-90.95729,-90.53598,-90.11463,-89.69329,-89.27199,-88.85078,-88.4297,-88.0088,-87.58811,-87.16769,-86.74757,-86.32779,-85.9084,-85.48943,-85.07094,-84.65295,-84.23551,-83.81865,-83.35413,-82.93568,-82.51796,-82.101,-81.68485,-81.26952,-80.85508,-80.37217,-79.95681,-79.54246,-79.12915,-78.71691,-78.30577,-77.80859,-77.39714,-76.98692,-76.57796,-76.07092,-75.66204,-75.25454,-74.84845,-74.33247,-73.92686,-73.52277,-72.99956,-72.59626,-72.19458,-71.79454,-71.2641,-70.86524,-70.46811,-69.93175,-69.53609,-68.99454,-68.60056,-68.20847,-67.662,-67.27186,-66.72087,-66.3329,-65.94695,-65.39207,-65.00854,-64.44985,-64.06893,-63.50673,-63.12861,-62.5632,-62.18805,-61.61973,-61.24774,-60.67682,-60.10244,-59.73494,-59.15845,-58.79454,-58.21627,-57.635,-57.27634,-56.6938,-56.3391,-55.7556,-55.16959,-54.82081,-54.23434,-53.64568,-53.05496,-52.71458,-52.1241,-51.53187,-50.93802,-50.34268,-50.01385,-49.41962,-48.82422,-48.22777,-47.6304,-47.03224,-46.43342,-45.83406,-45.23429,-44.63425,-44.03405,-43.43383,-42.8337,-42.23379,-41.63422,-41.03512,-40.4366,-39.83877,-39.24175,-38.91801,-38.31962,-37.72236,-37.12632,-36.53161,-36.19561,-35.60045,-35.00692,-34.66368,-34.07022,-33.47866,-33.12874,-32.53777,-31.94895,-31.59293,-31.0052,-30.41986,-30.05836,-29.47458,-29.10895,-28.52704,-28.1575,-27.57775,-27.20455,-26.62725,-26.2506,-25.67603,-25.29618,-24.7246,-24.34179,-23.77346,-23.38793,-22.82311,-22.43511,-21.87402,-21.48378,-21.09102,-20.53442,-20.13976,-19.74272,-19.19115,-18.79256,-18.2456,-17.8457,-17.44366,-17.03953,-16.49953,-16.09453,-15.68758,-15.15405,-14.74658,-14.33731,-13.92628,-13.40118,-12.99006,-12.57735,-12.16309,-11.64715,-11.23322,-10.8179,-10.40122,-9.98324,-9.56401,-9.06204,-8.64377,-8.22439,-7.80396,-7.38254,-6.96016,-6.53688,-6.05279,-5.63115,-5.20875,-4.78564,-4.36188,-3.93752,-3.5126,-3.08717,-2.66129,-2.23499,-1.80834,-1.38138,-0.95415,-0.52672,-0.09911,0.32861,0.7564,1.18422,1.61201,2.03974,2.46735,2.8948,3.32205,3.74905,4.17576,4.60213,5.02813,5.45371,5.87884,6.33382,6.76068,7.18694,7.61256,8.03749,8.4617,8.88515,9.36028,9.78468,10.20819,10.63077,11.05239,11.47301,11.96353,12.38445,12.80425,13.22291,13.72425,14.14275,14.55999,14.97594,15.48692,15.90229,16.31626,16.83517,17.24824,17.6598,18.18594,18.59628,19.00502,19.53768,19.9449,20.35048,20.88894,21.29268,21.83653,22.23824,22.63813,23.18658,23.58416,24.13715,24.53222,25.08938,25.48174,26.04273,26.43219,26.99664,27.38303,27.95059,28.33374,28.90405,29.28378,29.8565,30.43282,30.80743,31.38558,31.75636,32.336,32.91865,33.2836,33.86718,34.45341,34.8121,35.39871,35.98761,36.57867,36.9284,37.51907,38.11154,38.70565,39.30128,39.63869,40.23299,40.82845,41.42493,42.02228,42.62037,43.21903,43.81816,44.4176,45.01722,45.61688,46.21646,46.81581,47.4148,48.0133,48.61119,49.20834,49.52055,50.11936,50.71711,51.31368,51.90892,52.23444,52.83036,53.42464,54.01715,54.35237,54.94481,55.53517,55.87739,56.46714,57.05451,57.40315,57.98937,58.57294,58.92739,59.5093,59.86802,60.44793,60.8107,61.3883,61.75488,62.32985,62.70001,63.27205,63.64556,64.21435,64.59099,65.15623,65.53575,66.09715,66.47931,67.03659,67.42117,67.80819,68.36079,68.74989,69.29768,69.68862,70.08179,70.62389,71.01856,71.41532,71.95114,72.34908,72.74896,73.27794,73.67866,74.08118,74.48548,75.00581,75.4105,75.81681,76.22471,76.73543,77.14329,77.55258,77.96326,78.46346,78.87367,79.28513,79.69778,80.11159,80.52651,81.01116,81.42498,81.83975,82.25544,82.67199,83.08936,83.5075,83.92636,84.38852,84.80546,85.22298,85.64103,86.05956,86.47853,86.89788,87.31757,87.73755,88.15777,88.57819,88.99875,89.41942,89.84013,90.26084,90.68152,91.10209,91.52253,91.94277,92.36278,92.7825,93.20189,93.62089,94.03947,94.45757,94.87515,95.29215,95.75394,96.17288,96.59109,97.00854,97.42518,97.84095,98.25582,98.66974,99.15407,99.56909,99.98301,100.39579,100.80737,101.21772,101.71762,102.12844,102.53788,102.94589,103.45634,103.86439,104.27087,104.67573,105.19582,105.60029,106.003,106.4039,106.93267,107.33274,107.73088,108.2665,108.66348,109.05837,109.60029,109.99368,110.38486,110.93248,111.32183,111.87428,112.26156,112.64639,113.20354,113.58597,114.14726,114.52705,115.0922,115.46912,115.84328,116.41164,116.7826,117.35407,117.929,118.29589,118.87346,119.23654,119.81644,120.17549,120.75739,121.11218,121.69576,122.28201,122.631,123.21841,123.8082,124.15079,124.74121,125.33372,125.66933,126.26192,126.85629,127.45233,127.77824,128.37361,128.97031,129.56823,129.88334,130.47982,131.07718,131.67529,132.27403,132.87326,133.47286,134.07269,134.67262,135.27252,135.87225,136.47167,137.07064,137.66902,138.26668,138.86348,139.45927,140.05392,140.64728,140.98725,141.58173,142.17458,142.76563,143.11532,143.70678,144.29608,144.8831,145.24177,145.82844,146.41245,146.77739,147.36049,147.94057,148.31132,148.88994,149.46517,149.84131,150.41451,150.79423,151.36504,151.74818,152.31625,152.70265,153.26762,153.65712,154.21863,154.61104,155.16874,155.56387,156.1174,156.51505,157.06406,157.46404,158.00816,158.41025,158.81411,159.35314,159.75883,160.1662,160.69944,161.10835,161.63537,162.0456,162.45734,162.97736,163.3901,163.80427,164.21984,164.73142,165.14758,165.56503,165.98376,166.48571,166.90459,167.32462,167.74579,168.23692,168.6578,169.07968,169.50252,169.92629,170.40378,170.82671,171.25044,171.67492,172.10013,172.52602,172.95256,173.4104,173.83531,174.26073,174.68661,175.11291,175.53959,175.96661,176.39392,176.82148,177.24925,177.67718,178.10523,178.53335,178.96149,179.38962,179.81768 -0.01634,-0.01622,-0.01595,-0.01552,-0.01493,-0.01419,-0.01328,-0.01221,-0.01097,-0.00959,-0.00807,-0.00645,-0.00475,-0.00301,-0.00126,-0.00202,-0.00034,0.00127,0.00279,0.00418,0.00544,0.00657,0.00548,0.00647,0.00737,0.00822,0.00904,0.00805,0.00893,0.00981,0.01069,0.01155,0.01069,0.01143,0.01205,0.01091,0.01124,0.01144,0.01151,0.00993,0.00992,0.00993,0.00853,0.00878,0.00914,0.00836,0.00907,0.00867,0.00958,0.01044,0.01014,0.01084,0.01024,0.01067,0.01097,0.01008,0.01039,0.00961,0.01024,0.00986,0.01094,0.011,0.01242,0.0127,0.01292,0.01436,0.01438,0.0156,0.01536,0.01638,0.01606,0.01581,0.01683,0.01688,0.01722,0.01862,0.01944,0.02049,0.02165,0.02342,0.0246,0.0257,0.02671,0.02828,0.02913,0.02984,0.03034,0.03048,0.03014,0.02922,0.02772,0.02759,0.02552,0.02336,0.02142,0.01996,0.01922,0.01808,0.0185,0.01963,0.02126,0.0231,0.02482,0.02618,0.027,0.02617,0.02624,0.02586,0.02514,0.02412,0.02331,0.02253,0.02192,0.02152,0.02143,0.02178,0.02216,0.0233,0.02498,0.02607,0.02835,0.02955,0.03198,0.03434,0.03492,0.03663,0.03649,0.03735,0.03656,0.03662,0.03542,0.03492,0.03365,0.03289,0.03189,0.03125,0.03075,0.03057,0.03059,0.0309,0.03132,0.03192,0.03254,0.03316,0.03369,0.03421,0.03453,0.03472,0.03497,0.03497,0.03486,0.03493,0.03468,0.03436,0.03394,0.03382,0.03332,0.03279,0.03225,0.03195,0.03147,0.03103,0.03064,0.03007,0.02962,0.02913,0.02855,0.02788,0.02712,0.02508,0.02404,0.02303,0.02209,0.02131,0.02072,0.02038,0.01781,0.01789,0.01825,0.01884,0.01956,0.02031,0.02099,0.02149,0.02175,0.02174,0.02146,0.02094,0.02023,0.0194,0.01849,0.01756,0.01666,0.01579,0.01498,0.01423,0.01356,0.01298,0.01248,0.01209,0.01182,0.01166,0.01163,0.0117,0.01187,0.0121,0.01238,0.01273,0.01288,0.01308,0.01334,0.0137,0.01419,0.01483,0.01505,0.01599,0.01704,0.01815,0.01921,0.02014,0.02012,0.02057,0.02065,0.02035,0.01921,0.0183,0.01707,0.01554,0.01426,0.01253,0.01064,0.00979,0.00784,0.0058,0.00372,0.00321,0.00125,-0.00059,-0.00091,-0.00245,-0.00275,-0.00398,-0.00496,-0.00531,-0.00603,-0.00644,-0.00691,-0.00716,-0.00741,-0.00744,-0.00746,-0.00742,-0.00743,-0.00763,-0.00801,-0.0087,-0.00963,-0.01074,-0.01199,-0.01315,-0.01425,-0.01494,-0.01558,-0.01546,-0.01464,-0.01429,-0.01227,-0.01117,-0.00803,-0.00444,-0.00254,0.00111,0.00431,0.00682,0.00801,0.00935,0.00999,0.01011,0.00986,0.0095,0.0088,0.00799,0.00714,0.00632,0.00558,0.00502,0.00469,0.00461,0.00476,0.00506,0.00541,0.00571,0.00585,0.00585,0.00575,0.0056,0.00551,0.00554,0.00596,0.00625,0.0065,0.0066,0.00649,0.00712,0.00673,0.00617,0.00676,0.00621,0.00575,0.00647,0.00623,0.00606,0.0068,0.00656,0.00615,0.00667,0.00593,0.00635,0.00537,0.00581,0.00477,0.00534,0.0044,0.00514,0.00439,0.00524,0.00464,0.0056,0.00507,0.00609,0.00558,0.00662,0.00611,0.00715,0.00816,0.00773,0.00874,0.00968,0.00965,0.01071,0.0111,0.01226,0.01336,0.01439,0.01505,0.01589,0.01657,0.01652,0.01681,0.01701,0.0172,0.01603,0.01625,0.01667,0.01732,0.01638,0.01744,0.0186,0.01975,0.02076,0.02154,0.02093,0.02122,0.02115,0.02076,0.0201,0.01926,0.01829,0.01661,0.01558,0.01458,0.01367,0.01285,0.01214,0.01153,0.011,0.01053,0.0101,0.00969,0.00929,0.00889,0.00848,0.00807,0.00765,0.00724,0.00685,0.00651,0.00623,0.00604,0.00595,0.00597,0.0061,0.00633,0.00661,0.00692,0.00722,0.00747,0.00876,0.00884,0.00881,0.00869,0.00847,0.00819,0.00788,0.00816,0.00782,0.00752,0.00729,0.00711,0.00699,0.00737,0.00734,0.00728,0.00717,0.00768,0.00748,0.00717,0.00675,0.00731,0.00679,0.00618,0.00664,0.00589,0.0051,0.00527,0.0044,0.00356,0.00342,0.00263,0.00193,0.00166,0.00113,0.00076,0.0004,0.00012,-0.0003,-0.00051,-0.001,-0.00116,-0.00155,-0.00167,-0.00183,-0.00187,-0.00187,-0.00192,-0.00201,-0.00216,-0.00255,-0.00285,-0.00356,-0.00447,-0.00499,-0.00601,-0.00666,-0.00758,-0.00825,-0.00891,-0.00925,-0.00939,-0.01003,-0.01018,-0.01047,-0.01101,-0.012,-0.01289,-0.01393,-0.01499,-0.01592,-0.01665,-0.01714,-0.01733,-0.01723,-0.01694,-0.01651,-0.016,-0.01546,-0.0149,-0.01434,-0.01383,-0.01338,-0.013,-0.01269,-0.01245,-0.01229,-0.01224,-0.0126,-0.01267,-0.01277,-0.01286,-0.01296,-0.01332,-0.01335,-0.01334,-0.0133,-0.01356,-0.01354,-0.01361,-0.01394,-0.01425,-0.01477,-0.01515,-0.01579,-0.01643,-0.01653,-0.01688,-0.01666,-0.01662,-0.01609,-0.01577,-0.01507,-0.01473,-0.01403,-0.01392,-0.01337,-0.01364,-0.01332,-0.01395,-0.01382,-0.01471,-0.01467,-0.01566,-0.01563,-0.01566,-0.0166,-0.01662,-0.01747,-0.01748,-0.01756,-0.01807,-0.01807,-0.01812,-0.01799,-0.0179,-0.01783,-0.01698,-0.01683,-0.01671,-0.01664,-0.0154,-0.01538,-0.01539,-0.01541,-0.01441,-0.01447,-0.01447,-0.0144,-0.01376,-0.01362,-0.01336,-0.013,-0.01254,-0.01199,-0.01104,-0.01031,-0.00957,-0.00884,-0.00819,-0.00766,-0.00727,-0.00705,-0.00663,-0.00681,-0.00715,-0.00761,-0.00814,-0.00871,-0.00927,-0.0098,-0.01025,-0.01061,-0.01086,-0.011,-0.01102,-0.01096,-0.01084,-0.01068,-0.01053,-0.01042,-0.01037,-0.01041,-0.01055,-0.01079,-0.01113,-0.01155,-0.01204,-0.01255,-0.01306,-0.01343,-0.01398,-0.01444,-0.01478,-0.01498,-0.01505,-0.01498,-0.01478,-0.01521,-0.01477,-0.01421,-0.01353,-0.01276,-0.01192,-0.01146,-0.01051,-0.00957,-0.0087,-0.00811,-0.00739,-0.00681,-0.00635,-0.00615,-0.00594,-0.00585,-0.00591,-0.00613,-0.0064,-0.00679,-0.00729,-0.00785,-0.0085,-0.009,-0.00964,-0.01029,-0.01033,-0.01076,-0.01038,-0.01057,-0.01073,-0.00991,-0.00996,-0.00915,-0.00921,-0.00862,-0.00876,-0.00894,-0.00871,-0.00895,-0.00901,-0.00928,-0.00958,-0.01004,-0.0103,-0.01085,-0.01096,-0.01147,-0.01135,-0.01175,-0.01219,-0.01176,-0.01225,-0.01286,-0.01241,-0.01312,-0.01378,-0.01339,-0.01387,-0.01405,-0.01383,-0.01324,-0.01245,-0.01116,-0.00943,-0.00853,-0.00645,-0.00429,-0.00224,-0.00048,0.00085,0.0017,0.00209,0.00209,0.00183,0.00143,0.001,0.00063,0.00037,0.00026,0.00028,0.00039,0.00053,0.00061,0.00019,-2e-05,-0.00046,-0.00116,-0.00209,-0.00313,-0.00428,-0.00544,-0.00642,-0.00742,-0.00824,-0.00895,-0.00948,-0.00979,-0.01027,-0.01025,-0.00995,-0.01013,-0.00941,-0.00934,-0.00827,-0.00804,-0.00691,-0.00673,-0.00593,-0.00604,-0.0058,-0.00631,-0.0066,-0.00747,-0.00797,-0.00905,-0.00941,-0.01052,-0.01053,-0.01155,-0.0125,-0.01202,-0.0128,-0.01348,-0.01257,-0.01307,-0.01182,-0.01217,-0.01248,-0.01078,-0.01103,-0.01133,-0.01168,-0.00973,-0.0102,-0.01075,-0.01136,-0.0097,-0.01046,-0.01125,-0.01205,-0.01091,-0.0118,-0.01265,-0.01344,-0.01415,-0.01326,-0.01384,-0.01429,-0.01458,-0.01472,-0.01472,-0.01461,-0.01346,-0.0133,-0.01312,-0.01296,-0.01286,-0.01283,-0.01292,-0.01312,-0.01344,-0.01386,-0.01436,-0.01488,-0.01538,-0.01581,-0.01612,-0.01631
230.625 -179.84856,-179.43306,-179.01783,-178.60291,-178.18835,-177.7742,-177.36049,-176.94726,-176.53458,-176.06784,-175.65328,-175.23938,-174.82619,-174.41377,-174.00215,-173.59138,-173.1815,-172.77257,-172.36463,-171.87367,-171.4647,-171.05686,-170.6502,-170.24475,-169.84057,-169.33621,-168.93156,-168.52832,-168.12652,-167.72621,-167.21147,-166.81118,-166.41252,-166.01554,-165.49282,-165.09625,-164.7015,-164.17269,-163.77866,-163.38657,-162.99648,-162.461,-162.07203,-161.68519,-161.14457,-160.75917,-160.37603,-159.83072,-159.44934,-158.90024,-158.52083,-158.14389,-157.59091,-157.21626,-156.66001,-156.28787,-155.72855,-155.35915,-154.797,-154.43055,-154.06693,-153.50253,-152.93543,-152.57555,-152.00635,-151.65008,-151.07905,-150.72659,-150.15401,-149.80556,-149.23171,-148.65573,-148.31262,-147.7358,-147.15707,-146.81986,-146.24074,-145.65994,-145.32916,-144.74845,-144.16631,-143.84247,-143.26088,-142.67813,-142.09432,-141.50954,-141.19739,-140.614,-140.02992,-139.44527,-138.86015,-138.27465,-137.68889,-137.10297,-136.517,-136.229,-135.64602,-135.06328,-134.75996,-134.17494,-133.59045,-133.0066,-132.42351,-131.84129,-131.26007,-130.67994,-130.10104,-129.77589,-129.19612,-128.61785,-128.04121,-127.46631,-127.13062,-126.55564,-125.98269,-125.41187,-125.06851,-124.49824,-123.93039,-123.58162,-123.01478,-122.66239,-122.09684,-121.53416,-121.17696,-120.61603,-120.25554,-119.69664,-119.14104,-118.77642,-118.2233,-117.85578,-117.30542,-116.93516,-116.38785,-116.015,-115.471,-115.09574,-114.55531,-114.17782,-113.79846,-113.26166,-112.88029,-112.34772,-111.96451,-111.57955,-111.05155,-110.665,-110.14184,-109.7539,-109.36434,-108.84665,-108.45596,-108.06374,-107.55204,-107.15896,-106.76443,-106.36848,-105.86411,-105.46765,-105.06985,-104.57262,-104.1746,-103.77535,-103.3749,-102.88649,-102.48617,-102.08476,-101.68229,-101.27878,-100.80151,-100.39858,-99.99473,-99.58999,-99.18439,-98.77797,-98.31488,-97.90956,-97.50354,-97.09685,-96.68952,-96.28159,-95.87309,-95.46406,-95.05453,-94.61393,-94.20629,-93.79827,-93.38992,-92.98126,-92.57234,-92.1632,-91.75388,-91.3444,-90.93481,-90.52515,-90.11545,-89.70575,-89.2961,-88.88652,-88.47707,-88.06776,-87.65865,-87.24977,-86.84116,-86.43286,-86.02489,-85.58628,-85.17636,-84.7669,-84.35795,-83.94953,-83.54169,-83.13445,-82.72786,-82.32194,-81.91673,-81.45336,-81.04706,-80.64158,-80.23697,-79.83326,-79.43046,-78.95296,-78.54961,-78.14729,-77.74604,-77.25874,-76.85728,-76.45701,-76.05794,-75.6601,-75.16272,-74.76512,-74.36885,-73.86435,-73.46861,-73.07429,-72.68143,-72.16963,-71.77764,-71.38718,-70.86942,-70.48011,-70.09241,-69.5692,-69.1829,-68.65488,-68.27018,-67.88723,-67.35466,-66.97356,-66.43678,-66.0577,-65.51698,-65.1401,-64.76514,-64.2212,-63.84866,-63.30142,-62.93147,-62.38121,-62.01401,-61.46101,-61.0967,-60.54123,-59.98249,-59.62232,-59.06155,-58.70468,-58.14217,-57.57682,-57.22476,-56.65812,-56.08891,-55.74206,-55.17203,-54.59969,-54.25842,-53.68572,-53.11101,-52.77565,-52.20102,-51.62467,-51.0467,-50.46723,-50.14241,-49.56382,-48.98402,-48.40312,-47.82123,-47.23849,-46.65499,-46.07085,-45.4862,-44.90114,-44.31579,-43.73027,-43.14468,-42.55915,-41.97377,-41.38867,-40.80395,-40.21971,-39.63606,-39.3263,-38.74109,-38.15675,-37.57338,-36.99108,-36.66929,-36.08627,-35.50459,-34.92432,-34.59374,-34.0134,-33.43474,-33.09774,-32.51947,-31.9431,-31.60023,-31.02469,-30.6775,-30.10307,-29.53091,-29.17872,-28.60811,-28.25212,-27.68333,-27.32375,-26.75705,-26.39408,-25.82972,-25.46358,-24.90182,-24.53273,-23.97379,-23.60198,-23.04609,-22.67177,-22.29489,-21.74254,-21.36346,-20.81472,-20.43367,-20.05027,-19.5059,-19.12084,-18.73357,-18.19405,-17.80543,-17.41473,-16.88052,-16.48879,-16.0951,-15.56661,-15.17221,-14.77599,-14.378,-13.85697,-13.45867,-13.05873,-12.65721,-12.14434,-11.7429,-11.34001,-10.93572,-10.53006,-10.0278,-9.62271,-9.2164,-8.80892,-8.40031,-7.99062,-7.50198,-7.09339,-6.68387,-6.27345,-5.86217,-5.45009,-5.03725,-4.6237,-4.20948,-3.79464,-3.33052,-2.91763,-2.50425,-2.09042,-1.67619,-1.2616,-0.84669,-0.43151,-0.01611,0.39948,0.81521,1.23104,1.64692,2.06282,2.47868,2.89448,3.30885,3.72719,4.14531,4.56318,4.98075,5.39799,5.81486,6.23133,6.64734,7.06288,7.50666,7.92369,8.3401,8.75586,9.17094,9.5853,9.99892,10.46121,10.8756,11.28911,11.70172,12.1134,12.58861,13.00055,13.41144,13.82127,14.30676,14.71643,15.12495,15.53228,16.02692,16.4337,16.83919,17.34142,17.74606,18.14932,18.65848,19.06059,19.46123,19.97666,20.37588,20.89701,21.29459,21.69057,22.21683,22.61091,23.14208,23.53406,23.92433,24.45949,24.84743,25.38668,25.77211,26.31512,26.69786,27.2443,27.62419,28.17372,28.72723,29.10289,29.65895,30.03132,30.5896,30.95855,31.51872,32.08211,32.44586,33.01061,33.57824,33.93638,34.50483,35.07583,35.64924,35.99925,36.57276,37.14833,37.72583,38.06699,38.64389,39.22237,39.80231,40.38356,40.966,41.29245,41.87323,42.45486,43.03723,43.62021,44.20365,44.78743,45.37142,45.95547,46.53948,47.12331,47.70684,47.99917,48.58499,49.17018,49.75461,50.33818,50.92075,51.22959,51.8133,52.39571,52.97671,53.29565,53.87706,54.45674,55.03461,55.36259,55.94014,56.5156,56.85011,57.42475,57.76398,58.33748,58.90842,59.25326,59.82258,60.17157,60.73895,61.09188,61.65702,62.219,62.57625,63.13554,63.49614,64.05244,64.41617,64.78261,65.33581,65.70508,66.25458,66.62643,67.17197,67.54618,67.92281,68.46383,68.8425,69.3789,69.75938,70.14206,70.67298,71.05715,71.44338,71.96827,72.35566,72.74499,73.2633,73.65348,74.04544,74.43915,74.94915,75.34329,75.73905,76.13637,76.63713,77.03447,77.43323,77.83338,78.32402,78.72378,79.12477,79.52697,79.93031,80.33478,80.81048,81.21394,81.61836,82.02371,82.42994,82.83701,83.24486,83.70137,84.10753,84.51433,84.92174,85.3297,85.73817,86.1471,86.55645,86.96618,87.37623,87.78656,88.19713,88.60788,89.01877,89.42977,89.8408,90.25185,90.66285,91.07375,91.48452,91.89511,92.30547,92.71556,93.12532,93.53471,93.9437,94.35222,94.76024,95.1677,95.57457,95.9808,96.43692,96.84486,97.25201,97.65834,98.06379,98.46832,98.87188,99.34723,99.75181,100.15529,100.55761,100.95874,101.35863,101.84895,102.24925,102.64817,103.04567,103.54614,103.94363,104.33956,104.73388,105.24361,105.63751,106.02967,106.42005,106.93811,107.32765,107.71526,108.23993,108.62638,109.01078,109.5415,109.92442,110.30514,110.84136,111.22028,111.76114,112.13803,112.51251,113.0579,113.43003,113.9794,114.34896,114.71589,115.26879,115.63282,116.18902,116.54994,117.10914,117.46672,118.02863,118.38265,118.94698,119.51431,119.86367,120.43295,120.77816,121.34908,121.68994,122.26219,122.83684,123.17174,123.74722,124.32481,124.65319,125.23111,125.81086,126.39234,126.71171,127.29279,127.8753,128.45913,128.76841,129.35111,129.93481,130.51939,131.10474,131.40025,131.98353,132.56724,133.15126,133.73548,134.31975,134.90396,135.48798,136.07167,136.65491,137.23757,137.81951,138.4006,138.98072,139.30974,139.89133,140.47162,141.05045,141.62771,142.20325,142.54669,143.12264,143.69654,144.26825,144.6203,145.19171,145.76058,146.11868,146.68674,147.25192,147.61568,148.17951,148.74013,149.10911,149.66785,150.04025,150.59679,151.14955,151.52648,152.07649,152.45644,153.00337,153.38618,153.9297,154.3152,154.85497,155.24296,155.77867,156.16897,156.561,157.09273,157.48686,158.0137,158.40974,158.93136,159.32912,159.72842,160.24444,160.64519,161.04741,161.55717,161.96055,162.36531,162.86815,163.27378,163.68071,164.17596,164.58345,164.99214,165.40201,165.8881,166.29814,166.70924,167.1214,167.59721,168.00912,168.42196,168.8357,169.25032,169.71322,170.12708,170.54169,170.95703,171.37304,171.78972,172.23611,172.65139,173.0672,173.4835,173.90025,174.31741,174.73494,175.1528,175.57096,175.99116,176.40699,176.82297,177.23907,177.65524,178.07144,178.48763,178.90377,179.31981,179.73572 -0.0121,-0.01153,-0.01078,-0.0099,-0.00888,-0.0077,-0.00638,-0.00489,-0.00327,-0.00359,-0.00178,0.0001,0.002,0.00388,0.0057,0.00741,0.00898,0.01039,0.01162,0.01078,0.01176,0.0126,0.01332,0.01396,0.01454,0.01357,0.01421,0.01486,0.01554,0.01624,0.01554,0.01628,0.01696,0.01756,0.01668,0.01706,0.01728,0.01598,0.01595,0.01581,0.0156,0.01408,0.0139,0.01376,0.01263,0.01272,0.01287,0.01238,0.01271,0.01256,0.01292,0.01316,0.01306,0.01316,0.01293,0.01298,0.01271,0.01294,0.01284,0.01347,0.01433,0.01481,0.01537,0.01675,0.01735,0.01873,0.0191,0.02025,0.02026,0.02116,0.02089,0.02054,0.02131,0.02102,0.02089,0.02192,0.02219,0.02277,0.02422,0.0252,0.02635,0.02798,0.02911,0.03013,0.03102,0.03176,0.03274,0.03317,0.03346,0.03353,0.03331,0.03272,0.0317,0.0303,0.02864,0.0285,0.027,0.02579,0.02428,0.02379,0.024,0.02487,0.02624,0.02787,0.02945,0.03072,0.03146,0.03083,0.03073,0.03011,0.02911,0.02796,0.02672,0.02565,0.02483,0.02437,0.02351,0.02363,0.02424,0.024,0.02543,0.02578,0.02805,0.03075,0.03181,0.03481,0.03589,0.03859,0.04086,0.04113,0.0424,0.04187,0.04203,0.04079,0.03993,0.03821,0.03671,0.03497,0.03335,0.03203,0.03107,0.03029,0.03009,0.03011,0.03055,0.03117,0.03201,0.03276,0.03373,0.03431,0.03475,0.03541,0.03557,0.03563,0.03586,0.03571,0.0355,0.03523,0.0349,0.03444,0.03393,0.03304,0.03238,0.03172,0.03108,0.0297,0.02905,0.02843,0.0278,0.02713,0.02511,0.0242,0.02317,0.02202,0.02078,0.01947,0.01679,0.01553,0.01439,0.01344,0.01275,0.01238,0.01237,0.01271,0.01337,0.01366,0.01472,0.01576,0.01667,0.01734,0.01772,0.0178,0.01759,0.01716,0.01654,0.01581,0.015,0.01417,0.01331,0.01249,0.0117,0.01097,0.01034,0.00985,0.00953,0.0094,0.00948,0.00978,0.01019,0.01073,0.01135,0.01198,0.01259,0.01313,0.0136,0.01401,0.01439,0.01483,0.01537,0.01602,0.01679,0.01767,0.0186,0.01982,0.02066,0.02128,0.02157,0.02162,0.02109,0.0201,0.01867,0.01683,0.01484,0.01247,0.00992,0.0079,0.00532,0.00275,0.00026,-0.00083,-0.00295,-0.00481,-0.00504,-0.00634,-0.00725,-0.00681,-0.00714,-0.0066,-0.00649,-0.00612,-0.00586,-0.00538,-0.00557,-0.00511,-0.00561,-0.00522,-0.00488,-0.00563,-0.00556,-0.00651,-0.00683,-0.00812,-0.00884,-0.01041,-0.0113,-0.01283,-0.01417,-0.0147,-0.01554,-0.01561,-0.01576,-0.01535,-0.01453,-0.013,-0.01065,-0.00877,-0.00538,-0.00162,0.00065,0.00417,0.00711,0.0086,0.01026,0.01104,0.01108,0.01057,0.01036,0.0094,0.00842,0.00757,0.00695,0.00662,0.00658,0.00681,0.00723,0.00774,0.0082,0.00848,0.00847,0.00809,0.00736,0.00633,0.00514,0.00392,0.00279,0.00322,0.0026,0.00211,0.00168,0.00122,0.00233,0.00177,0.00115,0.00058,0.00146,0.00106,0.0009,0.00178,0.00178,0.00178,0.00251,0.00217,0.00269,0.00181,0.00051,0.00076,-0.00092,-0.00057,-0.00227,-0.00164,-0.003,-0.00204,-0.00295,-0.0018,-0.00239,-0.00122,-0.00174,-0.00068,-0.00128,-0.00029,0.00072,5e-05,0.00115,0.00058,0.00187,0.00323,0.00311,0.00471,0.00633,0.00679,0.00853,0.01016,0.01074,0.01209,0.01318,0.01288,0.0133,0.01343,0.01333,0.01134,0.01098,0.01073,0.0107,0.00888,0.00953,0.01055,0.01185,0.01333,0.01314,0.0147,0.01605,0.01708,0.01775,0.01801,0.01659,0.01619,0.01549,0.01457,0.0135,0.01237,0.01123,0.01015,0.00917,0.00831,0.00596,0.00534,0.00482,0.00438,0.00397,0.00358,0.00318,0.00276,0.00231,0.00185,0.00138,0.00092,0.00049,0.00013,-0.00016,-0.00035,0.00136,0.00141,0.00154,0.00173,0.00194,0.00216,0.00235,0.0025,0.00261,0.00268,0.00459,0.00451,0.00441,0.00429,0.00417,0.00407,0.00398,0.00502,0.0049,0.00479,0.00467,0.00449,0.00513,0.00479,0.00434,0.00378,0.0042,0.00352,0.00277,0.00199,0.00247,0.0017,0.00093,0.00148,0.00073,-1e-05,0.0005,-0.00021,-0.00088,-0.00038,-0.00092,-0.0004,-0.00076,-0.00103,-0.00051,-0.00069,-0.00043,-0.00069,-0.00106,-0.00126,-0.00187,-0.0022,-0.00293,-0.00306,-0.00377,-0.00353,-0.00417,-0.00371,-0.00339,-0.00394,-0.0039,-0.00455,-0.00499,-0.0058,-0.00668,-0.00778,-0.00872,-0.00978,-0.01064,-0.01138,-0.01192,-0.01227,-0.01257,-0.01327,-0.01372,-0.01433,-0.01506,-0.01594,-0.01667,-0.01729,-0.01772,-0.01792,-0.01787,-0.01789,-0.01756,-0.01714,-0.01664,-0.01605,-0.01537,-0.01459,-0.01374,-0.01286,-0.01201,-0.01126,-0.01062,-0.01078,-0.01046,-0.0103,-0.01028,-0.01035,-0.01048,-0.01111,-0.01126,-0.01141,-0.01154,-0.01199,-0.01204,-0.01211,-0.01227,-0.01263,-0.01306,-0.01381,-0.01433,-0.01537,-0.01587,-0.01688,-0.01772,-0.01781,-0.01816,-0.01794,-0.01785,-0.01743,-0.01716,-0.01693,-0.01653,-0.01661,-0.01634,-0.0169,-0.01675,-0.01656,-0.01767,-0.01753,-0.01888,-0.01869,-0.02005,-0.01974,-0.01941,-0.02045,-0.02002,-0.02067,-0.02013,-0.01961,-0.01959,-0.01895,-0.01836,-0.01753,-0.01683,-0.01619,-0.01482,-0.01423,-0.01376,-0.01341,-0.01221,-0.01211,-0.01213,-0.01226,-0.01181,-0.0121,-0.0124,-0.01267,-0.01265,-0.01278,-0.01279,-0.01264,-0.01233,-0.01185,-0.01114,-0.01036,-0.00951,-0.00865,-0.00784,-0.00715,-0.00662,-0.00628,-0.00621,-0.00638,-0.00676,-0.00731,-0.00798,-0.00873,-0.0095,-0.01025,-0.01095,-0.01155,-0.01206,-0.01245,-0.01274,-0.01292,-0.01304,-0.01309,-0.01312,-0.01314,-0.01317,-0.01321,-0.01328,-0.01338,-0.01349,-0.01361,-0.01374,-0.01385,-0.01394,-0.01399,-0.01399,-0.01392,-0.01394,-0.01383,-0.01363,-0.01335,-0.01299,-0.01258,-0.01213,-0.01243,-0.01193,-0.01138,-0.0108,-0.0102,-0.0096,-0.00941,-0.00876,-0.00817,-0.00768,-0.0072,-0.00684,-0.00662,-0.00654,-0.00619,-0.00629,-0.00652,-0.00687,-0.00686,-0.00742,-0.00812,-0.00851,-0.00943,-0.01047,-0.01101,-0.01208,-0.01316,-0.01328,-0.0141,-0.01366,-0.01414,-0.0145,-0.01342,-0.01354,-0.01232,-0.01232,-0.01225,-0.0112,-0.01113,-0.01038,-0.01034,-0.00993,-0.00993,-0.00982,-0.00985,-0.00993,-0.01008,-0.01,-0.01005,-0.0097,-0.00957,-0.00893,-0.00873,-0.00871,-0.00796,-0.00827,-0.00887,-0.00831,-0.00919,-0.01011,-0.01095,-0.01046,-0.01105,-0.01131,-0.01115,-0.01053,-0.0099,-0.00885,-0.00747,-0.00587,-0.00547,-0.00396,-0.00255,-0.00133,-0.00035,0.00042,0.00101,0.00148,0.00186,0.00216,0.00239,0.00258,0.00276,0.00293,0.00237,0.00255,0.00269,0.00274,0.00262,0.00227,0.00125,0.00046,-0.00055,-0.00171,-0.00305,-0.00418,-0.00515,-0.00619,-0.00675,-0.00701,-0.0077,-0.00759,-0.00723,-0.00772,-0.00711,-0.00742,-0.00657,-0.00566,-0.00572,-0.00485,-0.00483,-0.00422,-0.00429,-0.00402,-0.00425,-0.00418,-0.00459,-0.00447,-0.00499,-0.00564,-0.00527,-0.00602,-0.00539,-0.0062,-0.00539,-0.00622,-0.00704,-0.00599,-0.00665,-0.00722,-0.00575,-0.00606,-0.00626,-0.00433,-0.00438,-0.00443,-0.0024,-0.00254,-0.00279,-0.00317,-0.00158,-0.00221,-0.00297,-0.00385,-0.00271,-0.00374,-0.00481,-0.00589,-0.00697,-0.00605,-0.00708,-0.00803,-0.00887,-0.00959,-0.01018,-0.00907,-0.0095,-0.00981,-0.01005,-0.01022,-0.01036,-0.01049,-0.01065,-0.01084,-0.01033,-0.01071,-0.01114,-0.01158,-0.01202,-0.01239,-0.01266,-0.01278,-0.01274,-0.01251
236.25 -179.9447,-179.53792,-179.13145,-178.72533,-178.3196,-177.91429,-177.50946,-177.10515,-176.70138,-176.29822,-175.89569,-175.49384,-175.09271,-174.69235,-174.21764,-173.81599,-173.41524,-173.01541,-172.61656,-172.21872,-171.82193,-171.42623,-170.93441,-170.5381,-170.14301,-169.74919,-169.35667,-168.96549,-168.46195,-168.07068,-167.68088,-167.29259,-166.78135,-166.39333,-166.00694,-165.62223,-165.10392,-164.71984,-164.33756,-163.95711,-163.43244,-163.053,-162.6755,-162.14593,-161.76972,-161.39559,-160.86152,-160.48896,-160.11858,-159.58045,-159.21193,-158.67045,-158.30398,-157.93989,-157.39513,-157.03338,-156.48574,-156.12653,-155.57623,-155.21975,-154.66699,-154.31345,-153.75846,-153.40804,-152.85105,-152.50396,-151.94521,-151.60163,-151.04136,-150.70147,-150.13994,-149.57636,-149.24138,-148.67692,-148.34611,-147.78104,-147.21427,-146.88915,-146.32218,-145.75372,-145.43476,-144.86652,-144.29702,-143.72635,-143.41584,-142.84598,-142.27518,-141.70355,-141.40235,-140.83213,-140.26132,-139.69002,-139.11832,-138.54632,-137.97412,-137.40181,-136.82951,-136.55113,-135.98167,-135.41248,-134.84365,-134.27529,-133.97155,-133.40141,-132.83199,-132.26339,-131.69573,-131.12911,-130.56362,-129.99938,-129.67814,-129.11324,-128.54984,-127.98805,-127.42796,-127.0971,-126.53707,-125.97902,-125.64273,-125.08514,-124.52978,-123.97673,-123.6339,-123.08189,-122.73571,-122.185,-121.63701,-121.28642,-120.74014,-120.38652,-119.8422,-119.30098,-118.94357,-118.40472,-118.04463,-117.50839,-117.14577,-116.6124,-116.24738,-115.71712,-115.34986,-114.82295,-114.4536,-114.0825,-113.559,-113.18602,-112.66645,-112.29175,-111.77633,-111.40009,-111.02225,-110.51141,-110.13225,-109.75157,-109.2458,-108.86403,-108.48082,-107.98058,-107.59652,-107.21109,-106.71683,-106.33081,-105.94351,-105.55495,-105.06801,-104.67917,-104.28916,-103.8092,-103.41916,-103.02805,-102.63589,-102.2427,-101.77269,-101.37988,-100.98614,-100.5915,-100.19599,-99.73704,-99.34232,-98.94682,-98.55059,-98.15365,-97.75603,-97.35777,-96.91465,-96.51771,-96.12024,-95.72227,-95.32382,-94.92493,-94.52563,-94.12596,-93.72595,-93.32563,-92.92503,-92.5242,-92.12316,-91.72195,-91.31298,-90.91414,-90.51523,-90.1163,-89.71736,-89.31847,-88.91964,-88.51026,-88.10907,-87.70806,-87.30726,-86.90671,-86.50643,-86.10647,-85.70686,-85.30762,-84.9088,-84.51042,-84.11253,-83.71514,-83.31829,-82.87485,-82.47668,-82.07917,-81.68234,-81.28622,-80.89085,-80.49624,-80.03702,-79.64165,-79.24715,-78.85356,-78.46089,-77.99064,-77.59761,-77.20562,-76.81468,-76.33563,-75.94465,-75.55483,-75.16619,-74.67907,-74.29071,-73.90362,-73.51781,-73.0234,-72.6382,-72.25437,-71.754,-71.37103,-70.98951,-70.48363,-70.1032,-69.7243,-69.21339,-68.83582,-68.32044,-67.94437,-67.56995,-67.05035,-66.67765,-66.15414,-65.78333,-65.41427,-64.88738,-64.52042,-63.99019,-63.62548,-63.09216,-62.72984,-62.19367,-61.8339,-61.29513,-60.93804,-60.39692,-59.85272,-59.49942,-58.95327,-58.60301,-58.05517,-57.50462,-57.15876,-56.60693,-56.05264,-55.71155,-55.15639,-54.59902,-54.26305,-53.70521,-53.14542,-52.58377,-52.25503,-51.69349,-51.13036,-50.56572,-50.24481,-49.68084,-49.11564,-48.5493,-47.98194,-47.41366,-46.84456,-46.27474,-45.70431,-45.13337,-44.56203,-43.99039,-43.41855,-42.84662,-42.2747,-41.70288,-41.13127,-40.55995,-39.98904,-39.41861,-39.1197,-38.54771,-37.97647,-37.40607,-36.83661,-36.52625,-35.95598,-35.38689,-34.81905,-34.50027,-33.93222,-33.36565,-33.04072,-32.47436,-31.90969,-31.57909,-31.01504,-30.68028,-30.1171,-29.55596,-29.21631,-28.65644,-28.3131,-27.75474,-27.4079,-26.8513,-26.50115,-25.94654,-25.59327,-25.04089,-24.68469,-24.13476,-23.77582,-23.22856,-22.86709,-22.50317,-21.95889,-21.59272,-21.05162,-20.68339,-20.3129,-19.77556,-19.4033,-19.02889,-18.49579,-18.11988,-17.74194,-17.2135,-16.83437,-16.45331,-15.92993,-15.54796,-15.16419,-14.64624,-14.26184,-13.87577,-13.48807,-12.97715,-12.58918,-12.1997,-11.80876,-11.41638,-10.91465,-10.52245,-10.12896,-9.7342,-9.33821,-8.94105,-8.45126,-8.05479,-7.65727,-7.25874,-6.85924,-6.45881,-6.05749,-5.65532,-5.18292,-4.78211,-4.38057,-3.97836,-3.57551,-3.17206,-2.76805,-2.36353,-1.95854,-1.55312,-1.14731,-0.74114,-0.33467,0.07207,0.47903,0.88618,1.29348,1.70089,2.10836,2.51586,2.92335,3.33079,3.73815,4.14538,4.55245,4.95932,5.36962,5.77857,6.18719,6.59545,7.00331,7.41074,7.81772,8.2242,8.65675,9.06453,9.4717,9.87823,10.28407,10.68921,11.13734,11.54321,11.94825,12.35245,12.75577,13.21615,13.61972,14.02232,14.42391,14.89407,15.29554,15.6959,16.17411,16.57406,16.97281,17.45847,17.85652,18.25329,18.7458,19.14159,19.53602,20.03476,20.42794,20.81969,21.32405,21.71429,22.22384,22.61238,22.99937,23.51348,23.89854,24.41709,24.80004,25.32272,25.70339,26.22989,26.6081,27.13812,27.51369,28.04691,28.41971,28.95581,29.32569,29.86437,30.40661,30.77213,31.31644,31.864,32.22473,32.77385,33.13107,33.68145,34.23457,34.7903,35.14033,35.69663,36.25522,36.59942,37.1581,37.71876,38.28127,38.8455,39.17896,39.74243,40.3073,40.87345,41.44075,42.00907,42.57829,43.14828,43.71891,44.29007,44.86162,45.43344,46.00541,46.57741,47.14932,47.72102,48.29238,48.86329,49.43365,49.72346,50.29558,50.86682,51.43708,52.00625,52.30896,52.879,53.44764,54.01479,54.32696,54.89429,55.45984,55.77887,56.3441,56.90728,57.23263,57.79501,58.35506,58.6862,59.24498,59.58036,60.13755,60.47697,61.03228,61.58471,61.92867,62.47877,62.82622,63.3737,63.72443,64.26901,64.6228,64.97923,65.52084,65.88004,66.41808,66.77982,67.31402,67.67808,68.04451,68.57437,68.94282,69.46822,69.83846,70.21086,70.73101,71.10487,71.48079,71.99516,72.37222,72.75119,73.25926,73.6391,74.0207,74.40404,74.9041,75.28791,75.67331,76.06027,76.55144,76.93847,77.32692,77.71675,78.19816,78.58766,78.97841,79.37035,79.76346,80.15768,80.62471,81.01802,81.41231,81.80753,82.20365,82.60062,82.99839,83.44692,83.84311,84.23997,84.63746,85.03552,85.43413,85.83322,86.23277,86.63272,87.03303,87.43365,87.83455,88.23567,88.63698,89.03842,89.43995,89.84154,90.24312,90.64466,91.04612,91.44744,91.84859,92.24951,92.65017,93.05052,93.45051,93.8501,94.24925,94.64791,95.04604,95.44359,95.84052,96.23679,96.68489,97.08276,97.47982,97.87603,98.27136,98.66575,99.05918,99.52581,99.92016,100.31339,100.70547,101.09635,101.486,101.96706,102.35704,102.74565,103.13284,103.62368,104.01081,104.39639,104.78038,105.28014,105.66367,106.04547,106.42552,106.93331,107.31248,107.68977,108.20391,108.58003,108.95412,109.47409,109.8467,110.21716,110.74243,111.1111,111.64084,112.0075,112.3718,112.90591,113.26789,113.80585,114.1653,114.52219,115.06354,115.41759,115.96212,116.31313,116.86057,117.2083,117.75837,118.10263,118.65505,119.21038,119.55008,120.10731,120.44298,121.0018,121.33324,121.89335,122.4558,122.78146,123.34472,123.91005,124.22939,124.79505,125.36247,125.67498,126.24226,126.811,127.38111,127.68427,128.25355,128.82391,129.39528,129.68801,130.25782,130.82831,131.39939,131.97092,132.54279,133.11489,133.68709,134.25927,134.83132,135.4031,135.9745,136.54539,137.11564,137.68513,138.25374,138.82133,139.38778,139.95297,140.51676,140.85001,141.41458,141.97744,142.53846,143.09751,143.44153,144.00051,144.5572,145.11148,145.46329,146.01681,146.56761,146.92483,147.47437,148.02086,148.38311,148.92785,149.2934,149.83609,150.37521,150.74513,151.2817,151.65454,152.18823,152.56385,153.09436,153.4726,153.99961,154.38034,154.90352,155.28656,155.80561,156.19077,156.70538,157.09248,157.60235,157.9912,158.38157,158.88645,159.27832,159.67164,160.17091,160.56548,161.05885,161.45447,161.85139,162.3381,162.73581,163.13471,163.53479,164.01359,164.4141,164.81571,165.28647,165.68821,166.09097,166.49472,166.95569,167.35919,167.76357,168.16881,168.57487,169.02361,169.42895,169.835,170.24174,170.64914,171.0841,171.49029,171.89701,172.30423,172.71192,173.12004,173.52856,173.93745,174.35062,174.75753,175.16467,175.57202,175.97953,176.38717,176.7949,177.20268,177.61047,178.01824,178.42594,178.83354,179.24099,179.64826 -0.00748,-0.00647,-0.00534,-0.00414,-0.00287,-0.00153,-0.00014,0.00132,0.00286,0.00447,0.00613,0.00782,0.00951,0.01116,0.01127,0.0128,0.01418,0.01538,0.01639,0.01722,0.01788,0.01841,0.0177,0.01809,0.01846,0.01882,0.01921,0.01962,0.01915,0.01969,0.02026,0.02082,0.02047,0.02096,0.02137,0.02166,0.02086,0.02089,0.0208,0.02063,0.01925,0.01896,0.01867,0.01719,0.01696,0.01679,0.01553,0.01546,0.01541,0.01456,0.01458,0.01406,0.0141,0.01416,0.01387,0.01404,0.01393,0.01434,0.01449,0.01528,0.01577,0.01696,0.01775,0.01919,0.02005,0.02148,0.02217,0.02337,0.02374,0.02465,0.02472,0.02463,0.02537,0.02523,0.0261,0.02608,0.02614,0.02746,0.02782,0.02836,0.03013,0.03091,0.03176,0.03259,0.03424,0.03475,0.03505,0.03515,0.0358,0.03548,0.03508,0.03464,0.03416,0.03364,0.03302,0.0323,0.03148,0.03127,0.03063,0.03013,0.02985,0.02989,0.0292,0.02973,0.03058,0.03162,0.03268,0.03357,0.0341,0.03419,0.03371,0.03315,0.03228,0.03132,0.03048,0.02953,0.02904,0.02897,0.02807,0.02846,0.02925,0.03038,0.02974,0.03134,0.03107,0.03321,0.03557,0.03603,0.03866,0.03945,0.04193,0.04403,0.04457,0.04584,0.04577,0.04592,0.04505,0.04397,0.04237,0.04033,0.03834,0.03593,0.0341,0.03251,0.03096,0.03019,0.02981,0.02993,0.0307,0.03145,0.03231,0.03386,0.03469,0.03537,0.0366,0.03687,0.03695,0.03741,0.03713,0.03676,0.03649,0.03586,0.03519,0.03447,0.03333,0.0324,0.03144,0.02974,0.02869,0.02769,0.02673,0.02583,0.02376,0.02287,0.02199,0.02109,0.02018,0.01815,0.01725,0.01634,0.01542,0.01453,0.0137,0.01298,0.01308,0.01295,0.01305,0.01338,0.01395,0.01471,0.01559,0.0165,0.01735,0.01802,0.01849,0.01871,0.01869,0.01846,0.01897,0.01848,0.01795,0.01739,0.01682,0.01625,0.01568,0.01365,0.01306,0.01254,0.01214,0.01187,0.01178,0.01185,0.01208,0.01243,0.01285,0.01329,0.0137,0.01403,0.01427,0.01406,0.01425,0.0144,0.01455,0.01476,0.01508,0.01555,0.01648,0.01723,0.01801,0.01877,0.01938,0.02025,0.02029,0.01995,0.0192,0.01819,0.0165,0.01446,0.01212,0.00938,0.00665,0.00391,0.00125,-0.00144,-0.00374,-0.00571,-0.00729,-0.00855,-0.00935,-0.00954,-0.00954,-0.00914,-0.00822,-0.00729,-0.0061,-0.00498,-0.00386,-0.00304,-0.00217,-0.00196,-0.00146,-0.00118,-0.00176,-0.00189,-0.00295,-0.00347,-0.0049,-0.00574,-0.00739,-0.00838,-0.01,-0.01085,-0.01213,-0.01316,-0.01338,-0.01388,-0.01362,-0.01357,-0.01315,-0.01211,-0.01088,-0.00903,-0.00718,-0.00443,-0.00122,0.00084,0.0041,0.00706,0.00942,0.01028,0.0114,0.01173,0.01138,0.01084,0.00992,0.00893,0.00809,0.00759,0.00751,0.00783,0.00844,0.00919,0.00986,0.01026,0.01022,0.00965,0.0085,0.00685,0.0048,0.00251,0.00013,-0.00215,-0.00426,-0.00358,-0.00504,-0.00615,-0.00692,-0.00737,-0.00571,-0.00589,-0.00586,-0.00563,-0.00426,-0.00389,-0.00338,-0.0023,-0.00189,-0.00171,-0.00113,-0.00164,-0.00147,-0.00283,-0.00474,-0.00505,-0.00745,-0.00765,-0.00996,-0.0097,-0.01139,-0.0105,-0.01133,-0.00997,-0.01017,-0.0087,-0.00877,-0.00753,-0.00792,-0.007,-0.00618,-0.00709,-0.0063,-0.00725,-0.00622,-0.00499,-0.0054,-0.00374,-0.00191,-0.00155,0.00057,0.00269,0.00332,0.00526,0.00695,0.00673,0.00766,0.00818,0.00627,0.00599,0.00551,0.00495,0.0021,0.00181,0.00186,0.0023,0.00315,0.00236,0.00398,0.00579,0.00765,0.00942,0.01097,0.01033,0.01118,0.01162,0.01164,0.01128,0.01059,0.00964,0.00852,0.00533,0.00409,0.00292,0.00188,0.00101,0.00032,-0.00019,-0.00057,-0.00085,-0.00107,-0.00129,-0.00154,-0.00184,-0.0022,-0.00262,-0.00309,-0.00358,-0.00407,-0.00453,-0.00496,-0.00531,-0.00561,-0.00585,-0.00605,-0.00619,-0.0063,-0.00426,-0.0042,-0.00413,-0.00401,-0.00386,-0.00365,-0.0034,-0.00309,-0.00091,-0.00066,-0.00038,-8e-05,0.00019,0.00041,0.00165,0.00163,0.00148,0.00118,0.00072,0.0012,0.00048,-0.00035,-0.00126,-0.00093,-0.00184,-0.00273,-0.00226,-0.00306,-0.00383,-0.00323,-0.00397,-0.0047,-0.00408,-0.00481,-0.00554,-0.00477,-0.00536,-0.0059,-0.00474,-0.00507,-0.0038,-0.00411,-0.00454,-0.00365,-0.00446,-0.00419,-0.00551,-0.00571,-0.00739,-0.00756,-0.00927,-0.00893,-0.01038,-0.00942,-0.01051,-0.00917,-0.00998,-0.00871,-0.00788,-0.00864,-0.00844,-0.00877,-0.00966,-0.01037,-0.01118,-0.01195,-0.01268,-0.01331,-0.01385,-0.01442,-0.01499,-0.01564,-0.01634,-0.01705,-0.01772,-0.01828,-0.01889,-0.01916,-0.01923,-0.0191,-0.01882,-0.01846,-0.01802,-0.01751,-0.01691,-0.01617,-0.01531,-0.0143,-0.01319,-0.01203,-0.0109,-0.00984,-0.00895,-0.00824,-0.00776,-0.00807,-0.00799,-0.00807,-0.00828,-0.00862,-0.00936,-0.00975,-0.01015,-0.01059,-0.01105,-0.01153,-0.01228,-0.01275,-0.01394,-0.01549,-0.01601,-0.0176,-0.01902,-0.01907,-0.0198,-0.01949,-0.01953,-0.01903,-0.01867,-0.01825,-0.01787,-0.01776,-0.01768,-0.01816,-0.01837,-0.01952,-0.01991,-0.02022,-0.02192,-0.02215,-0.02392,-0.0239,-0.02539,-0.02501,-0.02449,-0.02523,-0.02441,-0.0245,-0.02342,-0.02232,-0.02154,-0.02028,-0.01906,-0.01762,-0.01639,-0.01525,-0.01371,-0.01279,-0.01205,-0.01149,-0.01079,-0.01063,-0.01063,-0.01076,-0.01118,-0.01153,-0.01192,-0.0123,-0.01315,-0.0134,-0.01352,-0.01348,-0.01326,-0.01285,-0.01287,-0.01208,-0.01117,-0.01021,-0.00926,-0.0084,-0.00768,-0.00785,-0.00756,-0.00754,-0.00776,-0.0082,-0.00883,-0.00958,-0.01041,-0.01125,-0.01206,-0.01281,-0.01346,-0.014,-0.01443,-0.01475,-0.01498,-0.01515,-0.01528,-0.01536,-0.01543,-0.01548,-0.0155,-0.01548,-0.01543,-0.01532,-0.01516,-0.01496,-0.0147,-0.01442,-0.0141,-0.01375,-0.01337,-0.01295,-0.01287,-0.01239,-0.01187,-0.01131,-0.01074,-0.01017,-0.00962,-0.00971,-0.00924,-0.00881,-0.00844,-0.00815,-0.00795,-0.00805,-0.00793,-0.00793,-0.00806,-0.00784,-0.00805,-0.00838,-0.00879,-0.00831,-0.00876,-0.00929,-0.00988,-0.00952,-0.01028,-0.01115,-0.01129,-0.01242,-0.01364,-0.01418,-0.01544,-0.01664,-0.01694,-0.01783,-0.01759,-0.01804,-0.01822,-0.0172,-0.01698,-0.01565,-0.01518,-0.01456,-0.01326,-0.01257,-0.01156,-0.01092,-0.0103,-0.0098,-0.00958,-0.00925,-0.0093,-0.00936,-0.0091,-0.009,-0.00853,-0.00809,-0.00736,-0.0067,-0.0061,-0.00528,-0.00498,-0.00501,-0.0045,-0.00498,-0.0057,-0.00538,-0.00622,-0.00708,-0.00787,-0.00746,-0.00807,-0.00846,-0.00855,-0.00805,-0.00778,-0.00718,-0.00631,-0.00525,-0.0041,-0.00292,-0.00174,-0.00059,0.00055,0.00166,0.00271,0.00367,0.00447,0.0051,0.00556,0.0059,0.00617,0.0064,0.00658,0.00581,0.00581,0.00558,0.00507,0.00423,0.00283,0.00163,0.00033,-0.00087,-0.00215,-0.00286,-0.0031,-0.00391,-0.00352,-0.00275,-0.00342,-0.00246,-0.00322,-0.00229,-0.00144,-0.00229,-0.00168,-0.00241,-0.00206,-0.0026,-0.00247,-0.00283,-0.00277,-0.00297,-0.00275,-0.0028,-0.00226,-0.00223,-0.00139,-0.00141,-0.00043,-0.00061,-0.00096,0.0,-0.00052,-0.00112,-8e-05,-0.00064,0.00061,0.0002,-0.00011,0.00149,0.00136,0.0013,0.00131,0.00295,0.00295,0.00289,0.00429,0.0041,0.0038,0.00337,0.00452,0.00389,0.00313,0.00223,0.00123,0.00206,0.00094,-0.00019,-0.00131,-0.00238,-0.00154,-0.00243,-0.00323,-0.00392,-0.00452,-0.00504,-0.00551,-0.00595,-0.00465,-0.00519,-0.00577,-0.00638,-0.00703,-0.00769,-0.00832,-0.00888,-0.00932,-0.00958,-0.00963,-0.00944,-0.00901,-0.00834
241.875 -179.70713,-179.3117,-178.91665,-178.52202,-178.12783,-177.73414,-177.27978,-176.88446,-176.48976,-176.09569,-175.70229,-175.30962,-174.9177,-174.52657,-174.13626,-173.74682,-173.35829,-172.88062,-172.49129,-172.10298,-171.71573,-171.32956,-170.94452,-170.56065,-170.06972,-169.68561,-169.30277,-168.92125,-168.54108,-168.04121,-167.6612,-167.28266,-166.90561,-166.39883,-166.02228,-165.64734,-165.27404,-164.76099,-164.38853,-164.01782,-163.64887,-163.13026,-162.7625,-162.39661,-161.87364,-161.50919,-161.14671,-160.61979,-160.25901,-159.9003,-159.36986,-159.0131,-158.4796,-158.12497,-157.77256,-157.23628,-156.88625,-156.34741,-155.99993,-155.45874,-155.11398,-154.57064,-154.22878,-153.6835,-153.34472,-152.79773,-152.46218,-151.91371,-151.58155,-151.03184,-150.70322,-150.1525,-149.5999,-149.27609,-148.72282,-148.40298,-147.8493,-147.29405,-146.9797,-146.42441,-145.86777,-145.55932,-145.00303,-144.4456,-143.88712,-143.58675,-143.02915,-142.47071,-141.91153,-141.61999,-141.06223,-140.50396,-139.94527,-139.38623,-138.82694,-138.2675,-137.99256,-137.43553,-136.87858,-136.3218,-135.7653,-135.20915,-134.65345,-134.0983,-133.54379,-133.24069,-132.6848,-132.12978,-131.57572,-131.02272,-130.47088,-129.92028,-129.37102,-129.05216,-128.50258,-127.95456,-127.40821,-127.08231,-126.53614,-125.99187,-125.44956,-125.11724,-124.57563,-124.03623,-123.69935,-123.16102,-122.6251,-122.28397,-121.7495,-121.40542,-120.87262,-120.34258,-119.99481,-119.4668,-119.11641,-118.59066,-118.23777,-117.71451,-117.35926,-116.8387,-116.48121,-115.96359,-115.604,-115.08951,-114.72797,-114.21684,-113.85349,-113.48852,-112.98091,-112.61433,-112.11058,-111.74254,-111.37298,-110.8735,-110.50269,-110.00755,-109.63564,-109.26234,-108.77218,-108.398,-108.02249,-107.53772,-107.16156,-106.78414,-106.40549,-105.92731,-105.54829,-105.16812,-104.69624,-104.31593,-103.93455,-103.55213,-103.08802,-102.70575,-102.32252,-101.93837,-101.55331,-101.09895,-100.7144,-100.32904,-99.94289,-99.55598,-99.16834,-98.7263,-98.3396,-97.95226,-97.56431,-97.17578,-96.7867,-96.39709,-96.00699,-95.58238,-95.19378,-94.80478,-94.41542,-94.02572,-93.63572,-93.24544,-92.85491,-92.46417,-92.07325,-91.68217,-91.29097,-90.89968,-90.50833,-90.11695,-89.72557,-89.33423,-88.94296,-88.55177,-88.16072,-87.76982,-87.37912,-86.98863,-86.5984,-86.20844,-85.8188,-85.42949,-85.04056,-84.65203,-84.22707,-83.83705,-83.44753,-83.05854,-82.6701,-82.28226,-81.89502,-81.50843,-81.06609,-80.67857,-80.29179,-79.90577,-79.52054,-79.13613,-78.68152,-78.2966,-77.9126,-77.52954,-77.14743,-76.6831,-76.30085,-75.91965,-75.53952,-75.06744,-74.68746,-74.30864,-73.83029,-73.45184,-73.07463,-72.69868,-72.21377,-71.83848,-71.46453,-70.97425,-70.60118,-70.22951,-69.73428,-69.36371,-68.86416,-68.49485,-68.12706,-67.62326,-67.25694,-66.7493,-66.38459,-66.02151,-65.51037,-65.14911,-64.63463,-64.27532,-63.75772,-63.40052,-62.88,-62.52504,-62.00183,-61.64924,-61.12356,-60.77347,-60.24555,-59.71475,-59.36814,-58.83546,-58.49168,-57.95734,-57.42045,-57.08073,-56.54256,-56.00205,-55.66673,-55.12531,-54.58178,-54.25119,-53.70711,-53.16114,-52.83558,-52.28944,-51.74165,-51.1923,-50.64148,-50.32476,-49.77442,-49.22283,-48.67011,-48.11633,-47.56159,-47.00599,-46.44961,-45.89256,-45.59417,-45.03879,-44.48296,-43.92678,-43.37034,-43.10042,-42.54128,-41.98212,-41.42303,-40.8641,-40.30542,-39.74708,-39.18918,-38.8998,-38.34033,-37.78152,-37.22347,-36.66625,-36.36598,-35.80788,-35.25084,-34.94413,-34.38661,-33.83036,-33.27548,-32.96126,-32.40641,-32.088,-31.53343,-30.98057,-30.65692,-30.10472,-29.5544,-29.22596,-28.67666,-28.34468,-27.79664,-27.46127,-26.91472,-26.57612,-26.03128,-25.68962,-25.14671,-24.80216,-24.2614,-23.91413,-23.37572,-23.02591,-22.67381,-22.13788,-21.78348,-21.2504,-20.89388,-20.53522,-20.00538,-19.64485,-19.11832,-18.7561,-18.39191,-17.86933,-17.5037,-17.13621,-16.76687,-16.24929,-15.87885,-15.50667,-14.99397,-14.62095,-14.24629,-13.87003,-13.36356,-12.9868,-12.60855,-12.22884,-11.72926,-11.34937,-10.96814,-10.5856,-10.20179,-9.81673,-9.32754,-8.9428,-8.55693,-8.16997,-7.78196,-7.39293,-6.91551,-6.52727,-6.13812,-5.74812,-5.35728,-4.96566,-4.57328,-4.18019,-3.78642,-3.392,-2.99699,-2.60141,-2.2053,-1.80871,-1.36118,-0.96642,-0.57127,-0.17578,0.22001,0.61607,1.01236,1.37705,1.77633,2.17572,2.57519,2.9747,3.3742,3.77367,4.17307,4.57237,4.97152,5.37049,5.76925,6.16777,6.566,6.97003,7.37006,7.7697,8.1689,8.56764,8.96589,9.36361,9.78604,10.18495,10.58321,10.98081,11.3777,11.81311,12.21074,12.60757,13.00356,13.44938,13.84575,14.24118,14.63565,15.09098,15.48547,15.8789,16.27122,16.7352,17.1272,17.51802,17.98909,18.37931,18.76827,19.24588,19.63398,20.02074,20.50435,20.88999,21.37893,21.76327,22.14613,22.64012,23.02143,23.52009,23.89969,24.40274,24.78043,25.2876,25.66325,26.17423,26.54769,27.0622,27.43328,27.95106,28.31959,28.84035,29.20617,29.72963,30.09259,30.61846,31.14765,31.50643,32.03756,32.57172,32.92589,33.46153,33.99991,34.34908,34.88847,35.43032,35.7741,36.3165,36.86105,37.40765,37.95618,38.29026,38.83851,39.3884,39.93979,40.49259,41.04666,41.36755,41.92037,42.47418,43.02885,43.58426,44.14031,44.69687,45.25382,45.81105,46.36844,46.92588,47.48325,47.75189,48.31178,48.8713,49.43034,49.98877,50.5465,50.8314,51.39061,51.94882,52.50593,53.06184,53.35879,53.91533,54.4704,54.77441,55.32962,55.88313,56.1937,56.74688,57.29806,57.61471,58.16511,58.71322,59.03548,59.58235,59.9087,60.45404,60.78428,61.3278,61.66175,62.20317,62.74158,63.07967,63.61555,63.95683,64.30071,64.83416,65.18095,65.7112,66.06069,66.58748,66.93947,67.46254,67.81683,68.17339,68.6923,69.05087,69.4116,69.9258,70.28824,70.79774,71.16168,71.52759,72.03149,72.39861,72.76757,73.13835,73.63523,74.00683,74.38011,74.87022,75.24403,75.6194,75.9963,76.47784,76.85488,77.23331,77.61311,77.99423,78.4648,78.84558,79.22755,79.61067,79.99491,80.45322,80.83665,81.22105,81.60639,81.99263,82.37973,82.76765,83.20818,83.59463,83.98177,84.36955,84.75793,85.14687,85.53633,85.92626,86.31663,86.70738,87.09848,87.48989,87.88156,88.27345,88.66551,89.05771,89.44999,89.84232,90.23466,90.62695,91.01916,91.41124,91.80315,92.19485,92.58629,92.97743,93.36823,93.75864,94.14863,94.53815,94.92715,95.3156,95.70346,96.09067,96.47721,96.91728,97.3053,97.6925,98.07885,98.4643,98.84882,99.23236,99.69027,100.07464,100.45789,100.84,101.22093,101.69112,102.0724,102.45235,102.83095,103.20816,103.68936,104.06644,104.442,104.816,105.30578,105.67927,106.05107,106.54765,106.91865,107.28783,107.65518,108.1588,108.52495,108.88914,109.39838,109.76108,110.27503,110.63603,110.99486,111.51355,111.87039,112.22497,112.74784,113.10012,113.62673,113.97653,114.50661,114.85371,115.19829,115.73122,116.07282,116.60857,116.947,117.48529,117.82035,118.36091,118.90434,119.23495,119.78022,120.10694,120.65375,120.9764,121.52446,122.07483,122.39189,122.94305,123.49625,123.8072,124.36074,124.91605,125.2204,125.77557,126.33223,126.62951,127.18555,127.7428,128.30116,128.5887,129.14578,129.70367,130.26228,130.8215,131.3812,131.65293,132.21031,132.76788,133.32552,133.88313,134.44059,134.99777,135.55457,136.11088,136.66656,137.2215,137.77558,138.32869,138.88071,139.20388,139.75697,140.30868,140.85888,141.40745,141.95429,142.29033,142.83727,143.38218,143.92493,144.26859,144.81081,145.35059,145.69964,146.23842,146.77446,147.12854,147.66312,148.19467,148.55337,149.083,149.6093,149.97221,150.49613,150.8619,151.38313,151.75162,152.26988,152.64094,153.15594,153.66685,154.04087,154.54807,154.92421,155.302,155.80552,156.18522,156.68434,157.06578,157.56023,157.94322,158.32769,158.8171,159.20288,159.68697,160.07387,160.46212,160.94021,161.32933,161.71972,162.19126,162.58225,162.97443,163.43889,163.8314,164.22501,164.68184,165.07551,165.47018,165.86581,166.31334,166.70868,167.10488,167.50192,167.89977,168.33566,168.73278,169.1306,169.52909,169.92823,170.35113,170.74909,171.14757,171.54656,171.94601,172.34587,172.75249,173.15066,173.54915,173.9479,174.34691,174.74613,175.14554,175.54509,175.94474,176.34448,176.74425,177.14402,177.51743,177.91446,178.31137,178.70813,179.1047,179.50103,179.89711 0.00145,0.00291,0.00435,0.00571,0.00696,0.00812,0.00736,0.00855,0.00974,0.01094,0.01218,0.01343,0.01466,0.01587,0.01702,0.01808,0.01903,0.01927,0.01999,0.02057,0.02103,0.02141,0.02173,0.02202,0.02153,0.02182,0.02214,0.0225,0.0229,0.02261,0.02309,0.02358,0.02406,0.02376,0.02413,0.02443,0.02467,0.02383,0.02389,0.02394,0.02401,0.02264,0.02266,0.02274,0.0211,0.02112,0.02115,0.01937,0.01935,0.01934,0.01775,0.01785,0.01667,0.01701,0.01754,0.01693,0.01782,0.0176,0.01886,0.01899,0.02055,0.02095,0.02263,0.02314,0.02469,0.0251,0.02633,0.02654,0.02744,0.0275,0.02822,0.0283,0.02845,0.02934,0.02971,0.03092,0.03157,0.03226,0.03405,0.03492,0.03577,0.03786,0.03862,0.03922,0.0396,0.04115,0.04093,0.04037,0.03952,0.03976,0.03841,0.037,0.03563,0.03441,0.03339,0.03259,0.03213,0.03167,0.03146,0.03142,0.03153,0.03176,0.0321,0.03255,0.03309,0.03307,0.03373,0.0344,0.035,0.03541,0.03557,0.03543,0.03504,0.03441,0.03382,0.0334,0.03331,0.03273,0.03321,0.03411,0.03534,0.03492,0.03633,0.03777,0.03725,0.03871,0.04013,0.03975,0.04123,0.04114,0.04272,0.04418,0.04455,0.04586,0.04632,0.04716,0.04735,0.04731,0.04688,0.04571,0.04453,0.04233,0.04057,0.0379,0.03603,0.03374,0.03233,0.03122,0.03053,0.03033,0.03099,0.03159,0.03244,0.03422,0.03529,0.03711,0.03794,0.03853,0.03952,0.03953,0.03928,0.03917,0.03846,0.03764,0.03672,0.03559,0.03445,0.03326,0.0315,0.03014,0.02876,0.0274,0.02518,0.02386,0.02264,0.02151,0.02049,0.01873,0.01798,0.01734,0.0168,0.01636,0.01599,0.01604,0.01605,0.01614,0.01631,0.01657,0.01693,0.01739,0.01794,0.02034,0.02101,0.02165,0.02222,0.02269,0.02301,0.02319,0.02323,0.02315,0.02298,0.02276,0.02252,0.0223,0.0221,0.02192,0.02176,0.02161,0.02145,0.02127,0.02107,0.02084,0.0206,0.02037,0.02014,0.01992,0.0197,0.01946,0.01918,0.01884,0.0171,0.01684,0.01653,0.01617,0.01582,0.01553,0.01535,0.01533,0.01519,0.01555,0.01609,0.01676,0.01752,0.01828,0.01875,0.01924,0.01948,0.01944,0.01908,0.01812,0.017,0.01558,0.01391,0.01126,0.00909,0.0069,0.00356,0.00141,-0.00051,-0.00216,-0.00491,-0.00596,-0.00667,-0.00816,-0.00819,-0.00799,-0.00805,-0.0074,-0.0066,-0.00576,-0.00503,-0.00375,-0.0032,-0.00205,-0.00182,-0.00181,-0.00125,-0.0016,-0.0017,-0.0024,-0.00315,-0.00416,-0.00541,-0.00656,-0.00801,-0.00908,-0.01035,-0.0111,-0.01189,-0.01238,-0.01234,-0.01224,-0.0117,-0.01111,-0.01033,-0.00918,-0.008,-0.00652,-0.00504,-0.00312,-0.00086,0.00053,0.00292,0.00528,0.00595,0.00765,0.0088,0.0093,0.00918,0.00795,0.00715,0.00621,0.00537,0.00486,0.0048,0.00522,0.00599,0.00688,0.00631,0.00685,0.00683,0.00615,0.00479,0.00512,0.00297,0.00042,-0.00238,-0.00528,-0.00817,-0.01093,-0.01344,-0.01293,-0.01473,-0.01593,-0.01647,-0.01636,-0.01445,-0.0137,-0.01267,-0.01081,-0.00974,-0.00866,-0.00768,-0.00628,-0.00569,-0.00465,-0.00474,-0.00545,-0.00531,-0.00704,-0.00934,-0.01,-0.0128,-0.0135,-0.01611,-0.01642,-0.01816,-0.01775,-0.01832,-0.01722,-0.01689,-0.01544,-0.01487,-0.01358,-0.01344,-0.01264,-0.012,-0.01287,-0.01252,-0.01362,-0.01316,-0.01247,-0.01301,-0.01181,-0.01162,-0.00991,-0.008,-0.00717,-0.00511,-0.00306,-0.00112,-0.00095,0.00037,0.00132,-0.00011,-5e-05,-0.00031,-0.00083,-0.00369,-0.00432,-0.00478,-0.00496,-0.00684,-0.0062,-0.00515,-0.00373,-0.00202,-0.00015,-0.00034,0.00144,0.003,0.00426,0.00513,0.0056,0.00362,0.00331,0.00264,0.00167,0.0005,-0.0008,-0.00212,-0.00336,-0.00444,-0.00532,-0.00595,-0.00634,-0.00651,-0.00653,-0.00827,-0.00801,-0.00773,-0.00748,-0.00731,-0.00723,-0.00725,-0.00669,-0.00703,-0.00744,-0.00791,-0.00843,-0.00898,-0.00956,-0.01017,-0.01075,-0.01127,-0.01169,-0.01198,-0.01211,-0.01205,-0.01005,-0.00967,-0.00914,-0.00849,-0.00774,-0.00691,-0.00605,-0.00405,-0.0034,-0.00286,-0.00249,-0.00233,-0.00151,-0.00184,-0.0024,-0.00318,-0.00298,-0.00399,-0.00507,-0.00618,-0.00586,-0.00685,-0.0078,-0.00868,-0.008,-0.00878,-0.00955,-0.00886,-0.00968,-0.01057,-0.00998,-0.01093,-0.01193,-0.0111,-0.01198,-0.01073,-0.01146,-0.01227,-0.01067,-0.01167,-0.01035,-0.01185,-0.01117,-0.01329,-0.01322,-0.01572,-0.01579,-0.0182,-0.01779,-0.01968,-0.01847,-0.01969,-0.01777,-0.01844,-0.01623,-0.01663,-0.01461,-0.01303,-0.01351,-0.01258,-0.01219,-0.01276,-0.0128,-0.01311,-0.0136,-0.01406,-0.01466,-0.01521,-0.01599,-0.01684,-0.01773,-0.01857,-0.01932,-0.02001,-0.02053,-0.02085,-0.02097,-0.02092,-0.0214,-0.02118,-0.02083,-0.02037,-0.01979,-0.01909,-0.01825,-0.01728,-0.01614,-0.01484,-0.01341,-0.01185,-0.01064,-0.0092,-0.00791,-0.00686,-0.0061,-0.00568,-0.00598,-0.00612,-0.00655,-0.00723,-0.0081,-0.00882,-0.00973,-0.01077,-0.01133,-0.01267,-0.01445,-0.01508,-0.01729,-0.01964,-0.02,-0.02186,-0.02315,-0.02262,-0.02285,-0.02192,-0.02143,-0.02043,-0.01979,-0.01903,-0.01878,-0.01899,-0.01898,-0.02004,-0.02049,-0.02107,-0.02303,-0.02377,-0.02599,-0.02659,-0.0286,-0.0288,-0.03019,-0.02986,-0.02929,-0.02955,-0.02849,-0.02729,-0.02649,-0.02498,-0.02355,-0.02186,-0.02019,-0.0184,-0.01683,-0.0154,-0.01413,-0.01294,-0.01212,-0.01153,-0.01145,-0.01136,-0.01143,-0.01163,-0.01274,-0.01317,-0.01363,-0.01409,-0.01451,-0.01598,-0.01626,-0.01638,-0.01632,-0.01605,-0.01695,-0.01627,-0.01541,-0.01443,-0.01339,-0.01235,-0.0114,-0.01208,-0.0114,-0.01093,-0.0107,-0.01069,-0.01091,-0.0113,-0.01183,-0.01246,-0.01313,-0.01379,-0.01442,-0.01497,-0.01545,-0.01583,-0.01613,-0.01634,-0.0165,-0.01659,-0.01663,-0.01662,-0.01655,-0.0164,-0.01618,-0.01587,-0.01547,-0.01501,-0.0145,-0.01396,-0.01344,-0.01294,-0.01248,-0.01206,-0.01166,-0.01128,-0.01122,-0.01073,-0.01021,-0.00968,-0.00914,-0.00863,-0.00816,-0.00789,-0.00758,-0.00739,-0.00736,-0.00749,-0.00771,-0.00806,-0.00857,-0.00922,-0.00999,-0.0101,-0.01087,-0.01168,-0.01249,-0.01211,-0.01282,-0.01353,-0.01295,-0.0137,-0.01451,-0.01539,-0.01522,-0.0163,-0.01739,-0.01766,-0.01874,-0.01905,-0.01988,-0.02044,-0.02025,-0.02028,-0.02001,-0.01906,-0.01829,-0.01698,-0.01586,-0.01443,-0.01315,-0.01176,-0.01064,-0.00939,-0.00874,-0.00778,-0.00769,-0.00709,-0.00741,-0.00778,-0.00748,-0.00767,-0.00727,-0.00702,-0.00642,-0.00577,-0.005,-0.00434,-0.00368,-0.00324,-0.00293,-0.00289,-0.0031,-0.00307,-0.00345,-0.00394,-0.00387,-0.00436,-0.00489,-0.00545,-0.00514,-0.00554,-0.00579,-0.00583,-0.00561,-0.00514,-0.00425,-0.00356,-0.00274,-0.00182,-0.00081,0.0003,0.00153,0.00284,0.00418,0.00548,0.00665,0.00763,0.00842,0.00903,0.00886,0.00924,0.00954,0.00972,0.00968,0.00933,0.00833,0.00742,0.00616,0.00469,0.00332,0.002,0.00108,0.00017,0.00018,0.00092,0.00055,0.00201,0.0038,0.00322,0.00482,0.00612,0.00482,0.00537,0.00377,0.00363,0.00203,0.00145,0.00014,-0.0005,-0.00113,-0.00174,-0.00191,-0.00195,-0.0018,-0.00115,-0.00068,0.00039,0.00095,0.00222,0.00264,0.00287,0.00416,0.00413,0.0055,0.00529,0.00497,0.00647,0.00609,0.00571,0.00726,0.00688,0.00655,0.00795,0.00766,0.00745,0.00876,0.00863,0.00854,0.00845,0.00979,0.00962,0.00933,0.0089,0.00831,0.00917,0.00829,0.00729,0.00621,0.00511,0.00568,0.00472,0.00386,0.00312,0.00249,0.00196,0.00375,0.00341,0.00302,0.00255,0.00195,0.00122,0.00037,-0.0006,-0.00163,-0.00266,-0.00363,-0.00444,-0.0032,-0.00355,-0.00352,-0.00311,-0.00234,-0.00126,3e-05
247.5 -179.84927,-179.46167,-179.07444,-178.68764,-178.30128,-177.91541,-177.53006,-177.14526,-176.76105,-176.37746,-175.99452,-175.61227,-175.23074,-174.76867,-174.3862,-174.00456,-173.62377,-173.24388,-172.86491,-172.4869,-172.10987,-171.63277,-171.2554,-170.87913,-170.50397,-170.12997,-169.75714,-169.26977,-168.89706,-168.52564,-168.15552,-167.78673,-167.29148,-166.9232,-166.55634,-166.19095,-165.68959,-165.325,-164.96196,-164.60049,-164.09373,-163.73337,-163.37468,-162.86357,-162.50622,-162.15062,-161.63558,-161.28154,-160.92934,-160.41078,-160.06037,-159.71186,-159.19023,-158.84374,-158.31925,-157.97494,-157.63265,-157.10581,-156.76591,-156.23673,-155.89937,-155.36803,-155.03337,-154.5001,-154.16826,-153.63327,-153.30442,-152.76793,-152.4422,-151.90442,-151.58194,-151.0431,-150.72401,-150.18433,-149.64281,-149.32845,-148.78644,-148.4758,-147.93352,-147.38974,-147.08439,-146.5407,-145.99571,-145.69599,-145.15145,-144.60582,-144.05919,-143.76723,-143.22154,-142.67506,-142.12789,-141.84429,-141.29855,-140.75232,-140.20569,-139.65874,-139.11157,-138.84138,-138.29638,-137.75137,-137.20644,-136.66166,-136.11713,-135.57293,-135.02915,-134.48587,-133.94318,-133.40117,-132.85991,-132.31949,-132.01655,-131.47521,-130.93492,-130.39578,-129.85786,-129.32124,-129.00751,-128.4707,-127.9354,-127.4017,-127.08138,-126.54796,-126.01634,-125.48659,-125.16029,-124.63129,-124.10437,-123.77377,-123.24794,-122.72437,-122.38981,-121.86767,-121.53031,-121.00979,-120.49184,-120.15105,-119.63506,-119.29178,-118.77795,-118.4323,-117.92082,-117.57293,-117.06402,-116.71401,-116.20786,-115.85587,-115.35266,-114.99882,-114.49875,-114.1432,-113.64645,-113.28932,-112.79607,-112.43751,-112.07746,-111.58809,-111.22679,-110.86406,-110.37895,-110.01518,-109.53425,-109.16957,-108.80358,-108.32754,-107.96085,-107.59292,-107.22377,-106.75369,-106.3841,-106.01336,-105.54899,-105.17802,-104.80598,-104.43289,-103.97558,-103.60252,-103.2285,-102.85353,-102.40386,-102.02919,-101.65367,-101.27731,-100.90014,-100.46002,-100.08348,-99.70621,-99.32825,-98.94961,-98.57033,-98.14219,-97.76391,-97.38508,-97.00572,-96.62586,-96.24551,-95.86472,-95.4835,-95.10189,-94.69246,-94.31242,-93.93207,-93.55144,-93.17056,-92.78945,-92.40815,-92.02669,-91.64508,-91.26336,-90.88156,-90.49971,-90.11783,-89.73595,-89.35411,-88.97232,-88.59062,-88.20903,-87.82759,-87.44633,-87.06526,-86.68442,-86.30383,-85.92354,-85.51567,-85.13375,-84.7522,-84.37106,-83.99034,-83.61007,-83.23029,-82.85102,-82.47229,-82.09411,-81.66565,-81.28648,-80.90796,-80.53011,-80.15297,-79.77655,-79.33615,-78.95912,-78.5829,-78.20753,-77.83301,-77.38309,-77.00828,-76.63443,-76.26153,-75.80401,-75.4311,-75.05923,-74.68844,-74.22389,-73.85335,-73.48395,-73.0137,-72.64476,-72.27704,-71.91056,-71.43438,-71.06861,-70.70416,-70.22311,-69.85957,-69.37435,-69.01187,-68.65082,-68.16136,-67.80156,-67.30835,-66.94995,-66.59309,-66.09629,-65.74102,-65.24091,-64.88736,-64.38413,-64.03243,-63.52627,-63.17656,-62.66766,-62.32007,-61.80862,-61.46328,-60.94949,-60.60653,-60.09059,-59.75013,-59.23225,-58.71181,-58.37478,-57.85273,-57.51851,-56.99505,-56.46934,-56.13909,-55.6123,-55.08345,-54.7575,-54.22791,-53.69645,-53.16321,-52.84325,-52.30973,-51.77464,-51.23803,-50.92467,-50.38826,-49.85057,-49.31166,-48.77161,-48.23052,-47.68846,-47.38779,-46.8468,-46.30505,-45.76264,-45.21965,-44.67617,-44.13227,-43.58805,-43.04359,-42.49897,-41.95429,-41.68639,-41.1394,-40.59257,-40.04597,-39.49969,-38.95381,-38.40843,-38.12484,-37.57803,-37.03194,-36.48663,-36.19469,-35.64846,-35.10322,-34.55908,-34.25941,-33.71483,-33.17154,-32.86627,-32.32289,-32.0137,-31.47048,-30.92888,-30.61462,-30.07352,-29.75566,-29.21528,-28.67686,-28.35451,-27.81716,-27.49157,-26.9555,-26.6268,-26.09222,-25.76056,-25.2277,-24.8932,-24.36229,-24.0251,-23.49633,-23.15661,-22.81482,-22.28809,-21.94397,-21.4199,-21.07361,-20.72536,-20.20408,-19.85387,-19.33574,-18.98373,-18.62991,-18.11529,-17.75989,-17.40276,-16.89207,-16.53359,-16.17346,-15.81169,-15.30587,-14.94306,-14.57871,-14.21282,-13.7126,-13.34598,-12.97794,-12.60849,-12.11455,-11.74468,-11.3735,-11.00104,-10.62733,-10.14148,-9.76773,-9.39283,-9.01681,-8.6397,-8.26153,-7.78617,-7.40842,-7.02971,-6.65009,-6.26957,-5.88819,-5.50599,-5.12299,-4.73922,-4.28096,-3.89828,-3.51496,-3.13101,-2.74648,-2.3614,-1.97579,-1.58971,-1.20317,-0.81622,-0.42888,-0.0412,0.3468,0.73507,1.12358,1.51231,1.9012,2.29024,2.67938,3.06858,3.45782,3.84706,4.23626,4.61022,5.00177,5.39318,5.7844,6.17541,6.56617,6.95665,7.34681,7.73662,8.13439,8.52585,8.91686,9.30737,9.69736,10.08678,10.49983,10.89043,11.28036,11.6696,12.0581,12.48335,12.87262,13.26105,13.64862,14.08361,14.47161,14.85864,15.24469,15.68867,16.07481,16.45986,16.9111,17.296,17.67969,18.13777,18.52104,18.90302,19.36748,19.74878,20.12869,20.59906,20.97805,21.45348,21.83136,22.20769,22.68821,23.06319,23.54821,23.92165,24.41094,24.78266,25.15264,25.64582,26.01385,26.51069,26.87661,27.37687,27.88079,28.24392,28.75087,29.11144,29.62115,29.97899,30.49121,31.00658,31.36062,31.87807,32.22898,32.74825,33.27026,33.61667,34.14008,34.66599,35.1943,35.53433,36.06343,36.59467,37.12796,37.4608,37.99426,38.52949,39.0664,39.60487,39.92777,40.46563,41.00478,41.54511,42.08652,42.6289,43.17214,43.71612,44.26075,44.80589,45.35145,45.89732,46.44337,46.98951,47.53561,48.08157,48.62729,49.17263,49.44097,49.98834,50.53506,51.08103,51.62614,51.90703,52.45336,52.99855,53.54249,53.8327,54.37724,54.92025,55.21719,55.76035,56.30171,56.60496,57.14601,57.685,57.99412,58.53235,58.84562,59.3828,59.9175,60.23591,60.76912,61.09124,61.62268,61.94834,62.47773,62.80675,63.33382,63.66603,64.19051,64.52572,65.04734,65.38537,65.90386,66.24452,66.75962,67.10272,67.44802,67.95953,68.307,68.8145,69.16396,69.51545,70.01844,70.37164,70.72678,71.22473,71.5813,71.9397,72.43209,72.79164,73.15292,73.63925,74.00139,74.36515,74.7305,75.20926,75.5751,75.94241,76.31116,76.7815,77.15037,77.52056,77.89204,78.26478,78.72435,79.09674,79.47026,79.84487,80.22054,80.66811,81.04297,81.41877,81.79546,82.173,82.55137,82.93051,83.36071,83.73841,84.11677,84.49574,84.87528,85.25536,85.63592,86.01695,86.39838,86.78019,87.16233,87.54476,87.92744,88.31033,88.69338,89.07657,89.45984,89.84315,90.22647,90.60974,90.99294,91.37601,91.75892,92.14163,92.5241,92.90627,93.28812,93.6696,94.05068,94.4313,94.81144,95.19105,95.57009,95.94852,96.32631,96.75606,97.13529,97.51375,97.89139,98.26818,98.64409,99.01907,99.46624,99.84203,100.21677,100.59042,100.96294,101.42216,101.79504,102.16667,102.53701,102.90604,103.37606,103.74498,104.11246,104.47847,104.95695,105.32247,105.68642,106.04875,106.53482,106.89629,107.25604,107.7482,108.10681,108.46359,108.96133,109.31669,109.67011,110.17291,110.52464,110.87432,111.38166,111.72937,112.24072,112.58628,112.92963,113.4446,113.78552,114.30388,114.64219,115.16369,115.49919,116.02356,116.35607,116.88304,117.21238,117.74168,118.06766,118.59903,118.92148,119.45463,119.77338,120.30804,120.62292,121.1588,121.69702,122.00649,122.54548,123.08655,123.39015,123.93154,124.47474,124.77204,125.31511,125.85971,126.15029,126.69431,127.23958,127.78601,128.06729,128.6125,129.15859,129.70543,130.25294,130.52168,131.06717,131.61304,132.15917,132.70545,133.25176,133.79801,134.34407,134.88984,135.43521,135.98005,136.52427,137.06775,137.61039,138.15206,138.69266,139.23209,139.77024,140.307,140.63185,141.16905,141.70459,142.23836,142.77026,143.10478,143.63635,144.16577,144.69296,145.03445,145.5607,146.08444,146.43086,146.95323,147.47285,147.82378,148.34159,148.85641,149.21141,149.724,150.0819,150.59198,150.95263,151.45995,151.96375,152.32747,152.82811,153.19413,153.69134,154.05949,154.55304,154.92314,155.41279,155.78467,156.15821,156.64365,157.01873,157.49967,157.87612,158.35234,158.72996,159.10907,159.57987,159.95991,160.34135,160.80624,161.18836,161.64769,162.0303,162.41414,162.79918,163.25087,163.63608,164.0224,164.46681,164.85303,165.24026,165.62846,166.06386,166.45163,166.84028,167.22977,167.65541,168.04413,168.43359,168.82375,169.21458,169.62801,170.01767,170.40789,170.79864,171.18989,171.58159,171.97972,172.36977,172.76018,173.15091,173.54193,173.93319,174.32467,174.71633,175.09304,175.48243,175.87189,176.26139,176.65089,177.04035,177.42975,177.81905,178.20821,178.5972,178.98598,179.37452,179.76278 0.00734,0.00882,0.01022,0.01145,0.01249,0.01334,0.01403,0.01461,0.01514,0.01565,0.0162,0.01681,0.01747,0.01767,0.01852,0.01936,0.02018,0.02096,0.02168,0.02235,0.02294,0.02306,0.0235,0.02391,0.0243,0.02469,0.02509,0.02479,0.02524,0.02572,0.02626,0.02685,0.02655,0.02716,0.02778,0.02841,0.02784,0.02836,0.02887,0.02938,0.0284,0.02886,0.02935,0.02809,0.02853,0.02894,0.02725,0.02747,0.02762,0.02549,0.02556,0.0257,0.02376,0.02422,0.02282,0.02379,0.02504,0.02441,0.0261,0.02578,0.02769,0.02748,0.02937,0.0291,0.0307,0.03027,0.03141,0.0308,0.0315,0.03084,0.03128,0.03083,0.03129,0.03133,0.03173,0.03276,0.03376,0.03528,0.03675,0.03828,0.04034,0.04188,0.04322,0.04522,0.04612,0.04664,0.04673,0.04772,0.04699,0.04579,0.04419,0.0438,0.04169,0.03952,0.03744,0.03557,0.03401,0.0335,0.03251,0.03192,0.03169,0.03172,0.03195,0.0323,0.03273,0.03321,0.03376,0.03437,0.03507,0.03583,0.03592,0.0366,0.03717,0.03755,0.03771,0.03768,0.03687,0.03672,0.03673,0.03705,0.03663,0.03753,0.0387,0.04003,0.04018,0.04158,0.04287,0.04291,0.044,0.0449,0.04474,0.04543,0.04521,0.04578,0.04622,0.04622,0.04658,0.04674,0.04683,0.04696,0.04645,0.04627,0.04494,0.04424,0.04213,0.04094,0.03852,0.03712,0.03507,0.03386,0.03276,0.03209,0.03217,0.03218,0.03246,0.03386,0.03465,0.0356,0.03745,0.03842,0.03997,0.04057,0.04093,0.04128,0.04093,0.04032,0.03949,0.03824,0.03704,0.03577,0.03368,0.03222,0.03071,0.02918,0.02649,0.02499,0.02356,0.02222,0.02001,0.01907,0.01829,0.01768,0.01724,0.01703,0.01712,0.01734,0.01767,0.01809,0.01858,0.02041,0.02102,0.02163,0.02219,0.02274,0.02324,0.02371,0.02412,0.02447,0.02512,0.0252,0.02522,0.0252,0.02516,0.02511,0.02509,0.02511,0.02522,0.02543,0.02573,0.0261,0.02653,0.02698,0.02742,0.02779,0.02809,0.02827,0.02833,0.02825,0.02804,0.02769,0.02719,0.02656,0.02465,0.02388,0.02301,0.02207,0.02108,0.02008,0.01913,0.01829,0.01762,0.01718,0.01665,0.01679,0.0172,0.01784,0.01864,0.0195,0.01977,0.02047,0.02097,0.02122,0.02118,0.02034,0.01974,0.01888,0.01779,0.01593,0.01446,0.01289,0.0113,0.0086,0.00699,0.0055,0.00261,0.0014,0.00037,-0.00051,-0.00283,-0.00342,-0.00399,-0.00553,-0.00594,-0.00669,-0.00698,-0.00739,-0.00712,-0.00742,-0.0065,-0.00675,-0.007,-0.00576,-0.00599,-0.00494,-0.00527,-0.00479,-0.00535,-0.0056,-0.00638,-0.00722,-0.00807,-0.00915,-0.00984,-0.01075,-0.01106,-0.01149,-0.01128,-0.01109,-0.01055,-0.00961,-0.00863,-0.0074,-0.00624,-0.00508,-0.00382,-0.00274,-0.00165,-0.00067,0.00036,0.00147,0.00263,0.00272,0.00341,0.00382,0.00384,0.00233,0.00159,0.00061,-0.00044,-0.00135,-0.00193,-0.00204,-0.00353,-0.00284,-0.00185,-0.00083,-8e-05,0.00017,-0.00022,-0.00124,-0.00283,-0.00488,-0.00725,-0.00744,-0.01018,-0.013,-0.01582,-0.01854,-0.021,-0.02295,-0.02266,-0.02349,-0.02343,-0.02258,-0.02092,-0.0194,-0.01773,-0.01617,-0.01455,-0.01339,-0.01255,-0.01117,-0.01083,-0.00965,-0.00998,-0.01087,-0.01044,-0.01223,-0.01238,-0.01486,-0.01744,-0.01804,-0.02032,-0.02073,-0.02209,-0.02198,-0.02213,-0.02143,-0.02066,-0.01957,-0.01857,-0.01755,-0.01702,-0.01641,-0.01597,-0.01653,-0.01647,-0.01737,-0.01734,-0.01718,-0.0176,-0.01699,-0.01671,-0.01561,-0.01428,-0.01342,-0.01185,-0.01018,-0.00954,-0.00806,-0.0067,-0.00555,-0.0063,-0.00586,-0.00576,-0.00597,-0.00824,-0.0089,-0.00964,-0.01031,-0.01259,-0.01284,-0.01271,-0.01217,-0.01121,-0.01198,-0.01043,-0.00868,-0.00685,-0.00508,-0.00347,-0.00416,-0.00307,-0.00237,-0.00209,-0.00224,-0.0028,-0.00371,-0.0049,-0.00627,-0.00934,-0.01082,-0.01215,-0.01325,-0.01404,-0.01449,-0.0146,-0.01439,-0.01392,-0.01326,-0.01247,-0.01162,-0.01078,-0.01001,-0.00936,-0.00886,-0.00855,-0.00848,-0.00868,-0.00916,-0.00991,-0.01089,-0.01205,-0.01299,-0.01401,-0.0149,-0.01557,-0.01598,-0.0161,-0.01593,-0.01548,-0.01478,-0.01272,-0.0117,-0.01059,-0.00945,-0.00836,-0.00737,-0.00567,-0.00517,-0.00498,-0.00513,-0.00564,-0.00543,-0.00647,-0.00772,-0.00913,-0.00915,-0.01054,-0.01189,-0.01316,-0.01258,-0.01361,-0.01457,-0.01365,-0.01451,-0.0154,-0.01454,-0.01556,-0.0167,-0.0161,-0.01743,-0.01888,-0.01826,-0.01977,-0.01879,-0.02031,-0.02201,-0.02058,-0.0225,-0.02108,-0.02342,-0.02236,-0.02509,-0.02794,-0.02721,-0.0298,-0.02893,-0.03081,-0.02945,-0.02789,-0.02858,-0.02647,-0.02663,-0.02427,-0.02424,-0.02189,-0.01963,-0.01971,-0.01779,-0.01796,-0.01649,-0.01545,-0.01576,-0.01522,-0.01506,-0.01525,-0.01588,-0.01647,-0.01725,-0.01817,-0.01909,-0.02002,-0.02089,-0.02165,-0.02227,-0.023,-0.02342,-0.02367,-0.02373,-0.0236,-0.02328,-0.02278,-0.02215,-0.0214,-0.02057,-0.01965,-0.01862,-0.01743,-0.01601,-0.01436,-0.0125,-0.01056,-0.00868,-0.00743,-0.0061,-0.00522,-0.00489,-0.00512,-0.00547,-0.0064,-0.00767,-0.00913,-0.00971,-0.01129,-0.01315,-0.01382,-0.01618,-0.01896,-0.01982,-0.02275,-0.02543,-0.02561,-0.0272,-0.0266,-0.02687,-0.02646,-0.02503,-0.0242,-0.02282,-0.02227,-0.02127,-0.02149,-0.02102,-0.02221,-0.02228,-0.02428,-0.02477,-0.02724,-0.02789,-0.03035,-0.0309,-0.03286,-0.03301,-0.03296,-0.03372,-0.03307,-0.03285,-0.03166,-0.03028,-0.02897,-0.02724,-0.02544,-0.02355,-0.02167,-0.01984,-0.01806,-0.01651,-0.01515,-0.01421,-0.01341,-0.01287,-0.01257,-0.01309,-0.01327,-0.0136,-0.01402,-0.01537,-0.01599,-0.01663,-0.01727,-0.01788,-0.0196,-0.02012,-0.02047,-0.02062,-0.02053,-0.02192,-0.02143,-0.02071,-0.01981,-0.01878,-0.01768,-0.01659,-0.01745,-0.01641,-0.0155,-0.01477,-0.01421,-0.01384,-0.01367,-0.01366,-0.01381,-0.01409,-0.01445,-0.01488,-0.01533,-0.01578,-0.01619,-0.01655,-0.01685,-0.01707,-0.01721,-0.01724,-0.01715,-0.01694,-0.0166,-0.01612,-0.01553,-0.01483,-0.01407,-0.0133,-0.01256,-0.01189,-0.01134,-0.01091,-0.01062,-0.01043,-0.01032,-0.0104,-0.0102,-0.00997,-0.0097,-0.0094,-0.0091,-0.00883,-0.00815,-0.008,-0.008,-0.0082,-0.0086,-0.00853,-0.00924,-0.01011,-0.0111,-0.01217,-0.01242,-0.01349,-0.01454,-0.01554,-0.01551,-0.01636,-0.01716,-0.01791,-0.01753,-0.01827,-0.01904,-0.01869,-0.01954,-0.02039,-0.02025,-0.02105,-0.0217,-0.02154,-0.02186,-0.0219,-0.02134,-0.02086,-0.0199,-0.01889,-0.0176,-0.01608,-0.01443,-0.0128,-0.01098,-0.00954,-0.00781,-0.00684,-0.00546,-0.00517,-0.00427,-0.00466,-0.00422,-0.005,-0.00481,-0.00553,-0.00532,-0.00564,-0.00529,-0.00514,-0.00472,-0.00433,-0.00384,-0.00339,-0.00336,-0.00317,-0.0031,-0.00341,-0.00343,-0.00347,-0.00375,-0.00371,-0.0037,-0.00372,-0.00365,-0.00355,-0.00345,-0.00329,-0.00305,-0.00214,-0.00169,-0.00122,-0.00076,-0.00033,0.0001,0.00056,0.00111,0.00182,0.00271,0.00376,0.00493,0.00612,0.00726,0.00832,0.00929,0.01017,0.01094,0.01156,0.01155,0.01168,0.01142,0.0107,0.00953,0.00836,0.00679,0.00528,0.00416,0.00332,0.00325,0.00408,0.00415,0.00611,0.00858,0.00888,0.01133,0.01342,0.01284,0.01383,0.01242,0.01216,0.01012,0.00891,0.00727,0.00506,0.00339,0.00163,0.00041,-0.00065,-0.00112,-0.00141,-0.00103,-0.00065,-2e-05,0.00139,0.00231,0.00422,0.00515,0.00737,0.00809,0.0086,0.01087,0.01106,0.01105,0.01312,0.0128,0.01459,0.01399,0.01332,0.01265,0.01385,0.01317,0.0126,0.01376,0.01338,0.01313,0.01298,0.01439,0.01429,0.01413,0.01387,0.01487,0.01429,0.01355,0.01268,0.01171,0.01202,0.01111,0.01031,0.00965,0.00917,0.00885,0.01078,0.01091,0.01105,0.01114,0.01108,0.01081,0.01028,0.00947,0.01122,0.00989,0.00839,0.00685,0.00538,0.0041,0.00312,0.00253,0.00239,0.0027,0.00344,0.00454,0.00587
253.125 -179.99523,-179.6151,-179.23534,-178.85598,-178.47704,-178.09856,-177.72057,-177.34311,-176.96619,-176.58986,-176.21414,-175.83907,-175.46466,-175.09095,-174.71798,-174.34575,-173.97431,-173.51524,-173.14326,-172.77216,-172.40198,-172.03273,-171.66444,-171.29713,-170.82591,-170.45858,-170.09233,-169.72719,-169.36316,-169.00028,-168.51989,-168.15742,-167.79619,-167.4362,-166.94941,-166.59013,-166.23217,-165.87557,-165.38313,-165.02751,-164.67332,-164.32057,-163.82321,-163.47172,-163.12174,-162.62027,-162.27177,-161.92484,-161.4197,-161.07444,-160.73083,-160.22246,-159.88071,-159.54066,-159.02952,-158.69152,-158.17759,-157.84179,-157.50777,-156.9918,-156.66016,-156.14192,-155.81278,-155.2925,-154.96598,-154.44387,-154.1201,-153.59637,-153.27547,-152.75035,-152.43242,-151.90613,-151.59129,-151.06404,-150.75239,-150.2244,-149.69454,-149.38751,-148.85725,-148.55369,-148.02324,-147.49126,-147.19279,-146.66096,-146.12783,-145.83471,-145.30207,-144.76832,-144.48081,-143.94789,-143.41408,-142.87948,-142.34416,-142.06641,-141.53248,-140.99806,-140.46321,-139.92803,-139.66079,-139.12756,-138.59419,-138.06077,-137.52739,-136.99411,-136.46104,-135.92823,-135.39578,-134.86377,-134.33227,-133.80137,-133.27114,-132.74166,-132.213,-131.68524,-131.38624,-130.8578,-130.33047,-129.80431,-129.27939,-128.7558,-128.44684,-127.92325,-127.40118,-126.88068,-126.56562,-126.04558,-125.5273,-125.20781,-124.6903,-124.17472,-123.85113,-123.33663,-122.82424,-122.49688,-121.98587,-121.47714,-121.14634,-120.63928,-120.30594,-119.80075,-119.46499,-118.96186,-118.46135,-118.1229,-117.62473,-117.28419,-116.78853,-116.44603,-115.95305,-115.60872,-115.1186,-114.77256,-114.42492,-113.93786,-113.58869,-113.1049,-112.75434,-112.27397,-111.92215,-111.56889,-111.09242,-110.73808,-110.38237,-109.91014,-109.55354,-109.08533,-108.72798,-108.36937,-107.90596,-107.54679,-107.18643,-106.82492,-106.3674,-106.00556,-105.64264,-105.19064,-104.82759,-104.46353,-104.09848,-103.65333,-103.2884,-102.92255,-102.55583,-102.18824,-101.75168,-101.3845,-101.01654,-100.64783,-100.27838,-99.8512,-99.48246,-99.11308,-98.74306,-98.37245,-98.00126,-97.62951,-97.21564,-96.84502,-96.47392,-96.10238,-95.73043,-95.35808,-94.98536,-94.6123,-94.23892,-93.86526,-93.49133,-93.09979,-92.72761,-92.35524,-91.98272,-91.61006,-91.23731,-90.86448,-90.4916,-90.11869,-89.74579,-89.37291,-89.00009,-88.62735,-88.25472,-87.88222,-87.50988,-87.13773,-86.74581,-86.37193,-85.99831,-85.62499,-85.25199,-84.87933,-84.50705,-84.13516,-83.7637,-83.39268,-83.02214,-82.60795,-82.2363,-81.86521,-81.49469,-81.12479,-80.75551,-80.38689,-79.95942,-79.5901,-79.22152,-78.8537,-78.48666,-78.04984,-77.6824,-77.31582,-76.95014,-76.58536,-76.13999,-75.77511,-75.41122,-75.04834,-74.59614,-74.23341,-73.87176,-73.41406,-73.05274,-72.69259,-72.22969,-71.87006,-71.51166,-71.04387,-70.68619,-70.32981,-69.85746,-69.50198,-69.14788,-68.67131,-68.31829,-67.96673,-67.48628,-67.13597,-66.65211,-66.30321,-65.8161,-65.46872,-64.97852,-64.63281,-64.28876,-63.79576,-63.45355,-62.95789,-62.61764,-62.11948,-61.78133,-61.28085,-60.77776,-60.4423,-59.93717,-59.60414,-59.09715,-58.76667,-58.25801,-57.74709,-57.42006,-56.90776,-56.39337,-56.07012,-55.55467,-55.03728,-54.71814,-54.2,-53.68011,-53.3654,-52.84506,-52.32316,-51.79976,-51.27492,-50.96775,-50.44303,-49.91708,-49.38996,-48.86174,-48.33251,-48.03559,-47.50717,-46.97793,-46.44795,-45.91731,-45.38607,-44.85433,-44.32216,-43.78964,-43.25686,-42.72388,-42.1908,-41.6577,-41.12465,-40.85956,-40.32445,-39.7896,-39.25509,-38.72102,-38.18745,-37.90966,-37.37471,-36.84047,-36.30705,-36.02135,-35.48698,-34.95364,-34.42139,-34.12827,-33.59555,-33.06414,-32.76567,-32.23412,-31.7041,-31.40056,-30.87073,-30.56374,-30.03432,-29.50678,-29.19517,-28.66837,-28.35359,-27.82776,-27.5099,-26.98525,-26.66441,-26.14116,-25.81747,-25.29584,-24.96941,-24.44961,-24.12056,-23.60281,-23.27127,-22.93791,-22.42188,-22.0862,-21.57275,-21.23488,-20.89527,-20.38428,-20.04269,-19.53477,-19.19131,-18.84622,-18.34152,-17.99476,-17.64643,-17.1454,-16.7956,-16.4443,-15.94737,-15.5948,-15.2408,-14.88538,-14.39337,-14.03696,-13.67921,-13.32012,-12.83378,-12.474,-12.11297,-11.75071,-11.38724,-10.90811,-10.5443,-10.17937,-9.81334,-9.44623,-8.97546,-8.60838,-8.24031,-7.87129,-7.50133,-7.13047,-6.75872,-6.38612,-5.92889,-5.5569,-5.18416,-4.81069,-4.43653,-4.06169,-3.68621,-3.31013,-2.93346,-2.55624,-2.1785,-1.80027,-1.42158,-1.04247,-0.66296,-0.28309,0.09711,0.4776,0.85837,1.23936,1.62055,2.0019,2.38339,2.76497,3.14661,3.52829,3.90995,4.29158,4.67314,5.05459,5.43589,5.81701,6.19218,6.57539,6.95832,7.34094,7.7232,8.10507,8.48652,8.87936,9.26241,9.64493,10.02689,10.40825,10.78897,11.19613,11.57802,11.95917,12.33953,12.71907,13.13768,13.51802,13.89743,14.27587,14.70357,15.0825,15.46035,15.89519,16.27328,16.65019,17.02587,17.46876,17.84436,18.21863,18.66786,19.04179,19.4961,19.86951,20.24141,20.70145,21.07258,21.4421,21.90746,22.27595,22.74571,23.11299,23.58698,23.95286,24.31689,24.79519,25.15757,25.63959,26.00015,26.4857,26.84424,27.3331,27.68945,28.18141,28.67655,29.03022,29.52811,29.87911,30.37953,30.72769,31.23039,31.73584,32.08027,32.58763,33.09755,33.43777,33.9492,34.46299,34.79853,35.31343,35.83045,36.34953,36.67859,37.19821,37.71964,38.2428,38.5645,39.08762,39.61222,40.1382,40.66548,41.19396,41.72355,42.25415,42.78565,43.08877,43.61879,44.14945,44.68065,45.21228,45.74423,46.27641,46.523,47.05805,47.59307,48.12794,48.66256,49.19683,49.73063,50.26385,50.53107,51.06599,51.60008,52.13321,52.40982,52.94407,53.4771,54.00881,54.29421,54.82645,55.35708,55.64878,56.17952,56.70838,57.00603,57.53456,58.06095,58.36419,58.88981,59.19688,59.72146,60.24346,60.55549,61.07602,61.39151,61.91029,62.2291,62.74587,63.06784,63.58232,63.90731,64.41923,64.74708,65.25618,65.58672,65.91934,66.42579,66.76088,67.26388,67.60126,68.10054,68.44004,68.78145,69.27679,69.62007,69.9652,70.45606,70.8028,71.1513,71.63716,71.98701,72.33854,72.81888,73.1715,73.5257,74.00003,74.35505,74.71155,75.06951,75.53643,75.89486,76.25465,76.61576,77.07443,77.43566,77.7981,78.16174,78.52654,78.97474,79.3392,79.70472,80.07125,80.43876,80.87527,81.242,81.60961,81.97804,82.34727,82.71727,83.088,83.45942,83.87702,84.24697,84.61749,84.98855,85.3601,85.73212,86.10456,86.47739,86.85057,87.22406,87.59782,87.97182,88.34601,88.72037,89.09484,89.46939,89.84398,90.21858,90.59314,90.96762,91.34199,91.71621,92.09023,92.46403,92.83755,93.21077,93.58364,93.95613,94.3282,94.69982,95.07093,95.44152,95.81154,96.22869,96.60019,96.97101,97.3411,97.71042,98.07896,98.44666,98.81351,99.24961,99.61724,99.98389,100.34953,100.71412,101.16195,101.52689,101.89067,102.25326,102.61464,103.07297,103.43424,103.79419,104.15279,104.6194,104.97754,105.33422,105.68942,106.16347,106.51786,106.87067,107.35075,107.70249,108.05255,108.40093,108.88689,109.23385,109.72449,110.06984,110.41335,110.9085,111.25015,111.58988,112.08899,112.42662,112.92945,113.2648,113.59811,114.104,114.43479,114.94377,115.27189,115.7837,116.10897,116.62336,116.94561,117.46231,117.7814,118.30012,118.6159,119.13639,119.44872,119.97069,120.49524,120.80262,121.32823,121.63178,122.15817,122.68671,122.98469,123.51357,124.04435,124.33637,124.86705,125.39935,125.68507,126.21685,126.74997,127.02908,127.56125,128.09449,128.62869,129.16374,129.43127,129.96463,130.49857,131.03299,131.56777,132.10281,132.63799,132.88766,133.42014,133.9525,134.48464,135.01647,135.54787,136.07874,136.60898,137.13849,137.66716,137.97458,138.50441,139.03314,139.56067,140.0869,140.61175,141.13513,141.45684,141.98027,142.50197,143.02186,143.53986,143.87031,144.38763,144.90281,145.2384,145.75248,146.26421,146.60448,147.11471,147.62238,147.96687,148.47264,148.97565,149.32389,149.82462,150.17571,150.67393,151.16909,151.52316,152.01544,152.3719,152.86109,153.21974,153.70562,154.0663,154.54865,154.91117,155.38978,155.75396,156.22865,156.5943,156.96174,157.43182,157.80048,158.26615,158.63586,159.00717,159.46751,159.83961,160.29512,160.66782,161.04194,161.49148,161.86595,162.24175,162.68492,163.06082,163.43793,163.87441,164.25136,164.62943,165.00858,165.43655,165.81522,166.19486,166.57542,166.9943,167.37407,167.75467,168.13605,168.51817,168.92559,169.30654,169.68814,170.07033,170.45309,170.84824,171.22947,171.61116,171.99327,172.37577,172.75863,173.1418,173.51949,173.90065,174.28201,174.66356,175.04526,175.42706,175.80894,176.19086,176.57279,176.95468,177.33652,177.71826,178.09987,178.48131,178.86256,179.24357,179.62432 0.01265,0.01402,0.01526,0.01629,0.0171,0.01767,0.01808,0.01837,0.01862,0.01888,0.0192,0.01961,0.02009,0.02065,0.02126,0.02192,0.0226,0.02236,0.02304,0.0237,0.02432,0.02489,0.02543,0.02593,0.02591,0.0264,0.02691,0.02745,0.02804,0.02869,0.02873,0.02948,0.03028,0.03113,0.031,0.03181,0.03257,0.03328,0.03277,0.03334,0.03385,0.03431,0.03368,0.03414,0.03455,0.03386,0.0342,0.03444,0.03332,0.0334,0.03342,0.03189,0.03204,0.03237,0.0312,0.03213,0.03147,0.03308,0.03498,0.03491,0.03714,0.03693,0.03908,0.0384,0.0401,0.03883,0.03988,0.03814,0.03855,0.03664,0.03663,0.03494,0.03484,0.03379,0.03394,0.03383,0.03437,0.03547,0.03697,0.03867,0.0408,0.04301,0.04514,0.04716,0.04881,0.05051,0.05142,0.05182,0.0526,0.05208,0.05102,0.04945,0.04743,0.0465,0.044,0.04148,0.03913,0.03711,0.03637,0.03511,0.03432,0.03394,0.03387,0.034,0.03422,0.03448,0.03477,0.0351,0.03552,0.03609,0.03685,0.03781,0.03893,0.04013,0.03984,0.04082,0.04153,0.04188,0.04189,0.04164,0.0407,0.04044,0.04027,0.04023,0.04016,0.04058,0.04111,0.04172,0.04252,0.04333,0.04416,0.04497,0.04567,0.0462,0.04658,0.04669,0.04675,0.04651,0.04644,0.04594,0.04586,0.04506,0.04392,0.04375,0.04216,0.04186,0.03995,0.03952,0.0376,0.03712,0.03566,0.03522,0.03473,0.03427,0.03399,0.03441,0.03442,0.03558,0.0359,0.03634,0.03807,0.03869,0.03937,0.04096,0.04146,0.0423,0.04227,0.04198,0.04113,0.04014,0.03895,0.03761,0.03493,0.03326,0.03156,0.028,0.02624,0.02457,0.02303,0.01959,0.01854,0.01774,0.01718,0.01682,0.01591,0.0163,0.01683,0.01749,0.01825,0.01991,0.02098,0.02199,0.02292,0.02374,0.02442,0.02496,0.02642,0.02652,0.02648,0.0263,0.026,0.02562,0.02519,0.02475,0.02432,0.02394,0.02364,0.02249,0.02236,0.02242,0.02265,0.02304,0.02355,0.02414,0.02479,0.02545,0.02608,0.02665,0.02715,0.02756,0.02787,0.02807,0.02814,0.02808,0.02858,0.02815,0.02755,0.0268,0.02589,0.02481,0.02366,0.02242,0.02116,0.01992,0.01877,0.01809,0.01743,0.01708,0.01707,0.01738,0.01799,0.01879,0.02011,0.02098,0.0217,0.02217,0.02234,0.02223,0.02176,0.02101,0.02002,0.01884,0.01754,0.0162,0.01486,0.01354,0.01199,0.01079,0.0097,0.00792,0.00696,0.00607,0.00399,0.00309,0.00213,-0.00018,-0.00128,-0.00249,-0.00471,-0.00597,-0.00725,-0.00876,-0.00977,-0.01062,-0.01096,-0.0113,-0.01077,-0.01064,-0.00957,-0.00918,-0.00806,-0.00768,-0.00726,-0.00682,-0.00667,-0.00691,-0.007,-0.00771,-0.00785,-0.00867,-0.00939,-0.0092,-0.00948,-0.0089,-0.0086,-0.00765,-0.00681,-0.00573,-0.0044,-0.00313,-0.00193,-0.0006,0.00032,0.00097,0.00188,0.00201,0.00189,0.00194,0.00123,0.00035,-0.00071,-0.00194,-0.00389,-0.00556,-0.00721,-0.00869,-0.00984,-0.0105,-0.01221,-0.01184,-0.01089,-0.00955,-0.00811,-0.00685,-0.00601,-0.00572,-0.00603,-0.0069,-0.00824,-0.00998,-0.01201,-0.01427,-0.01515,-0.0177,-0.02028,-0.0227,-0.02474,-0.02613,-0.02641,-0.02657,-0.02588,-0.02454,-0.02349,-0.02177,-0.0202,-0.019,-0.01797,-0.01736,-0.01719,-0.01632,-0.01664,-0.01734,-0.01659,-0.01781,-0.01726,-0.01901,-0.02097,-0.02083,-0.02281,-0.02278,-0.02428,-0.02413,-0.02476,-0.02431,-0.02398,-0.0232,-0.02228,-0.02135,-0.02041,-0.01959,-0.01915,-0.01863,-0.01826,-0.01861,-0.01855,-0.01911,-0.01915,-0.01918,-0.01939,-0.01917,-0.01894,-0.01843,-0.01774,-0.01731,-0.01641,-0.01539,-0.01526,-0.01418,-0.01305,-0.01343,-0.01246,-0.01164,-0.01103,-0.01226,-0.01219,-0.01242,-0.01292,-0.01498,-0.01578,-0.01663,-0.01738,-0.0179,-0.01971,-0.01964,-0.01913,-0.01816,-0.01677,-0.01696,-0.01502,-0.01301,-0.0111,-0.00942,-0.00806,-0.0071,-0.00659,-0.00767,-0.00807,-0.00893,-0.01018,-0.01175,-0.01351,-0.01532,-0.01703,-0.01853,-0.01968,-0.02041,-0.02069,-0.02049,-0.01986,-0.01886,-0.01757,-0.01609,-0.01451,-0.01293,-0.01147,-0.01021,-0.00924,-0.00862,-0.0084,-0.00863,-0.00929,-0.01035,-0.0117,-0.01324,-0.01482,-0.0163,-0.01754,-0.01808,-0.01852,-0.01858,-0.01828,-0.01768,-0.01683,-0.0158,-0.0137,-0.0125,-0.01137,-0.01039,-0.00967,-0.00927,-0.00803,-0.00837,-0.00914,-0.0103,-0.01179,-0.0119,-0.01368,-0.01552,-0.01734,-0.01718,-0.01873,-0.02015,-0.01937,-0.02048,-0.02149,-0.02243,-0.02132,-0.02229,-0.02335,-0.02257,-0.02395,-0.02349,-0.02525,-0.02724,-0.02708,-0.02939,-0.03195,-0.03161,-0.03442,-0.03369,-0.0367,-0.0356,-0.03874,-0.04192,-0.04036,-0.04313,-0.0411,-0.04298,-0.04045,-0.0412,-0.03834,-0.03815,-0.03534,-0.03285,-0.03229,-0.03017,-0.02979,-0.02794,-0.02782,-0.02597,-0.02398,-0.02397,-0.02196,-0.02012,-0.02022,-0.01883,-0.01789,-0.01839,-0.01814,-0.01832,-0.01883,-0.01999,-0.02076,-0.02156,-0.02232,-0.02339,-0.02397,-0.0245,-0.02497,-0.02536,-0.02561,-0.02568,-0.02552,-0.02514,-0.02517,-0.02452,-0.02382,-0.02312,-0.0225,-0.02192,-0.02129,-0.02019,-0.0191,-0.01767,-0.01587,-0.0138,-0.01163,-0.00959,-0.00793,-0.00662,-0.00602,-0.00617,-0.00704,-0.00722,-0.00878,-0.0105,-0.01227,-0.01274,-0.01472,-0.017,-0.01797,-0.02091,-0.02414,-0.02538,-0.02842,-0.03086,-0.031,-0.03194,-0.03112,-0.03078,-0.03006,-0.02857,-0.02796,-0.02662,-0.02674,-0.0258,-0.02693,-0.02643,-0.02843,-0.02828,-0.03076,-0.03083,-0.03334,-0.03349,-0.03371,-0.0357,-0.03572,-0.03689,-0.03652,-0.03669,-0.03586,-0.03485,-0.03383,-0.0324,-0.03083,-0.0291,-0.02728,-0.02539,-0.02354,-0.02167,-0.01988,-0.01847,-0.01702,-0.0158,-0.01528,-0.01462,-0.01425,-0.01413,-0.01471,-0.01501,-0.01547,-0.01605,-0.01718,-0.01799,-0.01887,-0.01979,-0.02073,-0.02237,-0.02333,-0.02414,-0.02477,-0.02514,-0.02671,-0.02669,-0.02636,-0.02573,-0.02483,-0.02373,-0.02247,-0.02113,-0.0213,-0.01977,-0.0183,-0.01696,-0.01579,-0.01485,-0.01417,-0.01374,-0.01357,-0.01366,-0.01396,-0.01443,-0.01503,-0.01568,-0.01633,-0.01693,-0.01743,-0.01778,-0.01795,-0.01791,-0.01766,-0.0172,-0.01654,-0.01572,-0.01479,-0.01379,-0.01279,-0.01187,-0.01106,-0.01044,-0.01001,-0.00978,-0.00975,-0.00995,-0.01008,-0.01023,-0.01037,-0.01048,-0.01056,-0.01062,-0.01069,-0.01003,-0.01015,-0.01041,-0.01085,-0.01147,-0.01111,-0.01198,-0.01296,-0.01397,-0.01496,-0.01502,-0.01596,-0.01681,-0.01755,-0.01785,-0.01857,-0.01924,-0.01987,-0.0202,-0.02088,-0.02158,-0.02171,-0.02244,-0.02314,-0.02377,-0.02357,-0.02397,-0.02349,-0.02352,-0.02328,-0.02236,-0.02163,-0.0206,-0.0192,-0.0177,-0.01601,-0.01414,-0.01209,-0.01019,-0.00807,-0.00636,-0.00442,-0.00323,-0.00173,-0.00134,-0.00044,-0.00088,-0.00053,-0.00153,-0.00152,-0.00265,-0.00271,-0.00358,-0.00416,-0.00406,-0.00427,-0.00421,-0.00425,-0.00422,-0.00446,-0.00457,-0.00469,-0.00529,-0.00541,-0.00542,-0.00605,-0.00581,-0.0054,-0.00576,-0.00503,-0.00419,-0.00327,-0.0023,-0.00154,-0.00038,0.00066,0.00149,0.00206,0.00233,0.00234,0.00281,0.00243,0.00206,0.00183,0.00185,0.00217,0.00276,0.00358,0.00457,0.00569,0.00674,0.00797,0.00921,0.01042,0.01149,0.01228,0.01267,0.01254,0.01206,0.01111,0.00984,0.0085,0.00731,0.00635,0.00604,0.00553,0.00646,0.00819,0.00875,0.01132,0.01398,0.01478,0.01698,0.01846,0.01833,0.01852,0.01745,0.01637,0.0147,0.0126,0.01052,0.00824,0.00633,0.00429,0.00297,0.0015,0.00107,0.00036,0.00099,0.0011,0.00283,0.00363,0.00465,0.00752,0.00876,0.01211,0.01324,0.01418,0.01735,0.01783,0.02048,0.02041,0.02011,0.02165,0.02089,0.02002,0.02067,0.01972,0.01884,0.01931,0.01867,0.01816,0.01778,0.01868,0.01852,0.01841,0.01828,0.01905,0.01873,0.01827,0.01765,0.0169,0.01684,0.01602,0.01525,0.01462,0.01418,0.01512,0.01535,0.01581,0.01645,0.01717,0.01786,0.01842,0.02069,0.02073,0.02036,0.01958,0.01842,0.01695,0.0153,0.01357,0.01189,0.0104,0.00922,0.00844,0.00815,0.00833,0.00896,0.00998,0.01125
258.75 -179.80659,-179.43629,-179.06632,-178.69672,-178.32751,-177.95871,-177.59037,-177.2225,-176.85513,-176.48829,-176.05451,-175.68671,-175.31954,-174.95302,-174.58719,-174.22206,-173.85766,-173.49401,-173.13113,-172.76904,-172.31761,-171.95531,-171.59389,-171.23338,-170.87379,-170.51514,-170.05363,-169.6952,-169.3378,-168.98143,-168.62611,-168.1568,-167.80204,-167.44842,-167.09595,-166.74462,-166.26877,-165.91834,-165.56912,-165.22114,-164.74007,-164.39324,-164.0477,-163.56215,-163.21796,-162.8751,-162.38556,-162.04424,-161.70431,-161.21124,-160.87302,-160.53624,-160.0401,-159.70521,-159.37178,-158.87303,-158.54165,-158.04007,-157.71085,-157.38317,-156.87976,-156.55438,-156.04871,-155.72574,-155.21803,-154.89759,-154.38805,-154.07023,-153.55909,-153.24399,-152.73147,-152.41918,-151.9055,-151.59611,-151.08147,-150.77507,-150.25969,-149.74233,-149.44043,-148.92268,-148.62396,-148.10601,-147.58642,-147.2926,-146.77314,-146.2523,-145.96356,-145.44318,-144.92163,-144.63816,-144.11738,-143.59565,-143.07305,-142.79697,-142.27556,-141.75349,-141.23085,-140.70772,-140.18418,-139.92003,-139.39832,-138.87639,-138.35434,-137.83224,-137.31016,-136.7882,-136.26643,-135.74492,-135.22375,-134.703,-134.18274,-133.66305,-133.14399,-132.62564,-132.10807,-131.59135,-131.07555,-130.78228,-130.26596,-129.75075,-129.23671,-128.7239,-128.42253,-127.90976,-127.39839,-126.8885,-126.58117,-126.07173,-125.56392,-125.0578,-124.74518,-124.23992,-123.73651,-123.42,-122.91773,-122.41745,-122.09739,-121.59854,-121.2758,-120.77855,-120.28354,-119.9578,-119.46465,-119.13658,-118.64546,-118.31519,-117.82627,-117.49392,-117.00736,-116.67307,-116.18903,-115.85292,-115.37156,-115.03376,-114.55522,-114.21587,-113.74031,-113.39952,-113.05718,-112.58499,-112.24139,-111.77254,-111.42782,-111.08168,-110.61673,-110.26964,-109.9212,-109.46045,-109.11125,-108.76076,-108.30453,-107.95346,-107.60119,-107.14977,-106.79709,-106.44328,-105.99694,-105.6429,-105.28782,-104.9317,-104.4917,-104.13558,-103.77852,-103.42053,-102.98734,-102.62958,-102.27097,-101.91153,-101.55129,-101.12664,-100.76691,-100.40646,-100.0453,-99.68347,-99.26808,-98.90703,-98.54539,-98.18317,-97.8204,-97.45711,-97.09332,-96.72905,-96.32842,-95.96537,-95.60192,-95.2381,-94.87393,-94.50943,-94.14464,-93.77957,-93.41425,-93.04871,-92.68297,-92.31705,-91.95098,-91.5848,-91.21851,-90.8481,-90.48381,-90.1195,-89.75519,-89.38647,-89.02012,-88.65385,-88.28768,-87.92163,-87.55575,-87.19004,-86.82453,-86.45925,-86.09423,-85.72948,-85.36504,-85.00092,-84.63716,-84.27378,-83.9108,-83.50985,-83.14566,-82.78195,-82.41874,-82.05607,-81.69394,-81.3324,-80.97145,-80.55579,-80.19407,-79.83303,-79.47269,-79.11308,-78.68819,-78.32808,-77.96878,-77.61031,-77.25269,-76.81928,-76.46144,-76.10453,-75.74858,-75.30838,-74.95243,-74.59752,-74.24366,-73.79714,-73.44352,-73.09103,-72.63944,-72.28737,-71.9365,-71.48013,-71.12985,-70.78086,-70.31999,-69.97177,-69.62492,-69.15985,-68.81394,-68.46947,-68.00052,-67.65718,-67.1849,-66.84282,-66.36736,-66.02667,-65.68759,-65.209,-64.87148,-64.39008,-64.05426,-63.57019,-63.2362,-62.74962,-62.41758,-61.92866,-61.59871,-61.1076,-60.77985,-60.28673,-59.79128,-59.46634,-58.96914,-58.64675,-58.14796,-57.64708,-57.32804,-56.82585,-56.50969,-56.00637,-55.50121,-55.18894,-54.68294,-54.17525,-53.66594,-53.35898,-52.84923,-52.33802,-51.8254,-51.52441,-51.01177,-50.49791,-49.98289,-49.46677,-48.94962,-48.65829,-48.14179,-47.62444,-47.10632,-46.58751,-46.06806,-45.54805,-45.02756,-44.50666,-43.98543,-43.46395,-42.94228,-42.42051,-41.89871,-41.37698,-40.85538,-40.334,-40.06973,-39.54653,-39.02376,-38.50147,-37.97977,-37.70557,-37.18257,-36.66035,-36.13901,-35.85732,-35.3351,-34.81396,-34.294,-34.00519,-33.48478,-32.96577,-32.67189,-32.15275,-31.6352,-31.3365,-30.81915,-30.51726,-30.00031,-29.48534,-29.17897,-28.66474,-28.3554,-27.84213,-27.5299,-27.0178,-26.70276,-26.19204,-25.8743,-25.36519,-25.04482,-24.53754,-24.21466,-23.70943,-23.38414,-23.05729,-22.5536,-22.22447,-21.72338,-21.3921,-20.89384,-20.56052,-20.22573,-19.73011,-19.39342,-19.05533,-18.56279,-18.22298,-17.88177,-17.39279,-17.05005,-16.70598,-16.22101,-15.87559,-15.52889,-15.18092,-14.70055,-14.35148,-14.0012,-13.64971,-13.17475,-12.82242,-12.46896,-12.11437,-11.64563,-11.29048,-10.93429,-10.57705,-10.2188,-9.75784,-9.39937,-9.03996,-8.67964,-8.31842,-7.95631,-7.59334,-7.14352,-6.78084,-6.41739,-6.05319,-5.68827,-5.32265,-4.95635,-4.58939,-4.22181,-3.85362,-3.42188,-3.05473,-2.68708,-2.31895,-1.95038,-1.58139,-1.21202,-0.84228,-0.47221,-0.10184,0.26881,0.63969,1.01078,1.38206,1.75348,2.12501,2.49662,2.86829,3.23997,3.5932,3.96732,4.34138,4.71532,5.08913,5.46276,5.83617,6.20934,6.58223,6.95479,7.33244,7.70689,8.08093,8.45452,8.82761,9.20016,9.57216,9.96603,10.33947,10.71225,11.08431,11.45562,11.86076,12.23319,12.60476,12.97542,13.38947,13.76097,14.13145,14.50087,14.92344,15.2934,15.66219,16.02977,16.4604,16.82821,17.19468,17.63152,17.99798,18.36298,18.80576,19.1705,19.53365,19.9821,20.34474,20.79752,21.15945,21.51962,21.97752,22.33673,22.79864,23.15671,23.51281,23.97925,24.33394,24.804,25.1571,25.63062,25.98194,26.45876,26.80811,27.28805,27.63523,28.11811,28.46294,28.94857,29.43686,29.77901,30.26975,30.60904,31.10201,31.59744,31.93324,32.43056,32.76302,33.26199,33.76316,34.26646,34.59378,35.09824,35.60466,35.927,36.4342,36.94314,37.45378,37.76936,38.28023,38.79256,39.30629,39.82134,40.33764,40.64219,41.15783,41.67446,42.19202,42.71039,43.2295,43.74925,44.26955,44.79031,45.3114,45.83274,46.35425,46.87581,47.39733,47.91871,48.17043,48.6941,49.21738,49.74017,50.26235,50.78383,51.04964,51.57263,52.09464,52.61558,53.13534,53.412,53.93258,54.45171,54.73442,55.25397,55.77181,56.06034,56.57819,57.09407,57.38813,57.9036,58.41683,58.71613,59.22854,59.53129,60.04263,60.34876,60.85875,61.36593,61.67654,62.18196,62.49561,62.99901,63.31559,63.81671,64.13608,64.63466,64.95668,65.28056,65.777,66.10335,66.59663,66.9253,67.41517,67.746,68.07857,68.56504,68.89956,69.38202,69.71832,70.05627,70.53446,70.87395,71.21503,71.68844,72.03083,72.37474,72.84287,73.18785,73.53426,73.8821,74.34387,74.69245,75.04238,75.39362,75.84818,76.19984,76.55273,76.90684,77.35337,77.70755,78.06284,78.41922,78.77665,79.21308,79.57018,79.92823,80.28721,80.6471,81.07226,81.43139,81.7913,82.15198,82.51339,82.8755,83.23828,83.6017,84.00879,84.3708,84.73333,85.09635,85.45983,85.82373,86.18803,86.55267,86.91765,87.2829,87.64841,88.01414,88.38005,88.7461,89.11226,89.4785,89.84478,90.21105,90.57729,90.94347,91.30954,91.67546,92.04121,92.40675,92.77204,93.13704,93.50173,93.86607,94.23002,94.59355,94.95663,95.31922,95.68129,96.08796,96.45145,96.8143,97.17649,97.53799,97.89876,98.25877,98.618,99.04276,99.40275,99.76184,100.12001,100.47722,100.83347,101.27085,101.62735,101.98278,102.3371,102.78331,103.13755,103.49058,103.8424,104.19298,104.64806,104.99814,105.34689,105.8084,106.1564,106.50297,106.84814,107.31603,107.6601,108.00269,108.47588,108.81714,109.15683,109.63483,109.97296,110.30946,110.79176,111.12647,111.61281,111.94558,112.27659,112.76636,113.09522,113.58841,113.91496,114.41132,114.7354,115.05763,115.55615,115.87572,116.3768,116.69359,117.19696,117.51082,118.01623,118.32705,118.83422,119.34422,119.65056,120.16191,120.46489,120.97733,121.27684,121.79011,122.30563,122.59992,123.11585,123.63377,123.92252,124.44044,124.96008,125.24301,125.76224,126.28292,126.55979,127.07967,127.60073,128.12288,128.39122,128.91202,129.43364,129.95597,130.47891,131.00235,131.25682,131.77812,132.29966,132.82136,133.34311,133.8648,134.38634,134.90762,135.42855,135.94904,136.46898,136.98828,137.50685,138.02461,138.54145,139.0573,139.3618,139.87832,140.39359,140.90755,141.42012,141.93121,142.24685,142.75773,143.26691,143.77434,144.09678,144.60344,145.10815,145.61084,145.9391,146.44052,146.93975,147.27228,147.76986,148.26509,148.60143,149.09466,149.43405,149.92505,150.41347,150.75587,151.24175,151.5867,152.06984,152.41716,152.89736,153.24689,153.72393,154.07546,154.5492,154.90252,155.37279,155.72771,156.19435,156.55067,157.01354,157.37109,157.73052,158.18863,158.54903,159.003,159.36418,159.72704,160.17568,160.53907,160.90403,161.34702,161.71224,162.07891,162.51596,162.88265,163.25067,163.6815,164.04931,164.41832,164.78851,165.21126,165.58092,165.95164,166.36763,166.73759,167.10849,167.48029,167.85296,168.25825,168.62981,169.00211,169.37513,169.74882,170.14281,170.51505,170.88785,171.26119,171.63502,172.00931,172.38929,172.76174,173.13456,173.50769,173.88111,174.25477,174.62865,175.00271,175.3769,175.7512,176.10693,176.47884,176.85076,177.22267,177.59453,177.9663,178.33796,178.70948,179.08081,179.45193,179.82281 0.01921,0.02046,0.02148,0.02229,0.0229,0.02337,0.02377,0.02417,0.02463,0.02518,0.02401,0.02464,0.02534,0.02607,0.02679,0.02745,0.02804,0.02852,0.02889,0.02915,0.02773,0.028,0.02823,0.02845,0.02868,0.02894,0.02884,0.02936,0.02996,0.03064,0.03141,0.03209,0.03299,0.03386,0.03464,0.03528,0.0356,0.03597,0.03612,0.03607,0.03601,0.03587,0.03563,0.03575,0.03561,0.03541,0.0357,0.03554,0.03531,0.03543,0.03528,0.0352,0.03533,0.0357,0.03638,0.03715,0.03868,0.03986,0.04219,0.04485,0.04614,0.04895,0.04924,0.05151,0.05038,0.05164,0.04921,0.04941,0.0462,0.04561,0.04234,0.04144,0.03872,0.03797,0.03631,0.03611,0.03583,0.03644,0.03761,0.03949,0.04145,0.04408,0.04676,0.04913,0.05143,0.05324,0.05501,0.05585,0.05605,0.05686,0.05601,0.05454,0.05253,0.05182,0.04898,0.04595,0.04299,0.04038,0.03832,0.03767,0.0368,0.03664,0.03706,0.03784,0.03874,0.0396,0.04031,0.04084,0.04126,0.04166,0.04216,0.04282,0.04369,0.04473,0.04582,0.04682,0.04756,0.04652,0.04677,0.0465,0.04572,0.04449,0.04338,0.04199,0.04048,0.03899,0.03895,0.03805,0.03742,0.03714,0.0385,0.03891,0.0396,0.04135,0.04224,0.04299,0.0442,0.04431,0.04493,0.04438,0.04351,0.04357,0.04234,0.04217,0.04064,0.04027,0.03848,0.038,0.03617,0.03577,0.03427,0.03417,0.03341,0.03369,0.03381,0.03439,0.03525,0.03593,0.0365,0.03793,0.03849,0.0401,0.0406,0.04107,0.04246,0.04276,0.04298,0.04345,0.0432,0.04273,0.04148,0.04028,0.03886,0.03583,0.03389,0.03185,0.02779,0.02558,0.02341,0.02133,0.01716,0.01544,0.01407,0.01311,0.01085,0.01098,0.01156,0.01252,0.01376,0.0149,0.01675,0.01865,0.02051,0.02227,0.02458,0.02606,0.02726,0.02815,0.02873,0.02902,0.02901,0.02872,0.02857,0.02765,0.02655,0.0253,0.02399,0.02268,0.02147,0.0204,0.01957,0.01901,0.01876,0.0188,0.01912,0.01967,0.02035,0.02003,0.0208,0.02143,0.02188,0.02332,0.02354,0.02364,0.02367,0.02365,0.02361,0.02355,0.02345,0.02329,0.02303,0.02265,0.0221,0.02136,0.02044,0.01933,0.01806,0.01785,0.01652,0.01528,0.01421,0.0134,0.01291,0.01277,0.01299,0.01535,0.01616,0.01706,0.01791,0.0186,0.02034,0.02037,0.02009,0.01952,0.0187,0.0181,0.01685,0.01554,0.01421,0.01322,0.01205,0.01101,0.0101,0.00953,0.00885,0.00825,0.00746,0.00677,0.00601,0.00435,0.00324,0.00201,-0.00048,-0.00192,-0.00334,-0.00592,-0.00711,-0.00807,-0.00983,-0.01018,-0.011,-0.01069,-0.0106,-0.00976,-0.00876,-0.00806,-0.00703,-0.00642,-0.00566,-0.00545,-0.00509,-0.00532,-0.00525,-0.00575,-0.00577,-0.00631,-0.00622,-0.00654,-0.00666,-0.00614,-0.00576,-0.00493,-0.00402,-0.00285,-0.00154,-3e-05,0.00149,0.003,0.00417,0.00544,0.00575,0.00537,0.00434,0.00393,0.00184,-0.00062,-0.00329,-0.00543,-0.00843,-0.01126,-0.01376,-0.01577,-0.01713,-0.01874,-0.01872,-0.01784,-0.01624,-0.01419,-0.01204,-0.01012,-0.00869,-0.00786,-0.00767,-0.00806,-0.00895,-0.01024,-0.01184,-0.01368,-0.01569,-0.01779,-0.01904,-0.02116,-0.023,-0.02437,-0.02511,-0.02569,-0.0254,-0.02462,-0.02359,-0.02312,-0.02203,-0.02124,-0.02086,-0.02035,-0.02052,-0.02109,-0.0208,-0.02177,-0.02298,-0.0228,-0.02431,-0.02415,-0.02587,-0.02756,-0.02736,-0.02872,-0.0283,-0.029,-0.0283,-0.02827,-0.02731,-0.02677,-0.02566,-0.02508,-0.02397,-0.02374,-0.02273,-0.02295,-0.02205,-0.02126,-0.02163,-0.02098,-0.02118,-0.02064,-0.02057,-0.02018,-0.01992,-0.01983,-0.01968,-0.01952,-0.01992,-0.0198,-0.01956,-0.02057,-0.02017,-0.01956,-0.02077,-0.01987,-0.01886,-0.01782,-0.01879,-0.01782,-0.0171,-0.01666,-0.01788,-0.01796,-0.01839,-0.0191,-0.02071,-0.02163,-0.02255,-0.02328,-0.02366,-0.02443,-0.02392,-0.02279,-0.02111,-0.01906,-0.01685,-0.01471,-0.0135,-0.01196,-0.01088,-0.01025,-0.01013,-0.01052,-0.0114,-0.01277,-0.01454,-0.01661,-0.01975,-0.02212,-0.02432,-0.02618,-0.02752,-0.02824,-0.02826,-0.02758,-0.02627,-0.02441,-0.02216,-0.01967,-0.01714,-0.01472,-0.01257,-0.01081,-0.00954,-0.0088,-0.0086,-0.00888,-0.00981,-0.01112,-0.01269,-0.01438,-0.01602,-0.01748,-0.01863,-0.01942,-0.01982,-0.01976,-0.01939,-0.01875,-0.01793,-0.01704,-0.01615,-0.01539,-0.01378,-0.01337,-0.01332,-0.01368,-0.01446,-0.01386,-0.01528,-0.01697,-0.01885,-0.01902,-0.02102,-0.02296,-0.02478,-0.02463,-0.0261,-0.02732,-0.02829,-0.02739,-0.0281,-0.02869,-0.02786,-0.02862,-0.02949,-0.02931,-0.03077,-0.03253,-0.03323,-0.03574,-0.03668,-0.03979,-0.04322,-0.04416,-0.0479,-0.0484,-0.05225,-0.0561,-0.05569,-0.0591,-0.05745,-0.05985,-0.05664,-0.05753,-0.05293,-0.05226,-0.04708,-0.04542,-0.04082,-0.0391,-0.03589,-0.03364,-0.03307,-0.03183,-0.03184,-0.03081,-0.02949,-0.02956,-0.02782,-0.02782,-0.02589,-0.02406,-0.02254,-0.023,-0.02221,-0.02197,-0.02319,-0.0236,-0.02421,-0.02483,-0.02627,-0.02663,-0.02683,-0.02692,-0.02697,-0.02701,-0.02744,-0.0273,-0.02706,-0.02667,-0.02613,-0.02547,-0.02481,-0.02424,-0.0239,-0.02382,-0.02396,-0.02417,-0.02423,-0.02392,-0.02308,-0.02083,-0.01901,-0.01684,-0.0146,-0.01259,-0.01111,-0.00941,-0.00928,-0.00995,-0.01117,-0.01257,-0.01266,-0.01397,-0.01513,-0.01571,-0.01731,-0.01936,-0.02104,-0.02406,-0.02739,-0.02933,-0.03219,-0.03423,-0.03457,-0.03504,-0.03436,-0.03396,-0.03282,-0.03251,-0.03272,-0.03184,-0.033,-0.03245,-0.03446,-0.03415,-0.03654,-0.0363,-0.03858,-0.0383,-0.03804,-0.03975,-0.0394,-0.0404,-0.03988,-0.03999,-0.03922,-0.03837,-0.03745,-0.03634,-0.03491,-0.03362,-0.03222,-0.03069,-0.02917,-0.02753,-0.02622,-0.0245,-0.02275,-0.02174,-0.02009,-0.0186,-0.01732,-0.0169,-0.0161,-0.0156,-0.01538,-0.01565,-0.01585,-0.01626,-0.01685,-0.01759,-0.01849,-0.01953,-0.02069,-0.02194,-0.02339,-0.02482,-0.02619,-0.02742,-0.02844,-0.03016,-0.03076,-0.03094,-0.0307,-0.03003,-0.02895,-0.02753,-0.02584,-0.02517,-0.023,-0.02082,-0.01871,-0.0168,-0.01514,-0.01384,-0.01294,-0.01247,-0.01241,-0.01273,-0.01337,-0.01424,-0.01524,-0.01628,-0.01725,-0.01808,-0.0187,-0.01907,-0.01916,-0.01896,-0.01849,-0.01778,-0.01687,-0.01583,-0.0147,-0.01358,-0.01251,-0.01157,-0.0108,-0.01023,-0.00988,-0.00975,-0.00978,-0.01003,-0.01037,-0.01077,-0.01118,-0.01159,-0.012,-0.01241,-0.0123,-0.01273,-0.01327,-0.01392,-0.01466,-0.01545,-0.01535,-0.01615,-0.01684,-0.01733,-0.0172,-0.0175,-0.01761,-0.01756,-0.01742,-0.01813,-0.01827,-0.01848,-0.01984,-0.02039,-0.02106,-0.02182,-0.02319,-0.02397,-0.02469,-0.0252,-0.02553,-0.0256,-0.02507,-0.02453,-0.02365,-0.02232,-0.02088,-0.01926,-0.0174,-0.01528,-0.01344,-0.01112,-0.00924,-0.00691,-0.00513,-0.003,-0.00104,0.00014,0.00157,0.00203,0.00279,0.00246,0.00261,0.00166,0.00143,0.0002,-0.00103,-0.00132,-0.00234,-0.00258,-0.00333,-0.00356,-0.00414,-0.00464,-0.00504,-0.00562,-0.00622,-0.00696,-0.00762,-0.00814,-0.00906,-0.00926,-0.00905,-0.00966,-0.00875,-0.00739,-0.00569,-0.00497,-0.00272,-0.00048,0.00155,0.00321,0.00438,0.00552,0.00581,0.00553,0.00483,0.00394,0.00305,0.00235,0.00196,0.0019,0.00213,0.00261,0.0033,0.00417,0.00523,0.00647,0.00784,0.009,0.01035,0.01149,0.01229,0.01264,0.01257,0.01226,0.01157,0.01085,0.01033,0.00933,0.00931,0.00985,0.0109,0.01076,0.01246,0.01424,0.01492,0.01662,0.01785,0.0186,0.01907,0.01938,0.01893,0.01802,0.0173,0.01588,0.01451,0.01295,0.01118,0.00983,0.00798,0.00718,0.00559,0.00562,0.00462,0.00574,0.00553,0.0078,0.00841,0.0117,0.01292,0.01428,0.01821,0.01952,0.023,0.02386,0.02446,0.02658,0.02656,0.02625,0.02682,0.02596,0.02495,0.02443,0.02338,0.02243,0.02184,0.02123,0.02076,0.02044,0.02036,0.02032,0.02033,0.02029,0.02031,0.02022,0.02,0.01963,0.01905,0.01848,0.01787,0.01728,0.0168,0.01668,0.01676,0.01713,0.01779,0.01869,0.01975,0.02123,0.02227,0.02312,0.02366,0.02382,0.02356,0.02288,0.02181,0.02043,0.01886,0.01757,0.01606,0.01473,0.01368,0.01305,0.01288,0.01318,0.01393,0.01504,0.01639,0.01783
264.375 -179.92694,-179.56344,-179.2002,-178.83726,-178.47463,-178.11236,-177.75046,-177.38897,-177.0279,-176.66728,-176.30713,-175.94749,-175.58836,-175.22978,-174.87177,-174.51434,-174.0875,-173.7295,-173.37218,-173.01556,-172.65965,-172.30448,-171.95006,-171.51075,-171.15627,-170.80261,-170.44981,-170.09787,-169.7468,-169.29805,-168.94732,-168.59755,-168.24873,-167.90087,-167.44481,-167.09763,-166.75148,-166.40636,-165.94438,-165.60019,-165.2571,-164.9151,-164.44802,-164.10719,-163.7675,-163.29595,-162.9576,-162.62044,-162.28447,-161.80922,-161.47481,-160.9957,-160.66297,-160.33149,-159.84934,-159.51969,-159.19132,-158.70659,-158.38019,-157.89255,-157.56823,-157.24523,-156.75577,-156.43497,-155.94316,-155.62466,-155.13072,-154.81461,-154.31878,-154.00514,-153.50764,-153.19655,-152.69761,-152.38915,-151.88897,-151.58322,-151.08202,-150.77904,-150.27703,-149.77291,-149.47425,-148.96967,-148.67393,-148.16909,-147.66252,-147.3714,-146.86488,-146.35686,-146.07054,-145.56287,-145.05393,-144.77256,-144.26428,-143.75493,-143.2446,-142.97024,-142.46097,-141.95093,-141.44022,-140.92888,-140.66385,-140.15407,-139.64387,-139.13334,-138.62258,-138.11165,-137.60065,-137.08964,-136.5787,-136.0679,-135.55734,-135.04706,-134.53715,-134.02769,-133.51873,-133.01034,-132.50261,-131.99558,-131.48933,-130.98392,-130.47942,-130.19334,-129.68841,-129.18456,-128.68185,-128.18034,-127.88647,-127.38506,-126.88501,-126.38637,-126.08679,-125.58865,-125.09208,-124.78827,-124.29248,-123.7984,-123.49072,-122.9977,-122.50653,-122.1953,-121.70546,-121.39153,-120.90317,-120.41689,-120.09997,-119.61542,-119.29613,-118.81349,-118.49196,-118.01138,-117.68774,-117.20937,-116.88376,-116.40775,-116.0803,-115.6068,-115.27763,-114.80678,-114.47602,-114.00796,-113.67574,-113.21061,-112.87705,-112.54194,-112.0802,-111.74393,-111.28546,-110.94816,-110.60943,-110.15485,-109.81527,-109.47434,-109.02394,-108.68233,-108.33947,-107.89351,-107.55013,-107.20558,-106.76434,-106.41944,-106.07344,-105.72635,-105.291,-104.9438,-104.59559,-104.2464,-103.81741,-103.46833,-103.11834,-102.76746,-102.34528,-101.99473,-101.64337,-101.29123,-100.93834,-100.52468,-100.17237,-99.81938,-99.46574,-99.11146,-98.75657,-98.35356,-97.99957,-97.64505,-97.29003,-96.93451,-96.57854,-96.22213,-95.86531,-95.47718,-95.12166,-94.76581,-94.40965,-94.0532,-93.69648,-93.33952,-92.98234,-92.62498,-92.26744,-91.90976,-91.55196,-91.19407,-90.8361,-90.47809,-90.12005,-89.76202,-89.40401,-89.04606,-88.68818,-88.3304,-87.97274,-87.61523,-87.25789,-86.90074,-86.54382,-86.18715,-85.83074,-85.47462,-85.11882,-84.76337,-84.37494,-84.01819,-83.66185,-83.30594,-82.95051,-82.59556,-82.24113,-81.88723,-81.48395,-81.12917,-80.77499,-80.42145,-80.06857,-79.71637,-79.30248,-78.94971,-78.59769,-78.24647,-77.89605,-77.47365,-77.12292,-76.77307,-76.42413,-75.99495,-75.64592,-75.29787,-74.95084,-74.51532,-74.16841,-73.82258,-73.47786,-73.03647,-72.6921,-72.34892,-71.90283,-71.56017,-71.21877,-70.76824,-70.42753,-70.08817,-69.63348,-69.29499,-68.95791,-68.49935,-68.16331,-67.70151,-67.36664,-66.90171,-66.56813,-66.23616,-65.76806,-65.43755,-64.96667,-64.63776,-64.16424,-63.83706,-63.36104,-63.03571,-62.55734,-62.23399,-61.75342,-61.43218,-60.94957,-60.63057,-60.14606,-59.82944,-59.34321,-58.85491,-58.54128,-58.0515,-57.74059,-57.2495,-56.75657,-56.44921,-55.95523,-55.45954,-55.15607,-54.65962,-54.1616,-53.66208,-53.36387,-52.86396,-52.3627,-51.86014,-51.56785,-51.06531,-50.56164,-50.0569,-49.55114,-49.26689,-48.76169,-48.25565,-47.74885,-47.24134,-46.73319,-46.22447,-45.71525,-45.20561,-44.6956,-44.1853,-43.67479,-43.16415,-42.65343,-42.14273,-41.63212,-41.12167,-40.61147,-40.10159,-39.83853,-39.32701,-38.816,-38.3056,-37.79589,-37.52342,-37.01254,-36.50254,-35.99353,-35.71397,-35.20419,-34.6956,-34.18829,-33.90194,-33.39429,-32.88814,-32.597,-32.09082,-31.79665,-31.29062,-30.78646,-30.48777,-29.98411,-29.68252,-29.17955,-28.67884,-28.37307,-27.87338,-27.56492,-27.06648,-26.75539,-26.2584,-25.94477,-25.44946,-25.13336,-24.63996,-24.32147,-23.8302,-23.50943,-23.18732,-22.69756,-22.37328,-21.88619,-21.55984,-21.07568,-20.74737,-20.41777,-19.93621,-19.60479,-19.27213,-18.79361,-18.45927,-18.12372,-17.64871,-17.31165,-16.9734,-16.50239,-16.16281,-15.82208,-15.35556,-15.01367,-14.67069,-14.32663,-13.86519,-13.52021,-13.17419,-12.82715,-12.3716,-12.02389,-11.67521,-11.32559,-10.97502,-10.52678,-10.17587,-9.82408,-9.47144,-9.11796,-8.76364,-8.32486,-7.97061,-7.61562,-7.25989,-6.90345,-6.54632,-6.18851,-5.83005,-5.405,-5.04718,-4.6888,-4.32987,-3.97043,-3.61049,-3.25008,-2.88921,-2.52793,-2.16624,-1.80418,-1.44178,-1.07905,-0.71604,-0.35276,0.01076,0.37449,0.73839,1.10244,1.46661,1.83087,2.19519,2.55953,2.92387,3.28816,3.65239,4.01651,4.38049,4.74431,5.10791,5.47299,5.83865,6.20403,6.56907,6.93375,7.29802,7.66186,8.02522,8.40816,8.77317,9.1376,9.50142,9.86459,10.22705,10.62287,10.98664,11.3496,11.71172,12.07296,12.47914,12.84135,13.20258,13.56277,13.97704,14.33793,14.69768,15.05625,15.47829,15.83726,16.19493,16.62283,16.98069,17.33712,17.7707,18.12709,18.48194,18.92099,19.27555,19.62844,20.07271,20.42507,20.77564,21.22485,21.57464,22.02754,22.37637,22.7232,23.18056,23.52617,23.98694,24.33114,24.79519,25.1378,25.60499,25.94583,26.41604,26.7549,27.22797,27.5647,28.04043,28.37486,28.85311,29.18501,29.6656,30.14846,30.47752,30.96245,31.28848,31.77527,32.26414,32.58653,33.07695,33.56933,33.88756,34.38118,34.87658,35.19006,35.68634,36.18426,36.68376,36.99101,37.49089,37.99216,38.49477,38.99866,39.29731,39.8009,40.30555,40.8112,41.31776,41.82517,42.33334,42.84219,43.35165,43.86163,44.37203,44.88278,45.39379,45.90495,46.41619,46.9274,47.43849,47.94936,48.45993,48.97008,49.47973,49.73754,50.2489,50.75951,51.26927,51.7781,52.04635,52.55628,53.06501,53.57246,53.84852,54.35657,54.86307,55.14464,55.65139,56.15633,56.44321,56.94802,57.45078,57.74272,58.24495,58.74489,59.04163,59.54065,59.8405,60.33837,60.64126,61.13772,61.44356,61.93839,62.24707,62.74001,63.22984,63.54225,63.85633,64.34475,64.66135,65.14713,65.46613,65.94899,66.27031,66.75001,67.07345,67.39846,67.87523,68.20219,68.67529,69.00404,69.33429,69.80363,70.13548,70.46879,70.93388,71.26858,71.60469,72.06505,72.40233,72.74096,73.19614,73.53571,73.87657,74.32612,74.66769,75.01046,75.35444,75.79722,76.14161,76.48711,76.83372,77.26897,77.61568,77.9634,78.31213,78.66183,79.08765,79.43706,79.78736,80.13851,80.49051,80.84332,81.25715,81.60921,81.96199,82.31545,82.66957,83.02433,83.37969,83.73563,84.13236,84.48696,84.84202,85.19753,85.55345,85.90975,86.26641,86.62339,86.98066,87.33819,87.69594,88.0539,88.41201,88.77026,89.12861,89.48703,89.84548,90.20393,90.56235,90.9207,91.27896,91.6371,91.99507,92.35285,92.71041,93.06771,93.42472,93.78141,94.13776,94.49372,94.84927,95.20438,95.55903,95.95541,96.31141,96.66684,97.02166,97.37585,97.72939,98.08224,98.43438,98.8479,99.2008,99.55288,99.90413,100.25452,100.60403,101.02958,101.37938,101.72821,102.07605,102.42286,102.85787,103.2046,103.55022,103.89473,104.33728,104.68139,105.0243,105.366,105.81536,106.15635,106.49606,106.95106,107.28984,107.62727,108.08747,108.42374,108.75859,109.22353,109.55701,109.88902,110.35823,110.68865,111.01756,111.49056,111.81768,112.29437,112.61955,112.94316,113.4228,113.74428,114.22704,114.54627,115.03192,115.34876,115.66395,116.15136,116.46402,116.95373,117.26375,117.75551,118.25026,118.55633,119.05275,119.35587,119.8537,120.15378,120.65278,120.94974,121.44968,121.95192,122.24409,122.74686,123.2517,123.5388,124.04378,124.55057,124.83237,125.33893,125.84702,126.12332,126.63084,127.13962,127.6496,127.91813,128.42702,128.93686,129.44756,129.959,130.21708,130.72683,131.23708,131.74776,132.25876,132.77002,133.2814,133.79281,134.30415,134.81533,135.32627,135.83686,136.34702,136.85667,137.36572,137.87408,138.38168,138.88844,139.39428,139.89913,140.40291,140.70172,141.2058,141.70861,142.21008,142.71015,143.01758,143.51728,144.0154,144.51188,144.82553,145.32114,145.81495,146.13326,146.62585,147.11649,147.43896,147.92805,148.41505,148.74118,149.22632,149.55549,150.03857,150.51936,150.8514,151.32985,151.66443,152.14036,152.47729,152.95053,153.28962,153.76,154.10106,154.56842,154.91127,155.37547,155.71988,156.18083,156.52663,156.98418,157.33119,157.68021,158.13329,158.48328,158.93266,159.28344,159.636,160.08043,160.43354,160.87403,161.22751,161.58258,162.01771,162.37291,162.72957,163.08768,163.51568,163.8736,164.23284,164.65495,165.01378,165.3738,165.73496,166.14928,166.50974,166.87123,167.2337,167.63992,168.00142,168.3638,168.72702,169.09103,169.48688,169.8496,170.21302,170.57708,170.94175,171.32687,171.68996,172.05356,172.41764,172.78216,173.14708,173.51236,173.87797,174.24533,174.60893,174.97278,175.33683,175.70105,176.0654,176.42986,176.79439,177.15896,177.52353,177.88807,178.25256,178.61696,178.98124,179.34537,179.70932 0.02101,0.02259,0.02398,0.02515,0.02611,0.02694,0.02771,0.02852,0.02942,0.03045,0.03163,0.03295,0.03434,0.03577,0.03716,0.03841,0.03613,0.03673,0.03704,0.03704,0.03674,0.03621,0.03544,0.03243,0.03182,0.0312,0.03059,0.03002,0.0295,0.02991,0.02998,0.03005,0.03008,0.02996,0.03231,0.03218,0.03167,0.0307,0.03302,0.03199,0.03067,0.02915,0.03129,0.02998,0.02863,0.03069,0.02974,0.02885,0.02802,0.03039,0.02988,0.03186,0.03166,0.03164,0.03383,0.03443,0.03541,0.03891,0.04116,0.04546,0.04875,0.05229,0.05608,0.05923,0.06077,0.06255,0.0613,0.06129,0.05792,0.05646,0.05217,0.05002,0.04597,0.04391,0.04087,0.03957,0.03801,0.038,0.03814,0.03916,0.0414,0.04366,0.04703,0.04975,0.05247,0.05598,0.05805,0.05966,0.06233,0.06286,0.06274,0.06427,0.06288,0.06078,0.058,0.0575,0.05366,0.04964,0.04579,0.04249,0.04147,0.03949,0.03867,0.03901,0.04032,0.04233,0.04467,0.04702,0.04914,0.05092,0.05235,0.05351,0.05446,0.05527,0.05594,0.05642,0.05666,0.05658,0.0561,0.05517,0.05373,0.05176,0.04989,0.0475,0.04464,0.04144,0.04011,0.03696,0.03388,0.0311,0.03131,0.02964,0.02868,0.03039,0.03064,0.03142,0.03393,0.03504,0.03592,0.03802,0.0382,0.03966,0.03922,0.03864,0.03938,0.03868,0.03895,0.03807,0.03783,0.03666,0.036,0.0346,0.03382,0.03252,0.03203,0.03127,0.03145,0.03157,0.03249,0.0335,0.03493,0.03659,0.03811,0.03943,0.04123,0.04217,0.04352,0.04397,0.04421,0.04446,0.04422,0.04378,0.04258,0.0415,0.04017,0.03733,0.0354,0.0333,0.02956,0.02725,0.02491,0.02256,0.01907,0.01683,0.01465,0.01262,0.01039,0.00902,0.00815,0.00788,0.00823,0.00913,0.01055,0.0124,0.01453,0.01706,0.01942,0.02173,0.0239,0.02586,0.02752,0.02913,0.03011,0.03072,0.03091,0.03067,0.03002,0.02897,0.02758,0.02538,0.02333,0.0212,0.0191,0.01715,0.01547,0.01416,0.01332,0.01298,0.01315,0.01376,0.01471,0.01584,0.01699,0.01798,0.01868,0.019,0.01892,0.01848,0.01778,0.01694,0.01609,0.01535,0.01479,0.01446,0.01432,0.01434,0.01441,0.01444,0.01431,0.01391,0.01489,0.01376,0.01239,0.01086,0.00927,0.00774,0.00639,0.00533,0.00674,0.00657,0.00681,0.00742,0.00833,0.00945,0.01288,0.01391,0.01478,0.01545,0.01586,0.01672,0.01629,0.01559,0.01467,0.01358,0.0123,0.011,0.00973,0.0089,0.00798,0.00725,0.00669,0.00689,0.00657,0.00629,0.00611,0.00557,0.00494,0.00355,0.00255,0.00154,-0.00068,-0.00168,-0.00253,-0.00462,-0.00502,-0.00655,-0.00634,-0.00712,-0.00635,-0.00541,-0.00544,-0.00444,-0.00439,-0.00373,-0.00388,-0.00372,-0.00407,-0.00432,-0.00471,-0.00513,-0.0054,-0.00577,-0.00582,-0.00599,-0.00577,-0.00566,-0.00515,-0.00445,-0.00383,-0.00265,-0.00164,0.00012,0.00214,0.00372,0.00584,0.00756,0.00884,0.00936,0.0088,0.00721,0.00623,0.00314,-0.00051,-0.00446,-0.0071,-0.01122,-0.01499,-0.01821,-0.02066,-0.02245,-0.02331,-0.02296,-0.02142,-0.01894,-0.01592,-0.01286,-0.01022,-0.0083,-0.00723,-0.00696,-0.00741,-0.0084,-0.00977,-0.01137,-0.01309,-0.01482,-0.01653,-0.01817,-0.01902,-0.02056,-0.02182,-0.02271,-0.02319,-0.02356,-0.02351,-0.02332,-0.02319,-0.02297,-0.0229,-0.02304,-0.02339,-0.02304,-0.02367,-0.02449,-0.0244,-0.02542,-0.02551,-0.0267,-0.02795,-0.02836,-0.02972,-0.03014,-0.03128,-0.03205,-0.03206,-0.03222,-0.03182,-0.03159,-0.03091,-0.0308,-0.03002,-0.0305,-0.02969,-0.03081,-0.02983,-0.03112,-0.02977,-0.02831,-0.0288,-0.02704,-0.0267,-0.02486,-0.02391,-0.02245,-0.02141,-0.02097,-0.02074,-0.02082,-0.02189,-0.02249,-0.0231,-0.02537,-0.02596,-0.02629,-0.02882,-0.02862,-0.02805,-0.02999,-0.02871,-0.02721,-0.0256,-0.02644,-0.02469,-0.02316,-0.02198,-0.02244,-0.02172,-0.02149,-0.0217,-0.02227,-0.0226,-0.02327,-0.02395,-0.02433,-0.02422,-0.02349,-0.02161,-0.01987,-0.01787,-0.01588,-0.01414,-0.01279,-0.01188,-0.01144,-0.01175,-0.01231,-0.01333,-0.01481,-0.01673,-0.01905,-0.02165,-0.02438,-0.02705,-0.02942,-0.03129,-0.03247,-0.03284,-0.03236,-0.03104,-0.02902,-0.02645,-0.02355,-0.02055,-0.01768,-0.01513,-0.01306,-0.01155,-0.01062,-0.01024,-0.01036,-0.0109,-0.01176,-0.01284,-0.01398,-0.01522,-0.0164,-0.01731,-0.01789,-0.01814,-0.01808,-0.01778,-0.01732,-0.01777,-0.01723,-0.01679,-0.01654,-0.01656,-0.0169,-0.01697,-0.01775,-0.0188,-0.02005,-0.0214,-0.02182,-0.02334,-0.0248,-0.02617,-0.02699,-0.02841,-0.02966,-0.03069,-0.03114,-0.03158,-0.03159,-0.0312,-0.03089,-0.03045,-0.03059,-0.03065,-0.03093,-0.03237,-0.03372,-0.03558,-0.03847,-0.0415,-0.04503,-0.04841,-0.05245,-0.05522,-0.05934,-0.06344,-0.06545,-0.06932,-0.07039,-0.07375,-0.07325,-0.07558,-0.07253,-0.07297,-0.0669,-0.06514,-0.05738,-0.05434,-0.04721,-0.04433,-0.03946,-0.03773,-0.03543,-0.03428,-0.03433,-0.034,-0.03432,-0.0338,-0.03285,-0.03306,-0.03167,-0.03006,-0.03039,-0.02892,-0.02776,-0.02873,-0.02836,-0.02848,-0.02888,-0.03042,-0.03074,-0.03085,-0.03069,-0.03031,-0.03057,-0.02986,-0.02913,-0.02841,-0.02768,-0.02689,-0.026,-0.02507,-0.0242,-0.02356,-0.02333,-0.02368,-0.02464,-0.02609,-0.0278,-0.02943,-0.03066,-0.03118,-0.03081,-0.02951,-0.02742,-0.02325,-0.0208,-0.01864,-0.01714,-0.01644,-0.01472,-0.01518,-0.01564,-0.01561,-0.01506,-0.01469,-0.01416,-0.015,-0.01569,-0.01736,-0.02024,-0.02352,-0.02729,-0.03026,-0.0333,-0.03547,-0.03623,-0.03696,-0.0367,-0.037,-0.03639,-0.03711,-0.03658,-0.03807,-0.03777,-0.0399,-0.04217,-0.04199,-0.04178,-0.04361,-0.04322,-0.04435,-0.04381,-0.0442,-0.04352,-0.04316,-0.04227,-0.04134,-0.04001,-0.03894,-0.0371,-0.03608,-0.03509,-0.03353,-0.03273,-0.03186,-0.03108,-0.03015,-0.02899,-0.02853,-0.02703,-0.02535,-0.02465,-0.02281,-0.02106,-0.02025,-0.01878,-0.01761,-0.01676,-0.01645,-0.0161,-0.01604,-0.01624,-0.01656,-0.01716,-0.01797,-0.019,-0.02025,-0.02151,-0.02318,-0.02501,-0.0269,-0.02874,-0.03044,-0.0327,-0.03394,-0.03467,-0.03482,-0.03439,-0.03339,-0.03186,-0.0299,-0.02906,-0.02646,-0.02378,-0.02116,-0.01873,-0.01663,-0.01495,-0.01377,-0.01312,-0.01302,-0.01336,-0.01408,-0.01506,-0.01618,-0.0173,-0.01834,-0.01919,-0.01982,-0.02018,-0.02025,-0.02005,-0.01959,-0.01892,-0.01807,-0.0171,-0.01607,-0.015,-0.01396,-0.01299,-0.01213,-0.01141,-0.01083,-0.01043,-0.01002,-0.0101,-0.01034,-0.01071,-0.01118,-0.01172,-0.0123,-0.01291,-0.0135,-0.01412,-0.01477,-0.01544,-0.0161,-0.01671,-0.01719,-0.0176,-0.01774,-0.01754,-0.01697,-0.01688,-0.01596,-0.01485,-0.01363,-0.01439,-0.01368,-0.01319,-0.01302,-0.01567,-0.01627,-0.01714,-0.02019,-0.02128,-0.02236,-0.02435,-0.0249,-0.02512,-0.02532,-0.02462,-0.02346,-0.02218,-0.02024,-0.01795,-0.01608,-0.01348,-0.01164,-0.00903,-0.00646,-0.00487,-0.00256,-0.00118,0.00074,0.0018,0.00316,0.00417,0.00444,0.00479,0.00448,0.0043,0.00352,0.00253,0.00199,0.00086,0.00032,-0.00075,-0.00118,-0.00211,-0.00242,-0.00325,-0.00407,-0.0044,-0.00534,-0.00636,-0.007,-0.00828,-0.00958,-0.01061,-0.0118,-0.01249,-0.0133,-0.01287,-0.01152,-0.00934,-0.00803,-0.00473,-0.0013,0.00191,0.00463,0.00696,0.00859,0.00938,0.00935,0.00868,0.00757,0.00627,0.00501,0.00397,0.00323,0.0028,0.00263,0.00267,0.00289,0.00329,0.00389,0.00468,0.00562,0.00671,0.00785,0.00895,0.01027,0.0111,0.01177,0.01235,0.01299,0.01295,0.01352,0.01435,0.01537,0.01454,0.01553,0.01643,0.01563,0.01633,0.01668,0.01647,0.01662,0.01649,0.01688,0.01665,0.01715,0.0168,0.01648,0.01651,0.01608,0.01558,0.01511,0.01416,0.01383,0.0126,0.01266,0.01142,0.0121,0.01114,0.01259,0.01219,0.01444,0.01481,0.01777,0.01885,0.02012,0.02323,0.02447,0.02653,0.0274,0.02808,0.02869,0.02889,0.02833,0.02796,0.02729,0.02555,0.02462,0.02364,0.02272,0.02104,0.02042,0.01996,0.01864,0.01853,0.01858,0.01874,0.01794,0.01825,0.01852,0.01867,0.01794,0.01789,0.01768,0.01735,0.01697,0.01629,0.0161,0.01612,0.01638,0.01691,0.01726,0.0181,0.01906,0.02005,0.02097,0.02172,0.02222,0.02241,0.0211,0.0206,0.0198,0.01874,0.01752,0.01625,0.01503,0.01401,0.0133,0.01296,0.01305,0.01361,0.01459,0.01595,0.01755,0.01929
270.0 -179.68844,-179.33385,-178.97945,-178.62527,-178.27134,-177.91769,-177.56433,-177.17073,-176.81609,-176.46183,-176.108,-175.7546,-175.40166,-175.0492,-174.69725,-174.34581,-173.99492,-173.64459,-173.29483,-172.87974,-172.52956,-172.18003,-171.83118,-171.48302,-171.13557,-170.78884,-170.36229,-170.01559,-169.66969,-169.32459,-168.9803,-168.54556,-168.20164,-167.8586,-167.51644,-167.07503,-166.73349,-166.39289,-166.05324,-165.60603,-165.26724,-164.92944,-164.59265,-164.1404,-163.80468,-163.47002,-163.01329,-162.67987,-162.34753,-162.01628,-161.55588,-161.22607,-160.76181,-160.43356,-160.10645,-159.6391,-159.3137,-158.98946,-158.51946,-158.19705,-157.72408,-157.40361,-157.08434,-156.60942,-156.2922,-155.81484,-155.49976,-155.02018,-154.70733,-154.22577,-153.91522,-153.43189,-153.12372,-152.63883,-152.33312,-151.84688,-151.54369,-151.0563,-150.75569,-150.26736,-149.77685,-149.4803,-148.98919,-148.69537,-148.20383,-147.71048,-147.42102,-146.92755,-146.43249,-146.14755,-145.65268,-145.15644,-144.65891,-144.3804,-143.88347,-143.38546,-143.11181,-142.61468,-142.11667,-141.61787,-141.11836,-140.61823,-140.35537,-139.85668,-139.35755,-138.85806,-138.35829,-137.8583,-137.35818,-136.85801,-136.35785,-135.85778,-135.35785,-134.85815,-134.35876,-133.85973,-133.36114,-132.86306,-132.36555,-131.86867,-131.37248,-130.87706,-130.38246,-130.10575,-129.61065,-129.11653,-128.62346,-128.13149,-127.847,-127.35504,-126.86435,-126.37496,-126.08472,-125.59574,-125.10821,-124.81371,-124.32686,-123.8416,-123.54319,-123.05887,-122.57629,-122.2743,-121.79291,-121.48818,-121.00815,-120.53007,-120.2223,-119.74583,-119.43564,-118.96093,-118.64847,-118.17566,-117.86105,-117.39031,-117.07368,-116.60514,-116.28661,-115.82043,-115.50013,-115.03644,-114.7145,-114.25343,-113.92997,-113.47166,-113.1468,-112.82037,-112.36525,-112.0376,-111.58557,-111.25681,-110.92661,-110.47825,-110.14712,-109.81462,-109.37021,-109.03696,-108.59612,-108.26222,-107.92709,-107.59074,-107.15504,-106.81828,-106.48037,-106.04942,-105.71126,-105.37205,-105.03179,-104.60678,-104.26649,-103.92524,-103.58304,-103.16442,-102.82241,-102.47953,-102.13581,-101.724,-101.38067,-101.03657,-100.69174,-100.34618,-99.99993,-99.59801,-99.25245,-98.90628,-98.55952,-98.21218,-97.86429,-97.47317,-97.12628,-96.77892,-96.43111,-96.08287,-95.73423,-95.38521,-95.03583,-94.68612,-94.3361,-93.9858,-93.61499,-93.26623,-92.91725,-92.56809,-92.21877,-91.8693,-91.51972,-91.17005,-90.8203,-90.47051,-90.1207,-89.77089,-89.42111,-89.07137,-88.72171,-88.37214,-88.0227,-87.67339,-87.32426,-86.97532,-86.62659,-86.25551,-85.90525,-85.55528,-85.20562,-84.8563,-84.50733,-84.15875,-83.81057,-83.46283,-83.11553,-82.76872,-82.37737,-82.02957,-81.68231,-81.33564,-80.98956,-80.6441,-80.24197,-79.89583,-79.55038,-79.20565,-78.86167,-78.51845,-78.10647,-77.76288,-77.42012,-77.07824,-76.65946,-76.31741,-75.97629,-75.63614,-75.211,-74.87089,-74.53183,-74.19383,-73.76276,-73.42502,-73.08842,-72.65262,-72.31644,-71.98148,-71.54121,-71.20685,-70.87378,-70.42929,-70.09699,-69.76605,-69.31763,-68.98763,-68.65907,-68.20699,-67.87954,-67.42439,-67.09817,-66.77352,-66.3152,-65.99195,-65.53088,-65.20916,-64.74547,-64.4254,-63.95923,-63.64094,-63.17242,-62.85604,-62.38532,-62.07097,-61.5982,-61.286,-60.81133,-60.50142,-60.025,-59.71751,-59.2395,-58.75954,-58.4551,-57.97379,-57.6721,-57.18961,-56.70539,-56.40729,-55.92214,-55.4354,-55.14123,-54.65383,-54.16497,-53.67472,-53.38582,-52.89528,-52.40348,-51.91049,-51.62754,-51.13464,-50.64071,-50.1458,-49.64996,-49.37506,-48.87984,-48.38387,-47.88721,-47.38993,-46.89208,-46.39373,-45.89496,-45.39581,-44.89638,-44.39671,-43.89689,-43.39699,-42.89708,-42.39722,-41.89751,-41.39801,-40.8988,-40.39996,-39.90159,-39.63864,-39.13881,-38.63964,-38.14118,-37.64351,-37.37163,-36.87299,-36.37536,-35.87881,-35.60022,-35.10307,-34.60723,-34.32391,-33.82776,-33.33311,-33.0452,-32.55055,-32.05762,-31.76529,-31.27266,-30.78199,-30.48541,-29.99536,-29.69609,-29.20686,-28.71994,-28.41673,-27.93097,-27.62526,-27.14085,-26.83269,-26.34985,-26.03932,-25.55825,-25.24542,-24.76635,-24.45131,-23.97445,-23.65727,-23.33888,-22.86364,-22.54322,-22.07073,-21.74838,-21.27886,-20.95469,-20.62935,-20.16249,-19.83546,-19.50729,-19.04351,-18.71379,-18.38295,-17.9227,-17.59046,-17.25714,-16.80089,-16.46632,-16.13072,-15.67895,-15.34227,-15.00459,-14.66591,-14.2192,-13.87967,-13.5392,-13.19778,-12.75692,-12.4149,-12.07199,-11.72821,-11.38356,-10.94988,-10.60493,-10.25917,-9.91263,-9.56532,-9.14006,-8.79277,-8.44477,-8.09609,-7.74673,-7.39671,-7.04606,-6.63262,-6.28246,-5.93175,-5.5805,-5.22873,-4.87646,-4.52371,-4.1705,-3.81686,-3.4628,-3.10835,-2.75353,-2.39836,-2.00867,-1.65494,-1.30097,-0.94677,-0.59238,-0.23781,0.11689,0.47172,0.82663,1.1816,1.5366,1.88123,2.23851,2.59575,2.95292,3.31,3.66695,4.02374,4.38033,4.73671,5.09282,5.44865,5.80415,6.1593,6.5321,6.88897,7.24541,7.60136,7.9568,8.31169,8.666,9.0197,9.40881,9.76381,10.1181,10.47164,10.82438,11.22328,11.57705,11.92994,12.28189,12.63289,13.04118,13.39289,13.74353,14.09307,14.50867,14.85865,15.20743,15.62851,15.97754,16.32523,16.67157,17.09941,17.44571,17.79053,18.22344,18.56801,18.911,19.34876,19.69127,20.03211,20.47447,20.8146,21.26038,21.59965,21.93701,22.387,22.72326,23.17641,23.51139,23.96762,24.30116,24.76033,25.09226,25.42194,25.8844,26.21222,26.67729,27.14458,27.47059,27.94031,28.26393,28.73591,29.05702,29.53109,29.84951,30.3255,30.80345,31.11878,31.59839,31.91057,32.39164,32.87449,33.18283,33.66685,34.15253,34.45656,34.94309,35.43114,35.92067,36.21899,36.70892,37.20016,37.69267,37.9844,38.47683,38.97036,39.4649,39.96041,40.45682,40.95406,41.23353,41.72979,42.22667,42.72411,43.22202,43.72032,44.21895,44.71782,45.21686,45.71597,46.21508,46.7141,47.21295,47.71154,47.96089,48.46136,48.96137,49.46081,49.95964,50.45774,50.71913,51.21848,51.71687,52.21421,52.71041,52.98119,53.47807,53.97357,54.24953,54.74539,55.23958,55.7321,56.01482,56.50721,56.99768,57.2851,57.77509,58.06552,58.55483,59.04186,59.33662,59.82261,60.12019,60.60491,60.90524,61.38848,61.69147,62.17301,62.65166,62.95819,63.43478,63.74369,64.05412,64.52921,64.8419,65.3144,65.62925,66.09893,66.41581,66.88248,67.20127,67.52149,67.98527,68.30724,68.76749,69.09106,69.41601,69.87263,70.19901,70.52672,70.97927,71.30822,71.63845,72.08651,72.41779,72.7503,73.19345,73.5268,73.86132,74.19702,74.63432,74.97058,75.30795,75.73942,76.07714,76.41589,76.75566,77.09643,77.51993,77.86071,78.20241,78.54502,78.96065,79.30299,79.64614,79.99009,80.33482,80.68031,81.08481,81.42962,81.77509,82.12121,82.46794,82.81527,83.16317,83.51162,83.90031,84.24754,84.59521,84.94332,85.29182,85.64069,85.98991,86.33945,86.68927,87.03936,87.38968,87.74021,88.09091,88.44176,88.79273,89.14379,89.49491,89.84606,90.19721,90.54833,90.8994,91.25038,91.60124,91.95196,92.3025,92.65285,93.00296,93.35281,93.70238,94.05163,94.40053,94.74907,95.09721,95.44493,95.7922,96.18061,96.52911,96.87706,97.22445,97.57124,97.91741,98.26295,98.60782,99.01207,99.35763,99.70243,100.04646,100.38969,100.7321,101.14752,101.49021,101.83199,102.17286,102.51279,102.93702,103.27688,103.61573,103.95355,104.38484,104.72231,105.05868,105.39394,105.83163,106.16626,106.49972,106.94273,107.27536,107.60675,108.05468,108.38504,108.71411,109.16655,109.49439,109.82089,110.27741,110.60249,110.92619,111.38637,111.70847,112.17218,112.49254,112.81146,113.27808,113.59509,114.06474,114.37973,114.85219,115.16503,115.47637,115.95067,116.25972,116.73631,117.04298,117.52163,117.82582,118.30632,118.78959,119.09005,119.57481,119.87253,120.35856,120.65346,121.14055,121.62991,121.92048,122.41054,122.69809,123.18864,123.68111,123.96396,124.45657,124.95086,125.22881,125.7229,126.21845,126.71537,126.98636,127.48261,127.98001,128.47845,128.74212,129.23946,129.73763,130.23654,130.7361,131.23622,131.48796,131.98632,132.48503,132.984,133.48316,133.9824,134.48166,134.98084,135.47986,135.97864,136.4771,136.97517,137.47276,137.9698,138.46621,138.96193,139.24307,139.73964,140.23532,140.73003,141.22372,141.71633,142.00808,142.50077,142.99219,143.4823,143.78072,144.27043,144.75865,145.24536,145.54957,146.03543,146.51962,146.82815,147.31118,147.79242,148.1048,148.58458,148.90011,149.37823,149.85438,150.17301,150.64724,150.96857,151.44071,151.91072,152.23442,152.70212,153.02804,153.49327,153.82125,154.28387,154.61372,155.0736,155.40514,155.73886,156.19523,156.5304,156.9837,157.32014,157.77027,158.10783,158.44729,158.8932,159.23353,159.67603,160.01707,160.35982,160.79768,161.1409,161.48572,161.91871,162.26378,162.61031,163.03824,163.38479,163.73271,164.15539,164.50313,164.85212,165.20233,165.618,165.96776,166.31862,166.67056,167.07892,167.43014,167.78232,168.13544,168.48944,168.88837,169.24135,169.59512,169.94964,170.30488,170.694,171.04793,171.40248,171.75761,172.11329,172.46948,172.82615,173.20104,173.55603,173.91141,174.26714,174.6232,174.97954,175.33614,175.69296,176.04997,176.40714,176.76444,177.11577,177.47091,177.82611,178.18133,178.53654,178.89172,179.24684,179.60187,179.95679 0.02001,0.02204,0.02395,0.02578,0.02758,0.02942,0.03138,0.03284,0.03479,0.03692,0.03921,0.04158,0.04394,0.04621,0.04827,0.05006,0.05145,0.05239,0.05277,0.04836,0.04738,0.04577,0.04355,0.04079,0.03759,0.0339,0.02996,0.02682,0.02338,0.01955,0.01522,0.01766,0.01371,0.00872,0.00238,0.00883,1.62624,1.61431,1.62435,1.6285,0.34515,0.34505,0.34492,0.34425,0.34408,0.34388,0.34314,0.34291,0.34264,0.34236,0.34157,0.34126,0.02222,0.02267,0.02339,0.02753,0.02857,0.02992,0.03475,0.03727,0.0441,0.04335,0.04907,0.05967,-0.9218,0.07383,-0.93139,0.06289,0.06808,0.05696,0.05303,0.04932,0.04517,0.0427,0.04019,0.03983,0.04066,0.04244,0.04733,0.05,0.05238,0.05965,0.0615,0.06907,0.06997,0.07061,0.07704,0.07672,0.07624,0.08141,0.07983,0.07775,0.0751,0.07704,0.07264,0.06793,0.06711,0.06165,0.05633,0.05135,0.04697,0.04348,0.04259,0.04093,0.04083,0.04231,0.04517,0.04899,0.05327,0.05755,0.06152,0.06504,0.06809,0.07063,0.07254,0.07367,0.07387,0.0731,0.0714,0.06888,0.06569,0.062,0.05794,0.0551,0.05109,0.04683,0.04239,0.03786,0.03604,0.03168,0.02748,0.02364,0.02312,0.02053,0.0188,0.0203,0.02008,0.02034,0.02319,0.02375,0.02403,0.02699,0.02701,0.02975,0.02983,0.0302,0.03258,0.03323,0.03494,0.03547,0.03624,0.03614,0.03595,0.035,0.03414,0.03247,0.03146,0.02959,0.0291,0.02777,0.0284,0.02834,0.03022,0.03163,0.03424,0.03674,0.039,0.041,0.04258,0.04362,0.04423,0.04415,0.04399,0.04356,0.04193,0.04089,0.03818,0.03659,0.03482,0.03291,0.02918,0.02722,0.02529,0.02203,0.02045,0.0189,0.01734,0.01573,0.01449,0.01321,0.01196,0.01221,0.01156,0.01123,0.01132,0.01373,0.01467,0.016,0.01764,0.01947,0.02141,0.02453,0.02617,0.02768,0.02899,0.03005,0.0308,0.03133,0.03104,0.03025,0.02898,0.02724,0.0251,0.02266,0.02003,0.01735,0.01477,0.01244,0.00859,0.00715,0.00637,0.00629,0.00688,0.00807,0.0097,0.01154,0.01334,0.01482,0.01579,0.01611,0.01574,0.01474,0.01325,0.01144,0.00953,0.00772,0.00619,0.00507,0.00443,0.00675,0.00701,0.00743,0.00785,0.00808,0.008,0.00755,0.00667,0.00541,0.00389,0.00226,0.0017,0.00032,-0.00075,-0.00143,-0.0017,-0.00151,0.00121,0.00236,0.00384,0.00554,0.00736,0.00918,0.01232,0.01343,0.01417,0.01443,0.01447,0.01367,0.01253,0.01112,0.00955,0.00805,0.00666,0.00546,0.00496,0.0044,0.00412,0.00471,0.00479,0.00496,0.00529,0.00519,0.00499,0.00409,0.00352,0.00292,0.00129,0.00074,0.00035,-0.00104,-0.00097,-0.00187,-0.00128,-0.00049,-0.00086,0.0,-0.00053,-8e-05,-0.00107,-0.00129,-0.00262,-0.00337,-0.00466,-0.00559,-0.00647,-0.00724,-0.00751,-0.00792,-0.00759,-0.00753,-0.00674,-0.00619,-0.00515,-0.00407,-0.00302,-0.00173,-0.0003,0.00141,0.00353,0.00547,0.00782,0.0099,0.01136,0.01202,0.01143,0.00954,0.00828,0.0046,0.00021,-0.00458,-0.00748,-0.01239,-0.01691,-0.0208,-0.02384,-0.02583,-0.02722,-0.02717,-0.02557,-0.02259,-0.01872,-0.01463,-0.01101,-0.00834,-0.00684,-0.00647,-0.0071,-0.00846,-0.01028,-0.01228,-0.01422,-0.01598,-0.01751,-0.01887,-0.02013,-0.02029,-0.02144,-0.0224,-0.02314,-0.02367,-0.02354,-0.02393,-0.02442,-0.02511,-0.02494,-0.02575,-0.02658,-0.02616,-0.02682,-0.02738,-0.0269,-0.02733,-0.02758,-0.02743,-0.02774,-0.02804,-0.02856,-0.02905,-0.02986,-0.03032,-0.03055,-0.03127,-0.03124,-0.03176,-0.03193,-0.0324,-0.03347,-0.03405,-0.03639,-0.03689,-0.04007,-0.03999,-0.04286,-0.04163,-0.03991,-0.0407,-0.03794,-0.037,-0.03352,-0.03083,-0.02736,-0.02464,-0.02219,-0.02139,-0.02136,-0.02216,-0.02351,-0.02503,-0.02812,-0.02999,-0.03166,-0.0358,-0.03708,-0.03784,-0.04196,-0.04166,-0.0407,-0.03917,-0.0416,-0.039,-0.0362,-0.03336,-0.03429,-0.03115,-0.02822,-0.02564,-0.02359,-0.02289,-0.02129,-0.02037,-0.02001,-0.02002,-0.01798,-0.01789,-0.01764,-0.01706,-0.0161,-0.0149,-0.0137,-0.01173,-0.01152,-0.01162,-0.01203,-0.01272,-0.01369,-0.01494,-0.01649,-0.01833,-0.02049,-0.02295,-0.02561,-0.02832,-0.03095,-0.03333,-0.03529,-0.03664,-0.03723,-0.037,-0.03593,-0.0341,-0.03169,-0.02893,-0.02615,-0.02039,-0.01835,-0.01696,-0.01615,-0.01583,-0.01587,-0.01612,-0.01642,-0.01666,-0.01675,-0.01662,-0.01619,-0.01541,-0.01505,-0.01427,-0.01333,-0.01232,-0.01135,-0.01056,-0.01003,-0.00982,-0.01272,-0.01316,-0.01386,-0.01475,-0.0157,-0.01858,-0.01956,-0.02039,-0.02097,-0.33178,-0.0237,-0.02389,-0.33098,-0.33082,-0.02651,-0.02656,-0.32988,-0.02894,-0.02787,-0.02608,-0.02394,-0.0252,-0.02363,-0.02256,-0.02496,-0.02503,-0.02577,-0.03002,-0.03224,-0.03523,-0.04152,-0.04575,-0.05203,-0.05658,-0.0611,-0.06589,-0.06995,-0.07351,-0.07715,-0.07986,-0.08336,-0.08523,-0.08881,-0.09264,-0.09025,-0.09145,-0.08261,-0.0718,-0.06776,-0.05671,-0.05227,-0.04438,-0.04123,-0.03735,-0.03583,-0.03491,-0.03492,-0.03491,-0.03551,-0.0359,-0.03641,-0.03637,-0.03716,-0.03656,-0.03555,-0.03646,-0.03542,-0.03463,-0.03414,-0.0353,-0.0347,-0.03403,-0.03328,-0.03225,-0.03117,-0.03021,-0.02933,-0.02847,-0.02761,-0.02674,-0.02519,-0.02435,-0.02338,-0.02231,-0.02128,-0.02057,-0.02057,-0.02165,-0.02398,-0.02755,-0.03207,-0.03712,-0.04225,-0.04695,-0.04429,-0.0459,-0.04559,-0.04354,-0.04034,-0.03674,-0.03102,-0.02832,-0.02648,-0.0255,-0.02481,-0.02169,-0.02001,-0.01708,-0.01454,-0.01129,-0.00844,-0.00692,-0.00916,-0.01118,-0.01513,-0.01996,-0.02523,-0.02928,-0.03348,-0.03681,-0.03796,-0.03987,-0.03995,-0.04152,-0.04127,-0.04313,-0.0429,-0.04511,-0.04737,-0.04716,-0.04901,-0.04856,-0.04803,-0.04872,-0.04789,-0.04764,-0.04667,-0.04576,-0.04477,-0.04319,-0.04196,-0.04068,-0.03789,-0.03657,-0.03324,-0.03253,-0.03214,-0.03023,-0.0308,-0.03135,-0.03149,-0.03206,-0.03209,-0.03243,-0.03159,-0.03027,-0.0295,-0.0276,-0.02557,-0.02354,-0.02219,-0.02042,-0.01893,-0.01801,-0.01709,-0.0165,-0.01622,-0.01622,-0.01653,-0.01698,-0.01767,-0.01862,-0.02001,-0.02159,-0.02348,-0.02565,-0.02802,-0.03045,-0.03405,-0.03636,-0.03822,-0.03947,-0.04001,-0.0398,-0.03888,-0.03733,-0.03762,-0.03511,-0.03233,-0.02945,-0.02661,-0.024,-0.02173,-0.0199,-0.01858,-0.0178,-0.01749,-0.01759,-0.01802,-0.01859,-0.01921,-0.01977,-0.02022,-0.02049,-0.02057,-0.02045,-0.02015,-0.01969,-0.01913,-0.01849,-0.01782,-0.01712,-0.01641,-0.0157,-0.015,-0.0143,-0.01361,-0.01294,-0.0123,-0.0117,-0.01118,-0.01055,-0.01045,-0.01052,-0.01078,-0.01118,-0.01169,-0.01225,-0.01283,-0.01374,-0.0143,-0.0148,-0.01519,-0.01544,-0.01549,-0.01617,-0.01573,-0.01487,-0.01356,-0.01182,-0.0116,-0.0095,-0.0073,-0.00514,-0.00615,-0.00485,-0.00399,-0.00367,-0.00753,-0.00841,-0.00972,-0.0145,-0.01612,-0.01767,-0.02104,-0.02171,-0.02185,-0.0226,-0.02143,-0.01967,-0.01832,-0.01569,-0.01285,-0.01086,-0.00805,-0.00628,-0.00384,-0.00169,-0.00037,0.00133,0.00239,0.00358,0.00429,0.00489,0.00511,0.00516,0.00484,0.00455,0.00393,0.00346,0.00279,0.00223,0.00154,0.00108,0.00037,0.00016,-0.00056,-0.00055,-0.00132,-0.00218,-0.00218,-0.00327,-0.00344,-0.00491,-0.00659,-0.00731,-0.00943,-0.0116,-0.01271,-0.01443,-0.01511,-0.01437,-0.01316,-0.00985,-0.00546,-0.00063,0.00391,0.00848,0.012,0.01438,0.0156,0.01584,0.01773,0.01667,0.01511,0.01324,0.01127,0.00939,0.00771,0.0063,0.00515,0.00423,0.00352,0.003,0.00264,0.00238,0.00225,0.00227,0.00327,0.00393,0.00495,0.00635,0.00811,0.01018,0.0115,0.01363,0.01605,0.01869,0.01884,0.02111,0.0231,0.02457,0.02302,0.02332,0.02289,0.02072,0.01959,0.01823,0.01668,0.01564,0.01506,0.01472,0.01478,0.01512,0.01555,0.01594,0.01637,0.01682,0.01691,0.0174,0.0173,0.01804,0.01781,0.01882,0.01842,0.01952,0.01908,0.01867,0.0199,0.01997,0.02126,0.02191,0.02278,0.02366,0.02457,0.02442,0.02516,0.02399,0.02447,0.02487,0.02272,0.02282,0.02283,0.02035,0.02015,0.01987,0.01739,0.01709,0.01674,0.0146,0.01446,0.01441,0.01453,0.01365,0.01423,0.01488,0.01556,0.01624,0.01682,0.01718,0.01729,0.01718,0.01789,0.0174,0.01692,0.01653,0.01628,0.01688,0.01667,0.01665,0.01682,0.01715,0.01755,0.01797,0.01725,0.01724,0.01705,0.01663,0.01596,0.01506,0.01396,0.01274,0.01152,0.01044,0.00962,0.00647,0.00658,0.00723,0.00837,0.00991,0.01173,0.01373,0.01582,0.01792
100.0 -179.28913,-178.33445,-177.38034,-176.42732,-175.42425,-174.45933,-173.4972,-172.53838,-171.58338,-170.63271,-169.68686,-168.58322,-167.63375,-166.69079,-165.75476,-164.59877,-163.66412,-162.73798,-161.82072,-160.62364,-159.71271,-158.48852,-157.58661,-156.69595,-155.44823,-154.57019,-153.30353,-152.44065,-151.15862,-150.31332,-149.01961,-147.71076,-146.8925,-145.57795,-144.25176,-142.91524,-142.14092,-140.80727,-139.46713,-138.12196,-136.77328,-135.42261,-134.07148,-132.72146,-131.37407,-130.03083,-128.69324,-127.95982,-126.6178,-125.28528,-123.96365,-123.18401,-121.86647,-121.06446,-119.75483,-118.46186,-117.63458,-116.35544,-115.5117,-114.25,-113.39222,-112.52275,-111.28213,-110.40204,-109.51141,-108.29919,-107.4016,-106.4948,-105.3179,-104.40794,-103.49024,-102.56521,-101.43787,-100.51464,-99.5857,-98.6515,-97.71253,-96.76928,-95.72525,-94.791,-93.85417,-92.91525,-91.97478,-91.03327,-90.09127,-89.14929,-88.20786,-87.26753,-86.3288,-85.3922,-84.35983,-83.41316,-82.47032,-81.53182,-80.59814,-79.66976,-78.74715,-77.61917,-76.69487,-75.77795,-74.8688,-73.69156,-72.78569,-71.88906,-70.67675,-69.78717,-68.90818,-67.66771,-66.79942,-65.53652,-64.68154,-63.83908,-62.5605,-61.26328,-60.44231,-59.13352,-58.33296,-57.01641,-55.68673,-54.91775,-53.58647,-52.24578,-51.51393,-50.17778,-48.83607,-47.4903,-46.14197,-44.79262,-43.44379,-42.09701,-40.75381,-39.41568,-38.08408,-37.31034,-35.97598,-34.65196,-33.3396,-32.52216,-31.21556,-30.37679,-29.07978,-27.80003,-26.93823,-25.67387,-24.79698,-23.90799,-22.6621,-21.76146,-20.53956,-19.62995,-18.71042,-17.51921,-16.59448,-15.66127,-14.50743,-13.57286,-12.63139,-11.68344,-10.58182,-9.63748,-8.68834,-7.73489,-6.77762,-5.81705,-4.85371,-3.88814,-2.92087,-1.9483,-0.99515,-0.04196,0.91074,1.86243,2.88751,3.85122,4.81224,5.77005,6.72412,7.67395,8.61906,9.55897,10.69401,11.6365,12.57215,13.50055,14.4213,15.61138,16.52866,17.43682,18.65999,19.56097,20.45153,21.70098,22.58078,23.85111,24.71764,26.00547,26.85627,28.15808,28.99086,30.30301,31.11561,32.43443,33.76528,34.54676,35.87837,37.21847,38.56571,39.29853,40.63839,41.98168,43.32698,44.67285,46.01784,47.36052,48.69947,50.0333,50.77286,52.1114,53.4412,54.76095,55.54547,56.86197,58.16506,58.97798,60.27215,61.10352,62.38528,63.23299,64.49891,65.36073,66.60753,67.48111,68.36531,69.58859,70.48125,71.67788,72.57652,73.48363,74.39891,75.55571,76.47244,77.39592,78.32575,79.43231,80.35902,81.29057,82.22652,83.16642,84.1098,85.0562,86.00512,86.95608,87.94015,88.87826,89.81687,90.75551,91.69368,92.67647,93.62758,94.5767,95.52332,96.46698,97.40719,98.34349,99.27543,100.20257,101.30831,102.23866,103.16269,104.08001,105.23621,106.15217,107.06,107.95936,109.15564,110.04912,110.93288,112.15729,113.03178,114.27856,115.14136,116.4074,117.25616,118.53818,119.37064,120.66521,121.47927,122.78288,124.1,124.88574,126.20623,127.53684,128.87629,129.61715,130.95198,132.29202,133.63587,134.9821,136.32928,137.67595,139.02067,140.36202,141.69858,142.44391,143.78566,145.11896,145.90089,147.23352,148.55412,149.36735,150.68136,151.98004,152.81857,154.10494,154.95998,155.8274,157.09971,157.9805,159.23193,160.12356,161.02564,162.25081,163.16014,164.07862,165.27069,166.1927,167.1224,168.05939,169.20461,170.14022,171.08153,172.02806,172.97934,173.93488,174.89418,175.94748,176.89707,177.84873,178.80193,179.75615 0.10206,0.10077,0.09946,0.09809,0.09782,0.0961,0.09427,0.09233,0.09028,0.08815,0.08594,0.08333,0.08103,0.07873,0.07644,0.07285,0.07063,0.06845,0.06632,0.06224,0.06036,0.05595,0.05447,0.05318,0.04912,0.04839,0.04452,0.04433,0.04057,0.04075,0.03687,0.03265,0.0331,0.02864,0.02388,0.01886,0.01968,0.01466,0.00953,0.00437,-0.00069,-0.00549,-0.0099,-0.01377,-0.01702,-0.01961,-0.02152,-0.02802,-0.02897,-0.02915,-0.0285,-0.03414,-0.03225,-0.0375,-0.03445,-0.03099,-0.03557,-0.03194,-0.03646,-0.03338,-0.03792,-0.04248,-0.04009,-0.04442,-0.0486,-0.0461,-0.04963,-0.05291,-0.04946,-0.05196,-0.05428,-0.05645,-0.05182,-0.05365,-0.05552,-0.05746,-0.05948,-0.06156,-0.0561,-0.05784,-0.05943,-0.06077,-0.06176,-0.06234,-0.06245,-0.06207,-0.06124,-0.06,-0.05844,-0.05667,-0.0644,-0.06243,-0.06052,-0.05874,-0.05713,-0.0557,-0.05442,-0.06141,-0.06009,-0.05881,-0.0575,-0.06326,-0.0616,-0.05977,-0.06423,-0.06185,-0.05917,-0.06234,-0.05908,-0.06159,-0.05792,-0.05406,-0.05637,-0.05871,-0.05503,-0.05759,-0.05417,-0.05694,-0.05963,-0.05662,-0.05929,-0.06178,-0.05881,-0.06103,-0.06299,-0.06465,-0.06603,-0.06713,-0.06802,-0.06874,-0.06936,-0.06989,-0.07031,-0.07402,-0.074,-0.07365,-0.0729,-0.07558,-0.07423,-0.07645,-0.07474,-0.07295,-0.07489,-0.07323,-0.07512,-0.07693,-0.07575,-0.07767,-0.0768,-0.07882,-0.08079,-0.08001,-0.08185,-0.08355,-0.08224,-0.08356,-0.08463,-0.08544,-0.08318,-0.0837,-0.08407,-0.08437,-0.08463,-0.08491,-0.08527,-0.08572,-0.08627,-0.08531,-0.08616,-0.08703,-0.0879,-0.08874,-0.09082,-0.09152,-0.09215,-0.09273,-0.09325,-0.09375,-0.09424,-0.09473,-0.09568,-0.09625,-0.09683,-0.09739,-0.0979,-0.09814,-0.09853,-0.09878,-0.0977,-0.09771,-0.09759,-0.09521,-0.09504,-0.09186,-0.09185,-0.08836,-0.0887,-0.0852,-0.08594,-0.08258,-0.08359,-0.08028,-0.07669,-0.07796,-0.07419,-0.07009,-0.0657,-0.06705,-0.06259,-0.05807,-0.05362,-0.04941,-0.04558,-0.04223,-0.03942,-0.03718,-0.03101,-0.02935,-0.028,-0.02683,-0.02058,-0.01952,-0.01856,-0.01225,-0.01165,-0.00549,-0.00558,0.00016,-0.00088,0.0043,0.00232,0.00695,0.01145,0.00848,0.01265,0.00936,0.01335,0.01735,0.02139,0.01764,0.02155,0.02548,0.02942,0.02493,0.02859,0.0322,0.03574,0.03917,0.04249,0.04567,0.0487,0.0516,0.04615,0.0489,0.05154,0.0541,0.05658,0.06691,0.06928,0.0716,0.07385,0.07598,0.07795,0.0797,0.0812,0.08242,0.09173,0.09242,0.09283,0.09301,0.10147,0.10129,0.10097,0.10053,0.10818,0.10737,0.10639,0.11297,0.11143,0.11695,0.11484,0.11938,0.11683,0.12072,0.11798,0.12165,0.11893,0.12266,0.12638,0.1237,0.12721,0.13031,0.1328,0.12917,0.13055,0.13122,0.13131,0.13104,0.1306,0.13015,0.12975,0.12937,0.12897,0.13255,0.13181,0.13098,0.13363,0.1326,0.13167,0.13372,0.13293,0.1323,0.1341,0.13349,0.13507,0.13644,0.13553,0.13656,0.13511,0.13567,0.13594,0.13357,0.13334,0.13286,0.12967,0.12883,0.12784,0.1267,0.12275,0.12139,0.11992,0.11835,0.11672,0.11505,0.11337,0.10906,0.10755,0.10609,0.1047,0.10336
