23.4 -180.0,-165.67606,-151.35211,-137.02817,-122.70422,-108.38028,-94.05633,-79.73239,-65.40844,-51.0845,-36.76055,-22.43661,-8.11266,6.21128,20.53523,34.85917,49.18312,63.50706,77.83101,92.15495,106.4789,120.80284,135.12679,149.45073,163.77468,178.09862 -0.19984,-0.18788,-0.15561,-0.10384,-0.00259,0.13213,0.22111,0.24188,0.20435,0.17697,0.17202,0.20414,0.19239,0.19897,0.19063,0.15193,0.05552,-0.10916,-0.28622,-0.46207,-0.46098,-0.38264,-0.26157,-0.22725,-0.21978,-0.20266
29.25 -180.0,-168.54084,-157.08169,-145.62253,-134.16338,-122.70422,-111.24506,-99.78591,-88.32675,-76.8676,-65.40844,-53.94929,-42.49013,-31.03097,-19.57182,-8.11266,3.34649,14.80565,26.26481,37.72396,49.18312,60.64227,72.10143,83.56059,95.01974,106.4789,117.93805,129.39721,140.85637,152.31552,163.77468,175.23383 -0.12176,-0.09539,-0.07296,-0.06092,-0.05375,-0.00956,0.07463,0.15475,0.17938,0.1484,0.1021,0.07172,0.06494,0.07981,0.10296,0.13753,0.14078,0.14272,0.1436,0.11651,0.06804,-0.00314,-0.12885,-0.23151,-0.29053,-0.25951,-0.19331,-0.12282,-0.10737,-0.11656,-0.11947,-0.12638
35.1 -180.0,-170.4507,-160.90141,-151.35211,-141.80281,-132.25352,-122.70422,-113.15492,-103.60563,-94.05633,-84.50703,-74.95774,-65.40844,-55.85914,-46.30985,-36.76055,-27.21125,-17.66196,-8.11266,1.43664,10.98593,20.53523,30.08452,39.63382,49.18312,58.73241,68.28171,77.83101,87.3803,96.9296,106.4789,116.02819,125.57749,135.12679,144.67608,154.22538,163.77468,173.32397 -0.00547,0.00066,0.01113,0.02107,0.01113,0.00093,0.01614,0.06119,0.11042,0.11764,0.08926,0.04229,-0.00036,-0.03363,-0.05667,-0.04936,-0.01943,0.00962,0.04148,0.05919,0.07398,0.08131,0.0818,0.06989,0.03455,-0.00944,-0.06283,-0.1087,-0.14458,-0.14497,-0.11046,-0.04774,0.00559,0.02593,0.02709,0.01405,-0.00315,-0.00637
40.95 -180.0,-171.81489,-163.62978,-155.44467,-147.25955,-139.07444,-130.88933,-122.70422,-114.51911,-106.334,-98.14889,-89.96378,-81.77866,-73.59355,-65.40844,-57.22333,-49.03822,-40.85311,-32.668,-24.48288,-16.29777,-8.11266,0.07245,8.25756,16.44267,24.62778,32.8129,40.99801,49.18312,57.36823,65.55334,73.73845,81.92356,90.10867,98.29379,106.4789,114.66401,122.84912,131.03423,139.21934,147.40445,155.58957,163.77468,171.95979 0.079,0.08082,0.08564,0.08841,0.08436,0.06552,0.04814,0.04466,0.06229,0.07827,0.07945,0.05879,0.02219,-0.01947,-0.05672,-0.08367,-0.10144,-0.11084,-0.10244,-0.08598,-0.04676,-0.01808,0.00935,0.01921,0.03124,0.04028,0.03508,0.01995,-0.00086,-0.02192,-0.04261,-0.06654,-0.07974,-0.08532,-0.05678,-0.01618,0.03979,0.08701,0.12037,0.13027,0.11824,0.10994,0.10073,0.08439
46.8 -180.0,-172.83803,-165.67606,-158.51408,-151.35211,-144.19014,-137.02817,-129.86619,-122.70422,-115.54225,-108.38028,-101.2183,-94.05633,-86.89436,-79.73239,-72.57041,-65.40844,-58.24647,-51.0845,-43.92252,-36.76055,-29.59858,-22.43661,-15.27463,-8.11266,-0.95069,6.21128,13.37326,20.53523,27.6972,34.85917,42.02115,49.18312,56.34509,63.50706,70.66904,77.83101,84.99298,92.15495,99.31693,106.4789,113.64087,120.80284,127.96481,135.12679,142.28876,149.45073,156.6127,163.77468,170.93665,178.09862 0.13756,0.13046,0.12768,0.12531,0.1242,0.10899,0.0868,0.06517,0.06078,0.06408,0.06556,0.06039,0.04107,0.00994,-0.01615,-0.04313,-0.0601,-0.0718,-0.08463,-0.10442,-0.11644,-0.10617,-0.08047,-0.05431,-0.02331,-0.00033,0.0207,0.03125,0.0335,0.03284,0.02365,0.00713,-0.01367,-0.03467,-0.04783,-0.05758,-0.06233,-0.06242,-0.06269,-0.04654,-0.00747,0.04693,0.09107,0.12189,0.13586,0.14494,0.16283,0.16289,0.15377,0.1482,0.13907
52.65 -180.0,-173.6338,-167.2676,-160.90141,-154.53521,-148.16901,-141.80281,-135.43662,-129.07042,-122.70422,-116.33802,-109.97183,-103.60563,-97.23943,-90.87323,-84.50703,-78.14084,-71.77464,-65.40844,-59.04224,-52.67605,-46.30985,-39.94365,-33.57745,-27.21125,-20.84506,-14.47886,-8.11266,-1.74646,4.61973,10.98593,17.35213,23.71833,30.08452,36.45072,42.81692,49.18312,55.54932,61.91551,68.28171,74.64791,81.01411,87.3803,93.7465,100.1127,106.4789,112.8451,119.21129,125.57749,131.94369,138.30989,144.67608,151.04228,157.40848,163.77468,170.14087,176.50707 0.17344,0.16712,0.15597,0.14727,0.14016,0.13017,0.11182,0.08736,0.06889,0.05852,0.05535,0.05711,0.04983,0.03584,0.01823,-0.00463,-0.02545,-0.04145,-0.04336,-0.04013,-0.03836,-0.04688,-0.05249,-0.05267,-0.04897,-0.03206,-0.00912,0.01432,0.03733,0.05415,0.06706,0.06813,0.06254,0.05167,0.03684,0.01427,-0.01028,-0.03102,-0.04347,-0.05592,-0.0575,-0.06186,-0.07026,-0.0708,-0.06745,-0.04424,-0.01452,0.01384,0.0406,0.06105,0.08662,0.12243,0.13264,0.15188,0.16497,0.16772,0.17204
58.5 -180.0,-174.27042,-168.54084,-162.81127,-157.08169,-151.35211,-145.62253,-139.89295,-134.16338,-128.4338,-122.70422,-116.97464,-111.24506,-105.51549,-99.78591,-94.05633,-88.32675,-82.59717,-76.8676,-71.13802,-65.40844,-59.67886,-53.94929,-48.21971,-42.49013,-36.76055,-31.03097,-25.3014,-19.57182,-13.84224,-8.11266,-2.38308,3.34649,9.07607,14.80565,20.53523,26.26481,31.99438,37.72396,43.45354,49.18312,54.9127,60.64227,66.37185,72.10143,77.83101,83.56059,89.29016,95.01974,100.74932,106.4789,112.20848,117.93805,123.66763,129.39721,135.12679,140.85637,146.58594,152.31552,158.0451,163.77468,169.50426,175.23383 0.17904,0.18968,0.17266,0.16043,0.14992,0.14066,0.1237,0.10233,0.07576,0.05481,0.04343,0.03968,0.04,0.04176,0.02967,0.0173,0.00757,-0.00225,-0.0113,-0.02022,-0.01604,-0.00328,0.01631,0.03056,0.02917,0.0232,0.02648,0.03018,0.03693,0.04852,0.06741,0.08409,0.10768,0.12224,0.12177,0.111,0.09756,0.08274,0.06416,0.03963,0.01982,-0.00194,-0.02655,-0.03723,-0.04919,-0.05537,-0.06512,-0.07925,-0.09483,-0.1051,-0.09129,-0.07831,-0.06555,-0.0541,-0.0454,-0.03289,-0.01252,0.01981,0.05937,0.08893,0.11765,0.14516,0.1685
64.35 -180.0,-174.79129,-169.58259,-164.37388,-159.16517,-153.95646,-148.74776,-143.53905,-138.33034,-133.12163,-127.91293,-122.70422,-117.49551,-112.28681,-107.0781,-101.86939,-96.66068,-91.45198,-86.24327,-81.03456,-75.82586,-70.61715,-65.40844,-60.19973,-54.99103,-49.78232,-44.57361,-39.3649,-34.1562,-28.94749,-23.73878,-18.53008,-13.32137,-8.11266,-2.90395,2.30475,7.51346,12.72217,17.93087,23.13958,28.34829,33.557,38.7657,43.97441,49.18312,54.39183,59.60053,64.80924,70.01795,75.22665,80.43536,85.64407,90.85278,96.06148,101.27019,106.4789,111.6876,116.89631,122.10502,127.31373,132.52243,137.73114,142.93985,148.14856,153.35726,158.56597,163.77468,168.98338,174.19209,179.4008 0.154,0.16016,0.16388,0.15722,0.14781,0.13792,0.12566,0.10906,0.08968,0.06604,0.04247,0.02512,0.01933,0.02042,0.01963,0.01714,0.00896,0.00331,0.0044,0.00509,0.00274,-0.00304,-0.00214,0.00563,0.0213,0.04419,0.06043,0.0731,0.08556,0.07141,0.07549,0.07481,0.0831,0.09382,0.11722,0.13859,0.16119,0.17449,0.16594,0.15065,0.135,0.12293,0.1083,0.08751,0.06285,0.03785,0.01529,-0.0051,-0.0225,-0.03521,-0.04799,-0.06178,-0.08218,-0.10459,-0.12245,-0.12941,-0.13318,-0.13469,-0.13922,-0.14303,-0.13686,-0.12295,-0.10261,-0.08251,-0.04756,-0.00606,0.03157,0.07591,0.11749,0.15165
70.2 -180.0,-175.22535,-170.4507,-165.67606,-160.90141,-156.12676,-151.35211,-146.57746,-141.80281,-137.02817,-132.25352,-127.47887,-122.70422,-117.92957,-113.15492,-108.38028,-103.60563,-98.83098,-94.05633,-89.28168,-84.50703,-79.73239,-74.95774,-70.18309,-65.40844,-60.63379,-55.85914,-51.0845,-46.30985,-41.5352,-36.76055,-31.9859,-27.21125,-22.43661,-17.66196,-12.88731,-8.11266,-3.33801,1.43664,6.21128,10.98593,15.76058,20.53523,25.30988,30.08452,34.85917,39.63382,44.40847,49.18312,53.95777,58.73241,63.50706,68.28171,73.05636,77.83101,82.60566,87.3803,92.15495,96.9296,101.70425,106.4789,111.25355,116.02819,120.80284,125.57749,130.35214,135.12679,139.90144,144.67608,149.45073,154.22538,159.00003,163.77468,168.54933,173.32397,178.09862 0.08098,0.10061,0.11577,0.11726,0.12012,0.11934,0.10992,0.09822,0.08692,0.07435,0.05131,0.02969,0.01054,0.00073,-0.00326,-0.00329,-0.00277,-0.00641,-0.00662,-0.00156,0.00767,0.01552,0.01702,0.01105,0.00686,0.00632,0.01239,0.03205,0.05171,0.06814,0.07122,0.07015,0.07233,0.06699,0.07303,0.07959,0.09592,0.11733,0.14815,0.17108,0.18573,0.1933,0.1858,0.17582,0.16484,0.15287,0.13782,0.12053,0.10237,0.08031,0.05366,0.03318,0.01345,-0.0058,-0.02203,-0.03569,-0.05025,-0.07265,-0.10218,-0.12282,-0.13816,-0.15215,-0.16535,-0.17662,-0.18345,-0.18634,-0.18772,-0.18401,-0.17661,-0.15115,-0.13234,-0.10437,-0.06408,-0.02258,0.02632,0.06451
76.05 -180.0,-175.59263,-171.18526,-166.7779,-162.37053,-157.96316,-153.55579,-149.14843,-144.74106,-140.33369,-135.92632,-131.51896,-127.11159,-122.70422,-118.29685,-113.88949,-109.48212,-105.07475,-100.66738,-96.26001,-91.85265,-87.44528,-83.03791,-78.63054,-74.22318,-69.81581,-65.40844,-61.00107,-56.59371,-52.18634,-47.77897,-43.3716,-38.96424,-34.55687,-30.1495,-25.74213,-21.33476,-16.9274,-12.52003,-8.11266,-3.70529,0.70207,5.10944,9.51681,13.92418,18.33154,22.73891,27.14628,31.55365,35.96102,40.36838,44.77575,49.18312,53.59049,57.99785,62.40522,66.81259,71.21996,75.62732,80.03469,84.44206,88.84943,93.25679,97.66416,102.07153,106.4789,110.88627,115.29363,119.701,124.10837,128.51574,132.9231,137.33047,141.73784,146.14521,150.55257,154.95994,159.36731,163.77468,168.18204,172.58941,176.99678 -0.01011,0.01582,0.03592,0.05139,0.06593,0.07093,0.06787,0.0626,0.05867,0.05525,0.04411,0.0293,0.00476,-0.01035,-0.01847,-0.0243,-0.02529,-0.02215,-0.01641,-0.01056,-0.00733,0.00804,0.02476,0.03291,0.03305,0.02548,0.01671,0.00923,0.00529,0.01221,0.02155,0.03397,0.04267,0.0445,0.04293,0.04273,0.04602,0.05195,0.06737,0.08444,0.10167,0.12397,0.14896,0.17408,0.18356,0.1851,0.18045,0.17153,0.16288,0.15517,0.14787,0.13827,0.12158,0.10024,0.08007,0.05994,0.0418,0.0256,0.0055,-0.00953,-0.02101,-0.03792,-0.05998,-0.08868,-0.11223,-0.13182,-0.14895,-0.16391,-0.17644,-0.18667,-0.19541,-0.20523,-0.21422,-0.20788,-0.19582,-0.19249,-0.17965,-0.16485,-0.14261,-0.10437,-0.06733,-0.02988
81.9 -180.0,-175.90744,-171.81489,-167.72233,-163.62978,-159.53722,-155.44467,-151.35211,-147.25955,-143.167,-139.07444,-134.98189,-130.88933,-126.79678,-122.70422,-118.61166,-114.51911,-110.42655,-106.334,-102.24144,-98.14889,-94.05633,-89.96378,-85.87122,-81.77866,-77.68611,-73.59355,-69.501,-65.40844,-61.31589,-57.22333,-53.13077,-49.03822,-44.94566,-40.85311,-36.76055,-32.668,-28.57544,-24.48288,-20.39033,-16.29777,-12.20522,-8.11266,-4.02011,0.07245,4.16501,8.25756,12.35012,16.44267,20.53523,24.62778,28.72034,32.8129,36.90545,40.99801,45.09056,49.18312,53.27567,57.36823,61.46079,65.55334,69.6459,73.73845,77.83101,81.92356,86.01612,90.10867,94.20123,98.29379,102.38634,106.4789,110.57145,114.66401,118.75656,122.84912,126.94168,131.03423,135.12679,139.21934,143.3119,147.40445,151.49701,155.58957,159.68212,163.77468,167.86723,171.95979,176.05234 -0.08188,-0.06321,-0.04877,-0.02498,-0.00186,0.01308,0.02003,0.01471,0.01327,0.01376,0.01404,-0.00428,-0.02211,-0.03493,-0.03675,-0.04248,-0.04635,-0.04301,-0.03721,-0.02128,-0.00587,0.00904,0.02097,0.03348,0.05204,0.06129,0.05835,0.04419,0.02963,0.01699,0.00782,0.00553,0.0064,0.01094,0.01641,0.01959,0.0221,0.02326,0.02647,0.03219,0.04653,0.06116,0.07355,0.08722,0.09758,0.11177,0.13088,0.14879,0.16273,0.16429,0.1619,0.15616,0.14866,0.14391,0.13912,0.13117,0.11885,0.10566,0.08813,0.07194,0.06003,0.04656,0.03404,0.01678,0.00148,-0.01131,-0.02769,-0.04656,-0.07135,-0.09362,-0.11423,-0.13182,-0.14585,-0.15716,-0.16615,-0.17317,-0.18217,-0.18769,-0.19247,-0.1926,-0.19481,-0.18877,-0.1908,-0.18645,-0.17249,-0.1518,-0.12491,-0.10113
87.75 -180.0,-176.18028,-172.36056,-168.54084,-164.72113,-160.90141,-157.08169,-153.26197,-149.44225,-145.62253,-141.80281,-137.9831,-134.16338,-130.34366,-126.52394,-122.70422,-118.8845,-115.06478,-111.24506,-107.42535,-103.60563,-99.78591,-95.96619,-92.14647,-88.32675,-84.50703,-80.68732,-76.8676,-73.04788,-69.22816,-65.40844,-61.58872,-57.769,-53.94929,-50.12957,-46.30985,-42.49013,-38.67041,-34.85069,-31.03097,-27.21125,-23.39154,-19.57182,-15.7521,-11.93238,-8.11266,-4.29294,-0.47322,3.34649,7.16621,10.98593,14.80565,18.62537,22.44509,26.26481,30.08452,33.90424,37.72396,41.54368,45.3634,49.18312,53.00284,56.82256,60.64227,64.46199,68.28171,72.10143,75.92115,79.74087,83.56059,87.3803,91.20002,95.01974,98.83946,102.65918,106.4789,110.29862,114.11833,117.93805,121.75777,125.57749,129.39721,133.21693,137.03665,140.85637,144.67608,148.4958,152.31552,156.13524,159.95496,163.77468,167.5944,171.41411,175.23383,179.05355 -0.12415,-0.11322,-0.10472,-0.08711,-0.06766,-0.04366,-0.03234,-0.03388,-0.03741,-0.0374,-0.0375,-0.04559,-0.05967,-0.07287,-0.07504,-0.07279,-0.06934,-0.066,-0.0621,-0.05053,-0.03168,-0.00425,0.02744,0.04082,0.05558,0.07022,0.08139,0.08581,0.07942,0.05988,0.04136,0.02538,0.01347,0.00727,0.00115,-0.00264,-0.00184,0.00354,0.01016,0.01439,0.0241,0.03252,0.04476,0.05846,0.0673,0.07695,0.07777,0.07698,0.08509,0.09899,0.11667,0.12844,0.13648,0.14104,0.13994,0.13645,0.13141,0.12968,0.12635,0.1209,0.11136,0.09973,0.08803,0.07671,0.06814,0.0606,0.05173,0.04005,0.02544,0.01043,-0.00214,-0.01596,-0.033,-0.05312,-0.0722,-0.08949,-0.10408,-0.11608,-0.12499,-0.13037,-0.12979,-0.13251,-0.13946,-0.14967,-0.15711,-0.16014,-0.16133,-0.16685,-0.1706,-0.17284,-0.16847,-0.15773,-0.14512,-0.1349,-0.12557
93.6 -180.0,-176.41901,-172.83803,-169.25704,-165.67606,-162.09507,-158.51408,-154.9331,-151.35211,-147.77112,-144.19014,-140.60915,-137.02817,-133.44718,-129.86619,-126.28521,-122.70422,-119.12323,-115.54225,-111.96126,-108.38028,-104.79929,-101.2183,-97.63732,-94.05633,-90.47534,-86.89436,-83.31337,-79.73239,-76.1514,-72.57041,-68.98943,-65.40844,-61.82745,-58.24647,-54.66548,-51.0845,-47.50351,-43.92252,-40.34154,-36.76055,-33.17956,-29.59858,-26.01759,-22.43661,-18.85562,-15.27463,-11.69365,-8.11266,-4.53168,-0.95069,2.6303,6.21128,9.79227,13.37326,16.95424,20.53523,24.11621,27.6972,31.27819,34.85917,38.44016,42.02115,45.60213,49.18312,52.7641,56.34509,59.92608,63.50706,67.08805,70.66904,74.25002,77.83101,81.41199,84.99298,88.57397,92.15495,95.73594,99.31693,102.89791,106.4789,110.05988,113.64087,117.22186,120.80284,124.38383,127.96481,131.5458,135.12679,138.70777,142.28876,145.86975,149.45073,153.03172,156.6127,160.19369,163.77468,167.35566,170.93665,174.51764,178.09862 -0.13541,-0.13738,-0.13146,-0.12239,-0.1093,-0.09168,-0.08092,-0.07635,-0.0816,-0.08344,-0.08234,-0.08073,-0.09121,-0.10461,-0.11578,-0.11188,-0.10539,-0.09862,-0.09358,-0.08375,-0.07319,-0.05597,-0.02486,0.00971,0.04238,0.06389,0.07213,0.08285,0.09728,0.09836,0.0882,0.06692,0.04631,0.02664,0.01074,0.0029,-0.00441,-0.01068,-0.01319,-0.00867,0.0001,0.01148,0.02896,0.04391,0.06388,0.07627,0.08372,0.09191,0.09273,0.08796,0.08664,0.07899,0.08748,0.10256,0.11358,0.11917,0.12318,0.12713,0.12764,0.12674,0.12616,0.12581,0.1221,0.11531,0.10677,0.10033,0.09147,0.08127,0.07677,0.06961,0.06347,0.05692,0.04529,0.03211,0.01787,0.00679,-0.0026,-0.01671,-0.03413,-0.05229,-0.06824,-0.08086,-0.09107,-0.09852,-0.10194,-0.09827,-0.09608,-0.09675,-0.10132,-0.10659,-0.11675,-0.12327,-0.1252,-0.13024,-0.13772,-0.14291,-0.14393,-0.14271,-0.14266,-0.13956,-0.1376
99.45 -180.0,-176.62966,-173.25932,-169.88898,-166.51864,-163.1483,-159.77796,-156.40762,-153.03728,-149.66694,-146.2966,-142.92626,-139.55592,-136.18558,-132.81524,-129.4449,-126.07456,-122.70422,-119.33388,-115.96354,-112.5932,-109.22286,-105.85252,-102.48218,-99.11184,-95.7415,-92.37116,-89.00082,-85.63048,-82.26014,-78.8898,-75.51946,-72.14912,-68.77878,-65.40844,-62.0381,-58.66776,-55.29742,-51.92708,-48.55674,-45.1864,-41.81606,-38.44572,-35.07538,-31.70504,-28.3347,-24.96436,-21.59402,-18.22368,-14.85334,-11.483,-8.11266,-4.74232,-1.37198,1.99836,5.3687,8.73904,12.10938,15.47972,18.85006,22.2204,25.59074,28.96108,32.33142,35.70176,39.0721,42.44244,45.81278,49.18312,52.55346,55.9238,59.29414,62.66448,66.03482,69.40516,72.7755,76.14584,79.51618,82.88652,86.25686,89.6272,92.99754,96.36788,99.73822,103.10856,106.4789,109.84924,113.21958,116.58992,119.96026,123.3306,126.70094,130.07128,133.44162,136.81196,140.1823,143.55264,146.92298,150.29332,153.66366,157.034,160.40434,163.77468,167.14502,170.51536,173.8857,177.25604 -0.13349,-0.13509,-0.13809,-0.14029,-0.13205,-0.12424,-0.11843,-0.11667,-0.12055,-0.1235,-0.12336,-0.11801,-0.11789,-0.12446,-0.13756,-0.1421,-0.14131,-0.13794,-0.13015,-0.12375,-0.11292,-0.1028,-0.09072,-0.06857,-0.03529,0.00078,0.0275,0.04781,0.05923,0.06542,0.07568,0.0843,0.07986,0.06305,0.04343,0.02212,0.00219,-0.00778,-0.01474,-0.01985,-0.01962,-0.01504,-0.00703,0.00611,0.02793,0.05182,0.08025,0.09835,0.11428,0.12028,0.12688,0.13036,0.13124,0.12015,0.12031,0.11876,0.12005,0.12362,0.12369,0.1221,0.12654,0.12891,0.12921,0.12911,0.13081,0.13093,0.12708,0.12371,0.12008,0.11256,0.10269,0.09597,0.08851,0.08046,0.0727,0.06558,0.0604,0.0499,0.0371,0.02463,0.01618,0.01014,-0.00383,-0.01945,-0.03556,-0.05069,-0.06374,-0.07422,-0.08152,-0.08359,-0.08026,-0.07522,-0.0702,-0.06876,-0.07618,-0.08394,-0.09018,-0.09152,-0.09507,-0.09732,-0.10511,-0.11394,-0.11951,-0.12363,-0.12822,-0.13336,-0.13371
105.3 -180.0,-176.8169,-173.6338,-170.4507,-167.2676,-164.08451,-160.90141,-157.71831,-154.53521,-151.35211,-148.16901,-144.98591,-141.80281,-138.61971,-135.43662,-132.25352,-129.07042,-125.88732,-122.70422,-119.52112,-116.33802,-113.15492,-109.97183,-106.78873,-103.60563,-100.42253,-97.23943,-94.05633,-90.87323,-87.69013,-84.50703,-81.32394,-78.14084,-74.95774,-71.77464,-68.59154,-65.40844,-62.22534,-59.04224,-55.85914,-52.67605,-49.49295,-46.30985,-43.12675,-39.94365,-36.76055,-33.57745,-30.39435,-27.21125,-24.02816,-20.84506,-17.66196,-14.47886,-11.29576,-8.11266,-4.92956,-1.74646,1.43664,4.61973,7.80283,10.98593,14.16903,17.35213,20.53523,23.71833,26.90143,30.08452,33.26762,36.45072,39.63382,42.81692,46.00002,49.18312,52.36622,55.54932,58.73241,61.91551,65.09861,68.28171,71.46481,74.64791,77.83101,81.01411,84.19721,87.3803,90.5634,93.7465,96.9296,100.1127,103.2958,106.4789,109.662,112.8451,116.02819,119.21129,122.39439,125.57749,128.76059,131.94369,135.12679,138.30989,141.49299,144.67608,147.85918,151.04228,154.22538,157.40848,160.59158,163.77468,166.95778,170.14087,173.32397,176.50707,179.69017 -0.12578,-0.1294,-0.13621,-0.14082,-0.14164,-0.13943,-0.14034,-0.14301,-0.14649,-0.15047,-0.14912,-0.14437,-0.13931,-0.14069,-0.14574,-0.15263,-0.15966,-0.16221,-0.15518,-0.15203,-0.14313,-0.13305,-0.12638,-0.11892,-0.10446,-0.0839,-0.05902,-0.03577,-0.00942,0.00409,0.01511,0.02639,0.03936,0.05206,0.05384,0.0449,0.03096,0.01245,-0.01015,-0.02389,-0.03114,-0.03337,-0.02587,-0.01665,-0.0076,0.00625,0.02786,0.05088,0.07815,0.10538,0.12977,0.14004,0.15286,0.16358,0.17786,0.18158,0.18268,0.18173,0.17759,0.17895,0.17568,0.16004,0.14899,0.14453,0.14838,0.14732,0.14538,0.14403,0.14625,0.14828,0.15014,0.14866,0.14598,0.13825,0.13045,0.11751,0.10537,0.09455,0.08215,0.07338,0.06833,0.0634,0.0535,0.03999,0.03006,0.02322,0.01808,0.00486,-0.01116,-0.02663,-0.04133,-0.05437,-0.06514,-0.07203,-0.07436,-0.07377,-0.0711,-0.06927,-0.06974,-0.06953,-0.06916,-0.07135,-0.07662,-0.07772,-0.0735,-0.07821,-0.08633,-0.09592,-0.10267,-0.10907,-0.11585,-0.12211,-0.1259,-0.12563
111.15 -180.0,-176.98443,-173.96887,-170.9533,-167.93773,-164.92216,-161.9066,-158.89103,-155.87546,-152.85989,-149.84433,-146.82876,-143.81319,-140.79762,-137.78206,-134.76649,-131.75092,-128.73536,-125.71979,-122.70422,-119.68865,-116.67309,-113.65752,-110.64195,-107.62638,-104.61082,-101.59525,-98.57968,-95.56411,-92.54855,-89.53298,-86.51741,-83.50185,-80.48628,-77.47071,-74.45514,-71.43958,-68.42401,-65.40844,-62.39287,-59.37731,-56.36174,-53.34617,-50.3306,-47.31504,-44.29947,-41.2839,-38.26833,-35.25277,-32.2372,-29.22163,-26.20607,-23.1905,-20.17493,-17.15936,-14.1438,-11.12823,-8.11266,-5.09709,-2.08153,0.93404,3.94961,6.96518,9.98074,12.99631,16.01188,19.02744,22.04301,25.05858,28.07415,31.08971,34.10528,37.12085,40.13642,43.15198,46.16755,49.18312,52.19869,55.21425,58.22982,61.24539,64.26095,67.27652,70.29209,73.30766,76.32322,79.33879,82.35436,85.36993,88.38549,91.40106,94.41663,97.4322,100.44776,103.46333,106.4789,109.49446,112.51003,115.5256,118.54117,121.55673,124.5723,127.58787,130.60344,133.619,136.63457,139.65014,142.66571,145.68127,148.69684,151.71241,154.72798,157.74354,160.75911,163.77468,166.79024,169.80581,172.82138,175.83695,178.85251 -0.122,-0.1225,-0.1295,-0.13572,-0.1407,-0.14208,-0.14661,-0.15235,-0.15752,-0.15944,-0.15755,-0.15244,-0.14433,-0.141,-0.14061,-0.14566,-0.15185,-0.15933,-0.15773,-0.15683,-0.15316,-0.14354,-0.13663,-0.12935,-0.12811,-0.11946,-0.10736,-0.09601,-0.08162,-0.0697,-0.05147,-0.03839,-0.03237,-0.02112,-0.0017,0.01653,0.02236,0.01963,0.01428,0.00626,-0.01034,-0.02695,-0.03828,-0.04205,-0.02992,-0.01518,-0.00023,0.01431,0.03344,0.05359,0.07763,0.1002,0.12299,0.14083,0.15557,0.16813,0.18752,0.20198,0.2168,0.22666,0.22918,0.2395,0.24056,0.23548,0.22656,0.20896,0.19843,0.19273,0.18952,0.18216,0.17844,0.17831,0.18139,0.18534,0.18689,0.18605,0.18508,0.17914,0.16586,0.14728,0.13064,0.1124,0.09765,0.08449,0.0789,0.07356,0.0672,0.05604,0.04298,0.03421,0.02878,0.0199,0.0064,-0.00711,-0.01857,-0.0315,-0.045,-0.05872,-0.06726,-0.07152,-0.07362,-0.07441,-0.07649,-0.07903,-0.07889,-0.07422,-0.07073,-0.07281,-0.07464,-0.07187,-0.07112,-0.07273,-0.0817,-0.09055,-0.09789,-0.10227,-0.11055,-0.11626,-0.12041,-0.12163
117.0 -180.0,-177.13521,-174.27042,-171.40563,-168.54084,-165.67606,-162.81127,-159.94648,-157.08169,-154.2169,-151.35211,-148.48732,-145.62253,-142.75774,-139.89295,-137.02817,-134.16338,-131.29859,-128.4338,-125.56901,-122.70422,-119.83943,-116.97464,-114.10985,-111.24506,-108.38028,-105.51549,-102.6507,-99.78591,-96.92112,-94.05633,-91.19154,-88.32675,-85.46196,-82.59717,-79.73239,-76.8676,-74.00281,-71.13802,-68.27323,-65.40844,-62.54365,-59.67886,-56.81407,-53.94929,-51.0845,-48.21971,-45.35492,-42.49013,-39.62534,-36.76055,-33.89576,-31.03097,-28.16618,-25.3014,-22.43661,-19.57182,-16.70703,-13.84224,-10.97745,-8.11266,-5.24787,-2.38308,0.48171,3.34649,6.21128,9.07607,11.94086,14.80565,17.67044,20.53523,23.40002,26.26481,29.1296,31.99438,34.85917,37.72396,40.58875,43.45354,46.31833,49.18312,52.04791,54.9127,57.77748,60.64227,63.50706,66.37185,69.23664,72.10143,74.96622,77.83101,80.6958,83.56059,86.42537,89.29016,92.15495,95.01974,97.88453,100.74932,103.61411,106.4789,109.34369,112.20848,115.07326,117.93805,120.80284,123.66763,126.53242,129.39721,132.262,135.12679,137.99158,140.85637,143.72115,146.58594,149.45073,152.31552,155.18031,158.0451,160.90989,163.77468,166.63947,169.50426,172.36904,175.23383,178.09862 -0.11935,-0.11827,-0.12111,-0.12836,-0.13312,-0.13683,-0.14053,-0.14636,-0.15083,-0.15137,-0.14619,-0.13448,-0.12533,-0.12022,-0.12365,-0.12582,-0.12889,-0.13197,-0.13703,-0.14288,-0.14559,-0.14014,-0.13244,-0.12303,-0.12017,-0.11967,-0.11465,-0.10552,-0.09846,-0.09503,-0.09023,-0.08245,-0.07493,-0.06859,-0.06395,-0.05177,-0.03652,-0.0163,-0.00771,-0.00449,-0.00171,0.00114,-0.00531,-0.01753,-0.02991,-0.03803,-0.02778,-0.01225,0.00603,0.02029,0.04099,0.06497,0.08643,0.10271,0.1208,0.13465,0.14684,0.15622,0.16701,0.18287,0.20196,0.21587,0.22966,0.24563,0.25772,0.26988,0.28087,0.27169,0.25865,0.24834,0.24177,0.23887,0.23388,0.22734,0.22389,0.22319,0.22378,0.22593,0.23031,0.23474,0.23426,0.22377,0.20648,0.18513,0.16109,0.14038,0.12055,0.10746,0.09705,0.09179,0.08412,0.07217,0.05761,0.04829,0.04115,0.03408,0.02401,0.01106,-0.00186,-0.0106,-0.01942,-0.03108,-0.04594,-0.05719,-0.06488,-0.0696,-0.07296,-0.0794,-0.08736,-0.09468,-0.09436,-0.08644,-0.07938,-0.0776,-0.07855,-0.07691,-0.07584,-0.08089,-0.08754,-0.09632,-0.10182,-0.10819,-0.1139,-0.12127,-0.12343,-0.12228
122.85 -180.0,-177.27163,-174.54326,-171.81489,-169.08652,-166.35815,-163.62978,-160.90141,-158.17304,-155.44467,-152.7163,-149.98793,-147.25955,-144.53118,-141.80281,-139.07444,-136.34607,-133.6177,-130.88933,-128.16096,-125.43259,-122.70422,-119.97585,-117.24748,-114.51911,-111.79074,-109.06237,-106.334,-103.60563,-100.87726,-98.14889,-95.42052,-92.69215,-89.96378,-87.2354,-84.50703,-81.77866,-79.05029,-76.32192,-73.59355,-70.86518,-68.13681,-65.40844,-62.68007,-59.9517,-57.22333,-54.49496,-51.76659,-49.03822,-46.30985,-43.58148,-40.85311,-38.12474,-35.39637,-32.668,-29.93963,-27.21125,-24.48288,-21.75451,-19.02614,-16.29777,-13.5694,-10.84103,-8.11266,-5.38429,-2.65592,0.07245,2.80082,5.52919,8.25756,10.98593,13.7143,16.44267,19.17104,21.89941,24.62778,27.35615,30.08452,32.8129,35.54127,38.26964,40.99801,43.72638,46.45475,49.18312,51.91149,54.63986,57.36823,60.0966,62.82497,65.55334,68.28171,71.01008,73.73845,76.46682,79.19519,81.92356,84.65193,87.3803,90.10867,92.83705,95.56542,98.29379,101.02216,103.75053,106.4789,109.20727,111.93564,114.66401,117.39238,120.12075,122.84912,125.57749,128.30586,131.03423,133.7626,136.49097,139.21934,141.94771,144.67608,147.40445,150.13282,152.8612,155.58957,158.31794,161.04631,163.77468,166.50305,169.23142,171.95979,174.68816,177.41653 -0.12184,-0.11627,-0.1131,-0.11876,-0.1251,-0.13214,-0.1376,-0.14333,-0.14682,-0.14473,-0.13217,-0.11857,-0.10665,-0.10178,-0.10266,-0.10326,-0.10102,-0.09872,-0.10349,-0.11231,-0.12498,-0.12826,-0.12611,-0.11857,-0.10936,-0.10492,-0.10512,-0.10285,-0.09363,-0.08452,-0.07985,-0.07773,-0.07867,-0.08073,-0.08067,-0.08303,-0.07981,-0.06743,-0.05295,-0.03836,-0.03161,-0.0237,-0.01396,-0.00207,0.00123,-0.00214,-0.00922,-0.01608,-0.01027,0.00042,0.01354,0.02246,0.0399,0.06267,0.09107,0.11526,0.12978,0.13612,0.14372,0.14722,0.14901,0.15352,0.16497,0.17932,0.19409,0.20766,0.2258,0.24482,0.25953,0.2665,0.27279,0.275,0.26725,0.26343,0.26204,0.261,0.25951,0.25872,0.25871,0.25985,0.26165,0.26554,0.26696,0.27226,0.27338,0.26873,0.24207,0.21961,0.19723,0.17564,0.15318,0.14007,0.12905,0.12292,0.10936,0.09529,0.07996,0.06771,0.05808,0.05333,0.0458,0.03239,0.02279,0.01388,0.00709,-0.00147,-0.01208,-0.0269,-0.04088,-0.05202,-0.05953,-0.06599,-0.07563,-0.08812,-0.10004,-0.10336,-0.09936,-0.09123,-0.0846,-0.08296,-0.08375,-0.08497,-0.08668,-0.0921,-0.10054,-0.10753,-0.11042,-0.11612,-0.12375,-0.13312,-0.13215,-0.12887
128.7 -180.0,-177.39565,-174.79129,-172.18694,-169.58259,-166.97823,-164.37388,-161.76952,-159.16517,-156.56082,-153.95646,-151.35211,-148.74776,-146.1434,-143.53905,-140.9347,-138.33034,-135.72599,-133.12163,-130.51728,-127.91293,-125.30857,-122.70422,-120.09987,-117.49551,-114.89116,-112.28681,-109.68245,-107.0781,-104.47375,-101.86939,-99.26504,-96.66068,-94.05633,-91.45198,-88.84762,-86.24327,-83.63892,-81.03456,-78.43021,-75.82586,-73.2215,-70.61715,-68.01279,-65.40844,-62.80409,-60.19973,-57.59538,-54.99103,-52.38667,-49.78232,-47.17797,-44.57361,-41.96926,-39.3649,-36.76055,-34.1562,-31.55184,-28.94749,-26.34314,-23.73878,-21.13443,-18.53008,-15.92572,-13.32137,-10.71702,-8.11266,-5.50831,-2.90395,-0.2996,2.30475,4.90911,7.51346,10.11781,12.72217,15.32652,17.93087,20.53523,23.13958,25.74394,28.34829,30.95264,33.557,36.16135,38.7657,41.37006,43.97441,46.57876,49.18312,51.78747,54.39183,56.99618,59.60053,62.20489,64.80924,67.41359,70.01795,72.6223,75.22665,77.83101,80.43536,83.03972,85.64407,88.24842,90.85278,93.45713,96.06148,98.66584,101.27019,103.87454,106.4789,109.08325,111.6876,114.29196,116.89631,119.50067,122.10502,124.70937,127.31373,129.91808,132.52243,135.12679,137.73114,140.33549,142.93985,145.5442,148.14856,150.75291,153.35726,155.96162,158.56597,161.17032,163.77468,166.37903,168.98338,171.58774,174.19209,176.79645,179.4008 -0.12343,-0.1155,-0.11205,-0.11443,-0.12032,-0.12833,-0.13594,-0.14222,-0.14676,-0.14183,-0.12949,-0.11112,-0.09698,-0.08968,-0.08673,-0.08741,-0.08087,-0.07539,-0.07142,-0.07755,-0.08731,-0.10013,-0.10756,-0.11105,-0.10549,-0.09643,-0.08978,-0.08778,-0.08732,-0.08173,-0.07049,-0.06086,-0.05571,-0.0575,-0.06235,-0.07276,-0.0794,-0.08307,-0.08203,-0.07046,-0.05709,-0.04511,-0.04033,-0.03172,-0.01879,-0.00219,0.00705,0.01232,0.01304,0.01017,0.01033,0.0144,0.02176,0.02301,0.02908,0.046,0.07846,0.1102,0.13073,0.13982,0.14332,0.14271,0.1386,0.13385,0.13574,0.1435,0.15558,0.16638,0.17875,0.19191,0.2085,0.22398,0.23271,0.23385,0.23364,0.23677,0.24462,0.25013,0.25634,0.26272,0.2681,0.27464,0.2801,0.28264,0.27999,0.27917,0.28263,0.29363,0.29919,0.28728,0.26595,0.25023,0.23011,0.21352,0.1949,0.17703,0.16817,0.16077,0.14702,0.12712,0.10956,0.0935,0.0862,0.07981,0.07158,0.06456,0.05531,0.04541,0.03746,0.03156,0.02495,0.01741,0.00114,-0.01499,-0.0291,-0.03857,-0.04888,-0.06017,-0.07224,-0.08535,-0.09403,-0.09867,-0.09846,-0.08717,-0.08119,-0.0828,-0.08494,-0.08729,-0.09564,-0.10277,-0.111,-0.11157,-0.11256,-0.1146,-0.12628,-0.13271,-0.14068,-0.13261,-0.12541
134.55 -180.0,-177.50888,-175.01776,-172.52664,-170.03552,-167.5444,-165.05327,-162.56215,-160.07103,-157.57991,-155.08879,-152.59767,-150.10655,-147.61543,-145.12431,-142.63319,-140.14207,-137.65095,-135.15982,-132.6687,-130.17758,-127.68646,-125.19534,-122.70422,-120.2131,-117.72198,-115.23086,-112.73974,-110.24862,-107.7575,-105.26637,-102.77525,-100.28413,-97.79301,-95.30189,-92.81077,-90.31965,-87.82853,-85.33741,-82.84629,-80.35517,-77.86405,-75.37292,-72.8818,-70.39068,-67.89956,-65.40844,-62.91732,-60.4262,-57.93508,-55.44396,-52.95284,-50.46172,-47.9706,-45.47947,-42.98835,-40.49723,-38.00611,-35.51499,-33.02387,-30.53275,-28.04163,-25.55051,-23.05939,-20.56827,-18.07714,-15.58602,-13.0949,-10.60378,-8.11266,-5.62154,-3.13042,-0.6393,1.85182,4.34294,6.83406,9.32518,11.81631,14.30743,16.79855,19.28967,21.78079,24.27191,26.76303,29.25415,31.74527,34.23639,36.72751,39.21863,41.70976,44.20088,46.692,49.18312,51.67424,54.16536,56.65648,59.1476,61.63872,64.12984,66.62096,69.11208,71.60321,74.09433,76.58545,79.07657,81.56769,84.05881,86.54993,89.04105,91.53217,94.02329,96.51441,99.00554,101.49666,103.98778,106.4789,108.97002,111.46114,113.95226,116.44338,118.9345,121.42562,123.91674,126.40786,128.89899,131.39011,133.88123,136.37235,138.86347,141.35459,143.84571,146.33683,148.82795,151.31907,153.81019,156.30131,158.79244,161.28356,163.77468,166.2658,168.75692,171.24804,173.73916,176.23028,178.7214 -0.11687,-0.11122,-0.10933,-0.10811,-0.1152,-0.1252,-0.13577,-0.14104,-0.14212,-0.13787,-0.12562,-0.10509,-0.08989,-0.08024,-0.07763,-0.075,-0.06858,-0.0592,-0.0526,-0.05125,-0.05442,-0.06245,-0.07072,-0.07844,-0.08564,-0.08962,-0.08243,-0.07206,-0.06855,-0.07243,-0.07047,-0.06224,-0.05104,-0.04393,-0.0387,-0.04237,-0.05173,-0.06556,-0.0745,-0.07824,-0.07386,-0.06408,-0.05448,-0.04789,-0.04249,-0.03125,-0.01557,0.00081,0.00935,0.01458,0.01673,0.01501,0.01504,0.01913,0.02646,0.02586,0.02248,0.0266,0.04967,0.07945,0.10987,0.12711,0.13302,0.13426,0.12919,0.12138,0.11601,0.1163,0.12511,0.13545,0.14271,0.14913,0.15987,0.17333,0.18689,0.19085,0.18955,0.18628,0.18714,0.19078,0.19825,0.2111,0.2261,0.24042,0.25281,0.2659,0.27491,0.27962,0.2802,0.27798,0.28074,0.28797,0.29335,0.29154,0.28098,0.26722,0.25805,0.24908,0.23349,0.21874,0.20853,0.19801,0.1861,0.16707,0.14358,0.12692,0.12003,0.1131,0.10773,0.09791,0.08876,0.08243,0.07822,0.0699,0.06189,0.05589,0.05018,0.03587,0.02012,0.00576,-0.00392,-0.0172,-0.03196,-0.04695,-0.05894,-0.06888,-0.07751,-0.07783,-0.07305,-0.06975,-0.07019,-0.07072,-0.07522,-0.0852,-0.09295,-0.10465,-0.10483,-0.10368,-0.09807,-0.09967,-0.10798,-0.12392,-0.12725,-0.12888,-0.12048
140.4 -180.0,-177.61268,-175.22535,-172.83803,-170.4507,-168.06338,-165.67606,-163.28873,-160.90141,-158.51408,-156.12676,-153.73943,-151.35211,-148.96479,-146.57746,-144.19014,-141.80281,-139.41549,-137.02817,-134.64084,-132.25352,-129.86619,-127.47887,-125.09154,-122.70422,-120.3169,-117.92957,-115.54225,-113.15492,-110.7676,-108.38028,-105.99295,-103.60563,-101.2183,-98.83098,-96.44365,-94.05633,-91.66901,-89.28168,-86.89436,-84.50703,-82.11971,-79.73239,-77.34506,-74.95774,-72.57041,-70.18309,-67.79577,-65.40844,-63.02112,-60.63379,-58.24647,-55.85914,-53.47182,-51.0845,-48.69717,-46.30985,-43.92252,-41.5352,-39.14788,-36.76055,-34.37323,-31.9859,-29.59858,-27.21125,-24.82393,-22.43661,-20.04928,-17.66196,-15.27463,-12.88731,-10.49999,-8.11266,-5.72534,-3.33801,-0.95069,1.43664,3.82396,6.21128,8.59861,10.98593,13.37326,15.76058,18.1479,20.53523,22.92255,25.30988,27.6972,30.08452,32.47185,34.85917,37.2465,39.63382,42.02115,44.40847,46.79579,49.18312,51.57044,53.95777,56.34509,58.73241,61.11974,63.50706,65.89439,68.28171,70.66904,73.05636,75.44368,77.83101,80.21833,82.60566,84.99298,87.3803,89.76763,92.15495,94.54228,96.9296,99.31693,101.70425,104.09157,106.4789,108.86622,111.25355,113.64087,116.02819,118.41552,120.80284,123.19017,125.57749,127.96481,130.35214,132.73946,135.12679,137.51411,139.90144,142.28876,144.67608,147.06341,149.45073,151.83806,154.22538,156.6127,159.00003,161.38735,163.77468,166.162,168.54933,170.93665,173.32397,175.7113,178.09862 -0.09874,-0.0938,-0.09307,-0.09645,-0.10255,-0.11233,-0.1195,-0.12301,-0.12405,-0.12248,-0.10748,-0.08979,-0.07308,-0.0639,-0.06009,-0.05746,-0.05429,-0.04547,-0.0396,-0.03561,-0.03801,-0.03901,-0.03987,-0.04094,-0.05008,-0.05799,-0.06128,-0.05897,-0.05012,-0.04795,-0.05315,-0.05712,-0.05535,-0.05054,-0.04324,-0.03815,-0.03367,-0.03303,-0.03934,-0.05562,-0.06585,-0.06973,-0.06304,-0.05553,-0.05065,-0.05065,-0.04588,-0.03401,-0.01689,-0.00122,0.00409,0.00637,0.00735,0.0052,0.00466,0.00858,0.01694,0.01893,0.01571,0.01201,0.02135,0.04497,0.07329,0.09036,0.10503,0.11652,0.11874,0.11303,0.10553,0.09831,0.10017,0.10833,0.11447,0.11902,0.12304,0.12974,0.1422,0.15405,0.15947,0.15362,0.14533,0.14294,0.14561,0.15185,0.16127,0.17414,0.1907,0.20508,0.22117,0.23995,0.25616,0.26507,0.26733,0.26276,0.25758,0.26282,0.27621,0.28728,0.28254,0.27641,0.27567,0.26945,0.26669,0.25644,0.24682,0.23333,0.22154,0.20071,0.17953,0.15756,0.14721,0.14559,0.14461,0.13866,0.12436,0.11611,0.11166,0.1086,0.10186,0.09569,0.09176,0.08571,0.07258,0.05769,0.04524,0.03586,0.02173,0.0045,-0.01296,-0.02353,-0.03068,-0.03678,-0.04361,-0.04663,-0.04678,-0.04539,-0.04639,-0.0505,-0.05628,-0.06699,-0.08211,-0.08265,-0.084,-0.07596,-0.07154,-0.07195,-0.08085,-0.09453,-0.1094,-0.10678,-0.10329
146.25 -180.0,-177.70817,-175.41634,-173.12451,-170.83268,-168.54084,-166.24901,-163.95718,-161.66535,-159.37352,-157.08169,-154.78986,-152.49803,-150.20619,-147.91436,-145.62253,-143.3307,-141.03887,-138.74704,-136.45521,-134.16338,-131.87155,-129.57971,-127.28788,-124.99605,-122.70422,-120.41239,-118.12056,-115.82873,-113.5369,-111.24506,-108.95323,-106.6614,-104.36957,-102.07774,-99.78591,-97.49408,-95.20225,-92.91042,-90.61858,-88.32675,-86.03492,-83.74309,-81.45126,-79.15943,-76.8676,-74.57577,-72.28393,-69.9921,-67.70027,-65.40844,-63.11661,-60.82478,-58.53295,-56.24112,-53.94929,-51.65745,-49.36562,-47.07379,-44.78196,-42.49013,-40.1983,-37.90647,-35.61464,-33.3228,-31.03097,-28.73914,-26.44731,-24.15548,-21.86365,-19.57182,-17.27999,-14.98816,-12.69632,-10.40449,-8.11266,-5.82083,-3.529,-1.23717,1.05466,3.34649,5.63833,7.93016,10.22199,12.51382,14.80565,17.09748,19.38931,21.68114,23.97298,26.26481,28.55664,30.84847,33.1403,35.43213,37.72396,40.01579,42.30762,44.59946,46.89129,49.18312,51.47495,53.76678,56.05861,58.35044,60.64227,62.93411,65.22594,67.51777,69.8096,72.10143,74.39326,76.68509,78.97692,81.26875,83.56059,85.85242,88.14425,90.43608,92.72791,95.01974,97.31157,99.6034,101.89524,104.18707,106.4789,108.77073,111.06256,113.35439,115.64622,117.93805,120.22988,122.52172,124.81355,127.10538,129.39721,131.68904,133.98087,136.2727,138.56453,140.85637,143.1482,145.44003,147.73186,150.02369,152.31552,154.60735,156.89918,159.19101,161.48285,163.77468,166.06651,168.35834,170.65017,172.942,175.23383,177.52566,179.8175 -0.06925,-0.06781,-0.06781,-0.07105,-0.07922,-0.08954,-0.09235,-0.09093,-0.08731,-0.08114,-0.07086,-0.05672,-0.04423,-0.0384,-0.03663,-0.03764,-0.03638,-0.03234,-0.02632,-0.02508,-0.02789,-0.02987,-0.02779,-0.02762,-0.02964,-0.03075,-0.03254,-0.03627,-0.03053,-0.02498,-0.02047,-0.02792,-0.03797,-0.04292,-0.04668,-0.05004,-0.05044,-0.04142,-0.03035,-0.02201,-0.01944,-0.03238,-0.04697,-0.055,-0.05028,-0.05032,-0.05363,-0.05804,-0.05235,-0.03932,-0.02176,-0.00796,-0.0058,-0.0081,-0.01149,-0.01515,-0.01648,-0.01394,-0.00464,0.00195,0.00438,0.0021,0.00664,0.02101,0.03974,0.05369,0.0683,0.08168,0.09456,0.10392,0.10271,0.09449,0.08929,0.08593,0.0903,0.09501,0.09735,0.09725,0.10199,0.11288,0.12639,0.13155,0.12715,0.1194,0.11511,0.1143,0.11688,0.12118,0.12994,0.14217,0.15749,0.17057,0.18704,0.2071,0.22993,0.24147,0.24078,0.23336,0.22532,0.23263,0.25052,0.26973,0.27633,0.27765,0.27458,0.2758,0.27635,0.27762,0.27501,0.26091,0.24526,0.22697,0.20412,0.18045,0.16371,0.15793,0.16386,0.16316,0.16127,0.14616,0.13609,0.1341,0.13509,0.12712,0.11956,0.11733,0.11378,0.10608,0.0952,0.08791,0.07955,0.06634,0.04815,0.03095,0.01875,0.00938,0.00246,-0.00627,-0.01281,-0.01709,-0.0179,-0.01846,-0.01912,-0.02108,-0.03048,-0.04355,-0.04972,-0.05057,-0.04398,-0.04137,-0.03847,-0.04019,-0.04918,-0.06062,-0.07176,-0.07932,-0.07399,-0.06954
152.1 -180.0,-177.79632,-175.59263,-173.38895,-171.18526,-168.98158,-166.7779,-164.57421,-162.37053,-160.16685,-157.96316,-155.75948,-153.55579,-151.35211,-149.14843,-146.94474,-144.74106,-142.53737,-140.33369,-138.13001,-135.92632,-133.72264,-131.51896,-129.31527,-127.11159,-124.9079,-122.70422,-120.50054,-118.29685,-116.09317,-113.88949,-111.6858,-109.48212,-107.27843,-105.07475,-102.87107,-100.66738,-98.4637,-96.26001,-94.05633,-91.85265,-89.64896,-87.44528,-85.2416,-83.03791,-80.83423,-78.63054,-76.42686,-74.22318,-72.01949,-69.81581,-67.61212,-65.40844,-63.20476,-61.00107,-58.79739,-56.59371,-54.39002,-52.18634,-49.98265,-47.77897,-45.57529,-43.3716,-41.16792,-38.96424,-36.76055,-34.55687,-32.35318,-30.1495,-27.94582,-25.74213,-23.53845,-21.33476,-19.13108,-16.9274,-14.72371,-12.52003,-10.31635,-8.11266,-5.90898,-3.70529,-1.50161,0.70207,2.90576,5.10944,7.31313,9.51681,11.72049,13.92418,16.12786,18.33154,20.53523,22.73891,24.9426,27.14628,29.34996,31.55365,33.75733,35.96102,38.1647,40.36838,42.57207,44.77575,46.97943,49.18312,51.3868,53.59049,55.79417,57.99785,60.20154,62.40522,64.6089,66.81259,69.01627,71.21996,73.42364,75.62732,77.83101,80.03469,82.23838,84.44206,86.64574,88.84943,91.05311,93.25679,95.46048,97.66416,99.86785,102.07153,104.27521,106.4789,108.68258,110.88627,113.08995,115.29363,117.49732,119.701,121.90468,124.10837,126.31205,128.51574,130.71942,132.9231,135.12679,137.33047,139.53415,141.73784,143.94152,146.14521,148.34889,150.55257,152.75626,154.95994,157.16363,159.36731,161.57099,163.77468,165.97836,168.18204,170.38573,172.58941,174.7931,176.99678,179.20046 -0.03842,-0.03849,-0.03936,-0.04096,-0.04754,-0.05406,-0.05711,-0.05052,-0.0437,-0.03683,-0.02982,-0.02001,-0.01437,-0.0122,-0.01345,-0.01509,-0.01715,-0.01849,-0.01639,-0.01707,-0.01937,-0.02326,-0.02376,-0.02477,-0.02551,-0.02715,-0.02665,-0.02406,-0.01565,-0.01084,-0.00296,0.00039,-0.0037,-0.0137,-0.0238,-0.03524,-0.05028,-0.0565,-0.05735,-0.04501,-0.02244,0.00026,0.00816,-0.00281,-0.01557,-0.02853,-0.03282,-0.04027,-0.05209,-0.05873,-0.05393,-0.04276,-0.02851,-0.01837,-0.01832,-0.02463,-0.03515,-0.04051,-0.04008,-0.03493,-0.02408,-0.01701,-0.01197,-0.00955,-0.00294,0.00804,0.02313,0.03587,0.04086,0.04264,0.05828,0.07528,0.0857,0.0927,0.09082,0.08311,0.07921,0.07809,0.08157,0.08123,0.07996,0.08007,0.08517,0.09677,0.10336,0.10199,0.097,0.09527,0.09547,0.09553,0.09601,0.0977,0.10417,0.11579,0.12793,0.13861,0.14967,0.16924,0.19152,0.20773,0.20614,0.19858,0.18927,0.19773,0.22097,0.24875,0.26453,0.26437,0.26378,0.26502,0.27008,0.28149,0.27989,0.2776,0.25735,0.24111,0.21664,0.195,0.17091,0.1596,0.15555,0.16202,0.16803,0.16385,0.15497,0.14786,0.14522,0.143,0.13952,0.13502,0.13603,0.13578,0.1331,0.12673,0.12304,0.11698,0.10714,0.09204,0.07579,0.06047,0.04772,0.03907,0.02977,0.02084,0.01398,0.01062,0.00893,0.0087,0.00987,0.00658,-0.00272,-0.01393,-0.01788,-0.01271,-0.00715,-0.00528,-0.00788,-0.01182,-0.01385,-0.02262,-0.03196,-0.03759,-0.03851,-0.03844
157.95 -180.0,-177.87793,-175.75587,-173.6338,-171.51174,-169.38967,-167.2676,-165.14554,-163.02347,-160.90141,-158.77934,-156.65728,-154.53521,-152.41314,-150.29108,-148.16901,-146.04695,-143.92488,-141.80281,-139.68075,-137.55868,-135.43662,-133.31455,-131.19248,-129.07042,-126.94835,-124.82629,-122.70422,-120.58215,-118.46009,-116.33802,-114.21596,-112.09389,-109.97183,-107.84976,-105.72769,-103.60563,-101.48356,-99.3615,-97.23943,-95.11736,-92.9953,-90.87323,-88.75117,-86.6291,-84.50703,-82.38497,-80.2629,-78.14084,-76.01877,-73.8967,-71.77464,-69.65257,-67.53051,-65.40844,-63.28638,-61.16431,-59.04224,-56.92018,-54.79811,-52.67605,-50.55398,-48.43191,-46.30985,-44.18778,-42.06572,-39.94365,-37.82158,-35.69952,-33.57745,-31.45539,-29.33332,-27.21125,-25.08919,-22.96712,-20.84506,-18.72299,-16.60093,-14.47886,-12.35679,-10.23473,-8.11266,-5.9906,-3.86853,-1.74646,0.3756,2.49767,4.61973,6.7418,8.86387,10.98593,13.108,15.23006,17.35213,19.4742,21.59626,23.71833,25.84039,27.96246,30.08452,32.20659,34.32866,36.45072,38.57279,40.69485,42.81692,44.93899,47.06105,49.18312,51.30518,53.42725,55.54932,57.67138,59.79345,61.91551,64.03758,66.15965,68.28171,70.40378,72.52584,74.64791,76.76997,78.89204,81.01411,83.13617,85.25824,87.3803,89.50237,91.62444,93.7465,95.86857,97.99063,100.1127,102.23477,104.35683,106.4789,108.60096,110.72303,112.8451,114.96716,117.08923,119.21129,121.33336,123.45542,125.57749,127.69956,129.82162,131.94369,134.06575,136.18782,138.30989,140.43195,142.55402,144.67608,146.79815,148.92022,151.04228,153.16435,155.28641,157.40848,159.53055,161.65261,163.77468,165.89674,168.01881,170.14087,172.26294,174.38501,176.50707,178.62914 -0.00676,-0.00927,-0.01133,-0.01179,-0.01616,-0.01882,-0.01476,-0.00592,0.0026,0.00701,0.01057,0.01234,0.01195,0.0074,0.00485,0.00331,0.00237,-0.00185,-0.00653,-0.01097,-0.01578,-0.01865,-0.01856,-0.01686,-0.02129,-0.0265,-0.03142,-0.02793,-0.02085,-0.01079,-0.00121,0.0082,0.0109,0.01192,0.00272,-0.00789,-0.02177,-0.03535,-0.04934,-0.05648,-0.05411,-0.03748,-0.01129,0.01665,0.0301,0.02096,0.00952,0.00159,-0.00797,-0.02079,-0.03772,-0.04439,-0.04154,-0.03456,-0.02777,-0.02613,-0.02875,-0.03554,-0.04727,-0.05578,-0.05605,-0.04941,-0.03645,-0.03002,-0.02543,-0.01867,-0.00899,0.0008,0.01455,0.02676,0.03017,0.02695,0.02748,0.03536,0.05155,0.06909,0.07974,0.08401,0.07978,0.07465,0.07442,0.07541,0.07536,0.07124,0.06271,0.06431,0.07025,0.07664,0.07681,0.07498,0.07714,0.07991,0.0804,0.07768,0.0757,0.07762,0.08494,0.09958,0.10995,0.1167,0.12037,0.13819,0.15808,0.17375,0.17146,0.16089,0.15434,0.15942,0.18927,0.2209,0.23972,0.2412,0.24387,0.24344,0.25375,0.2655,0.27373,0.27061,0.25797,0.24187,0.22104,0.19637,0.17192,0.15383,0.14379,0.14336,0.1478,0.15609,0.15524,0.1494,0.14616,0.14654,0.14296,0.14062,0.14163,0.14739,0.15212,0.15413,0.15204,0.14958,0.14466,0.13697,0.12644,0.11353,0.09887,0.08354,0.07284,0.06358,0.05542,0.04841,0.04137,0.03502,0.03225,0.03493,0.03622,0.03129,0.01999,0.01139,0.01191,0.01838,0.02302,0.0242,0.02107,0.01877,0.01797,0.0195,0.01191,0.0032,-0.00211,-0.00419
163.8 -180.0,-177.95372,-175.90744,-173.86117,-171.81489,-169.76861,-167.72233,-165.67606,-163.62978,-161.5835,-159.53722,-157.49094,-155.44467,-153.39839,-151.35211,-149.30583,-147.25955,-145.21328,-143.167,-141.12072,-139.07444,-137.02817,-134.98189,-132.93561,-130.88933,-128.84305,-126.79678,-124.7505,-122.70422,-120.65794,-118.61166,-116.56539,-114.51911,-112.47283,-110.42655,-108.38028,-106.334,-104.28772,-102.24144,-100.19516,-98.14889,-96.10261,-94.05633,-92.01005,-89.96378,-87.9175,-85.87122,-83.82494,-81.77866,-79.73239,-77.68611,-75.63983,-73.59355,-71.54727,-69.501,-67.45472,-65.40844,-63.36216,-61.31589,-59.26961,-57.22333,-55.17705,-53.13077,-51.0845,-49.03822,-46.99194,-44.94566,-42.89938,-40.85311,-38.80683,-36.76055,-34.71427,-32.668,-30.62172,-28.57544,-26.52916,-24.48288,-22.43661,-20.39033,-18.34405,-16.29777,-14.25149,-12.20522,-10.15894,-8.11266,-6.06638,-4.02011,-1.97383,0.07245,2.11873,4.16501,6.21128,8.25756,10.30384,12.35012,14.39639,16.44267,18.48895,20.53523,22.58151,24.62778,26.67406,28.72034,30.76662,32.8129,34.85917,36.90545,38.95173,40.99801,43.04428,45.09056,47.13684,49.18312,51.2294,53.27567,55.32195,57.36823,59.41451,61.46079,63.50706,65.55334,67.59962,69.6459,71.69217,73.73845,75.78473,77.83101,79.87729,81.92356,83.96984,86.01612,88.0624,90.10867,92.15495,94.20123,96.24751,98.29379,100.34006,102.38634,104.43262,106.4789,108.52518,110.57145,112.61773,114.66401,116.71029,118.75656,120.80284,122.84912,124.8954,126.94168,128.98795,131.03423,133.08051,135.12679,137.17307,139.21934,141.26562,143.3119,145.35818,147.40445,149.45073,151.49701,153.54329,155.58957,157.63584,159.68212,161.7284,163.77468,165.82095,167.86723,169.91351,171.95979,174.00607,176.05234,178.09862 0.02302,0.01758,0.01328,0.01173,0.0111,0.01142,0.02026,0.03217,0.0412,0.04205,0.04018,0.03537,0.02707,0.01801,0.01225,0.01259,0.01329,0.00836,0.0006,-0.00689,-0.01489,-0.02067,-0.02237,-0.0187,-0.01811,-0.02044,-0.02693,-0.03053,-0.03,-0.02093,-0.01091,-0.00019,0.00387,0.01135,0.01136,0.01139,-0.00033,-0.01102,-0.02247,-0.03259,-0.03923,-0.04245,-0.04402,-0.02668,-0.00345,0.01799,0.02633,0.02618,0.01943,0.0192,0.01844,0.01152,-0.00897,-0.01985,-0.02466,-0.02667,-0.02829,-0.03201,-0.03656,-0.04331,-0.05598,-0.06557,-0.06706,-0.05966,-0.042,-0.03034,-0.02341,-0.01899,-0.00992,-0.00359,0.00501,0.01706,0.02429,0.02212,0.01105,0.00663,0.01658,0.03249,0.05136,0.06561,0.07126,0.07176,0.06956,0.07148,0.0734,0.0704,0.06048,0.05149,0.04263,0.04666,0.05082,0.05605,0.05819,0.06195,0.06838,0.06875,0.06539,0.05947,0.05567,0.0602,0.07123,0.08828,0.0958,0.09764,0.1002,0.11388,0.1312,0.13961,0.13694,0.12259,0.11708,0.12346,0.15103,0.18029,0.20288,0.20925,0.20967,0.2148,0.22745,0.24201,0.25912,0.25502,0.24817,0.23439,0.22117,0.19654,0.17048,0.14782,0.13236,0.12469,0.12442,0.12887,0.13762,0.13799,0.13622,0.13439,0.13454,0.13501,0.13664,0.14459,0.1534,0.16101,0.16698,0.16926,0.1681,0.16289,0.15526,0.14926,0.14142,0.129,0.11343,0.10212,0.09354,0.08685,0.08221,0.07624,0.06784,0.05974,0.0575,0.0582,0.05824,0.05002,0.03907,0.03304,0.0348,0.04126,0.04841,0.04968,0.04624,0.04508,0.05292,0.05605,0.05083,0.04058,0.03235,0.02643
169.65 -180.0,-178.02428,-176.04857,-174.07285,-172.09713,-170.12142,-168.1457,-166.16998,-164.19427,-162.21855,-160.24283,-158.26712,-156.2914,-154.31569,-152.33997,-150.36425,-148.38854,-146.41282,-144.4371,-142.46139,-140.48567,-138.50995,-136.53424,-134.55852,-132.5828,-130.60709,-128.63137,-126.65565,-124.67994,-122.70422,-120.7285,-118.75279,-116.77707,-114.80135,-112.82564,-110.84992,-108.8742,-106.89849,-104.92277,-102.94706,-100.97134,-98.99562,-97.01991,-95.04419,-93.06847,-91.09276,-89.11704,-87.14132,-85.16561,-83.18989,-81.21417,-79.23846,-77.26274,-75.28702,-73.31131,-71.33559,-69.35987,-67.38416,-65.40844,-63.43272,-61.45701,-59.48129,-57.50557,-55.52986,-53.55414,-51.57843,-49.60271,-47.62699,-45.65128,-43.67556,-41.69984,-39.72413,-37.74841,-35.77269,-33.79698,-31.82126,-29.84554,-27.86983,-25.89411,-23.91839,-21.94268,-19.96696,-17.99124,-16.01553,-14.03981,-12.06409,-10.08838,-8.11266,-6.13694,-4.16123,-2.18551,-0.2098,1.76592,3.74164,5.71735,7.69307,9.66879,11.6445,13.62022,15.59594,17.57165,19.54737,21.52309,23.4988,25.47452,27.45024,29.42595,31.40167,33.37739,35.3531,37.32882,39.30454,41.28025,43.25597,45.23168,47.2074,49.18312,51.15883,53.13455,55.11027,57.08598,59.0617,61.03742,63.01313,64.98885,66.96457,68.94028,70.916,72.89172,74.86743,76.84315,78.81887,80.79458,82.7703,84.74602,86.72173,88.69745,90.67317,92.64888,94.6246,96.60031,98.57603,100.55175,102.52746,104.50318,106.4789,108.45461,110.43033,112.40605,114.38176,116.35748,118.3332,120.30891,122.28463,124.26035,126.23606,128.21178,130.1875,132.16321,134.13893,136.11465,138.09036,140.06608,142.0418,144.01751,145.99323,147.96894,149.94466,151.92038,153.89609,155.87181,157.84753,159.82324,161.79896,163.77468,165.75039,167.72611,169.70183,171.67754,173.65326,175.62898,177.60469,179.58041 0.04259,0.03773,0.03345,0.03039,0.03084,0.03596,0.04429,0.05853,0.06521,0.06442,0.05489,0.04093,0.02669,0.01498,0.00937,0.01096,0.01063,0.00793,0.00189,-0.00491,-0.01357,-0.02426,-0.0341,-0.03523,-0.02948,-0.02348,-0.02442,-0.02955,-0.03072,-0.02911,-0.02278,-0.01656,-0.01173,-0.00915,-0.0038,0.00292,0.00558,0.00209,-0.00589,-0.01429,-0.01982,-0.02257,-0.02626,-0.02939,-0.0353,-0.02419,-0.00981,0.00482,0.00785,0.00778,0.01046,0.01853,0.02496,0.02983,0.02558,0.00847,-0.00739,-0.01995,-0.02712,-0.03383,-0.04056,-0.04904,-0.06535,-0.07643,-0.07841,-0.07001,-0.04966,-0.03204,-0.019,-0.0121,-0.00471,0.00066,0.00326,0.00947,0.01298,0.01564,0.00366,-0.00808,-0.00975,-0.00028,0.01774,0.03642,0.04996,0.05311,0.05431,0.0585,0.0626,0.06309,0.05764,0.04744,0.03415,0.0261,0.02821,0.0372,0.04225,0.04559,0.05071,0.05679,0.05998,0.05729,0.04876,0.04025,0.03627,0.0448,0.06006,0.07447,0.08091,0.08073,0.08674,0.0977,0.1113,0.11097,0.10303,0.08797,0.08072,0.08631,0.10963,0.14011,0.15995,0.16905,0.17271,0.17756,0.1899,0.21107,0.22691,0.23268,0.22757,0.21914,0.20955,0.19693,0.17273,0.14511,0.12611,0.11251,0.10566,0.1052,0.10926,0.11791,0.11925,0.11786,0.11864,0.11954,0.12205,0.12852,0.14287,0.15217,0.1571,0.15978,0.16394,0.16596,0.16354,0.15288,0.14571,0.14112,0.1374,0.13059,0.12288,0.1161,0.11207,0.11123,0.10433,0.09641,0.08788,0.08322,0.08023,0.0798,0.07604,0.06632,0.05418,0.04918,0.05199,0.06184,0.06876,0.06733,0.06417,0.06613,0.0751,0.08263,0.0784,0.06517,0.05482,0.04915,0.04402
175.5 -180.0,-178.09014,-176.18028,-174.27042,-172.36056,-170.4507,-168.54084,-166.63098,-164.72113,-162.81127,-160.90141,-158.99155,-157.08169,-155.17183,-153.26197,-151.35211,-149.44225,-147.53239,-145.62253,-143.71267,-141.80281,-139.89295,-137.9831,-136.07324,-134.16338,-132.25352,-130.34366,-128.4338,-126.52394,-124.61408,-122.70422,-120.79436,-118.8845,-116.97464,-115.06478,-113.15492,-111.24506,-109.33521,-107.42535,-105.51549,-103.60563,-101.69577,-99.78591,-97.87605,-95.96619,-94.05633,-92.14647,-90.23661,-88.32675,-86.41689,-84.50703,-82.59717,-80.68732,-78.77746,-76.8676,-74.95774,-73.04788,-71.13802,-69.22816,-67.3183,-65.40844,-63.49858,-61.58872,-59.67886,-57.769,-55.85914,-53.94929,-52.03943,-50.12957,-48.21971,-46.30985,-44.39999,-42.49013,-40.58027,-38.67041,-36.76055,-34.85069,-32.94083,-31.03097,-29.12111,-27.21125,-25.3014,-23.39154,-21.48168,-19.57182,-17.66196,-15.7521,-13.84224,-11.93238,-10.02252,-8.11266,-6.2028,-4.29294,-2.38308,-0.47322,1.43664,3.34649,5.25635,7.16621,9.07607,10.98593,12.89579,14.80565,16.71551,18.62537,20.53523,22.44509,24.35495,26.26481,28.17467,30.08452,31.99438,33.90424,35.8141,37.72396,39.63382,41.54368,43.45354,45.3634,47.27326,49.18312,51.09298,53.00284,54.9127,56.82256,58.73241,60.64227,62.55213,64.46199,66.37185,68.28171,70.19157,72.10143,74.01129,75.92115,77.83101,79.74087,81.65073,83.56059,85.47045,87.3803,89.29016,91.20002,93.10988,95.01974,96.9296,98.83946,100.74932,102.65918,104.56904,106.4789,108.38876,110.29862,112.20848,114.11833,116.02819,117.93805,119.84791,121.75777,123.66763,125.57749,127.48735,129.39721,131.30707,133.21693,135.12679,137.03665,138.94651,140.85637,142.76622,144.67608,146.58594,148.4958,150.40566,152.31552,154.22538,156.13524,158.0451,159.95496,161.86482,163.77468,165.68454,167.5944,169.50426,171.41411,173.32397,175.23383,177.14369,179.05355 0.0515,0.04694,0.0459,0.04251,0.04075,0.04292,0.05092,0.06711,0.076,0.07905,0.06587,0.04786,0.0275,0.01208,0.00864,0.0087,0.00953,0.00334,-0.00239,-0.00759,-0.01251,-0.02288,-0.03539,-0.04656,-0.04758,-0.04131,-0.03408,-0.03223,-0.03183,-0.03193,-0.03158,-0.03256,-0.03071,-0.03126,-0.02898,-0.02219,-0.0106,-0.00209,-0.00151,-0.00561,-0.01031,-0.0143,-0.01628,-0.01314,-0.01712,-0.02281,-0.03037,-0.0258,-0.02028,-0.01399,-0.01139,-0.01156,-0.01127,0.002,0.01442,0.02587,0.03193,0.02102,0.00453,-0.01482,-0.02162,-0.02879,-0.03834,-0.05148,-0.07591,-0.09358,-0.10066,-0.09544,-0.07536,-0.05116,-0.0275,-0.00892,0.00299,0.00514,0.00445,0.00939,0.0138,0.01487,0.00083,-0.01403,-0.0252,-0.02669,-0.01443,0.00706,0.0247,0.03023,0.03129,0.03074,0.03569,0.04299,0.04389,0.03722,0.02584,0.01815,0.01742,0.01993,0.02726,0.03669,0.04165,0.04604,0.04753,0.04729,0.04231,0.03344,0.02127,0.01591,0.01892,0.03192,0.04861,0.05719,0.06148,0.06721,0.08141,0.09147,0.09612,0.08566,0.07383,0.0606,0.05452,0.06129,0.07639,0.0999,0.12025,0.13173,0.13642,0.14249,0.15093,0.1678,0.18659,0.20001,0.19931,0.19508,0.19107,0.18599,0.17241,0.15142,0.12709,0.10836,0.09433,0.08725,0.08673,0.09225,0.09937,0.10263,0.10236,0.1022,0.10332,0.10807,0.11849,0.13251,0.14222,0.14435,0.14386,0.14881,0.15427,0.15651,0.143,0.13366,0.13026,0.13365,0.1363,0.13463,0.13032,0.12415,0.12088,0.11766,0.11403,0.10998,0.10293,0.09653,0.09535,0.09522,0.08892,0.07491,0.06381,0.05932,0.06778,0.07818,0.08576,0.08324,0.07534,0.07839,0.08811,0.09573,0.08999,0.07688,0.06506,0.0566,0.05339
181.35 -180.0,-178.15175,-176.3035,-174.45525,-172.607,-170.75875,-168.91049,-167.06224,-165.21399,-163.36574,-161.51749,-159.66924,-157.82099,-155.97274,-154.12449,-152.27624,-150.42798,-148.57973,-146.73148,-144.88323,-143.03498,-141.18673,-139.33848,-137.49023,-135.64198,-133.79373,-131.94548,-130.09722,-128.24897,-126.40072,-124.55247,-122.70422,-120.85597,-119.00772,-117.15947,-115.31122,-113.46297,-111.61471,-109.76646,-107.91821,-106.06996,-104.22171,-102.37346,-100.52521,-98.67696,-96.82871,-94.98046,-93.13221,-91.28395,-89.4357,-87.58745,-85.7392,-83.89095,-82.0427,-80.19445,-78.3462,-76.49795,-74.6497,-72.80144,-70.95319,-69.10494,-67.25669,-65.40844,-63.56019,-61.71194,-59.86369,-58.01544,-56.16719,-54.31894,-52.47068,-50.62243,-48.77418,-46.92593,-45.07768,-43.22943,-41.38118,-39.53293,-37.68468,-35.83643,-33.98817,-32.13992,-30.29167,-28.44342,-26.59517,-24.74692,-22.89867,-21.05042,-19.20217,-17.35392,-15.50567,-13.65741,-11.80916,-9.96091,-8.11266,-6.26441,-4.41616,-2.56791,-0.71966,1.12859,2.97684,4.8251,6.67335,8.5216,10.36985,12.2181,14.06635,15.9146,17.76285,19.6111,21.45935,23.3076,25.15586,27.00411,28.85236,30.70061,32.54886,34.39711,36.24536,38.09361,39.94186,41.79011,43.63837,45.48662,47.33487,49.18312,51.03137,52.87962,54.72787,56.57612,58.42437,60.27262,62.12087,63.96913,65.81738,67.66563,69.51388,71.36213,73.21038,75.05863,76.90688,78.75513,80.60338,82.45164,84.29989,86.14814,87.99639,89.84464,91.69289,93.54114,95.38939,97.23764,99.08589,100.93414,102.7824,104.63065,106.4789,108.32715,110.1754,112.02365,113.8719,115.72015,117.5684,119.41665,121.26491,123.11316,124.96141,126.80966,128.65791,130.50616,132.35441,134.20266,136.05091,137.89916,139.74741,141.59567,143.44392,145.29217,147.14042,148.98867,150.83692,152.68517,154.53342,156.38167,158.22992,160.07818,161.92643,163.77468,165.62293,167.47118,169.31943,171.16768,173.01593,174.86418,176.71243,178.56068 0.04784,0.0449,0.04391,0.04215,0.04116,0.039,0.04304,0.05252,0.06843,0.07467,0.06881,0.0533,0.02845,0.01259,0.00575,0.00824,0.00749,0.00063,-0.00841,-0.01479,-0.01776,-0.02192,-0.02892,-0.04055,-0.04938,-0.05421,-0.0442,-0.03826,-0.03645,-0.03644,-0.03652,-0.03822,-0.04361,-0.04668,-0.0518,-0.0456,-0.03742,-0.02126,-0.01041,-0.00742,-0.01228,-0.01548,-0.01795,-0.01941,-0.01624,-0.01047,-0.01495,-0.02198,-0.02754,-0.02705,-0.02367,-0.0216,-0.02237,-0.02151,-0.0215,-0.0163,-0.00541,0.01099,0.02655,0.02252,0.011,-0.00277,-0.00133,-0.00844,-0.02367,-0.04635,-0.08005,-0.10676,-0.12214,-0.12205,-0.10461,-0.08015,-0.05225,-0.02791,-0.01254,-0.00297,0.0004,0.00866,0.01543,0.02076,0.00884,-0.00821,-0.02823,-0.03777,-0.03648,-0.02135,-0.0006,0.01362,0.01481,0.00583,0.00547,0.00975,0.01758,0.02074,0.01374,0.01046,0.0078,0.01008,0.01788,0.0255,0.03214,0.03302,0.03439,0.03438,0.03255,0.02508,0.01252,-0.00043,-0.01117,-0.00622,0.00747,0.0234,0.03532,0.039,0.04912,0.06489,0.0837,0.08666,0.07973,0.06278,0.05253,0.047,0.04269,0.04314,0.05144,0.07081,0.08778,0.09797,0.10466,0.10887,0.11654,0.12888,0.14052,0.15606,0.16621,0.16761,0.16537,0.16411,0.16469,0.15264,0.13696,0.11318,0.0947,0.07778,0.07083,0.07,0.07739,0.08496,0.08878,0.08744,0.08596,0.08716,0.09327,0.1059,0.11762,0.12386,0.12173,0.11965,0.12432,0.13354,0.14061,0.12739,0.11594,0.11102,0.11925,0.13006,0.13446,0.13189,0.12228,0.11817,0.11746,0.11751,0.10952,0.10306,0.10025,0.10096,0.09862,0.09877,0.09032,0.07494,0.06361,0.06809,0.07849,0.09671,0.1018,0.09658,0.08908,0.08681,0.09595,0.10015,0.09514,0.08246,0.0691,0.05885,0.0494
187.2 -180.0,-178.20951,-176.41901,-174.62852,-172.83803,-171.04753,-169.25704,-167.46655,-165.67606,-163.88556,-162.09507,-160.30458,-158.51408,-156.72359,-154.9331,-153.1426,-151.35211,-149.56162,-147.77112,-145.98063,-144.19014,-142.39964,-140.60915,-138.81866,-137.02817,-135.23767,-133.44718,-131.65669,-129.86619,-128.0757,-126.28521,-124.49471,-122.70422,-120.91373,-119.12323,-117.33274,-115.54225,-113.75175,-111.96126,-110.17077,-108.38028,-106.58978,-104.79929,-103.0088,-101.2183,-99.42781,-97.63732,-95.84682,-94.05633,-92.26584,-90.47534,-88.68485,-86.89436,-85.10387,-83.31337,-81.52288,-79.73239,-77.94189,-76.1514,-74.36091,-72.57041,-70.77992,-68.98943,-67.19893,-65.40844,-63.61795,-61.82745,-60.03696,-58.24647,-56.45598,-54.66548,-52.87499,-51.0845,-49.294,-47.50351,-45.71302,-43.92252,-42.13203,-40.34154,-38.55104,-36.76055,-34.97006,-33.17956,-31.38907,-29.59858,-27.80809,-26.01759,-24.2271,-22.43661,-20.64611,-18.85562,-17.06513,-15.27463,-13.48414,-11.69365,-9.90315,-8.11266,-6.32217,-4.53168,-2.74118,-0.95069,0.8398,2.6303,4.42079,6.21128,8.00178,9.79227,11.58276,13.37326,15.16375,16.95424,18.74474,20.53523,22.32572,24.11621,25.90671,27.6972,29.48769,31.27819,33.06868,34.85917,36.64967,38.44016,40.23065,42.02115,43.81164,45.60213,47.39262,49.18312,50.97361,52.7641,54.5546,56.34509,58.13558,59.92608,61.71657,63.50706,65.29756,67.08805,68.87854,70.66904,72.45953,74.25002,76.04051,77.83101,79.6215,81.41199,83.20249,84.99298,86.78347,88.57397,90.36446,92.15495,93.94545,95.73594,97.52643,99.31693,101.10742,102.89791,104.6884,106.4789,108.26939,110.05988,111.85038,113.64087,115.43136,117.22186,119.01235,120.80284,122.59334,124.38383,126.17432,127.96481,129.75531,131.5458,133.33629,135.12679,136.91728,138.70777,140.49827,142.28876,144.07925,145.86975,147.66024,149.45073,151.24123,153.03172,154.82221,156.6127,158.4032,160.19369,161.98418,163.77468,165.56517,167.35566,169.14616,170.93665,172.72714,174.51764,176.30813,178.09862,179.88912 0.03325,0.03181,0.03097,0.03032,0.02809,0.02707,0.02822,0.03384,0.04693,0.05615,0.0602,0.04862,0.02847,0.01032,0.00206,0.00557,0.00511,-0.00035,-0.01344,-0.0223,-0.02751,-0.0291,-0.02962,-0.03209,-0.03695,-0.04111,-0.03892,-0.03621,-0.03585,-0.03908,-0.03938,-0.0401,-0.04313,-0.04823,-0.05515,-0.05544,-0.05574,-0.04553,-0.03013,-0.0174,-0.01525,-0.02146,-0.03028,-0.03457,-0.0337,-0.02989,-0.02309,-0.02172,-0.024,-0.02803,-0.03006,-0.02797,-0.02718,-0.02488,-0.0233,-0.02474,-0.02591,-0.02431,-0.01773,-0.00342,0.01603,0.01796,0.01227,0.00512,0.01256,0.00783,-0.00877,-0.03687,-0.07242,-0.10518,-0.12976,-0.13792,-0.12755,-0.10914,-0.08484,-0.05889,-0.03854,-0.02313,-0.01476,-0.00734,0.00435,0.02176,0.02467,0.00844,-0.01878,-0.03532,-0.04327,-0.03824,-0.02254,-0.00373,0.00434,-0.00178,-0.00966,-0.01736,-0.00984,-0.00113,0.00374,0.00512,-0.00021,0.00126,0.0074,0.01522,0.01733,0.01837,0.01864,0.01698,0.01355,0.00402,-0.00501,-0.01361,-0.02551,-0.03262,-0.03044,-0.01559,0.00202,0.01322,0.01999,0.02529,0.04619,0.06776,0.0861,0.08232,0.06979,0.05517,0.0454,0.0408,0.03713,0.03512,0.04059,0.04851,0.05859,0.06504,0.07146,0.07643,0.08609,0.09387,0.10439,0.11405,0.1247,0.137,0.14189,0.13905,0.13951,0.14456,0.13654,0.12291,0.10037,0.07953,0.06203,0.05378,0.05287,0.06308,0.06983,0.07309,0.07198,0.06873,0.06859,0.07626,0.09031,0.10016,0.10242,0.09709,0.09547,0.10017,0.11018,0.11411,0.10466,0.09418,0.08927,0.09775,0.10926,0.11951,0.12447,0.11705,0.11006,0.10535,0.10521,0.0978,0.09123,0.08821,0.08854,0.08936,0.0925,0.0872,0.07568,0.06224,0.06029,0.06843,0.09045,0.10622,0.1156,0.10666,0.09864,0.09653,0.10231,0.10464,0.09883,0.08601,0.07232,0.05943,0.04467,0.03344
193.05 -180.0,-178.26376,-176.52753,-174.79129,-173.05506,-171.31882,-169.58259,-167.84635,-166.11011,-164.37388,-162.63764,-160.90141,-159.16517,-157.42894,-155.6927,-153.95646,-152.22023,-150.48399,-148.74776,-147.01152,-145.27529,-143.53905,-141.80281,-140.06658,-138.33034,-136.59411,-134.85787,-133.12163,-131.3854,-129.64916,-127.91293,-126.17669,-124.44046,-122.70422,-120.96798,-119.23175,-117.49551,-115.75928,-114.02304,-112.28681,-110.55057,-108.81433,-107.0781,-105.34186,-103.60563,-101.86939,-100.13316,-98.39692,-96.66068,-94.92445,-93.18821,-91.45198,-89.71574,-87.97951,-86.24327,-84.50703,-82.7708,-81.03456,-79.29833,-77.56209,-75.82586,-74.08962,-72.35338,-70.61715,-68.88091,-67.14468,-65.40844,-63.67221,-61.93597,-60.19973,-58.4635,-56.72726,-54.99103,-53.25479,-51.51856,-49.78232,-48.04608,-46.30985,-44.57361,-42.83738,-41.10114,-39.3649,-37.62867,-35.89243,-34.1562,-32.41996,-30.68373,-28.94749,-27.21125,-25.47502,-23.73878,-22.00255,-20.26631,-18.53008,-16.79384,-15.0576,-13.32137,-11.58513,-9.8489,-8.11266,-6.37643,-4.64019,-2.90395,-1.16772,0.56852,2.30475,4.04099,5.77722,7.51346,9.2497,10.98593,12.72217,14.4584,16.19464,17.93087,19.66711,21.40335,23.13958,24.87582,26.61205,28.34829,30.08452,31.82076,33.557,35.29323,37.02947,38.7657,40.50194,42.23818,43.97441,45.71065,47.44688,49.18312,50.91935,52.65559,54.39183,56.12806,57.8643,59.60053,61.33677,63.073,64.80924,66.54548,68.28171,70.01795,71.75418,73.49042,75.22665,76.96289,78.69913,80.43536,82.1716,83.90783,85.64407,87.3803,89.11654,90.85278,92.58901,94.32525,96.06148,97.79772,99.53395,101.27019,103.00643,104.74266,106.4789,108.21513,109.95137,111.6876,113.42384,115.16008,116.89631,118.63255,120.36878,122.10502,123.84125,125.57749,127.31373,129.04996,130.7862,132.52243,134.25867,135.99491,137.73114,139.46738,141.20361,142.93985,144.67608,146.41232,148.14856,149.88479,151.62103,153.35726,155.0935,156.82973,158.56597,160.30221,162.03844,163.77468,165.51091,167.24715,168.98338,170.71962,172.45586,174.19209,175.92833,177.66456,179.4008 0.01333,0.00948,0.00912,0.01191,0.01039,0.00961,0.00997,0.01647,0.02588,0.03624,0.04088,0.03479,0.02192,0.00542,7e-05,-0.00106,-0.00099,-0.01049,-0.02416,-0.03488,-0.03854,-0.03635,-0.03405,-0.03173,-0.02886,-0.02504,-0.02402,-0.02289,-0.02684,-0.02981,-0.03546,-0.03741,-0.0394,-0.0416,-0.04641,-0.05084,-0.05366,-0.05492,-0.05087,-0.04165,-0.02796,-0.0241,-0.0322,-0.04616,-0.05576,-0.05984,-0.05657,-0.05224,-0.04627,-0.04349,-0.04293,-0.04256,-0.04351,-0.04079,-0.03917,-0.03792,-0.03486,-0.03067,-0.03169,-0.03046,-0.02366,-0.01201,0.00561,0.00826,0.00591,0.00761,0.01831,0.01669,0.00133,-0.02946,-0.06466,-0.09743,-0.1251,-0.13953,-0.13661,-0.12473,-0.10492,-0.086,-0.06592,-0.04903,-0.03893,-0.03092,-0.01779,0.00448,0.01694,0.01678,-0.00012,-0.02181,-0.03865,-0.043,-0.03805,-0.02449,-0.01036,-0.00209,-0.00975,-0.02109,-0.02385,-0.02231,-0.01048,-0.00045,0.00055,-0.00157,-0.00447,-0.00562,-0.00449,0.00261,-0.00082,-0.00337,-0.00635,-0.01124,-0.01749,-0.02733,-0.03216,-0.03853,-0.04602,-0.04649,-0.03236,-0.01544,-0.00323,0.00085,0.00793,0.02087,0.04999,0.07006,0.07737,0.07096,0.0559,0.04481,0.03837,0.03741,0.03418,0.03137,0.03152,0.03128,0.03493,0.03605,0.03728,0.04559,0.05789,0.06691,0.07365,0.07629,0.08557,0.10126,0.10845,0.11621,0.11439,0.12053,0.12366,0.11912,0.1029,0.08243,0.06275,0.04482,0.03534,0.0366,0.04691,0.05345,0.05601,0.05262,0.0491,0.04851,0.05757,0.07003,0.07841,0.07686,0.0714,0.07139,0.07707,0.08617,0.08584,0.07934,0.07152,0.0694,0.07568,0.08563,0.09748,0.1068,0.1074,0.10332,0.09728,0.0952,0.08758,0.07634,0.06648,0.06735,0.07105,0.07631,0.07269,0.06523,0.05179,0.04416,0.04731,0.067,0.08799,0.10684,0.10899,0.10724,0.09708,0.09726,0.1032,0.10872,0.10172,0.0889,0.07402,0.05383,0.0347,0.01873
198.9 -180.0,-178.31483,-176.62966,-174.94449,-173.25932,-171.57415,-169.88898,-168.20381,-166.51864,-164.83347,-163.1483,-161.46313,-159.77796,-158.09279,-156.40762,-154.72245,-153.03728,-151.35211,-149.66694,-147.98177,-146.2966,-144.61143,-142.92626,-141.24109,-139.55592,-137.87075,-136.18558,-134.50041,-132.81524,-131.13007,-129.4449,-127.75973,-126.07456,-124.38939,-122.70422,-121.01905,-119.33388,-117.64871,-115.96354,-114.27837,-112.5932,-110.90803,-109.22286,-107.53769,-105.85252,-104.16735,-102.48218,-100.79701,-99.11184,-97.42667,-95.7415,-94.05633,-92.37116,-90.68599,-89.00082,-87.31565,-85.63048,-83.94531,-82.26014,-80.57497,-78.8898,-77.20463,-75.51946,-73.83429,-72.14912,-70.46395,-68.77878,-67.09361,-65.40844,-63.72327,-62.0381,-60.35293,-58.66776,-56.98259,-55.29742,-53.61225,-51.92708,-50.24191,-48.55674,-46.87157,-45.1864,-43.50123,-41.81606,-40.13089,-38.44572,-36.76055,-35.07538,-33.39021,-31.70504,-30.01987,-28.3347,-26.64953,-24.96436,-23.27919,-21.59402,-19.90885,-18.22368,-16.53851,-14.85334,-13.16817,-11.483,-9.79783,-8.11266,-6.42749,-4.74232,-3.05715,-1.37198,0.31319,1.99836,3.68353,5.3687,7.05387,8.73904,10.42421,12.10938,13.79455,15.47972,17.16489,18.85006,20.53523,22.2204,23.90557,25.59074,27.27591,28.96108,30.64625,32.33142,34.01659,35.70176,37.38693,39.0721,40.75727,42.44244,44.12761,45.81278,47.49795,49.18312,50.86829,52.55346,54.23863,55.9238,57.60897,59.29414,60.97931,62.66448,64.34965,66.03482,67.71999,69.40516,71.09033,72.7755,74.46067,76.14584,77.83101,79.51618,81.20135,82.88652,84.57169,86.25686,87.94203,89.6272,91.31237,92.99754,94.68271,96.36788,98.05305,99.73822,101.42339,103.10856,104.79373,106.4789,108.16407,109.84924,111.53441,113.21958,114.90475,116.58992,118.27509,119.96026,121.64543,123.3306,125.01577,126.70094,128.38611,130.07128,131.75645,133.44162,135.12679,136.81196,138.49713,140.1823,141.86747,143.55264,145.23781,146.92298,148.60815,150.29332,151.97849,153.66366,155.34883,157.034,158.71917,160.40434,162.08951,163.77468,165.45985,167.14502,168.83019,170.51536,172.20053,173.8857,175.57087,177.25604,178.94121 -0.00714,-0.01354,-0.01324,-0.01135,-0.00976,-0.00793,-0.00429,0.00167,0.00835,0.01404,0.0176,0.01775,0.00884,-0.00076,-0.00666,-0.00785,-0.01264,-0.0244,-0.03866,-0.05079,-0.04925,-0.04479,-0.03895,-0.03358,-0.02768,-0.02218,-0.01615,-0.01444,-0.01531,-0.02362,-0.02949,-0.03017,-0.02858,-0.03317,-0.03918,-0.04521,-0.05004,-0.05073,-0.05556,-0.05533,-0.04863,-0.04486,-0.03943,-0.04287,-0.05768,-0.07521,-0.08358,-0.08533,-0.08379,-0.07754,-0.07444,-0.07028,-0.06901,-0.06665,-0.06828,-0.06786,-0.065,-0.06223,-0.05937,-0.05388,-0.04577,-0.04366,-0.03886,-0.03036,-0.01813,-0.01439,-0.01179,0.002,0.01515,0.01782,0.00682,-0.02358,-0.05887,-0.08898,-0.11218,-0.12606,-0.12612,-0.12092,-0.11221,-0.10659,-0.09098,-0.07145,-0.05746,-0.05092,-0.04225,-0.02448,-0.00704,0.00467,0.00412,-0.01459,-0.03134,-0.04226,-0.04864,-0.04558,-0.03233,-0.01635,-0.01319,-0.01556,-0.02415,-0.02975,-0.02457,-0.01544,-0.00644,-0.00316,-0.00747,-0.01888,-0.02815,-0.03503,-0.03663,-0.0318,-0.02921,-0.02631,-0.02536,-0.03214,-0.03969,-0.0419,-0.03864,-0.03814,-0.03584,-0.03061,-0.02125,-0.01755,-0.01652,-0.01315,0.00143,0.02132,0.04428,0.05572,0.05437,0.04654,0.03523,0.02907,0.02624,0.02479,0.02457,0.02438,0.02347,0.01812,0.01305,0.01167,0.01603,0.0238,0.03071,0.04115,0.04509,0.04594,0.04481,0.05224,0.06397,0.07291,0.07997,0.08657,0.0978,0.09879,0.09296,0.07824,0.06233,0.04414,0.02882,0.02015,0.02246,0.02814,0.03407,0.0376,0.03689,0.03336,0.02834,0.03872,0.05221,0.06167,0.05628,0.04894,0.04823,0.05604,0.06172,0.05879,0.05324,0.04827,0.04918,0.05306,0.05997,0.07017,0.08131,0.08875,0.09107,0.08781,0.08515,0.07958,0.07025,0.05876,0.05142,0.0495,0.05439,0.05374,0.04799,0.032,0.02131,0.01868,0.03159,0.05119,0.07145,0.08362,0.08918,0.08287,0.08106,0.08479,0.09794,0.10339,0.10154,0.08692,0.06676,0.04576,0.0209,0.00181
204.75 -180.0,-178.36298,-176.72596,-175.08893,-173.45191,-171.81489,-170.17787,-168.54084,-166.90382,-165.2668,-163.62978,-161.99276,-160.35573,-158.71871,-157.08169,-155.44467,-153.80764,-152.17062,-150.5336,-148.89658,-147.25955,-145.62253,-143.98551,-142.34849,-140.71147,-139.07444,-137.43742,-135.8004,-134.16338,-132.52635,-130.88933,-129.25231,-127.61529,-125.97827,-124.34124,-122.70422,-121.0672,-119.43018,-117.79315,-116.15613,-114.51911,-112.88209,-111.24506,-109.60804,-107.97102,-106.334,-104.69698,-103.05995,-101.42293,-99.78591,-98.14889,-96.51186,-94.87484,-93.23782,-91.6008,-89.96378,-88.32675,-86.68973,-85.05271,-83.41569,-81.77866,-80.14164,-78.50462,-76.8676,-75.23057,-73.59355,-71.95653,-70.31951,-68.68249,-67.04546,-65.40844,-63.77142,-62.1344,-60.49737,-58.86035,-57.22333,-55.58631,-53.94929,-52.31226,-50.67524,-49.03822,-47.4012,-45.76417,-44.12715,-42.49013,-40.85311,-39.21608,-37.57906,-35.94204,-34.30502,-32.668,-31.03097,-29.39395,-27.75693,-26.11991,-24.48288,-22.84586,-21.20884,-19.57182,-17.9348,-16.29777,-14.66075,-13.02373,-11.38671,-9.74968,-8.11266,-6.47564,-4.83862,-3.20159,-1.56457,0.07245,1.70947,3.34649,4.98352,6.62054,8.25756,9.89458,11.53161,13.16863,14.80565,16.44267,18.07969,19.71672,21.35374,22.99076,24.62778,26.26481,27.90183,29.53885,31.17587,32.8129,34.44992,36.08694,37.72396,39.36098,40.99801,42.63503,44.27205,45.90907,47.5461,49.18312,50.82014,52.45716,54.09418,55.73121,57.36823,59.00525,60.64227,62.2793,63.91632,65.55334,67.19036,68.82739,70.46441,72.10143,73.73845,75.37547,77.0125,78.64952,80.28654,81.92356,83.56059,85.19761,86.83463,88.47165,90.10867,91.7457,93.38272,95.01974,96.65676,98.29379,99.93081,101.56783,103.20485,104.84188,106.4789,108.11592,109.75294,111.38996,113.02699,114.66401,116.30103,117.93805,119.57508,121.2121,122.84912,124.48614,126.12316,127.76019,129.39721,131.03423,132.67125,134.30828,135.9453,137.58232,139.21934,140.85637,142.49339,144.13041,145.76743,147.40445,149.04148,150.6785,152.31552,153.95254,155.58957,157.22659,158.86361,160.50063,162.13765,163.77468,165.4117,167.04872,168.68574,170.32277,171.95979,173.59681,175.23383,176.87086,178.50788 -0.02521,-0.03441,-0.03319,-0.03052,-0.02924,-0.02605,-0.02086,-0.01631,-0.0149,-0.01253,-0.00843,-0.00906,-0.01316,-0.01733,-0.02014,-0.02101,-0.02699,-0.03845,-0.05545,-0.06389,-0.0644,-0.05591,-0.04584,-0.03715,-0.03096,-0.02573,-0.02218,-0.01887,-0.01784,-0.02759,-0.03322,-0.03507,-0.03137,-0.0313,-0.03108,-0.04037,-0.04978,-0.05765,-0.06197,-0.06111,-0.05971,-0.05986,-0.05902,-0.05968,-0.06221,-0.06775,-0.0835,-0.09811,-0.10375,-0.10195,-0.09948,-0.0972,-0.09985,-0.099,-0.10182,-0.10187,-0.10069,-0.0994,-0.09766,-0.09473,-0.09122,-0.08742,-0.08003,-0.07223,-0.06719,-0.05886,-0.04818,-0.04296,-0.03881,-0.01988,1e-05,0.01153,0.00981,-0.0165,-0.05296,-0.08306,-0.10263,-0.11234,-0.11376,-0.11307,-0.11228,-0.12029,-0.11395,-0.09667,-0.077,-0.06822,-0.06034,-0.04632,-0.03138,-0.02189,-0.021,-0.02762,-0.03507,-0.04697,-0.0589,-0.06619,-0.05966,-0.04312,-0.02918,-0.0212,-0.02679,-0.02892,-0.03125,-0.02841,-0.02142,-0.01483,-0.01662,-0.02453,-0.03875,-0.06186,-0.07716,-0.08013,-0.06983,-0.0584,-0.04747,-0.04131,-0.03719,-0.03609,-0.03627,-0.03294,-0.02864,-0.02765,-0.02559,-0.02486,-0.02724,-0.03182,-0.03206,-0.02665,-0.01206,0.00598,0.0207,0.029,0.02222,0.01485,0.00764,0.00263,0.00158,0.00354,0.00845,0.01212,0.00647,-0.00096,-0.009,-0.00559,0.00113,0.01421,0.01969,0.02102,0.01807,0.01643,0.01062,0.00816,0.00622,0.01864,0.02795,0.04044,0.05377,0.06216,0.0638,0.06221,0.05175,0.04169,0.02707,0.01411,0.00342,0.00336,0.00662,0.01583,0.02461,0.02568,0.02218,0.01816,0.02737,0.03911,0.04857,0.04017,0.03149,0.02728,0.03363,0.03894,0.03687,0.0307,0.02668,0.02761,0.02899,0.03132,0.03654,0.04486,0.05489,0.06464,0.06853,0.07032,0.06987,0.06201,0.05209,0.04168,0.03383,0.03104,0.02854,0.02703,0.01068,-0.0045,-0.01368,-0.00834,0.00472,0.02101,0.03693,0.04857,0.04843,0.04722,0.04918,0.06072,0.07692,0.09225,0.09135,0.08013,0.05582,0.02707,0.00143,-0.01484
210.6 -180.0,-178.40845,-176.8169,-175.22535,-173.6338,-172.04225,-170.4507,-168.85915,-167.2676,-165.67606,-164.08451,-162.49296,-160.90141,-159.30986,-157.71831,-156.12676,-154.53521,-152.94366,-151.35211,-149.76056,-148.16901,-146.57746,-144.98591,-143.39436,-141.80281,-140.21126,-138.61971,-137.02817,-135.43662,-133.84507,-132.25352,-130.66197,-129.07042,-127.47887,-125.88732,-124.29577,-122.70422,-121.11267,-119.52112,-117.92957,-116.33802,-114.74647,-113.15492,-111.56337,-109.97183,-108.38028,-106.78873,-105.19718,-103.60563,-102.01408,-100.42253,-98.83098,-97.23943,-95.64788,-94.05633,-92.46478,-90.87323,-89.28168,-87.69013,-86.09858,-84.50703,-82.91548,-81.32394,-79.73239,-78.14084,-76.54929,-74.95774,-73.36619,-71.77464,-70.18309,-68.59154,-66.99999,-65.40844,-63.81689,-62.22534,-60.63379,-59.04224,-57.45069,-55.85914,-54.26759,-52.67605,-51.0845,-49.49295,-47.9014,-46.30985,-44.7183,-43.12675,-41.5352,-39.94365,-38.3521,-36.76055,-35.169,-33.57745,-31.9859,-30.39435,-28.8028,-27.21125,-25.61971,-24.02816,-22.43661,-20.84506,-19.25351,-17.66196,-16.07041,-14.47886,-12.88731,-11.29576,-9.70421,-8.11266,-6.52111,-4.92956,-3.33801,-1.74646,-0.15491,1.43664,3.02818,4.61973,6.21128,7.80283,9.39438,10.98593,12.57748,14.16903,15.76058,17.35213,18.94368,20.53523,22.12678,23.71833,25.30988,26.90143,28.49298,30.08452,31.67607,33.26762,34.85917,36.45072,38.04227,39.63382,41.22537,42.81692,44.40847,46.00002,47.59157,49.18312,50.77467,52.36622,53.95777,55.54932,57.14087,58.73241,60.32396,61.91551,63.50706,65.09861,66.69016,68.28171,69.87326,71.46481,73.05636,74.64791,76.23946,77.83101,79.42256,81.01411,82.60566,84.19721,85.78875,87.3803,88.97185,90.5634,92.15495,93.7465,95.33805,96.9296,98.52115,100.1127,101.70425,103.2958,104.88735,106.4789,108.07045,109.662,111.25355,112.8451,114.43664,116.02819,117.61974,119.21129,120.80284,122.39439,123.98594,125.57749,127.16904,128.76059,130.35214,131.94369,133.53524,135.12679,136.71834,138.30989,139.90144,141.49299,143.08453,144.67608,146.26763,147.85918,149.45073,151.04228,152.63383,154.22538,155.81693,157.40848,159.00003,160.59158,162.18313,163.77468,165.36623,166.95778,168.54933,170.14087,171.73242,173.32397,174.91552,176.50707,178.09862,179.69017 -0.04428,-0.0503,-0.05123,-0.04822,-0.04649,-0.04315,-0.03704,-0.03757,-0.04309,-0.05259,-0.0539,-0.05269,-0.04912,-0.04695,-0.04453,-0.04349,-0.04593,-0.06059,-0.07435,-0.08314,-0.08054,-0.07012,-0.06096,-0.05256,-0.04599,-0.04097,-0.03661,-0.03402,-0.03606,-0.03968,-0.04519,-0.04814,-0.04783,-0.04314,-0.0405,-0.0414,-0.04716,-0.05773,-0.06763,-0.07597,-0.07587,-0.07141,-0.07143,-0.07464,-0.07994,-0.07919,-0.08055,-0.08817,-0.1002,-0.10972,-0.10958,-0.10612,-0.10463,-0.11,-0.1249,-0.13228,-0.1343,-0.13192,-0.13168,-0.12882,-0.12597,-0.12541,-0.12488,-0.12359,-0.12041,-0.11785,-0.11151,-0.09725,-0.08509,-0.07791,-0.07206,-0.0513,-0.02413,-0.00371,0.00265,-0.01843,-0.05244,-0.08089,-0.09674,-0.10356,-0.10538,-0.10664,-0.11077,-0.12882,-0.13295,-0.12288,-0.10044,-0.08677,-0.0777,-0.0656,-0.05165,-0.04373,-0.0469,-0.05577,-0.06335,-0.06926,-0.07533,-0.08649,-0.089,-0.08085,-0.05818,-0.04182,-0.04123,-0.04099,-0.04052,-0.0343,-0.03007,-0.02721,-0.03178,-0.03676,-0.04827,-0.06998,-0.09288,-0.11183,-0.11612,-0.10977,-0.09092,-0.0758,-0.061,-0.04892,-0.04191,-0.03457,-0.02761,-0.02254,-0.02044,-0.0224,-0.02566,-0.03332,-0.04175,-0.04828,-0.04697,-0.04131,-0.03167,-0.01919,-0.01192,-0.01149,-0.01956,-0.02368,-0.02516,-0.02561,-0.02589,-0.02495,-0.02186,-0.0176,-0.02195,-0.02751,-0.03817,-0.02954,-0.00892,0.0079,0.00675,0.00509,-0.00504,-0.00965,-0.01455,-0.02485,-0.03057,-0.03415,-0.0263,-0.01374,-0.00171,0.011,0.02042,0.02739,0.02841,0.02526,0.021,0.00898,-0.00049,-0.01477,-0.02065,-0.01882,-0.00371,0.01057,0.01811,0.0143,0.00636,0.0136,0.02733,0.03554,0.02714,0.01633,0.00941,0.0137,0.01891,0.02001,0.01486,0.00544,-0.0016,-0.00475,-0.00327,0.00174,0.00651,0.01408,0.02601,0.03525,0.03974,0.04054,0.0385,0.03515,0.03052,0.02087,0.00727,-0.00261,-0.00843,-0.02363,-0.03608,-0.04593,-0.04883,-0.04295,-0.0316,-0.01962,-0.00733,-0.00296,0.00215,-0.00104,0.00715,0.02555,0.0481,0.0646,0.07405,0.0609,0.03631,0.00523,-0.01944,-0.03389,-0.04313
216.45 -180.0,-178.45147,-176.90293,-175.3544,-173.80586,-172.25733,-170.70879,-169.16026,-167.61172,-166.06319,-164.51465,-162.96612,-161.41759,-159.86905,-158.32052,-156.77198,-155.22345,-153.67491,-152.12638,-150.57784,-149.02931,-147.48077,-145.93224,-144.3837,-142.83517,-141.28664,-139.7381,-138.18957,-136.64103,-135.0925,-133.54396,-131.99543,-130.44689,-128.89836,-127.34982,-125.80129,-124.25276,-122.70422,-121.15569,-119.60715,-118.05862,-116.51008,-114.96155,-113.41301,-111.86448,-110.31594,-108.76741,-107.21887,-105.67034,-104.12181,-102.57327,-101.02474,-99.4762,-97.92767,-96.37913,-94.8306,-93.28206,-91.73353,-90.18499,-88.63646,-87.08793,-85.53939,-83.99086,-82.44232,-80.89379,-79.34525,-77.79672,-76.24818,-74.69965,-73.15111,-71.60258,-70.05404,-68.50551,-66.95698,-65.40844,-63.85991,-62.31137,-60.76284,-59.2143,-57.66577,-56.11723,-54.5687,-53.02016,-51.47163,-49.9231,-48.37456,-46.82603,-45.27749,-43.72896,-42.18042,-40.63189,-39.08335,-37.53482,-35.98628,-34.43775,-32.88921,-31.34068,-29.79215,-28.24361,-26.69508,-25.14654,-23.59801,-22.04947,-20.50094,-18.9524,-17.40387,-15.85533,-14.3068,-12.75827,-11.20973,-9.6612,-8.11266,-6.56413,-5.01559,-3.46706,-1.91852,-0.36999,1.17855,2.72708,4.27562,5.82415,7.37268,8.92122,10.46975,12.01829,13.56682,15.11536,16.66389,18.21243,19.76096,21.3095,22.85803,24.40656,25.9551,27.50363,29.05217,30.6007,32.14924,33.69777,35.24631,36.79484,38.34338,39.89191,41.44045,42.98898,44.53751,46.08605,47.63458,49.18312,50.73165,52.28019,53.82872,55.37726,56.92579,58.47433,60.02286,61.57139,63.11993,64.66846,66.217,67.76553,69.31407,70.8626,72.41114,73.95967,75.50821,77.05674,78.60528,80.15381,81.70234,83.25088,84.79941,86.34795,87.89648,89.44502,90.99355,92.54209,94.09062,95.63916,97.18769,98.73622,100.28476,101.83329,103.38183,104.93036,106.4789,108.02743,109.57597,111.1245,112.67304,114.22157,115.77011,117.31864,118.86717,120.41571,121.96424,123.51278,125.06131,126.60985,128.15838,129.70692,131.25545,132.80399,134.35252,135.90105,137.44959,138.99812,140.54666,142.09519,143.64373,145.19226,146.7408,148.28933,149.83787,151.3864,152.93494,154.48347,156.032,157.58054,159.12907,160.67761,162.22614,163.77468,165.32321,166.87175,168.42028,169.96882,171.51735,173.06588,174.61442,176.16295,177.71149,179.26002 -0.06854,-0.0733,-0.07567,-0.07086,-0.06737,-0.06832,-0.06509,-0.06427,-0.07402,-0.09304,-0.10719,-0.11483,-0.10915,-0.09976,-0.08895,-0.08214,-0.08593,-0.09579,-0.10892,-0.11559,-0.11136,-0.10259,-0.09132,-0.08383,-0.0758,-0.06835,-0.06363,-0.06221,-0.06154,-0.05959,-0.06015,-0.06156,-0.06239,-0.05963,-0.05751,-0.05526,-0.05423,-0.05683,-0.06572,-0.07802,-0.08589,-0.087,-0.08653,-0.08446,-0.08845,-0.0934,-0.09412,-0.09247,-0.0929,-0.10279,-0.11039,-0.11288,-0.1077,-0.10179,-0.11025,-0.12619,-0.14652,-0.15386,-0.15699,-0.15079,-0.14892,-0.15079,-0.14794,-0.14932,-0.15292,-0.15709,-0.15673,-0.15623,-0.15385,-0.14439,-0.13019,-0.11874,-0.10954,-0.08924,-0.0584,-0.03327,-0.02203,-0.03909,-0.06763,-0.09056,-0.09966,-0.10159,-0.10321,-0.10649,-0.11475,-0.13566,-0.14763,-0.14669,-0.12739,-0.11114,-0.09777,-0.08418,-0.07024,-0.0637,-0.07067,-0.08603,-0.09717,-0.10389,-0.10696,-0.11407,-0.11607,-0.11291,-0.09475,-0.07782,-0.06692,-0.06472,-0.06349,-0.05166,-0.03901,-0.03055,-0.03324,-0.04179,-0.05535,-0.07096,-0.08922,-0.11352,-0.13246,-0.14085,-0.13393,-0.12106,-0.10303,-0.08729,-0.07282,-0.05688,-0.0443,-0.03423,-0.0267,-0.02342,-0.02485,-0.02973,-0.0385,-0.0487,-0.05641,-0.06115,-0.06144,-0.06017,-0.05709,-0.0532,-0.0511,-0.05598,-0.05999,-0.06053,-0.05612,-0.05447,-0.05514,-0.05744,-0.05908,-0.05945,-0.06179,-0.07022,-0.07534,-0.06773,-0.05106,-0.0321,-0.01548,-0.03039,-0.0369,-0.03925,-0.04258,-0.04561,-0.05927,-0.06732,-0.07195,-0.06911,-0.06172,-0.04894,-0.03419,-0.02126,-0.00792,-0.0045,-0.006,-0.00748,-0.01579,-0.02431,-0.03959,-0.04814,-0.04767,-0.02607,-0.01308,-0.00866,-0.01555,-0.01467,-0.00911,0.00583,0.00922,0.00501,-0.00101,-0.00565,-0.00555,-0.00121,0.00367,0.00263,-0.00953,-0.02393,-0.03619,-0.03773,-0.0332,-0.03061,-0.0292,-0.01974,-0.00678,0.0012,0.00252,0.00111,0.00148,0.00068,-0.00761,-0.02119,-0.0368,-0.0566,-0.07134,-0.08168,-0.08942,-0.0942,-0.09148,-0.08476,-0.07735,-0.07088,-0.06504,-0.06377,-0.06505,-0.06232,-0.04437,-0.01547,0.0076,0.02984,0.03187,0.02562,0.00085,-0.02984,-0.05284,-0.06485,-0.06698
222.3 -180.0,-178.49222,-176.98443,-175.47665,-173.96887,-172.46108,-170.9533,-169.44551,-167.93773,-166.42995,-164.92216,-163.41438,-161.9066,-160.39881,-158.89103,-157.38324,-155.87546,-154.36768,-152.85989,-151.35211,-149.84433,-148.33654,-146.82876,-145.32098,-143.81319,-142.30541,-140.79762,-139.28984,-137.78206,-136.27427,-134.76649,-133.25871,-131.75092,-130.24314,-128.73536,-127.22757,-125.71979,-124.212,-122.70422,-121.19644,-119.68865,-118.18087,-116.67309,-115.1653,-113.65752,-112.14973,-110.64195,-109.13417,-107.62638,-106.1186,-104.61082,-103.10303,-101.59525,-100.08747,-98.57968,-97.0719,-95.56411,-94.05633,-92.54855,-91.04076,-89.53298,-88.0252,-86.51741,-85.00963,-83.50185,-81.99406,-80.48628,-78.97849,-77.47071,-75.96293,-74.45514,-72.94736,-71.43958,-69.93179,-68.42401,-66.91622,-65.40844,-63.90066,-62.39287,-60.88509,-59.37731,-57.86952,-56.36174,-54.85396,-53.34617,-51.83839,-50.3306,-48.82282,-47.31504,-45.80725,-44.29947,-42.79169,-41.2839,-39.77612,-38.26833,-36.76055,-35.25277,-33.74498,-32.2372,-30.72942,-29.22163,-27.71385,-26.20607,-24.69828,-23.1905,-21.68271,-20.17493,-18.66715,-17.15936,-15.65158,-14.1438,-12.63601,-11.12823,-9.62045,-8.11266,-6.60488,-5.09709,-3.58931,-2.08153,-0.57374,0.93404,2.44182,3.94961,5.45739,6.96518,8.47296,9.98074,11.48853,12.99631,14.50409,16.01188,17.51966,19.02744,20.53523,22.04301,23.5508,25.05858,26.56636,28.07415,29.58193,31.08971,32.5975,34.10528,35.61307,37.12085,38.62863,40.13642,41.6442,43.15198,44.65977,46.16755,47.67533,49.18312,50.6909,52.19869,53.70647,55.21425,56.72204,58.22982,59.7376,61.24539,62.75317,64.26095,65.76874,67.27652,68.78431,70.29209,71.79987,73.30766,74.81544,76.32322,77.83101,79.33879,80.84658,82.35436,83.86214,85.36993,86.87771,88.38549,89.89328,91.40106,92.90884,94.41663,95.92441,97.4322,98.93998,100.44776,101.95555,103.46333,104.97111,106.4789,107.98668,109.49446,111.00225,112.51003,114.01782,115.5256,117.03338,118.54117,120.04895,121.55673,123.06452,124.5723,126.08009,127.58787,129.09565,130.60344,132.11122,133.619,135.12679,136.63457,138.14235,139.65014,141.15792,142.66571,144.17349,145.68127,147.18906,148.69684,150.20462,151.71241,153.22019,154.72798,156.23576,157.74354,159.25133,160.75911,162.26689,163.77468,165.28246,166.79024,168.29803,169.80581,171.3136,172.82138,174.32916,175.83695,177.34473,178.85251 -0.10488,-0.10708,-0.10954,-0.10964,-0.10448,-0.10199,-0.10258,-0.10255,-0.11726,-0.13833,-0.16282,-0.17809,-0.17868,-0.16531,-0.14765,-0.1381,-0.13604,-0.14237,-0.15401,-0.15955,-0.15778,-0.14487,-0.13294,-0.1237,-0.11711,-0.10983,-0.10585,-0.10362,-0.0997,-0.0904,-0.08282,-0.07721,-0.07669,-0.07467,-0.07019,-0.06597,-0.06905,-0.06944,-0.07983,-0.08409,-0.08777,-0.09343,-0.09608,-0.09576,-0.09905,-0.10326,-0.10522,-0.10518,-0.10375,-0.10297,-0.11008,-0.11794,-0.11749,-0.11233,-0.10649,-0.10367,-0.11779,-0.13817,-0.16077,-0.16423,-0.1607,-0.15808,-0.15653,-0.15834,-0.1628,-0.16681,-0.17051,-0.17444,-0.18191,-0.18642,-0.18738,-0.18278,-0.17198,-0.16141,-0.14987,-0.13324,-0.10324,-0.07709,-0.06352,-0.07744,-0.09932,-0.11455,-0.11644,-0.11159,-0.11301,-0.11877,-0.12875,-0.14811,-0.16188,-0.16671,-0.15145,-0.13276,-0.116,-0.10168,-0.08844,-0.08478,-0.09508,-0.11806,-0.13566,-0.14377,-0.14625,-0.1479,-0.1441,-0.14004,-0.12792,-0.11339,-0.09994,-0.09697,-0.09581,-0.08585,-0.06636,-0.04521,-0.03025,-0.03689,-0.0486,-0.06214,-0.0767,-0.09799,-0.11669,-0.1356,-0.14839,-0.14874,-0.13754,-0.1225,-0.1055,-0.09596,-0.08257,-0.0678,-0.04895,-0.03901,-0.03526,-0.03546,-0.03899,-0.04653,-0.05384,-0.06034,-0.0673,-0.07153,-0.07417,-0.07565,-0.07533,-0.07737,-0.08167,-0.0897,-0.09151,-0.08976,-0.08439,-0.08269,-0.0846,-0.08991,-0.09937,-0.1112,-0.11843,-0.1247,-0.12886,-0.12843,-0.11574,-0.10527,-0.09974,-0.10079,-0.09214,-0.09188,-0.08231,-0.08588,-0.09067,-0.10349,-0.11298,-0.12075,-0.12714,-0.11522,-0.0996,-0.07781,-0.05911,-0.04954,-0.04604,-0.04893,-0.05461,-0.05652,-0.05495,-0.06912,-0.07886,-0.08461,-0.06896,-0.05509,-0.05497,-0.06426,-0.06246,-0.04913,-0.0279,-0.02345,-0.02762,-0.03691,-0.03794,-0.03339,-0.02505,-0.01615,-0.01216,-0.02012,-0.03668,-0.05895,-0.06621,-0.06579,-0.0633,-0.06676,-0.06278,-0.05077,-0.0372,-0.03626,-0.0424,-0.04651,-0.04612,-0.05144,-0.06008,-0.07347,-0.09774,-0.11821,-0.13698,-0.14356,-0.1461,-0.14692,-0.14329,-0.13674,-0.13332,-0.12621,-0.12379,-0.12287,-0.1367,-0.12615,-0.1075,-0.07208,-0.03608,-0.02842,-0.02103,-0.04339,-0.06744,-0.08792,-0.11056,-0.11723,-0.10939
228.15 -180.0,-178.53088,-177.06175,-175.59263,-174.12351,-172.65439,-171.18526,-169.71614,-168.24702,-166.7779,-165.30877,-163.83965,-162.37053,-160.90141,-159.43228,-157.96316,-156.49404,-155.02492,-153.55579,-152.08667,-150.61755,-149.14843,-147.6793,-146.21018,-144.74106,-143.27194,-141.80281,-140.33369,-138.86457,-137.39545,-135.92632,-134.4572,-132.98808,-131.51896,-130.04983,-128.58071,-127.11159,-125.64247,-124.17334,-122.70422,-121.2351,-119.76598,-118.29685,-116.82773,-115.35861,-113.88949,-112.42036,-110.95124,-109.48212,-108.01299,-106.54387,-105.07475,-103.60563,-102.1365,-100.66738,-99.19826,-97.72914,-96.26001,-94.79089,-93.32177,-91.85265,-90.38352,-88.9144,-87.44528,-85.97616,-84.50703,-83.03791,-81.56879,-80.09967,-78.63054,-77.16142,-75.6923,-74.22318,-72.75405,-71.28493,-69.81581,-68.34669,-66.87756,-65.40844,-63.93932,-62.4702,-61.00107,-59.53195,-58.06283,-56.59371,-55.12458,-53.65546,-52.18634,-50.71722,-49.24809,-47.77897,-46.30985,-44.84073,-43.3716,-41.90248,-40.43336,-38.96424,-37.49511,-36.02599,-34.55687,-33.08774,-31.61862,-30.1495,-28.68038,-27.21125,-25.74213,-24.27301,-22.80389,-21.33476,-19.86564,-18.39652,-16.9274,-15.45827,-13.98915,-12.52003,-11.05091,-9.58178,-8.11266,-6.64354,-5.17442,-3.70529,-2.23617,-0.76705,0.70207,2.1712,3.64032,5.10944,6.57856,8.04769,9.51681,10.98593,12.45505,13.92418,15.3933,16.86242,18.33154,19.80067,21.26979,22.73891,24.20803,25.67716,27.14628,28.6154,30.08452,31.55365,33.02277,34.49189,35.96102,37.43014,38.89926,40.36838,41.83751,43.30663,44.77575,46.24487,47.714,49.18312,50.65224,52.12136,53.59049,55.05961,56.52873,57.99785,59.46698,60.9361,62.40522,63.87434,65.34347,66.81259,68.28171,69.75083,71.21996,72.68908,74.1582,75.62732,77.09645,78.56557,80.03469,81.50381,82.97294,84.44206,85.91118,87.3803,88.84943,90.31855,91.78767,93.25679,94.72592,96.19504,97.66416,99.13328,100.60241,102.07153,103.54065,105.00978,106.4789,107.94802,109.41714,110.88627,112.35539,113.82451,115.29363,116.76276,118.23188,119.701,121.17012,122.63925,124.10837,125.57749,127.04661,128.51574,129.98486,131.45398,132.9231,134.39223,135.86135,137.33047,138.79959,140.26872,141.73784,143.20696,144.67608,146.14521,147.61433,149.08345,150.55257,152.0217,153.49082,154.95994,156.42906,157.89819,159.36731,160.83643,162.30555,163.77468,165.2438,166.71292,168.18204,169.65117,171.12029,172.58941,174.05853,175.52766,176.99678,178.4659,179.93503 -0.15358,-0.15109,-0.15451,-0.15624,-0.1567,-0.15407,-0.15111,-0.15307,-0.16316,-0.18982,-0.2187,-0.24232,-0.25371,-0.23708,-0.21841,-0.20232,-0.19727,-0.20088,-0.20713,-0.2139,-0.21134,-0.20038,-0.18485,-0.17117,-0.16413,-0.16092,-0.15796,-0.15793,-0.15064,-0.13787,-0.11821,-0.11134,-0.10841,-0.10361,-0.08825,-0.08508,-0.07948,-0.08894,-0.1043,-0.11658,-0.11279,-0.1132,-0.10522,-0.10709,-0.10761,-0.11675,-0.12226,-0.12441,-0.12142,-0.11701,-0.12238,-0.12952,-0.13583,-0.13641,-0.12721,-0.11864,-0.11021,-0.10991,-0.12578,-0.14886,-0.16566,-0.16853,-0.16293,-0.15783,-0.16052,-0.16725,-0.17263,-0.17792,-0.18369,-0.18807,-0.19679,-0.20465,-0.21164,-0.21252,-0.20506,-0.19672,-0.18797,-0.17772,-0.1578,-0.13849,-0.12426,-0.12955,-0.1455,-0.15878,-0.16097,-0.14712,-0.1418,-0.1441,-0.15329,-0.16765,-0.17943,-0.1855,-0.17321,-0.15456,-0.13305,-0.11348,-0.10349,-0.10464,-0.12435,-0.15273,-0.17449,-0.18696,-0.18822,-0.18587,-0.17867,-0.16893,-0.15436,-0.14364,-0.13193,-0.12805,-0.12711,-0.12314,-0.11161,-0.0866,-0.05405,-0.04582,-0.04296,-0.05475,-0.06506,-0.07922,-0.09617,-0.11255,-0.13388,-0.14995,-0.15927,-0.13958,-0.11823,-0.10383,-0.10175,-0.09713,-0.08558,-0.06719,-0.05554,-0.05213,-0.05446,-0.05695,-0.05811,-0.0573,-0.05885,-0.0638,-0.07142,-0.07619,-0.07834,-0.0798,-0.08145,-0.0899,-0.1004,-0.11042,-0.11465,-0.11391,-0.11079,-0.10903,-0.11389,-0.12526,-0.14078,-0.15968,-0.17517,-0.18764,-0.1969,-0.19897,-0.1986,-0.19901,-0.20002,-0.20374,-0.18748,-0.16279,-0.14525,-0.14333,-0.14816,-0.15587,-0.16166,-0.17112,-0.17558,-0.17593,-0.16146,-0.13813,-0.12053,-0.10807,-0.10134,-0.10155,-0.11032,-0.10889,-0.10185,-0.09192,-0.09447,-0.10893,-0.12225,-0.12295,-0.12294,-0.12131,-0.11663,-0.10767,-0.08912,-0.06754,-0.05877,-0.06277,-0.07815,-0.08643,-0.08878,-0.08262,-0.06404,-0.04513,-0.03689,-0.0436,-0.06435,-0.07883,-0.08788,-0.092,-0.10064,-0.10372,-0.09692,-0.07789,-0.07283,-0.07948,-0.09097,-0.09923,-0.10399,-0.11024,-0.1208,-0.13673,-0.15559,-0.17638,-0.19001,-0.19767,-0.20059,-0.19435,-0.19295,-0.19772,-0.18886,-0.17288,-0.16306,-0.16347,-0.17531,-0.18795,-0.16587,-0.13327,-0.11216,-0.09099,-0.10815,-0.13085,-0.14889,-0.1715,-0.183,-0.17865,-0.17078,-0.15436
234.0 -180.0,-178.56761,-177.13521,-175.70282,-174.27042,-172.83803,-171.40563,-169.97324,-168.54084,-167.10845,-165.67606,-164.24366,-162.81127,-161.37887,-159.94648,-158.51408,-157.08169,-155.64929,-154.2169,-152.7845,-151.35211,-149.91972,-148.48732,-147.05493,-145.62253,-144.19014,-142.75774,-141.32535,-139.89295,-138.46056,-137.02817,-135.59577,-134.16338,-132.73098,-131.29859,-129.86619,-128.4338,-127.0014,-125.56901,-124.13661,-122.70422,-121.27183,-119.83943,-118.40704,-116.97464,-115.54225,-114.10985,-112.67746,-111.24506,-109.81267,-108.38028,-106.94788,-105.51549,-104.08309,-102.6507,-101.2183,-99.78591,-98.35351,-96.92112,-95.48873,-94.05633,-92.62394,-91.19154,-89.75915,-88.32675,-86.89436,-85.46196,-84.02957,-82.59717,-81.16478,-79.73239,-78.29999,-76.8676,-75.4352,-74.00281,-72.57041,-71.13802,-69.70562,-68.27323,-66.84084,-65.40844,-63.97605,-62.54365,-61.11126,-59.67886,-58.24647,-56.81407,-55.38168,-53.94929,-52.51689,-51.0845,-49.6521,-48.21971,-46.78731,-45.35492,-43.92252,-42.49013,-41.05773,-39.62534,-38.19295,-36.76055,-35.32816,-33.89576,-32.46337,-31.03097,-29.59858,-28.16618,-26.73379,-25.3014,-23.869,-22.43661,-21.00421,-19.57182,-18.13942,-16.70703,-15.27463,-13.84224,-12.40984,-10.97745,-9.54506,-8.11266,-6.68027,-5.24787,-3.81548,-2.38308,-0.95069,0.48171,1.9141,3.34649,4.77889,6.21128,7.64368,9.07607,10.50847,11.94086,13.37326,14.80565,16.23804,17.67044,19.10283,20.53523,21.96762,23.40002,24.83241,26.26481,27.6972,29.1296,30.56199,31.99438,33.42678,34.85917,36.29157,37.72396,39.15636,40.58875,42.02115,43.45354,44.88593,46.31833,47.75072,49.18312,50.61551,52.04791,53.4803,54.9127,56.34509,57.77748,59.20988,60.64227,62.07467,63.50706,64.93946,66.37185,67.80425,69.23664,70.66904,72.10143,73.53382,74.96622,76.39861,77.83101,79.2634,80.6958,82.12819,83.56059,84.99298,86.42537,87.85777,89.29016,90.72256,92.15495,93.58735,95.01974,96.45214,97.88453,99.31693,100.74932,102.18171,103.61411,105.0465,106.4789,107.91129,109.34369,110.77608,112.20848,113.64087,115.07326,116.50566,117.93805,119.37045,120.80284,122.23524,123.66763,125.10003,126.53242,127.96481,129.39721,130.8296,132.262,133.69439,135.12679,136.55918,137.99158,139.42397,140.85637,142.28876,143.72115,145.15355,146.58594,148.01834,149.45073,150.88313,152.31552,153.74792,155.18031,156.6127,158.0451,159.47749,160.90989,162.34228,163.77468,165.20707,166.63947,168.07186,169.50426,170.93665,172.36904,173.80144,175.23383,176.66623,178.09862,179.53102 -0.21242,-0.19635,-0.20258,-0.20844,-0.21484,-0.21577,-0.21609,-0.21386,-0.22155,-0.24277,-0.26965,-0.29714,-0.30663,-0.30265,-0.28856,-0.27858,-0.27203,-0.26847,-0.27133,-0.27345,-0.27169,-0.26491,-0.25106,-0.23806,-0.22705,-0.22064,-0.21891,-0.21712,-0.21462,-0.20142,-0.18147,-0.1644,-0.15604,-0.1551,-0.15303,-0.1467,-0.12625,-0.11394,-0.13374,-0.15613,-0.16636,-0.16332,-0.1494,-0.13993,-0.13351,-0.13429,-0.14437,-0.14971,-0.15256,-0.14452,-0.1404,-0.14779,-0.15667,-0.16667,-0.16686,-0.16009,-0.14481,-0.13654,-0.12194,-0.12222,-0.13848,-0.16391,-0.18024,-0.17698,-0.17059,-0.1708,-0.17365,-0.18022,-0.18899,-0.19358,-0.19591,-0.20004,-0.20821,-0.21409,-0.22038,-0.22762,-0.22817,-0.22629,-0.22292,-0.21795,-0.20345,-0.18584,-0.16925,-0.16878,-0.18047,-0.19275,-0.19865,-0.18529,-0.17899,-0.18044,-0.19194,-0.20309,-0.2095,-0.20991,-0.19657,-0.17766,-0.15769,-0.13688,-0.1238,-0.12213,-0.14014,-0.17412,-0.20729,-0.22544,-0.2285,-0.22552,-0.21522,-0.20162,-0.1862,-0.17455,-0.16301,-0.15894,-0.15514,-0.15562,-0.15394,-0.13841,-0.11356,-0.08417,-0.06323,-0.06171,-0.06461,-0.07309,-0.08539,-0.10057,-0.11699,-0.13301,-0.14453,-0.14576,-0.13554,-0.10546,-0.09309,-0.09159,-0.09994,-0.09432,-0.08498,-0.07586,-0.07936,-0.083,-0.08364,-0.07818,-0.06744,-0.05865,-0.05694,-0.06577,-0.07242,-0.077,-0.07931,-0.08086,-0.08581,-0.09531,-0.10912,-0.12194,-0.1319,-0.13776,-0.13823,-0.13947,-0.14471,-0.16288,-0.18411,-0.20702,-0.22995,-0.25054,-0.26197,-0.26884,-0.27561,-0.27951,-0.29235,-0.29279,-0.27918,-0.24403,-0.2169,-0.20532,-0.20949,-0.21936,-0.22009,-0.2192,-0.21683,-0.21496,-0.20194,-0.18891,-0.17527,-0.1689,-0.16876,-0.16833,-0.16707,-0.17099,-0.16234,-0.14429,-0.12457,-0.11642,-0.1331,-0.15629,-0.16817,-0.16831,-0.16193,-0.15541,-0.14326,-0.12125,-0.09942,-0.08755,-0.09209,-0.11325,-0.13055,-0.14266,-0.14536,-0.13068,-0.10787,-0.08335,-0.0721,-0.08321,-0.09655,-0.10884,-0.11818,-0.13148,-0.14239,-0.14628,-0.1276,-0.11291,-0.11233,-0.12972,-0.15076,-0.16003,-0.16413,-0.17376,-0.18209,-0.19149,-0.20118,-0.21916,-0.23662,-0.24728,-0.23857,-0.2287,-0.22926,-0.23616,-0.24103,-0.21715,-0.19099,-0.19483,-0.20902,-0.21737,-0.2184,-0.19903,-0.18467,-0.17915,-0.19089,-0.19801,-0.21933,-0.23385,-0.23798,-0.23925,-0.22982,-0.21796
239.85 -180.0,-178.60254,-177.20508,-175.80763,-174.41017,-173.01271,-171.61525,-170.21779,-168.82034,-167.42288,-166.02542,-164.62796,-163.2305,-161.83305,-160.43559,-159.03813,-157.64067,-156.24321,-154.84576,-153.4483,-152.05084,-150.65338,-149.25592,-147.85847,-146.46101,-145.06355,-143.66609,-142.26863,-140.87117,-139.47372,-138.07626,-136.6788,-135.28134,-133.88388,-132.48643,-131.08897,-129.69151,-128.29405,-126.89659,-125.49914,-124.10168,-122.70422,-121.30676,-119.9093,-118.51185,-117.11439,-115.71693,-114.31947,-112.92201,-111.52456,-110.1271,-108.72964,-107.33218,-105.93472,-104.53727,-103.13981,-101.74235,-100.34489,-98.94743,-97.54998,-96.15252,-94.75506,-93.3576,-91.96014,-90.56269,-89.16523,-87.76777,-86.37031,-84.97285,-83.5754,-82.17794,-80.78048,-79.38302,-77.98556,-76.58811,-75.19065,-73.79319,-72.39573,-70.99827,-69.60082,-68.20336,-66.8059,-65.40844,-64.01098,-62.61352,-61.21607,-59.81861,-58.42115,-57.02369,-55.62623,-54.22878,-52.83132,-51.43386,-50.0364,-48.63894,-47.24149,-45.84403,-44.44657,-43.04911,-41.65165,-40.2542,-38.85674,-37.45928,-36.06182,-34.66436,-33.26691,-31.86945,-30.47199,-29.07453,-27.67707,-26.27962,-24.88216,-23.4847,-22.08724,-20.68978,-19.29233,-17.89487,-16.49741,-15.09995,-13.70249,-12.30504,-10.90758,-9.51012,-8.11266,-6.7152,-5.31775,-3.92029,-2.52283,-1.12537,0.27209,1.66954,3.067,4.46446,5.86192,7.25938,8.65683,10.05429,11.45175,12.84921,14.24667,15.64413,17.04158,18.43904,19.8365,21.23396,22.63142,24.02887,25.42633,26.82379,28.22125,29.61871,31.01616,32.41362,33.81108,35.20854,36.606,38.00345,39.40091,40.79837,42.19583,43.59329,44.99074,46.3882,47.78566,49.18312,50.58058,51.97803,53.37549,54.77295,56.17041,57.56787,58.96532,60.36278,61.76024,63.1577,64.55516,65.95261,67.35007,68.74753,70.14499,71.54245,72.9399,74.33736,75.73482,77.13228,78.52974,79.92719,81.32465,82.72211,84.11957,85.51703,86.91449,88.31194,89.7094,91.10686,92.50432,93.90178,95.29923,96.69669,98.09415,99.49161,100.88907,102.28652,103.68398,105.08144,106.4789,107.87636,109.27381,110.67127,112.06873,113.46619,114.86365,116.2611,117.65856,119.05602,120.45348,121.85094,123.24839,124.64585,126.04331,127.44077,128.83823,130.23568,131.63314,133.0306,134.42806,135.82552,137.22297,138.62043,140.01789,141.41535,142.81281,144.21026,145.60772,147.00518,148.40264,149.8001,151.19755,152.59501,153.99247,155.38993,156.78739,158.18484,159.5823,160.97976,162.37722,163.77468,165.17214,166.56959,167.96705,169.36451,170.76197,172.15943,173.55688,174.95434,176.3518,177.74926,179.14672 -0.27248,-0.25718,-0.24954,-0.26142,-0.27211,-0.27987,-0.28759,-0.2895,-0.29292,-0.30165,-0.3241,-0.3489,-0.37085,-0.37001,-0.36307,-0.35583,-0.35253,-0.34988,-0.34962,-0.3502,-0.34645,-0.33892,-0.331,-0.32276,-0.31138,-0.30097,-0.2925,-0.28796,-0.28115,-0.27709,-0.2687,-0.24813,-0.2306,-0.21788,-0.22746,-0.22449,-0.21333,-0.19762,-0.19072,-0.19685,-0.22193,-0.22661,-0.22161,-0.21215,-0.19284,-0.17814,-0.18174,-0.18376,-0.19329,-0.18355,-0.17518,-0.17165,-0.17751,-0.1904,-0.20177,-0.19817,-0.19532,-0.19102,-0.18182,-0.1643,-0.14886,-0.14378,-0.17305,-0.19797,-0.20357,-0.2016,-0.19296,-0.19298,-0.20008,-0.20716,-0.21073,-0.21331,-0.21401,-0.21448,-0.21641,-0.22003,-0.22579,-0.23574,-0.24124,-0.24668,-0.25166,-0.25176,-0.23897,-0.22091,-0.20214,-0.19824,-0.20648,-0.21709,-0.2251,-0.21851,-0.2167,-0.22108,-0.23332,-0.24026,-0.24191,-0.23785,-0.2239,-0.20628,-0.18646,-0.16521,-0.15161,-0.14751,-0.15647,-0.18413,-0.2151,-0.24232,-0.25968,-0.26266,-0.25092,-0.2361,-0.22088,-0.20895,-0.2003,-0.19398,-0.1901,-0.18825,-0.18422,-0.18175,-0.16972,-0.14276,-0.11539,-0.09265,-0.08319,-0.07938,-0.08705,-0.09782,-0.11246,-0.11927,-0.12201,-0.12987,-0.12198,-0.10955,-0.08736,-0.0806,-0.089,-0.09936,-0.10277,-0.10193,-0.1031,-0.10712,-0.11289,-0.11089,-0.10075,-0.08371,-0.06331,-0.05858,-0.06153,-0.06981,-0.07475,-0.08001,-0.08393,-0.08505,-0.0906,-0.10274,-0.12106,-0.14175,-0.16171,-0.1713,-0.17076,-0.16922,-0.17803,-0.19386,-0.21745,-0.24476,-0.27306,-0.29311,-0.30944,-0.32704,-0.32865,-0.33799,-0.35128,-0.3544,-0.34578,-0.3144,-0.28111,-0.26409,-0.26398,-0.26715,-0.27029,-0.26828,-0.25904,-0.24747,-0.2361,-0.22593,-0.21525,-0.21636,-0.21873,-0.22458,-0.23411,-0.23036,-0.2229,-0.21379,-0.19593,-0.17243,-0.14133,-0.1558,-0.17261,-0.19162,-0.19096,-0.18098,-0.16984,-0.16395,-0.14719,-0.12727,-0.10776,-0.11239,-0.13375,-0.1582,-0.1806,-0.18971,-0.18668,-0.17363,-0.15067,-0.13098,-0.12609,-0.13,-0.13631,-0.14202,-0.1549,-0.17233,-0.18957,-0.18495,-0.17273,-0.16288,-0.1835,-0.20432,-0.21828,-0.21964,-0.22383,-0.2314,-0.23824,-0.23325,-0.24023,-0.25709,-0.27514,-0.27626,-0.26165,-0.24723,-0.24822,-0.26856,-0.26981,-0.25156,-0.23613,-0.22964,-0.23607,-0.24671,-0.242,-0.23802,-0.23514,-0.23773,-0.23558,-0.24052,-0.2545,-0.27048,-0.27916,-0.2814,-0.28257,-0.27689
245.7 -180.0,-178.63581,-177.27163,-175.90744,-174.54326,-173.17907,-171.81489,-170.4507,-169.08652,-167.72233,-166.35815,-164.99396,-163.62978,-162.26559,-160.90141,-159.53722,-158.17304,-156.80885,-155.44467,-154.08048,-152.7163,-151.35211,-149.98793,-148.62374,-147.25955,-145.89537,-144.53118,-143.167,-141.80281,-140.43863,-139.07444,-137.71026,-136.34607,-134.98189,-133.6177,-132.25352,-130.88933,-129.52515,-128.16096,-126.79678,-125.43259,-124.06841,-122.70422,-121.34004,-119.97585,-118.61166,-117.24748,-115.88329,-114.51911,-113.15492,-111.79074,-110.42655,-109.06237,-107.69818,-106.334,-104.96981,-103.60563,-102.24144,-100.87726,-99.51307,-98.14889,-96.7847,-95.42052,-94.05633,-92.69215,-91.32796,-89.96378,-88.59959,-87.2354,-85.87122,-84.50703,-83.14285,-81.77866,-80.41448,-79.05029,-77.68611,-76.32192,-74.95774,-73.59355,-72.22937,-70.86518,-69.501,-68.13681,-66.77263,-65.40844,-64.04426,-62.68007,-61.31589,-59.9517,-58.58751,-57.22333,-55.85914,-54.49496,-53.13077,-51.76659,-50.4024,-49.03822,-47.67403,-46.30985,-44.94566,-43.58148,-42.21729,-40.85311,-39.48892,-38.12474,-36.76055,-35.39637,-34.03218,-32.668,-31.30381,-29.93963,-28.57544,-27.21125,-25.84707,-24.48288,-23.1187,-21.75451,-20.39033,-19.02614,-17.66196,-16.29777,-14.93359,-13.5694,-12.20522,-10.84103,-9.47685,-8.11266,-6.74848,-5.38429,-4.02011,-2.65592,-1.29174,0.07245,1.43664,2.80082,4.16501,5.52919,6.89338,8.25756,9.62175,10.98593,12.35012,13.7143,15.07849,16.44267,17.80686,19.17104,20.53523,21.89941,23.2636,24.62778,25.99197,27.35615,28.72034,30.08452,31.44871,32.8129,34.17708,35.54127,36.90545,38.26964,39.63382,40.99801,42.36219,43.72638,45.09056,46.45475,47.81893,49.18312,50.5473,51.91149,53.27567,54.63986,56.00404,57.36823,58.73241,60.0966,61.46079,62.82497,64.18916,65.55334,66.91753,68.28171,69.6459,71.01008,72.37427,73.73845,75.10264,76.46682,77.83101,79.19519,80.55938,81.92356,83.28775,84.65193,86.01612,87.3803,88.74449,90.10867,91.47286,92.83705,94.20123,95.56542,96.9296,98.29379,99.65797,101.02216,102.38634,103.75053,105.11471,106.4789,107.84308,109.20727,110.57145,111.93564,113.29982,114.66401,116.02819,117.39238,118.75656,120.12075,121.48494,122.84912,124.21331,125.57749,126.94168,128.30586,129.67005,131.03423,132.39842,133.7626,135.12679,136.49097,137.85516,139.21934,140.58353,141.94771,143.3119,144.67608,146.04027,147.40445,148.76864,150.13282,151.49701,152.8612,154.22538,155.58957,156.95375,158.31794,159.68212,161.04631,162.41049,163.77468,165.13886,166.50305,167.86723,169.23142,170.5956,171.95979,173.32397,174.68816,176.05234,177.41653,178.78071 -0.32681,-0.31339,-0.3017,-0.31071,-0.33478,-0.35501,-0.36741,-0.37041,-0.3617,-0.36575,-0.38106,-0.41102,-0.43444,-0.44216,-0.43473,-0.42596,-0.42154,-0.41916,-0.41787,-0.42148,-0.41984,-0.41267,-0.40267,-0.39833,-0.39383,-0.38689,-0.38277,-0.3804,-0.37722,-0.37162,-0.36521,-0.35166,-0.33137,-0.32156,-0.31121,-0.30544,-0.29827,-0.27526,-0.25409,-0.25495,-0.2621,-0.27521,-0.28559,-0.2835,-0.27542,-0.25646,-0.23883,-0.23767,-0.24559,-0.24797,-0.23211,-0.21174,-0.20548,-0.21065,-0.22543,-0.23068,-0.22502,-0.22095,-0.22622,-0.22716,-0.22007,-0.20004,-0.18685,-0.19634,-0.21731,-0.23577,-0.23767,-0.22954,-0.22614,-0.22656,-0.23208,-0.23917,-0.24039,-0.23754,-0.23512,-0.23047,-0.22551,-0.22391,-0.22767,-0.2421,-0.25496,-0.26779,-0.27868,-0.2801,-0.26425,-0.24156,-0.21844,-0.21269,-0.21775,-0.22578,-0.2337,-0.23563,-0.241,-0.25147,-0.26814,-0.27583,-0.27599,-0.2689,-0.25475,-0.23562,-0.21564,-0.19716,-0.1808,-0.17124,-0.17203,-0.18863,-0.21384,-0.24346,-0.26588,-0.27465,-0.27727,-0.26567,-0.25114,-0.24406,-0.23709,-0.23364,-0.23261,-0.22751,-0.21823,-0.21332,-0.2083,-0.19846,-0.17489,-0.14687,-0.12622,-0.10564,-0.1049,-0.10591,-0.11421,-0.11965,-0.11984,-0.10991,-0.0973,-0.08751,-0.08198,-0.07832,-0.07757,-0.09189,-0.1092,-0.12657,-0.13312,-0.13727,-0.13758,-0.13798,-0.13254,-0.12184,-0.10372,-0.08518,-0.0721,-0.06933,-0.07477,-0.0803,-0.08564,-0.09526,-0.10043,-0.10324,-0.10601,-0.12284,-0.14609,-0.17141,-0.19699,-0.20173,-0.19984,-0.19197,-0.19488,-0.20849,-0.23171,-0.25825,-0.27838,-0.30278,-0.32822,-0.34154,-0.35443,-0.37113,-0.38258,-0.39299,-0.38978,-0.36336,-0.33074,-0.30701,-0.30153,-0.3005,-0.30017,-0.29784,-0.2954,-0.2857,-0.27588,-0.26612,-0.26912,-0.26728,-0.2619,-0.26117,-0.26427,-0.27009,-0.26772,-0.26284,-0.26317,-0.25352,-0.23616,-0.19138,-0.18895,-0.19569,-0.20971,-0.21192,-0.20763,-0.19418,-0.18504,-0.17277,-0.15693,-0.13147,-0.12873,-0.1423,-0.16993,-0.19683,-0.2138,-0.2228,-0.22493,-0.22012,-0.20716,-0.19379,-0.18391,-0.17608,-0.17054,-0.1734,-0.18879,-0.21388,-0.22551,-0.22595,-0.21949,-0.23838,-0.26029,-0.28015,-0.26942,-0.26595,-0.27124,-0.28698,-0.28265,-0.27242,-0.27095,-0.28545,-0.29924,-0.29343,-0.27703,-0.25925,-0.27153,-0.28933,-0.2987,-0.29079,-0.27598,-0.2718,-0.27219,-0.26311,-0.26078,-0.26307,-0.26611,-0.27097,-0.26943,-0.27219,-0.2776,-0.2941,-0.30892,-0.31615,-0.32627,-0.33333
251.55 -180.0,-178.66754,-177.33508,-176.00262,-174.67016,-173.3377,-172.00524,-170.67278,-169.34032,-168.00786,-166.6754,-165.34294,-164.01048,-162.67802,-161.34556,-160.0131,-158.68064,-157.34818,-156.01572,-154.68326,-153.3508,-152.01834,-150.68588,-149.35342,-148.02096,-146.6885,-145.35604,-144.02358,-142.69112,-141.35866,-140.0262,-138.69374,-137.36128,-136.02882,-134.69636,-133.3639,-132.03144,-130.69898,-129.36652,-128.03406,-126.7016,-125.36914,-124.03668,-122.70422,-121.37176,-120.0393,-118.70684,-117.37438,-116.04192,-114.70946,-113.377,-112.04454,-110.71208,-109.37962,-108.04716,-106.7147,-105.38224,-104.04978,-102.71732,-101.38486,-100.0524,-98.71994,-97.38748,-96.05502,-94.72256,-93.3901,-92.05764,-90.72518,-89.39272,-88.06026,-86.7278,-85.39534,-84.06288,-82.73042,-81.39796,-80.0655,-78.73304,-77.40058,-76.06812,-74.73566,-73.4032,-72.07074,-70.73828,-69.40582,-68.07336,-66.7409,-65.40844,-64.07598,-62.74352,-61.41106,-60.0786,-58.74614,-57.41368,-56.08122,-54.74876,-53.4163,-52.08384,-50.75138,-49.41892,-48.08646,-46.754,-45.42154,-44.08908,-42.75662,-41.42416,-40.0917,-38.75924,-37.42678,-36.09432,-34.76186,-33.4294,-32.09694,-30.76448,-29.43202,-28.09956,-26.7671,-25.43464,-24.10218,-22.76972,-21.43726,-20.1048,-18.77234,-17.43988,-16.10742,-14.77496,-13.4425,-12.11004,-10.77758,-9.44512,-8.11266,-6.7802,-5.44774,-4.11528,-2.78282,-1.45036,-0.1179,1.21456,2.54702,3.87948,5.21194,6.5444,7.87686,9.20932,10.54178,11.87424,13.2067,14.53916,15.87162,17.20408,18.53654,19.869,21.20146,22.53392,23.86638,25.19884,26.5313,27.86376,29.19622,30.52868,31.86114,33.1936,34.52606,35.85852,37.19098,38.52344,39.8559,41.18836,42.52082,43.85328,45.18574,46.5182,47.85066,49.18312,50.51558,51.84804,53.1805,54.51296,55.84542,57.17788,58.51034,59.8428,61.17526,62.50772,63.84018,65.17264,66.5051,67.83756,69.17002,70.50248,71.83494,73.1674,74.49986,75.83232,77.16478,78.49724,79.8297,81.16216,82.49462,83.82708,85.15954,86.492,87.82446,89.15692,90.48938,91.82184,93.1543,94.48676,95.81922,97.15168,98.48414,99.8166,101.14906,102.48152,103.81398,105.14644,106.4789,107.81136,109.14382,110.47628,111.80874,113.1412,114.47366,115.80612,117.13858,118.47104,119.8035,121.13596,122.46842,123.80088,125.13334,126.4658,127.79826,129.13072,130.46318,131.79564,133.1281,134.46056,135.79302,137.12548,138.45794,139.7904,141.12286,142.45532,143.78778,145.12024,146.4527,147.78516,149.11762,150.45008,151.78254,153.115,154.44746,155.77992,157.11238,158.44484,159.7773,161.10976,162.44222,163.77468,165.10714,166.4396,167.77206,169.10452,170.43698,171.76944,173.1019,174.43436,175.76682,177.09928,178.43174,179.7642 -0.36963,-0.35879,-0.3572,-0.36846,-0.39721,-0.41629,-0.42627,-0.423,-0.41984,-0.41786,-0.43059,-0.45848,-0.48744,-0.50261,-0.49819,-0.48957,-0.48033,-0.47609,-0.47617,-0.48009,-0.48801,-0.48313,-0.47456,-0.46504,-0.46161,-0.45589,-0.45303,-0.45388,-0.45704,-0.45677,-0.45617,-0.45955,-0.45055,-0.42886,-0.40767,-0.38932,-0.37301,-0.35027,-0.31361,-0.29603,-0.29008,-0.3013,-0.31496,-0.32168,-0.32941,-0.32515,-0.30225,-0.29345,-0.28815,-0.30837,-0.31028,-0.28829,-0.25995,-0.24054,-0.24576,-0.26054,-0.26078,-0.25049,-0.24287,-0.24039,-0.25552,-0.25888,-0.24866,-0.23167,-0.22866,-0.2369,-0.25702,-0.26262,-0.25707,-0.25704,-0.2577,-0.2599,-0.26788,-0.27573,-0.27685,-0.27116,-0.26091,-0.24741,-0.23747,-0.23461,-0.23884,-0.25422,-0.27152,-0.28974,-0.30403,-0.30526,-0.28644,-0.26045,-0.23433,-0.22539,-0.22745,-0.23322,-0.24075,-0.24923,-0.25888,-0.27261,-0.29033,-0.29746,-0.29642,-0.29118,-0.28206,-0.26505,-0.24221,-0.21887,-0.20212,-0.19148,-0.18571,-0.19188,-0.20914,-0.23383,-0.25703,-0.27147,-0.27775,-0.27163,-0.26985,-0.26559,-0.2648,-0.26914,-0.27047,-0.27192,-0.25872,-0.24402,-0.23751,-0.23654,-0.22516,-0.21023,-0.18619,-0.16468,-0.14821,-0.13476,-0.13415,-0.13575,-0.13373,-0.12065,-0.09798,-0.08064,-0.06901,-0.05913,-0.07399,-0.08772,-0.1027,-0.12335,-0.1489,-0.1692,-0.1757,-0.17187,-0.16173,-0.15131,-0.13999,-0.12567,-0.1103,-0.09974,-0.10238,-0.10913,-0.11653,-0.11842,-0.11911,-0.1179,-0.11364,-0.11437,-0.12428,-0.14242,-0.16675,-0.19078,-0.21006,-0.21601,-0.20732,-0.19926,-0.1959,-0.20184,-0.21841,-0.23901,-0.25925,-0.27986,-0.30199,-0.32876,-0.35557,-0.37577,-0.39725,-0.41617,-0.41708,-0.3971,-0.36508,-0.33333,-0.31931,-0.31893,-0.32052,-0.31624,-0.31151,-0.30806,-0.30603,-0.30778,-0.31783,-0.32312,-0.31976,-0.30294,-0.29344,-0.29113,-0.2957,-0.29431,-0.29955,-0.30805,-0.30885,-0.30007,-0.25769,-0.23768,-0.23852,-0.25708,-0.26014,-0.25562,-0.23939,-0.22384,-0.20676,-0.19444,-0.16701,-0.15603,-0.16293,-0.19289,-0.21929,-0.23836,-0.25139,-0.2607,-0.27527,-0.2817,-0.27677,-0.25672,-0.23218,-0.21083,-0.19754,-0.20832,-0.23565,-0.25763,-0.26566,-0.26751,-0.28474,-0.30758,-0.32631,-0.32211,-0.31155,-0.30294,-0.31789,-0.32222,-0.31461,-0.2995,-0.29776,-0.31401,-0.31733,-0.30889,-0.29161,-0.28726,-0.29608,-0.31303,-0.32249,-0.31872,-0.31416,-0.30938,-0.29785,-0.28765,-0.28512,-0.28938,-0.30363,-0.30932,-0.31062,-0.30831,-0.31085,-0.31987,-0.33685,-0.35533,-0.36803,-0.37297,-0.37111
257.4 -180.0,-178.69782,-177.39565,-176.09347,-174.79129,-173.48912,-172.18694,-170.88476,-169.58259,-168.28041,-166.97823,-165.67606,-164.37388,-163.0717,-161.76952,-160.46735,-159.16517,-157.86299,-156.56082,-155.25864,-153.95646,-152.65429,-151.35211,-150.04993,-148.74776,-147.44558,-146.1434,-144.84123,-143.53905,-142.23687,-140.9347,-139.63252,-138.33034,-137.02817,-135.72599,-134.42381,-133.12163,-131.81946,-130.51728,-129.2151,-127.91293,-126.61075,-125.30857,-124.0064,-122.70422,-121.40204,-120.09987,-118.79769,-117.49551,-116.19334,-114.89116,-113.58898,-112.28681,-110.98463,-109.68245,-108.38028,-107.0781,-105.77592,-104.47375,-103.17157,-101.86939,-100.56721,-99.26504,-97.96286,-96.66068,-95.35851,-94.05633,-92.75415,-91.45198,-90.1498,-88.84762,-87.54545,-86.24327,-84.94109,-83.63892,-82.33674,-81.03456,-79.73239,-78.43021,-77.12803,-75.82586,-74.52368,-73.2215,-71.91933,-70.61715,-69.31497,-68.01279,-66.71062,-65.40844,-64.10626,-62.80409,-61.50191,-60.19973,-58.89756,-57.59538,-56.2932,-54.99103,-53.68885,-52.38667,-51.0845,-49.78232,-48.48014,-47.17797,-45.87579,-44.57361,-43.27144,-41.96926,-40.66708,-39.3649,-38.06273,-36.76055,-35.45837,-34.1562,-32.85402,-31.55184,-30.24967,-28.94749,-27.64531,-26.34314,-25.04096,-23.73878,-22.43661,-21.13443,-19.83225,-18.53008,-17.2279,-15.92572,-14.62355,-13.32137,-12.01919,-10.71702,-9.41484,-8.11266,-6.81048,-5.50831,-4.20613,-2.90395,-1.60178,-0.2996,1.00258,2.30475,3.60693,4.90911,6.21128,7.51346,8.81564,10.11781,11.41999,12.72217,14.02434,15.32652,16.6287,17.93087,19.23305,20.53523,21.83741,23.13958,24.44176,25.74394,27.04611,28.34829,29.65047,30.95264,32.25482,33.557,34.85917,36.16135,37.46353,38.7657,40.06788,41.37006,42.67223,43.97441,45.27659,46.57876,47.88094,49.18312,50.48529,51.78747,53.08965,54.39183,55.694,56.99618,58.29836,59.60053,60.90271,62.20489,63.50706,64.80924,66.11142,67.41359,68.71577,70.01795,71.32012,72.6223,73.92448,75.22665,76.52883,77.83101,79.13318,80.43536,81.73754,83.03972,84.34189,85.64407,86.94625,88.24842,89.5506,90.85278,92.15495,93.45713,94.75931,96.06148,97.36366,98.66584,99.96801,101.27019,102.57237,103.87454,105.17672,106.4789,107.78107,109.08325,110.38543,111.6876,112.98978,114.29196,115.59414,116.89631,118.19849,119.50067,120.80284,122.10502,123.4072,124.70937,126.01155,127.31373,128.6159,129.91808,131.22026,132.52243,133.82461,135.12679,136.42896,137.73114,139.03332,140.33549,141.63767,142.93985,144.24202,145.5442,146.84638,148.14856,149.45073,150.75291,152.05509,153.35726,154.65944,155.96162,157.26379,158.56597,159.86815,161.17032,162.4725,163.77468,165.07685,166.37903,167.68121,168.98338,170.28556,171.58774,172.88991,174.19209,175.49427,176.79645,178.09862,179.4008 -0.40513,-0.40026,-0.40206,-0.42149,-0.4417,-0.45784,-0.4657,-0.4626,-0.45364,-0.45157,-0.46528,-0.49757,-0.53051,-0.54607,-0.54888,-0.53835,-0.52862,-0.52173,-0.51847,-0.52322,-0.53381,-0.54182,-0.53845,-0.5273,-0.51639,-0.50751,-0.50218,-0.50756,-0.51401,-0.52077,-0.52612,-0.53083,-0.52974,-0.52032,-0.50033,-0.47485,-0.44253,-0.41028,-0.37556,-0.33449,-0.30857,-0.31223,-0.3289,-0.34924,-0.36013,-0.35995,-0.36301,-0.34687,-0.34196,-0.34441,-0.35996,-0.36424,-0.35251,-0.30651,-0.28316,-0.28141,-0.29275,-0.29709,-0.28701,-0.26718,-0.26641,-0.272,-0.27855,-0.2653,-0.26043,-0.24699,-0.2509,-0.25995,-0.26285,-0.26818,-0.27119,-0.27518,-0.28345,-0.29782,-0.31247,-0.32201,-0.31939,-0.30461,-0.28401,-0.26587,-0.25461,-0.25024,-0.25565,-0.2724,-0.29037,-0.30723,-0.32034,-0.3237,-0.30492,-0.27799,-0.24989,-0.23597,-0.23528,-0.23997,-0.24892,-0.26457,-0.27683,-0.28871,-0.30229,-0.31156,-0.31142,-0.30787,-0.30419,-0.29134,-0.26876,-0.24114,-0.21885,-0.20416,-0.19543,-0.19419,-0.20307,-0.22105,-0.24411,-0.25953,-0.26727,-0.26671,-0.26829,-0.2709,-0.27782,-0.28397,-0.29476,-0.30238,-0.29801,-0.28044,-0.26357,-0.26167,-0.26165,-0.25871,-0.24544,-0.23698,-0.21902,-0.20039,-0.17983,-0.17611,-0.1774,-0.16652,-0.15165,-0.11506,-0.08708,-0.07778,-0.07561,-0.08436,-0.10704,-0.12469,-0.1477,-0.17546,-0.19563,-0.19698,-0.18735,-0.1707,-0.16151,-0.1549,-0.15029,-0.14024,-0.13638,-0.13981,-0.15434,-0.16302,-0.16075,-0.1476,-0.12748,-0.11496,-0.11014,-0.11341,-0.13382,-0.15256,-0.16921,-0.18084,-0.18784,-0.19391,-0.19716,-0.19121,-0.18494,-0.18303,-0.19862,-0.21501,-0.22878,-0.24506,-0.27538,-0.30465,-0.33236,-0.36518,-0.39761,-0.42139,-0.42729,-0.42034,-0.388,-0.35578,-0.33509,-0.32884,-0.33026,-0.32631,-0.32084,-0.3133,-0.31421,-0.32844,-0.34347,-0.36266,-0.36382,-0.35314,-0.33228,-0.32289,-0.32168,-0.33231,-0.3435,-0.34691,-0.35597,-0.35984,-0.3451,-0.3121,-0.28888,-0.29665,-0.3154,-0.32717,-0.32055,-0.29425,-0.27223,-0.25344,-0.23974,-0.21274,-0.19349,-0.19395,-0.22701,-0.25611,-0.2804,-0.30001,-0.31158,-0.32607,-0.34001,-0.34823,-0.33219,-0.30626,-0.27689,-0.25438,-0.26228,-0.28754,-0.31899,-0.32805,-0.32701,-0.33308,-0.35209,-0.36178,-0.36566,-0.3601,-0.34599,-0.34981,-0.36386,-0.36853,-0.35299,-0.33896,-0.34719,-0.34837,-0.34564,-0.33283,-0.32083,-0.31644,-0.32235,-0.33415,-0.34233,-0.35051,-0.34841,-0.34205,-0.33098,-0.3234,-0.32111,-0.33618,-0.34995,-0.35844,-0.35905,-0.35508,-0.35139,-0.3581,-0.37326,-0.39076,-0.40381,-0.41028,-0.40817
263.25 -180.0,-178.72676,-177.45352,-176.18028,-174.90704,-173.6338,-172.36056,-171.08732,-169.81408,-168.54084,-167.2676,-165.99437,-164.72113,-163.44789,-162.17465,-160.90141,-159.62817,-158.35493,-157.08169,-155.80845,-154.53521,-153.26197,-151.98873,-150.71549,-149.44225,-148.16901,-146.89577,-145.62253,-144.34929,-143.07605,-141.80281,-140.52957,-139.25633,-137.9831,-136.70986,-135.43662,-134.16338,-132.89014,-131.6169,-130.34366,-129.07042,-127.79718,-126.52394,-125.2507,-123.97746,-122.70422,-121.43098,-120.15774,-118.8845,-117.61126,-116.33802,-115.06478,-113.79154,-112.5183,-111.24506,-109.97183,-108.69859,-107.42535,-106.15211,-104.87887,-103.60563,-102.33239,-101.05915,-99.78591,-98.51267,-97.23943,-95.96619,-94.69295,-93.41971,-92.14647,-90.87323,-89.59999,-88.32675,-87.05351,-85.78027,-84.50703,-83.23379,-81.96056,-80.68732,-79.41408,-78.14084,-76.8676,-75.59436,-74.32112,-73.04788,-71.77464,-70.5014,-69.22816,-67.95492,-66.68168,-65.40844,-64.1352,-62.86196,-61.58872,-60.31548,-59.04224,-57.769,-56.49576,-55.22252,-53.94929,-52.67605,-51.40281,-50.12957,-48.85633,-47.58309,-46.30985,-45.03661,-43.76337,-42.49013,-41.21689,-39.94365,-38.67041,-37.39717,-36.12393,-34.85069,-33.57745,-32.30421,-31.03097,-29.75773,-28.48449,-27.21125,-25.93802,-24.66478,-23.39154,-22.1183,-20.84506,-19.57182,-18.29858,-17.02534,-15.7521,-14.47886,-13.20562,-11.93238,-10.65914,-9.3859,-8.11266,-6.83942,-5.56618,-4.29294,-3.0197,-1.74646,-0.47322,0.80002,2.07325,3.34649,4.61973,5.89297,7.16621,8.43945,9.71269,10.98593,12.25917,13.53241,14.80565,16.07889,17.35213,18.62537,19.89861,21.17185,22.44509,23.71833,24.99157,26.26481,27.53805,28.81129,30.08452,31.35776,32.631,33.90424,35.17748,36.45072,37.72396,38.9972,40.27044,41.54368,42.81692,44.09016,45.3634,46.63664,47.90988,49.18312,50.45636,51.7296,53.00284,54.27608,55.54932,56.82256,58.09579,59.36903,60.64227,61.91551,63.18875,64.46199,65.73523,67.00847,68.28171,69.55495,70.82819,72.10143,73.37467,74.64791,75.92115,77.19439,78.46763,79.74087,81.01411,82.28735,83.56059,84.83383,86.10706,87.3803,88.65354,89.92678,91.20002,92.47326,93.7465,95.01974,96.29298,97.56622,98.83946,100.1127,101.38594,102.65918,103.93242,105.20566,106.4789,107.75214,109.02538,110.29862,111.57186,112.8451,114.11833,115.39157,116.66481,117.93805,119.21129,120.48453,121.75777,123.03101,124.30425,125.57749,126.85073,128.12397,129.39721,130.67045,131.94369,133.21693,134.49017,135.76341,137.03665,138.30989,139.58313,140.85637,142.1296,143.40284,144.67608,145.94932,147.22256,148.4958,149.76904,151.04228,152.31552,153.58876,154.862,156.13524,157.40848,158.68172,159.95496,161.2282,162.50144,163.77468,165.04792,166.32116,167.5944,168.86764,170.14087,171.41411,172.68735,173.96059,175.23383,176.50707,177.78031,179.05355 -0.43596,-0.44087,-0.45251,-0.47003,-0.4857,-0.49096,-0.49094,-0.48951,-0.48925,-0.49421,-0.51056,-0.54327,-0.57034,-0.58584,-0.58865,-0.5805,-0.5697,-0.56653,-0.5647,-0.56566,-0.57039,-0.58467,-0.59088,-0.58898,-0.57803,-0.56229,-0.55114,-0.54659,-0.55487,-0.55667,-0.55617,-0.55716,-0.56855,-0.57329,-0.56991,-0.55028,-0.5105,-0.47098,-0.43397,-0.38672,-0.34359,-0.31086,-0.33071,-0.3652,-0.39801,-0.41577,-0.42156,-0.41797,-0.41846,-0.40813,-0.40558,-0.40718,-0.40581,-0.38453,-0.34599,-0.32286,-0.31493,-0.33356,-0.34128,-0.33042,-0.31429,-0.30693,-0.3084,-0.29541,-0.28213,-0.25513,-0.24814,-0.25643,-0.25306,-0.25648,-0.2639,-0.27378,-0.28299,-0.30596,-0.32346,-0.34379,-0.36478,-0.37761,-0.36667,-0.3376,-0.30437,-0.28182,-0.2754,-0.27507,-0.28092,-0.29552,-0.30991,-0.32261,-0.33313,-0.33922,-0.32522,-0.30196,-0.2752,-0.25916,-0.25499,-0.25875,-0.26989,-0.29049,-0.29973,-0.30572,-0.31189,-0.32112,-0.32066,-0.31719,-0.31534,-0.30991,-0.29255,-0.2648,-0.2381,-0.22132,-0.20831,-0.19747,-0.19947,-0.211,-0.23017,-0.24803,-0.25938,-0.25965,-0.26192,-0.26736,-0.27625,-0.28546,-0.30189,-0.31643,-0.32663,-0.3134,-0.29138,-0.27873,-0.2807,-0.28429,-0.28635,-0.29129,-0.28998,-0.27655,-0.25959,-0.24415,-0.23768,-0.24101,-0.24319,-0.22112,-0.18355,-0.14672,-0.12222,-0.12143,-0.12806,-0.14505,-0.15432,-0.16043,-0.18132,-0.20063,-0.2098,-0.19277,-0.1751,-0.16531,-0.16978,-0.17362,-0.17476,-0.17297,-0.17696,-0.19073,-0.20252,-0.20356,-0.1767,-0.14397,-0.11279,-0.09938,-0.09952,-0.11183,-0.13442,-0.14862,-0.15341,-0.15695,-0.16271,-0.1735,-0.17987,-0.17765,-0.17389,-0.17792,-0.1868,-0.19891,-0.21674,-0.2367,-0.26273,-0.28746,-0.31958,-0.35263,-0.38943,-0.42017,-0.43085,-0.42343,-0.40478,-0.37922,-0.3524,-0.3363,-0.33036,-0.32779,-0.32105,-0.31237,-0.31444,-0.32336,-0.34889,-0.37231,-0.38321,-0.38468,-0.37686,-0.3604,-0.3514,-0.36048,-0.37369,-0.38944,-0.39622,-0.39676,-0.39925,-0.38084,-0.35388,-0.33144,-0.35039,-0.36428,-0.37078,-0.35986,-0.3407,-0.31952,-0.30261,-0.28741,-0.2622,-0.23486,-0.23663,-0.26469,-0.29544,-0.32091,-0.3403,-0.35704,-0.3731,-0.38796,-0.39531,-0.38556,-0.36491,-0.33736,-0.32017,-0.32187,-0.34153,-0.38028,-0.39815,-0.40888,-0.41485,-0.43657,-0.4262,-0.41216,-0.40057,-0.39334,-0.4006,-0.41785,-0.44646,-0.4462,-0.43761,-0.4218,-0.40663,-0.40141,-0.38009,-0.3657,-0.35593,-0.34732,-0.34495,-0.35688,-0.37166,-0.38476,-0.39055,-0.38773,-0.38492,-0.37874,-0.3826,-0.39232,-0.3991,-0.40666,-0.40997,-0.40548,-0.40482,-0.40709,-0.41709,-0.42897,-0.44074,-0.44259,-0.43963
269.1 -180.0,-178.75444,-177.50888,-176.26332,-175.01776,-173.7722,-172.52664,-171.28108,-170.03552,-168.78996,-167.5444,-166.29884,-165.05327,-163.80771,-162.56215,-161.31659,-160.07103,-158.82547,-157.57991,-156.33435,-155.08879,-153.84323,-152.59767,-151.35211,-150.10655,-148.86099,-147.61543,-146.36987,-145.12431,-143.87875,-142.63319,-141.38763,-140.14207,-138.89651,-137.65095,-136.40539,-135.15982,-133.91426,-132.6687,-131.42314,-130.17758,-128.93202,-127.68646,-126.4409,-125.19534,-123.94978,-122.70422,-121.45866,-120.2131,-118.96754,-117.72198,-116.47642,-115.23086,-113.9853,-112.73974,-111.49418,-110.24862,-109.00306,-107.7575,-106.51193,-105.26637,-104.02081,-102.77525,-101.52969,-100.28413,-99.03857,-97.79301,-96.54745,-95.30189,-94.05633,-92.81077,-91.56521,-90.31965,-89.07409,-87.82853,-86.58297,-85.33741,-84.09185,-82.84629,-81.60073,-80.35517,-79.10961,-77.86405,-76.61848,-75.37292,-74.12736,-72.8818,-71.63624,-70.39068,-69.14512,-67.89956,-66.654,-65.40844,-64.16288,-62.91732,-61.67176,-60.4262,-59.18064,-57.93508,-56.68952,-55.44396,-54.1984,-52.95284,-51.70728,-50.46172,-49.21616,-47.9706,-46.72503,-45.47947,-44.23391,-42.98835,-41.74279,-40.49723,-39.25167,-38.00611,-36.76055,-35.51499,-34.26943,-33.02387,-31.77831,-30.53275,-29.28719,-28.04163,-26.79607,-25.55051,-24.30495,-23.05939,-21.81383,-20.56827,-19.32271,-18.07714,-16.83158,-15.58602,-14.34046,-13.0949,-11.84934,-10.60378,-9.35822,-8.11266,-6.8671,-5.62154,-4.37598,-3.13042,-1.88486,-0.6393,0.60626,1.85182,3.09738,4.34294,5.5885,6.83406,8.07962,9.32518,10.57074,11.81631,13.06187,14.30743,15.55299,16.79855,18.04411,19.28967,20.53523,21.78079,23.02635,24.27191,25.51747,26.76303,28.00859,29.25415,30.49971,31.74527,32.99083,34.23639,35.48195,36.72751,37.97307,39.21863,40.4642,41.70976,42.95532,44.20088,45.44644,46.692,47.93756,49.18312,50.42868,51.67424,52.9198,54.16536,55.41092,56.65648,57.90204,59.1476,60.39316,61.63872,62.88428,64.12984,65.3754,66.62096,67.86652,69.11208,70.35765,71.60321,72.84877,74.09433,75.33989,76.58545,77.83101,79.07657,80.32213,81.56769,82.81325,84.05881,85.30437,86.54993,87.79549,89.04105,90.28661,91.53217,92.77773,94.02329,95.26885,96.51441,97.75997,99.00554,100.2511,101.49666,102.74222,103.98778,105.23334,106.4789,107.72446,108.97002,110.21558,111.46114,112.7067,113.95226,115.19782,116.44338,117.68894,118.9345,120.18006,121.42562,122.67118,123.91674,125.1623,126.40786,127.65342,128.89899,130.14455,131.39011,132.63567,133.88123,135.12679,136.37235,137.61791,138.86347,140.10903,141.35459,142.60015,143.84571,145.09127,146.33683,147.58239,148.82795,150.07351,151.31907,152.56463,153.81019,155.05575,156.30131,157.54687,158.79244,160.038,161.28356,162.52912,163.77468,165.02024,166.2658,167.51136,168.75692,170.00248,171.24804,172.4936,173.73916,174.98472,176.23028,177.47584,178.7214,179.96696 -0.48921,-0.49373,-0.50326,-0.51859,-0.52613,-0.52863,-0.53549,-0.54295,-0.54723,-0.5472,-0.56647,-0.59221,-0.62061,-0.6328,-0.63211,-0.61858,-0.6036,-0.60562,-0.61096,-0.61003,-0.61304,-0.62413,-0.64031,-0.65075,-0.64664,-0.62994,-0.60443,-0.59031,-0.58623,-0.58394,-0.57451,-0.57061,-0.57784,-0.59303,-0.59935,-0.58823,-0.56599,-0.52807,-0.48647,-0.44615,-0.40648,-0.36521,-0.3459,-0.38781,-0.43135,-0.46554,-0.48204,-0.48762,-0.48921,-0.48709,-0.48421,-0.46888,-0.44702,-0.4354,-0.41147,-0.38527,-0.35821,-0.36518,-0.3818,-0.38729,-0.38237,-0.36971,-0.36743,-0.90393,-0.37688,-0.44513,-0.31161,-0.26452,-0.29437,-0.28275,-0.26981,-0.26861,-0.27525,-0.31292,-0.33577,-0.35202,-0.37206,-0.40261,-0.42719,-0.43705,-0.41576,-0.36614,-0.31889,-0.29531,-0.29457,-0.29811,-0.30762,-0.3237,-0.32953,-0.33541,-0.34372,-0.35383,-0.34661,-0.32961,-0.30775,-0.29218,-0.28401,-0.28502,-0.29629,-0.32022,-0.32534,-0.32395,-0.32135,-0.33002,-0.33164,-0.32936,-0.32706,-0.3242,-0.31197,-0.28835,-0.2618,-0.2433,-0.22714,-0.21081,-0.20454,-0.20691,-0.21914,-0.23667,-0.2516,-0.25793,-0.25972,-0.26222,-0.27091,-0.28037,-0.29244,-0.31286,-0.33577,-0.33217,-0.31864,-0.29652,-0.28536,-0.28717,-0.2981,-0.31208,-0.32662,-0.32779,-0.3274,-0.31171,-0.30587,-0.30102,-0.3116,-0.32172,-0.30115,-0.27771,-0.22754,-0.20122,-0.1895,-0.18962,-0.19081,-0.18629,-0.18328,-0.18768,-0.19803,-0.20165,-0.18935,-0.17399,-0.17071,-0.18213,-0.19605,-0.2045,-0.20524,-0.20855,-0.21537,-0.22731,-0.22399,-0.20395,-0.16419,-0.12365,-0.09851,-0.08661,-0.08524,-0.10732,-0.13114,-0.14975,-0.14826,-0.14493,-0.14594,-0.15548,-0.16771,-0.17637,-0.17969,-0.18304,-0.18346,-0.19011,-0.20391,-0.23736,-0.27326,-0.29733,-0.31959,-0.35089,-0.39344,-0.41926,-0.43166,-0.42559,-0.41325,-0.3924,-0.37266,-0.35092,-0.32695,-0.3199,-0.31896,-0.31731,-0.31397,-0.32178,-0.34093,-0.35815,-0.37831,-0.39426,-0.40726,-0.39649,-0.38247,-0.37267,-0.38346,-0.40299,-0.41609,-0.42045,-0.42353,-0.41849,-0.40131,-0.38454,-0.37319,-0.38426,-0.39512,-0.39696,-0.38525,-0.37118,-0.35932,-0.34831,-0.33439,-0.31429,-0.28486,-0.28131,-0.30169,-0.33374,-0.3572,-0.37361,-0.38896,-0.40407,-0.41866,-0.42731,-0.4248,-0.41049,-0.38663,-0.37046,-0.36714,-0.38035,-0.41813,-0.45008,-0.47438,-0.49518,-0.52275,-0.51684,-0.48529,-0.44343,-0.42395,-0.43096,-0.46069,-0.52019,-0.56776,-0.56689,-0.52853,-0.49493,-0.46724,-0.42582,-0.40753,-0.39066,-0.38744,-0.38404,-0.38652,-0.39315,-0.41502,-0.42268,-0.42793,-0.44241,-0.44991,-0.45385,-0.45662,-0.44921,-0.45021,-0.44945,-0.45265,-0.46156,-0.46109,-0.46525,-0.47166,-0.47753,-0.47772,-0.47727,-0.48127,-0.48903
274.95 -180.0,-178.78094,-177.56188,-176.34282,-175.12376,-173.9047,-172.68565,-171.46659,-170.24753,-169.02847,-167.80941,-166.59035,-165.37129,-164.15223,-162.93317,-161.71411,-160.49505,-159.27599,-158.05694,-156.83788,-155.61882,-154.39976,-153.1807,-151.96164,-150.74258,-149.52352,-148.30446,-147.0854,-145.86634,-144.64728,-143.42823,-142.20917,-140.99011,-139.77105,-138.55199,-137.33293,-136.11387,-134.89481,-133.67575,-132.45669,-131.23763,-130.01858,-128.79952,-127.58046,-126.3614,-125.14234,-123.92328,-122.70422,-121.48516,-120.2661,-119.04704,-117.82798,-116.60892,-115.38987,-114.17081,-112.95175,-111.73269,-110.51363,-109.29457,-108.07551,-106.85645,-105.63739,-104.41833,-103.19927,-101.98022,-100.76116,-99.5421,-98.32304,-97.10398,-95.88492,-94.66586,-93.4468,-92.22774,-91.00868,-89.78962,-88.57056,-87.35151,-86.13245,-84.91339,-83.69433,-82.47527,-81.25621,-80.03715,-78.81809,-77.59903,-76.37997,-75.16091,-73.94185,-72.7228,-71.50374,-70.28468,-69.06562,-67.84656,-66.6275,-65.40844,-64.18938,-62.97032,-61.75126,-60.5322,-59.31315,-58.09409,-56.87503,-55.65597,-54.43691,-53.21785,-51.99879,-50.77973,-49.56067,-48.34161,-47.12255,-45.90349,-44.68444,-43.46538,-42.24632,-41.02726,-39.8082,-38.58914,-37.37008,-36.15102,-34.93196,-33.7129,-32.49384,-31.27479,-30.05573,-28.83667,-27.61761,-26.39855,-25.17949,-23.96043,-22.74137,-21.52231,-20.30325,-19.08419,-17.86513,-16.64608,-15.42702,-14.20796,-12.9889,-11.76984,-10.55078,-9.33172,-8.11266,-6.8936,-5.67454,-4.45548,-3.23642,-2.01737,-0.79831,0.42075,1.63981,2.85887,4.07793,5.29699,6.51605,7.73511,8.95417,10.17323,11.39228,12.61134,13.8304,15.04946,16.26852,17.48758,18.70664,19.9257,21.14476,22.36382,23.58288,24.80194,26.02099,27.24005,28.45911,29.67817,30.89723,32.11629,33.33535,34.55441,35.77347,36.99253,38.21159,39.43064,40.6497,41.86876,43.08782,44.30688,45.52594,46.745,47.96406,49.18312,50.40218,51.62124,52.8403,54.05935,55.27841,56.49747,57.71653,58.93559,60.15465,61.37371,62.59277,63.81183,65.03089,66.24995,67.46901,68.68806,69.90712,71.12618,72.34524,73.5643,74.78336,76.00242,77.22148,78.44054,79.6596,80.87866,82.09771,83.31677,84.53583,85.75489,86.97395,88.19301,89.41207,90.63113,91.85019,93.06925,94.28831,95.50737,96.72642,97.94548,99.16454,100.3836,101.60266,102.82172,104.04078,105.25984,106.4789,107.69796,108.91702,110.13607,111.35513,112.57419,113.79325,115.01231,116.23137,117.45043,118.66949,119.88855,121.10761,122.32667,123.54573,124.76478,125.98384,127.2029,128.42196,129.64102,130.86008,132.07914,133.2982,134.51726,135.73632,136.95538,138.17444,139.39349,140.61255,141.83161,143.05067,144.26973,145.48879,146.70785,147.92691,149.14597,150.36503,151.58409,152.80314,154.0222,155.24126,156.46032,157.67938,158.89844,160.1175,161.33656,162.55562,163.77468,164.99374,166.2128,167.43185,168.65091,169.86997,171.08903,172.30809,173.52715,174.74621,175.96527,177.18433,178.40339,179.62245 -0.55463,-0.5713,-0.57371,-0.57772,-0.58411,-0.5866,-0.59236,-0.604,-0.61143,-0.61659,-0.62509,-0.64642,-0.66946,-0.69013,-0.7003,-0.69176,-0.67423,-0.65323,-0.65923,-0.65833,-0.65848,-0.66389,-0.69055,-0.71301,-0.72736,-0.7265,-0.68576,-0.64727,-0.61948,-0.61217,-0.59758,-0.58356,-0.57465,-0.58986,-0.60185,-0.60664,-0.59327,-0.56759,-0.53522,-0.49805,-0.47574,-0.45446,-0.43854,-0.44851,-0.47272,-0.51716,-0.52047,-0.52846,-0.51816,-0.51886,-0.52771,-0.51004,-0.50191,-0.47454,-0.45439,-0.43452,-0.42799,-0.41684,-0.42366,-0.43605,-0.43942,-0.42818,-0.41304,-1.17744,-4.20948,-2.6752,-3.13148,-1.07383,-0.43132,-0.40144,-0.36444,-0.34121,-0.31793,-0.32744,-0.35124,-0.37195,-0.38364,-0.40132,-0.4236,-0.44904,-0.4746,-0.4949,-0.46547,-0.39736,-0.3359,-0.30458,-0.30985,-0.31833,-0.33258,-0.35078,-0.35457,-0.35736,-0.36097,-0.37024,-0.36843,-0.36068,-0.34902,-0.337,-0.32468,-0.32031,-0.32702,-0.34815,-0.34706,-0.33668,-0.3243,-0.33408,-0.34016,-0.34209,-0.34043,-0.33664,-0.32582,-0.3068,-0.28429,-0.26902,-0.25467,-0.23707,-0.22162,-0.21315,-0.22286,-0.23299,-0.24213,-0.25006,-0.25765,-0.26177,-0.26924,-0.27559,-0.28278,-0.29891,-0.3215,-0.33124,-0.33085,-0.309,-0.29124,-0.28377,-0.28493,-0.29645,-0.32419,-0.34092,-0.3534,-0.34972,-0.34783,-0.34153,-0.34469,-0.34848,-0.35723,-0.35801,-0.3297,-0.29998,-0.26502,-0.255,-0.25478,-0.24454,-0.22755,-0.21161,-0.20164,-0.20618,-0.20368,-0.19294,-0.18009,-0.17944,-0.1921,-0.20837,-0.21553,-0.21692,-0.21361,-0.21498,-0.22166,-0.23002,-0.22083,-0.19286,-0.15877,-0.12413,-0.10489,-0.09623,-0.10132,-0.12852,-0.14948,-0.15854,-0.15399,-0.13828,-0.13557,-0.14446,-0.16223,-0.18252,-0.19553,-0.1978,-0.18896,-0.18385,-0.19044,-0.23108,-0.26984,-0.30367,-0.32579,-0.36453,-0.40665,-0.43091,-0.43975,-0.43126,-0.41827,-0.40457,-0.38969,-0.36074,-0.32672,-0.31524,-0.31641,-0.32394,-0.32384,-0.32445,-0.33164,-0.3428,-0.35597,-0.38059,-0.40733,-0.43413,-0.41841,-0.3953,-0.38475,-0.39782,-0.41553,-0.43253,-0.44174,-0.44055,-0.43333,-0.42028,-0.41032,-0.40862,-0.41314,-0.41835,-0.41579,-0.40908,-0.4012,-0.39473,-0.38834,-0.38029,-0.3713,-0.35866,-0.35219,-0.3556,-0.37356,-0.38949,-0.40149,-0.41239,-0.42358,-0.43649,-0.44581,-0.44862,-0.44075,-0.42378,-0.40984,-0.4013,-0.40365,-0.42426,-0.47012,-0.52448,-0.57134,-0.60078,-0.61542,-0.59728,-0.52124,-0.48473,-0.47193,-0.49792,-0.53744,-0.59341,-0.63757,-0.63507,-0.59567,-0.54979,-0.47866,-0.41369,-0.38493,-0.88008,-0.41762,-0.43022,-0.44016,-0.45533,-0.45441,-0.45562,-0.45884,-0.47567,-0.50445,-0.51899,-0.51333,-0.50709,-0.49363,-0.49052,-0.49637,-0.50629,-0.52078,-0.52599,-0.5295,-0.52941,-0.52789,-0.52678,-0.53436,-0.54873
280.8 -180.0,-178.80634,-177.61268,-176.41901,-175.22535,-174.03169,-172.83803,-171.64437,-170.4507,-169.25704,-168.06338,-166.86972,-165.67606,-164.48239,-163.28873,-162.09507,-160.90141,-159.70774,-158.51408,-157.32042,-156.12676,-154.9331,-153.73943,-152.54577,-151.35211,-150.15845,-148.96479,-147.77112,-146.57746,-145.3838,-144.19014,-142.99648,-141.80281,-140.60915,-139.41549,-138.22183,-137.02817,-135.8345,-134.64084,-133.44718,-132.25352,-131.05985,-129.86619,-128.67253,-127.47887,-126.28521,-125.09154,-123.89788,-122.70422,-121.51056,-120.3169,-119.12323,-117.92957,-116.73591,-115.54225,-114.34859,-113.15492,-111.96126,-110.7676,-109.57394,-108.38028,-107.18661,-105.99295,-104.79929,-103.60563,-102.41197,-101.2183,-100.02464,-98.83098,-97.63732,-96.44365,-95.24999,-94.05633,-92.86267,-91.66901,-90.47534,-89.28168,-88.08802,-86.89436,-85.7007,-84.50703,-83.31337,-82.11971,-80.92605,-79.73239,-78.53872,-77.34506,-76.1514,-74.95774,-73.76408,-72.57041,-71.37675,-70.18309,-68.98943,-67.79577,-66.6021,-65.40844,-64.21478,-63.02112,-61.82745,-60.63379,-59.44013,-58.24647,-57.05281,-55.85914,-54.66548,-53.47182,-52.27816,-51.0845,-49.89083,-48.69717,-47.50351,-46.30985,-45.11619,-43.92252,-42.72886,-41.5352,-40.34154,-39.14788,-37.95421,-36.76055,-35.56689,-34.37323,-33.17956,-31.9859,-30.79224,-29.59858,-28.40492,-27.21125,-26.01759,-24.82393,-23.63027,-22.43661,-21.24294,-20.04928,-18.85562,-17.66196,-16.4683,-15.27463,-14.08097,-12.88731,-11.69365,-10.49999,-9.30632,-8.11266,-6.919,-5.72534,-4.53168,-3.33801,-2.14435,-0.95069,0.24297,1.43664,2.6303,3.82396,5.01762,6.21128,7.40495,8.59861,9.79227,10.98593,12.17959,13.37326,14.56692,15.76058,16.95424,18.1479,19.34157,20.53523,21.72889,22.92255,24.11621,25.30988,26.50354,27.6972,28.89086,30.08452,31.27819,32.47185,33.66551,34.85917,36.05284,37.2465,38.44016,39.63382,40.82748,42.02115,43.21481,44.40847,45.60213,46.79579,47.98946,49.18312,50.37678,51.57044,52.7641,53.95777,55.15143,56.34509,57.53875,58.73241,59.92608,61.11974,62.3134,63.50706,64.70073,65.89439,67.08805,68.28171,69.47537,70.66904,71.8627,73.05636,74.25002,75.44368,76.63735,77.83101,79.02467,80.21833,81.41199,82.60566,83.79932,84.99298,86.18664,87.3803,88.57397,89.76763,90.96129,92.15495,93.34861,94.54228,95.73594,96.9296,98.12326,99.31693,100.51059,101.70425,102.89791,104.09157,105.28524,106.4789,107.67256,108.86622,110.05988,111.25355,112.44721,113.64087,114.83453,116.02819,117.22186,118.41552,119.60918,120.80284,121.9965,123.19017,124.38383,125.57749,126.77115,127.96481,129.15848,130.35214,131.5458,132.73946,133.93313,135.12679,136.32045,137.51411,138.70777,139.90144,141.0951,142.28876,143.48242,144.67608,145.86975,147.06341,148.25707,149.45073,150.64439,151.83806,153.03172,154.22538,155.41904,156.6127,157.80637,159.00003,160.19369,161.38735,162.58102,163.77468,164.96834,166.162,167.35566,168.54933,169.74299,170.93665,172.13031,173.32397,174.51764,175.7113,176.90496,178.09862,179.29228 -0.63429,-0.64478,-0.64418,-0.64363,-0.64791,-0.64697,-0.64433,-0.66318,-0.67671,-0.68103,-0.67857,-0.68914,-0.71023,-0.74698,-0.76344,-0.76694,-0.75821,-0.73043,-0.71905,-0.71502,-0.71269,-0.732,-0.76036,-0.7918,-0.80793,-0.80326,-0.7729,-0.71162,-0.66824,-0.64479,-0.62984,-0.60507,-0.587,-0.58697,-0.60389,-0.61345,-0.60599,-0.58792,-0.56044,-0.5392,-0.52283,-0.52124,-0.52283,-0.5209,-0.53787,-0.54038,-0.55109,-0.55035,-0.54103,-0.53093,-0.51359,-0.51389,-0.50945,-0.49389,-0.48203,-0.46623,-1.19731,-0.46348,-0.46704,-0.4802,-0.48862,-0.49262,-0.47106,-0.45427,-0.47693,-2.60135,-2.87708,-3.6829,-2.80876,-0.66958,-1.62272,-0.45419,-0.42123,-0.39425,-0.39648,-0.3947,-0.40162,-0.41495,-0.41389,-0.42517,-0.45776,-0.48507,-0.5224,-0.55194,-0.51306,-0.74999,-0.3437,-0.29043,-0.30936,-0.33218,-0.35558,-0.38208,-0.38908,-0.38936,-0.38651,-0.39052,-0.38665,-0.38106,-0.37609,-0.37244,-0.36019,-0.35034,-0.34859,-0.36407,-0.36184,-0.34809,-0.32758,-0.3335,-0.34351,-0.35361,-0.35687,-0.35515,-0.34514,-0.32667,-0.30408,-0.29162,-0.28242,-0.27059,-0.25257,-0.24039,-0.24346,-0.24317,-0.24249,-0.24527,-0.25421,-0.26356,-0.27214,-0.27561,-0.27938,-0.28598,-0.29763,-0.31489,-0.32307,-0.31228,-0.29458,-0.27852,-0.27908,-0.28111,-0.29188,-0.32023,-0.3467,-0.35679,-0.36204,-0.36203,-0.35923,-0.35572,-0.36132,-0.36456,-0.36528,-0.35184,-0.32662,-0.30433,-0.29957,-0.30083,-0.29068,-0.27062,-0.24621,-0.23586,-0.23089,-0.22064,-0.20746,-0.19894,-0.19981,-0.2084,-0.2168,-0.22165,-0.22006,-0.21621,-0.21372,-0.21565,-0.226,-0.23021,-0.22535,-0.20294,-0.17718,-0.1543,-0.13806,-0.13974,-0.14988,-0.16563,-0.17755,-0.17646,-0.15986,-0.13273,-0.12918,-0.14437,-0.17082,-0.20253,-0.22185,-0.2244,-0.20661,-0.17885,-0.18349,-0.22128,-0.26739,-0.3051,-0.33538,-0.3866,-0.43101,-0.4637,-0.46433,-0.45558,-0.44265,-0.41585,-0.40272,-0.37384,-0.33917,-0.31021,-0.31437,-0.33158,-0.33268,-0.33173,-0.34472,-0.34444,-0.35259,-0.35854,-0.397,-0.435,-0.46164,-0.44685,-0.41771,-0.41332,-0.42005,-0.44511,-0.45989,-0.47084,-0.46771,-0.45401,-0.44532,-0.44175,-0.44001,-0.4417,-0.4412,-0.43986,-0.43675,-0.43404,-0.42929,-0.42638,-0.42635,-0.42911,-0.43085,-0.42647,-0.42026,-0.41915,-0.42315,-0.42857,-0.43532,-0.44133,-0.44769,-0.45367,-0.45807,-0.45266,-0.44727,-0.4442,-0.44456,-0.45126,-0.48344,-0.52799,-0.5826,-1.93108,-1.33606,-0.69656,-0.73223,-0.69789,-0.64869,-0.59953,-0.57261,-0.53609,-0.54763,-0.60881,-0.7096,-0.70368,-0.65647,-0.57491,-0.46649,-0.34783,-2.19371,-4.69391,-1.35251,-0.48327,-0.49681,-0.49957,-0.49063,-0.47335,-0.46946,-0.50098,-0.53551,-0.55136,-0.55189,-0.54194,-0.53136,-0.52328,-0.52784,-0.5422,-0.56047,-0.57999,-0.58363,-0.58475,-0.58194,-0.581,-0.59161,-0.61767
286.65 -180.0,-178.8307,-177.6614,-176.4921,-175.32279,-174.15349,-172.98419,-171.81489,-170.64559,-169.47629,-168.30698,-167.13768,-165.96838,-164.79908,-163.62978,-162.46048,-161.29117,-160.12187,-158.95257,-157.78327,-156.61397,-155.44467,-154.27536,-153.10606,-151.93676,-150.76746,-149.59816,-148.42886,-147.25955,-146.09025,-144.92095,-143.75165,-142.58235,-141.41305,-140.24374,-139.07444,-137.90514,-136.73584,-135.56654,-134.39724,-133.22794,-132.05863,-130.88933,-129.72003,-128.55073,-127.38143,-126.21213,-125.04282,-123.87352,-122.70422,-121.53492,-120.36562,-119.19632,-118.02701,-116.85771,-115.68841,-114.51911,-113.34981,-112.18051,-111.0112,-109.8419,-108.6726,-107.5033,-106.334,-105.1647,-103.99539,-102.82609,-101.65679,-100.48749,-99.31819,-98.14889,-96.97958,-95.81028,-94.64098,-93.47168,-92.30238,-91.13308,-89.96378,-88.79447,-87.62517,-86.45587,-85.28657,-84.11727,-82.94797,-81.77866,-80.60936,-79.44006,-78.27076,-77.10146,-75.93216,-74.76285,-73.59355,-72.42425,-71.25495,-70.08565,-68.91635,-67.74704,-66.57774,-65.40844,-64.23914,-63.06984,-61.90054,-60.73123,-59.56193,-58.39263,-57.22333,-56.05403,-54.88473,-53.71542,-52.54612,-51.37682,-50.20752,-49.03822,-47.86892,-46.69962,-45.53031,-44.36101,-43.19171,-42.02241,-40.85311,-39.68381,-38.5145,-37.3452,-36.1759,-35.0066,-33.8373,-32.668,-31.49869,-30.32939,-29.16009,-27.99079,-26.82149,-25.65219,-24.48288,-23.31358,-22.14428,-20.97498,-19.80568,-18.63638,-17.46707,-16.29777,-15.12847,-13.95917,-12.78987,-11.62057,-10.45126,-9.28196,-8.11266,-6.94336,-5.77406,-4.60476,-3.43545,-2.26615,-1.09685,0.07245,1.24175,2.41105,3.58035,4.74966,5.91896,7.08826,8.25756,9.42686,10.59616,11.76547,12.93477,14.10407,15.27337,16.44267,17.61197,18.78128,19.95058,21.11988,22.28918,23.45848,24.62778,25.79709,26.96639,28.13569,29.30499,30.47429,31.64359,32.8129,33.9822,35.1515,36.3208,37.4901,38.6594,39.82871,40.99801,42.16731,43.33661,44.50591,45.67521,46.84451,48.01382,49.18312,50.35242,51.52172,52.69102,53.86032,55.02963,56.19893,57.36823,58.53753,59.70683,60.87613,62.04544,63.21474,64.38404,65.55334,66.72264,67.89194,69.06125,70.23055,71.39985,72.56915,73.73845,74.90775,76.07706,77.24636,78.41566,79.58496,80.75426,81.92356,83.09287,84.26217,85.43147,86.60077,87.77007,88.93937,90.10867,91.27798,92.44728,93.61658,94.78588,95.95518,97.12448,98.29379,99.46309,100.63239,101.80169,102.97099,104.14029,105.3096,106.4789,107.6482,108.8175,109.9868,111.1561,112.32541,113.49471,114.66401,115.83331,117.00261,118.17191,119.34122,120.51052,121.67982,122.84912,124.01842,125.18772,126.35703,127.52633,128.69563,129.86493,131.03423,132.20353,133.37283,134.54214,135.71144,136.88074,138.05004,139.21934,140.38864,141.55795,142.72725,143.89655,145.06585,146.23515,147.40445,148.57376,149.74306,150.91236,152.08166,153.25096,154.42026,155.58957,156.75887,157.92817,159.09747,160.26677,161.43607,162.60538,163.77468,164.94398,166.11328,167.28258,168.45188,169.62119,170.79049,171.95979,173.12909,174.29839,175.46769,176.63699,177.8063,178.9756 -0.69083,-0.70498,-0.71033,-0.71245,-0.71239,-0.71499,-0.71863,-0.72629,-0.7436,-0.74411,-0.73337,-0.72835,-0.75548,-0.79379,-0.82509,-0.83804,-0.82628,-0.80301,-0.77302,-0.75976,-0.76404,-0.78595,-0.82544,-0.85278,-0.86515,-1.30061,-2.89445,-2.76461,-1.75589,-0.76366,-1.08977,-0.64405,-0.61746,-0.59585,-0.60964,-0.62037,-0.62394,-0.60287,-0.58034,-0.5606,-0.55117,-0.5558,-0.56015,-0.5697,-0.57564,-0.5755,-0.57208,-0.57069,-0.56712,-0.56026,-0.5517,-0.54004,-0.51663,-0.4971,-0.48488,-0.48611,-1.32785,-4.57099,-3.36282,-0.5615,-1.65085,-0.53713,-0.53418,-0.52655,-0.50974,-0.50533,-0.54741,-0.65859,-0.57361,-0.92153,-0.7798,-3.5361,-3.44948,-0.51473,-0.4498,-0.42372,-0.42728,-0.78398,-2.08176,-0.70788,-0.41927,-0.4432,-0.47901,-0.52154,-0.55917,-0.77356,-3.29902,-2.63562,-0.71907,-0.99741,-2.32675,-2.24428,-0.39994,-0.43027,-0.47291,-0.79286,-0.423,-0.42071,-0.41255,-0.40487,-0.40054,-0.40045,-0.38762,-0.37248,-0.36182,-0.37371,-0.37643,-0.36481,-0.33738,-0.32869,-0.33493,-0.34782,-0.36224,-0.37312,-0.37035,-0.35298,-0.32652,-0.31239,-0.30591,-0.30465,-0.29577,-0.28323,-0.27934,-0.27132,-0.26386,-0.25141,-0.25188,-0.26385,-0.27937,-0.284,-0.28605,-0.28454,-0.28835,-0.2981,-0.30746,-0.31045,-0.2983,-0.27996,-0.27284,-0.27613,-0.28676,-0.29951,-0.32054,-0.34456,-0.35625,-0.36329,-0.36261,-0.36026,-0.35707,-0.35543,-0.3589,-0.35621,-0.3466,-0.33057,-0.32085,-0.32532,-0.33088,-0.32772,-0.30266,-0.28041,-0.26516,-0.2589,-0.24716,-0.23123,-0.22349,-0.22736,-0.23401,-0.23395,-0.22904,-0.22136,-0.21501,-0.21429,-0.21623,-0.22129,-0.23305,-0.23852,-0.23521,-0.22257,-0.20201,-0.19033,-0.18768,-0.19611,-0.20128,-0.20368,-0.20463,-0.19753,-0.16689,-0.14294,-0.13415,-0.15529,-0.2001,-0.25114,-0.28171,-0.25356,-0.21928,-0.18232,-0.18966,-0.21931,-0.26901,-0.31465,-0.36009,-0.41495,-0.46684,-0.5024,-0.51569,-0.5093,-0.49152,-0.47,-0.42962,-0.38861,-0.35356,-0.31875,-0.31935,-0.32726,-0.33443,-0.3512,-0.36952,-0.38167,-0.37582,-0.37355,-0.38167,-0.42407,-0.48553,-0.50533,-0.50491,-0.47279,-0.47363,-0.4783,-0.49073,-0.50423,-0.51226,-0.50249,-0.49192,-0.48184,-0.48449,-0.48349,-0.47487,-0.47154,-0.47239,-0.47323,-0.47256,-0.46886,-0.46907,-0.47427,-0.48053,-0.49004,-0.49048,-0.47946,-0.46167,-0.45497,-0.4553,-0.46103,-0.46919,-0.47379,-0.47331,-0.46639,-0.45255,-0.44863,-0.45693,-0.48044,-0.49049,-1.26914,-2.11581,-1.79034,-3.62148,-3.73155,-0.74226,-0.77584,-0.78409,-1.18034,-1.69115,-0.79303,-0.75097,-0.67547,-0.60679,-0.76362,-1.03589,-0.88339,-0.73366,-0.64985,-0.00357,-0.24353,-2.28849,-2.65206,-0.49843,-0.5266,-0.53464,-0.52749,-1.00642,-0.49164,-0.48318,-0.50942,-0.55383,-0.57237,-0.5697,-0.56154,-0.55,-0.54149,-0.53845,-0.55354,-0.58606,-0.61064,-0.63444,-0.63696,-0.6356,-0.63536,-0.64779,-0.6673
292.5 -180.0,-178.85408,-177.70817,-176.56225,-175.41634,-174.27042,-173.12451,-171.97859,-170.83268,-169.68676,-168.54084,-167.39493,-166.24901,-165.1031,-163.95718,-162.81127,-161.66535,-160.51943,-159.37352,-158.2276,-157.08169,-155.93577,-154.78986,-153.64394,-152.49803,-151.35211,-150.20619,-149.06028,-147.91436,-146.76845,-145.62253,-144.47662,-143.3307,-142.18479,-141.03887,-139.89295,-138.74704,-137.60112,-136.45521,-135.30929,-134.16338,-133.01746,-131.87155,-130.72563,-129.57971,-128.4338,-127.28788,-126.14197,-124.99605,-123.85014,-122.70422,-121.5583,-120.41239,-119.26647,-118.12056,-116.97464,-115.82873,-114.68281,-113.5369,-112.39098,-111.24506,-110.09915,-108.95323,-107.80732,-106.6614,-105.51549,-104.36957,-103.22366,-102.07774,-100.93182,-99.78591,-98.63999,-97.49408,-96.34816,-95.20225,-94.05633,-92.91042,-91.7645,-90.61858,-89.47267,-88.32675,-87.18084,-86.03492,-84.88901,-83.74309,-82.59717,-81.45126,-80.30534,-79.15943,-78.01351,-76.8676,-75.72168,-74.57577,-73.42985,-72.28393,-71.13802,-69.9921,-68.84619,-67.70027,-66.55436,-65.40844,-64.26253,-63.11661,-61.97069,-60.82478,-59.67886,-58.53295,-57.38703,-56.24112,-55.0952,-53.94929,-52.80337,-51.65745,-50.51154,-49.36562,-48.21971,-47.07379,-45.92788,-44.78196,-43.63604,-42.49013,-41.34421,-40.1983,-39.05238,-37.90647,-36.76055,-35.61464,-34.46872,-33.3228,-32.17689,-31.03097,-29.88506,-28.73914,-27.59323,-26.44731,-25.3014,-24.15548,-23.00956,-21.86365,-20.71773,-19.57182,-18.4259,-17.27999,-16.13407,-14.98816,-13.84224,-12.69632,-11.55041,-10.40449,-9.25858,-8.11266,-6.96675,-5.82083,-4.67491,-3.529,-2.38308,-1.23717,-0.09125,1.05466,2.20058,3.34649,4.49241,5.63833,6.78424,7.93016,9.07607,10.22199,11.3679,12.51382,13.65973,14.80565,15.95157,17.09748,18.2434,19.38931,20.53523,21.68114,22.82706,23.97298,25.11889,26.26481,27.41072,28.55664,29.70255,30.84847,31.99438,33.1403,34.28622,35.43213,36.57805,37.72396,38.86988,40.01579,41.16171,42.30762,43.45354,44.59946,45.74537,46.89129,48.0372,49.18312,50.32903,51.47495,52.62086,53.76678,54.9127,56.05861,57.20453,58.35044,59.49636,60.64227,61.78819,62.93411,64.08002,65.22594,66.37185,67.51777,68.66368,69.8096,70.95551,72.10143,73.24735,74.39326,75.53918,76.68509,77.83101,78.97692,80.12284,81.26875,82.41467,83.56059,84.7065,85.85242,86.99833,88.14425,89.29016,90.43608,91.58199,92.72791,93.87383,95.01974,96.16566,97.31157,98.45749,99.6034,100.74932,101.89524,103.04115,104.18707,105.33298,106.4789,107.62481,108.77073,109.91664,111.06256,112.20848,113.35439,114.50031,115.64622,116.79214,117.93805,119.08397,120.22988,121.3758,122.52172,123.66763,124.81355,125.95946,127.10538,128.25129,129.39721,130.54312,131.68904,132.83496,133.98087,135.12679,136.2727,137.41862,138.56453,139.71045,140.85637,142.00228,143.1482,144.29411,145.44003,146.58594,147.73186,148.87777,150.02369,151.16961,152.31552,153.46144,154.60735,155.75327,156.89918,158.0451,159.19101,160.33693,161.48285,162.62876,163.77468,164.92059,166.06651,167.21242,168.35834,169.50426,170.65017,171.79609,172.942,174.08792,175.23383,176.37975,177.52566,178.67158,179.8175 -0.73968,-0.78147,-0.78407,-0.79652,-0.82165,-0.83498,-0.82835,-0.79939,-0.80391,-0.79332,-0.77643,-0.88743,-0.7818,-0.81085,-0.8359,-0.84842,-0.85115,-0.84112,-0.83567,-1.0377,-0.79193,-0.82729,-0.87488,-0.90533,-1.01593,-1.80633,-4.34451,-6.51543,-6.50802,-2.35446,-2.94185,-4.51069,-1.13991,-0.63961,-0.62758,-0.63807,-0.63876,-0.62243,-0.59841,-0.57959,-0.57402,-0.5715,-0.57531,-0.58445,-0.59519,-0.59914,-0.5999,-0.6019,-0.60618,-0.59802,-0.59094,-0.58449,-0.20445,-1.04902,-2.3155,-2.31912,-3.43131,-3.15798,-6.18915,-6.17617,-4.65152,-5.00291,-4.15955,-1.24115,-0.56703,-0.57551,-0.56109,-0.57944,-0.58956,-0.57702,-0.56232,-0.55822,-0.75974,-2.10253,-0.59908,-0.49067,-0.45193,-1.01562,-3.0709,-5.07051,-4.75224,-1.06049,-0.44257,-0.46791,-0.50303,-0.54115,-0.55822,-1.70809,-5.06101,-4.74169,-4.25774,-3.03337,-4.91618,-4.32631,-2.96961,-3.66198,-4.26407,-3.32674,-0.47679,-0.46511,-0.44927,-0.43772,-0.43083,-0.42821,-0.41184,-0.39015,-0.36927,-0.37954,-0.39389,-0.39733,-0.37545,-0.35492,-0.34727,-0.35423,-0.37685,-0.39741,-0.40236,-0.39523,-0.36437,-0.34032,-0.32732,-0.32865,-0.32936,-0.32646,-0.32498,-0.31543,-0.29895,-0.27212,-0.25878,-0.2641,-0.28711,-0.2988,-0.30053,-0.29725,-0.29712,-0.29719,-0.30314,-0.3109,-0.3128,-0.30013,-0.28411,-0.27874,-0.27856,-0.29082,-0.30781,-0.32549,-0.33923,-0.34995,-0.35417,-0.35615,-0.35439,-0.35053,-0.34919,-0.34834,-0.34728,-0.34363,-0.3343,-0.33028,-0.33865,-0.35064,-0.34897,-0.33406,-0.30731,-0.29436,-0.28655,-0.28068,-0.26663,-0.25771,-0.25671,-0.26552,-0.26528,-0.25661,-0.24348,-0.2358,-0.23136,-0.22969,-0.22738,-0.23339,-0.2442,-0.25357,-0.25186,-0.24241,-0.22784,-0.22619,-0.2338,-0.23781,-0.22946,-0.21254,-0.20313,-0.19514,-0.17254,-0.15857,-0.1579,-0.17558,-0.23183,-0.27483,-0.30423,-0.26672,-0.21641,-0.18243,-0.18817,-0.21561,-0.25466,-0.30359,-0.37856,-0.44176,-0.50105,-0.54784,-0.56533,-0.56584,-0.55735,-0.53306,-0.4897,-0.43674,-0.37773,-0.34727,-0.3291,-0.33068,-0.33632,-0.36622,-0.40951,-0.45273,-0.43317,-0.41756,-0.40365,-0.41652,-0.46278,-0.54079,-0.56522,-0.55442,-0.54218,-0.53607,-0.53093,-0.5405,-0.54266,-0.5466,-0.5391,-0.53142,-0.53271,-0.53425,-0.53234,-0.52567,-0.51573,-0.51227,-0.51481,-0.52053,-0.51832,-0.51436,-0.51423,-0.51021,-0.50683,-0.50469,-0.50323,-0.64394,-1.00376,-0.47931,-0.48422,-0.49605,-0.49864,-0.48542,-0.47068,-0.45276,-0.44499,-0.45465,-0.4927,-0.51424,-1.51723,-4.23656,-4.40549,-5.16629,-5.98301,-4.75563,-1.91056,-0.84264,-1.20369,-5.08095,-3.08076,-0.82563,-0.83374,-0.84345,-0.86888,-1.1216,-1.16954,-1.05266,-0.82117,0.08992,1.16351,0.5477,-0.26777,-0.50266,-0.56014,-0.57248,-0.57518,-2.89155,-4.64935,-1.53651,-0.49441,-0.53985,-0.57547,-0.58773,-0.58203,-0.5726,-0.55983,-0.54685,-0.54613,-0.55574,-0.58983,-0.64277,-0.67201,-0.71382,-0.69811,-0.68154,-0.68185,-0.70378,-0.73404
298.35 -180.0,-178.87655,-177.75311,-176.62966,-175.50621,-174.38277,-173.25932,-172.13587,-171.01243,-169.88898,-168.76553,-167.64209,-166.51864,-165.39519,-164.27175,-163.1483,-162.02485,-160.90141,-159.77796,-158.65451,-157.53107,-156.40762,-155.28417,-154.16073,-153.03728,-151.91383,-150.79039,-149.66694,-148.54349,-147.42005,-146.2966,-145.17315,-144.04971,-142.92626,-141.80281,-140.67937,-139.55592,-138.43247,-137.30903,-136.18558,-135.06213,-133.93869,-132.81524,-131.69179,-130.56835,-129.4449,-128.32145,-127.19801,-126.07456,-124.95111,-123.82767,-122.70422,-121.58077,-120.45733,-119.33388,-118.21043,-117.08699,-115.96354,-114.84009,-113.71665,-112.5932,-111.46975,-110.34631,-109.22286,-108.09941,-106.97597,-105.85252,-104.72907,-103.60563,-102.48218,-101.35873,-100.23529,-99.11184,-97.98839,-96.86495,-95.7415,-94.61805,-93.49461,-92.37116,-91.24771,-90.12427,-89.00082,-87.87737,-86.75393,-85.63048,-84.50703,-83.38359,-82.26014,-81.13669,-80.01325,-78.8898,-77.76635,-76.64291,-75.51946,-74.39601,-73.27257,-72.14912,-71.02567,-69.90223,-68.77878,-67.65533,-66.53189,-65.40844,-64.28499,-63.16155,-62.0381,-60.91465,-59.79121,-58.66776,-57.54431,-56.42087,-55.29742,-54.17397,-53.05053,-51.92708,-50.80363,-49.68019,-48.55674,-47.43329,-46.30985,-45.1864,-44.06295,-42.93951,-41.81606,-40.69261,-39.56917,-38.44572,-37.32227,-36.19883,-35.07538,-33.95193,-32.82849,-31.70504,-30.58159,-29.45815,-28.3347,-27.21125,-26.08781,-24.96436,-23.84091,-22.71747,-21.59402,-20.47057,-19.34713,-18.22368,-17.10023,-15.97679,-14.85334,-13.72989,-12.60645,-11.483,-10.35955,-9.23611,-8.11266,-6.98921,-5.86577,-4.74232,-3.61887,-2.49543,-1.37198,-0.24853,0.87491,1.99836,3.12181,4.24525,5.3687,6.49215,7.61559,8.73904,9.86249,10.98593,12.10938,13.23283,14.35627,15.47972,16.60316,17.72661,18.85006,19.9735,21.09695,22.2204,23.34384,24.46729,25.59074,26.71418,27.83763,28.96108,30.08452,31.20797,32.33142,33.45486,34.57831,35.70176,36.8252,37.94865,39.0721,40.19554,41.31899,42.44244,43.56588,44.68933,45.81278,46.93622,48.05967,49.18312,50.30656,51.43001,52.55346,53.6769,54.80035,55.9238,57.04724,58.17069,59.29414,60.41758,61.54103,62.66448,63.78792,64.91137,66.03482,67.15826,68.28171,69.40516,70.5286,71.65205,72.7755,73.89894,75.02239,76.14584,77.26928,78.39273,79.51618,80.63962,81.76307,82.88652,84.00996,85.13341,86.25686,87.3803,88.50375,89.6272,90.75064,91.87409,92.99754,94.12098,95.24443,96.36788,97.49132,98.61477,99.73822,100.86166,101.98511,103.10856,104.232,105.35545,106.4789,107.60234,108.72579,109.84924,110.97268,112.09613,113.21958,114.34302,115.46647,116.58992,117.71336,118.83681,119.96026,121.0837,122.20715,123.3306,124.45404,125.57749,126.70094,127.82438,128.94783,130.07128,131.19472,132.31817,133.44162,134.56506,135.68851,136.81196,137.9354,139.05885,140.1823,141.30574,142.42919,143.55264,144.67608,145.79953,146.92298,148.04642,149.16987,150.29332,151.41676,152.54021,153.66366,154.7871,155.91055,157.034,158.15744,159.28089,160.40434,161.52778,162.65123,163.77468,164.89812,166.02157,167.14502,168.26846,169.39191,170.51536,171.6388,172.76225,173.8857,175.00914,176.13259,177.25604,178.37948,179.50293 -0.77535,-0.61455,-0.89438,-0.91059,-1.63081,-2.5107,-0.94422,-0.89841,-0.8711,-0.92149,-3.26757,-3.38535,-0.78838,-0.77236,-0.83049,-1.39248,-3.68635,-0.25395,-0.5029,-4.91549,-1.68436,-0.85672,-0.90948,-0.94682,-0.94412,-3.31092,-6.18338,-6.4492,-6.50615,-5.67989,-3.96807,-5.83732,-4.90217,-2.68769,-1.85384,-0.76503,-0.66171,-0.65055,-0.61908,-0.60544,-0.59635,-0.59954,-0.59269,-0.59177,-0.59686,-0.6105,-0.62071,-0.62674,-0.64549,-0.64533,-0.63151,-0.61701,-0.22506,1.50044,-0.43673,-5.23401,-3.00673,-3.40935,-0.13342,-3.76405,-6.16917,-5.06682,-6.15009,-6.13713,-4.90451,-1.95491,-0.58829,-0.59173,-0.59663,-0.60502,-0.58992,-0.56388,-0.55452,-0.56127,-0.55916,-0.53934,-0.52078,-0.49502,-1.59059,-4.32319,-4.18723,-4.18844,-4.99641,-1.08532,-0.48841,-0.51159,-0.53094,-1.91886,-4.11092,-5.36584,-4.94207,-4.26699,-5.50836,-5.04861,-5.62262,-5.47664,-5.68882,-5.67569,-4.33287,-2.10068,-0.52069,-0.4996,-0.49646,-0.49881,-0.49456,-0.47541,-0.44649,-0.41433,-0.38436,-0.39756,-0.42826,-0.45026,-0.43257,-0.39739,-1.16519,-1.66295,-0.9842,-0.44119,-0.45991,-0.45578,-0.41772,-0.38045,-0.35281,-0.35297,-0.35915,-0.36436,-0.36985,-0.36485,-0.34615,-0.30698,-0.28094,-0.27193,-0.28796,-0.30509,-0.31536,-0.31647,-0.31602,-0.31649,-0.31699,-0.31899,-0.32686,-0.32937,-0.3227,-0.3048,-0.28938,-0.28943,-0.29493,-0.30895,-0.32106,-0.3296,-0.33458,-0.34392,-0.34945,-0.34947,-0.34751,-0.34149,-0.34407,-0.34728,-0.34892,-0.34995,-0.3517,-0.35545,-0.36435,-0.36786,-0.35858,-0.33851,-0.31942,-0.31391,-0.30953,-0.29842,-0.28275,-0.2815,-0.28882,-0.30372,-0.29405,-0.28065,-0.26513,-0.25894,-0.25398,-0.24858,-0.24271,-0.25259,-0.26279,-0.27015,-0.26682,-0.25608,-0.24903,-0.24891,-0.25723,-0.25069,-0.23514,-0.2132,-0.20677,-0.19937,-0.18958,-0.18088,-0.18893,-0.21069,-0.25311,-0.27972,-0.28218,-0.50293,-2.33835,-1.00688,-0.18437,-0.21125,-0.23687,-0.33492,-0.33012,0.55088,-0.24723,-0.57797,-0.59394,-0.59526,-0.58553,-0.5801,-0.54257,-0.49043,-0.43622,-0.38794,-0.35909,-0.34929,-0.35545,-0.38255,-0.48969,-0.56819,-0.53017,-0.48757,-0.45901,-0.43948,-1.49875,-0.56973,-0.57831,-0.56678,-0.56672,-0.55983,-0.56805,-0.56692,-0.57012,-0.57148,-0.57507,-0.57246,-0.56319,-0.56611,-0.57311,-0.57796,-0.57044,-0.56284,-0.55905,-0.55639,-0.56384,-0.56345,-0.553,-0.54543,-0.52837,-0.51271,-0.50606,-0.51815,-2.63167,-4.20359,-0.62242,-0.50306,-0.74622,-1.13466,-0.53789,-0.4693,-0.4482,-0.62481,-1.31745,-1.21214,-0.94329,-1.08007,-3.74228,-5.29337,-5.96872,-6.34928,-6.35993,-4.4487,-1.53733,-0.91611,-4.50092,-5.56019,-2.7069,-0.99273,-0.83228,-0.87829,-1.07369,-1.14588,-1.16542,-1.06742,-0.8796,-0.38869,0.33389,0.36893,-0.69097,-0.65149,-0.6599,-0.66836,-0.66813,-2.74605,-4.7602,-2.50318,-0.60311,-0.57681,-0.60599,-0.61354,-0.60088,-0.58978,-0.57378,-0.57397,-0.57205,-0.58099,-0.6141,-0.66997,-0.75182,-0.81541,-1.9916,-1.08026,-0.85641,-0.71968,-0.75538
304.2 -180.0,-178.89816,-177.79632,-176.69447,-175.59263,-174.49079,-173.38895,-172.28711,-171.18526,-170.08342,-168.98158,-167.87974,-166.7779,-165.67606,-164.57421,-163.47237,-162.37053,-161.26869,-160.16685,-159.065,-157.96316,-156.86132,-155.75948,-154.65764,-153.55579,-152.45395,-151.35211,-150.25027,-149.14843,-148.04658,-146.94474,-145.8429,-144.74106,-143.63922,-142.53737,-141.43553,-140.33369,-139.23185,-138.13001,-137.02817,-135.92632,-134.82448,-133.72264,-132.6208,-131.51896,-130.41711,-129.31527,-128.21343,-127.11159,-126.00975,-124.9079,-123.80606,-122.70422,-121.60238,-120.50054,-119.39869,-118.29685,-117.19501,-116.09317,-114.99133,-113.88949,-112.78764,-111.6858,-110.58396,-109.48212,-108.38028,-107.27843,-106.17659,-105.07475,-103.97291,-102.87107,-101.76922,-100.66738,-99.56554,-98.4637,-97.36186,-96.26001,-95.15817,-94.05633,-92.95449,-91.85265,-90.7508,-89.64896,-88.54712,-87.44528,-86.34344,-85.2416,-84.13975,-83.03791,-81.93607,-80.83423,-79.73239,-78.63054,-77.5287,-76.42686,-75.32502,-74.22318,-73.12133,-72.01949,-70.91765,-69.81581,-68.71397,-67.61212,-66.51028,-65.40844,-64.3066,-63.20476,-62.10292,-61.00107,-59.89923,-58.79739,-57.69555,-56.59371,-55.49186,-54.39002,-53.28818,-52.18634,-51.0845,-49.98265,-48.88081,-47.77897,-46.67713,-45.57529,-44.47344,-43.3716,-42.26976,-41.16792,-40.06608,-38.96424,-37.86239,-36.76055,-35.65871,-34.55687,-33.45503,-32.35318,-31.25134,-30.1495,-29.04766,-27.94582,-26.84397,-25.74213,-24.64029,-23.53845,-22.43661,-21.33476,-20.23292,-19.13108,-18.02924,-16.9274,-15.82555,-14.72371,-13.62187,-12.52003,-11.41819,-10.31635,-9.2145,-8.11266,-7.01082,-5.90898,-4.80714,-3.70529,-2.60345,-1.50161,-0.39977,0.70207,1.80392,2.90576,4.0076,5.10944,6.21128,7.31313,8.41497,9.51681,10.61865,11.72049,12.82233,13.92418,15.02602,16.12786,17.2297,18.33154,19.43339,20.53523,21.63707,22.73891,23.84075,24.9426,26.04444,27.14628,28.24812,29.34996,30.45181,31.55365,32.65549,33.75733,34.85917,35.96102,37.06286,38.1647,39.26654,40.36838,41.47022,42.57207,43.67391,44.77575,45.87759,46.97943,48.08128,49.18312,50.28496,51.3868,52.48864,53.59049,54.69233,55.79417,56.89601,57.99785,59.0997,60.20154,61.30338,62.40522,63.50706,64.6089,65.71075,66.81259,67.91443,69.01627,70.11811,71.21996,72.3218,73.42364,74.52548,75.62732,76.72917,77.83101,78.93285,80.03469,81.13653,82.23838,83.34022,84.44206,85.5439,86.64574,87.74759,88.84943,89.95127,91.05311,92.15495,93.25679,94.35864,95.46048,96.56232,97.66416,98.766,99.86785,100.96969,102.07153,103.17337,104.27521,105.37706,106.4789,107.58074,108.68258,109.78442,110.88627,111.98811,113.08995,114.19179,115.29363,116.39547,117.49732,118.59916,119.701,120.80284,121.90468,123.00653,124.10837,125.21021,126.31205,127.41389,128.51574,129.61758,130.71942,131.82126,132.9231,134.02495,135.12679,136.22863,137.33047,138.43231,139.53415,140.636,141.73784,142.83968,143.94152,145.04336,146.14521,147.24705,148.34889,149.45073,150.55257,151.65442,152.75626,153.8581,154.95994,156.06178,157.16363,158.26547,159.36731,160.46915,161.57099,162.67284,163.77468,164.87652,165.97836,167.0802,168.18204,169.28389,170.38573,171.48757,172.58941,173.69125,174.7931,175.89494,176.99678,178.09862,179.20046 1.00895,0.97963,-1.76256,-2.88996,-4.44338,-6.55197,-2.96398,-0.92739,-0.90984,-1.08833,-3.93927,-6.13778,-1.21039,0.0249,-0.81671,-1.3177,-4.74409,-4.33714,-0.16132,-2.96412,-2.22538,-0.90913,-0.92919,-0.95388,-2.36222,-5.00013,-6.18054,-6.51122,-6.50445,-6.4975,-6.0021,-6.02802,-6.47513,-6.46725,-6.45914,-4.20745,-0.70353,-0.68343,-0.65566,-0.62933,-0.63085,-0.63525,-0.62883,-0.60929,-0.60688,-0.61791,-0.63465,-0.64739,-0.65996,-0.68084,-0.68076,-0.0373,0.34879,-0.56101,0.05193,1.10124,-1.96467,-2.14822,-3.44198,-0.22895,1.30714,-1.82566,-0.67195,-4.63089,-6.13795,-6.12526,-5.25265,-1.58355,-0.59069,-0.59753,-0.60339,-0.60786,-0.58413,-0.56949,-0.5755,-1.99881,-0.98273,-1.05223,-0.52587,-0.51379,-2.7113,-1.70222,-0.6122,-1.97747,-1.78207,-0.58395,-0.52638,-0.5345,-0.55147,-3.98393,-5.79362,-5.78043,-0.89537,-1.68491,-5.60729,-4.4722,-2.96648,-3.00708,-5.68931,-5.67657,-2.9111,-0.99843,-2.39549,-1.06138,-0.53268,-0.53759,-0.54087,-0.52837,-0.50233,-0.46733,-0.42936,-0.4382,-0.46752,-0.86969,-1.98159,-1.60857,-2.74485,-5.46628,-4.78182,-2.07497,-0.52424,-0.51463,-0.48064,-0.43734,-0.39987,-0.39499,-0.39469,-0.39691,-0.40033,-0.40525,-0.39815,-0.36447,-0.32408,-0.2966,-0.29917,-0.31275,-0.32475,-0.32796,-0.33396,-0.34127,-0.33926,-0.33723,-0.33973,-0.34952,-0.35615,-0.34733,-0.33118,-0.31148,-0.30081,-0.30228,-0.30761,-0.31167,-0.31462,-0.32176,-0.33298,-0.35426,-0.35966,-0.35225,-0.34492,-0.34242,-0.35392,-0.36455,-0.37305,-0.3748,-0.37826,-0.38214,-0.38955,-0.38571,-0.37001,-0.34724,-0.33236,-0.32283,-0.31515,-0.30486,-0.29784,-0.3077,-0.32443,-0.33433,-0.32668,-0.30739,-0.29149,-0.2791,-0.26589,-0.25637,-0.25479,-0.26511,-0.2752,-0.27876,-0.27583,-0.26614,-0.26301,-0.26416,-0.26817,-0.25438,-0.23532,-0.21975,-0.21815,-0.21716,-0.22006,-0.22446,-0.23515,-0.25093,-0.26701,-0.27989,-0.2856,-1.12536,-4.2298,-1.76471,-0.21408,-0.21611,-0.22028,-1.84957,-2.36375,2.70093,1.95478,-0.62894,-0.60345,-0.59598,-0.58892,-0.57908,-0.77762,-0.52813,-0.74576,-0.46006,-0.40479,-0.38663,-0.39829,-0.45403,-0.62334,-0.66564,-0.61048,-0.55612,-0.51141,-1.73256,-4.2569,-3.34508,-0.70223,-0.56598,-0.53404,-0.5395,-0.56185,-0.5801,-0.58504,-0.58465,-0.59035,-0.586,-0.58231,-0.57983,-0.58235,-0.59153,-0.60371,-0.60358,-0.59869,-0.59401,-0.59158,-0.59723,-0.59463,-0.58124,-0.56325,-0.53783,-0.51108,-0.51057,-0.53762,-2.5994,-5.56673,-1.38817,-0.50929,-2.01294,-5.02704,-1.41341,-0.45634,-0.43498,-0.63628,-4.53363,-5.47277,-5.2123,-4.87561,-5.32272,-5.86404,-6.3303,-6.34092,-6.3513,-6.36155,-5.46667,-1.6439,-2.96458,-5.32527,-5.9369,-2.66685,-0.80117,-0.83694,-1.0385,-1.12672,nan,nan,-1.08427,-0.81083,-0.82762,-0.80018,-0.75475,-0.79531,-0.78412,-0.76902,-0.74701,-0.73027,-3.36341,-5.63494,-2.33872,0.13732,-0.53032,-0.63019,-0.63171,-0.08962,-0.12283,-2.13681,-1.77859,-0.65554,-0.64153,-0.66294,-0.72271,-0.76426,-1.3692,-4.69021,-4.87872,-4.33209,-2.91365,0.26277
310.05 -180.0,-178.91895,-177.8379,-176.75684,-175.67579,-174.59474,-173.51369,-172.43263,-171.35158,-170.27053,-169.18948,-168.10842,-167.02737,-165.94632,-164.86527,-163.78421,-162.70316,-161.62211,-160.54106,-159.46,-158.37895,-157.2979,-156.21685,-155.13579,-154.05474,-152.97369,-151.89264,-150.81158,-149.73053,-148.64948,-147.56843,-146.48737,-145.40632,-144.32527,-143.24422,-142.16316,-141.08211,-140.00106,-138.92001,-137.83895,-136.7579,-135.67685,-134.5958,-133.51474,-132.43369,-131.35264,-130.27159,-129.19054,-128.10948,-127.02843,-125.94738,-124.86633,-123.78527,-122.70422,-121.62317,-120.54212,-119.46106,-118.38001,-117.29896,-116.21791,-115.13685,-114.0558,-112.97475,-111.8937,-110.81264,-109.73159,-108.65054,-107.56949,-106.48843,-105.40738,-104.32633,-103.24528,-102.16422,-101.08317,-100.00212,-98.92107,-97.84001,-96.75896,-95.67791,-94.59686,-93.5158,-92.43475,-91.3537,-90.27265,-89.19159,-88.11054,-87.02949,-85.94844,-84.86738,-83.78633,-82.70528,-81.62423,-80.54318,-79.46212,-78.38107,-77.30002,-76.21897,-75.13791,-74.05686,-72.97581,-71.89476,-70.8137,-69.73265,-68.6516,-67.57055,-66.48949,-65.40844,-64.32739,-63.24634,-62.16528,-61.08423,-60.00318,-58.92213,-57.84107,-56.76002,-55.67897,-54.59792,-53.51686,-52.43581,-51.35476,-50.27371,-49.19265,-48.1116,-47.03055,-45.9495,-44.86844,-43.78739,-42.70634,-41.62529,-40.54423,-39.46318,-38.38213,-37.30108,-36.22002,-35.13897,-34.05792,-32.97687,-31.89582,-30.81476,-29.73371,-28.65266,-27.57161,-26.49055,-25.4095,-24.32845,-23.2474,-22.16634,-21.08529,-20.00424,-18.92319,-17.84213,-16.76108,-15.68003,-14.59898,-13.51792,-12.43687,-11.35582,-10.27477,-9.19371,-8.11266,-7.03161,-5.95056,-4.8695,-3.78845,-2.7074,-1.62635,-0.54529,0.53576,1.61681,2.69786,3.77892,4.85997,5.94102,7.02207,8.10313,9.18418,10.26523,11.34628,12.42733,13.50839,14.58944,15.67049,16.75154,17.8326,18.91365,19.9947,21.07575,22.15681,23.23786,24.31891,25.39996,26.48102,27.56207,28.64312,29.72417,30.80523,31.88628,32.96733,34.04838,35.12944,36.21049,37.29154,38.37259,39.45365,40.5347,41.61575,42.6968,43.77786,44.85891,45.93996,47.02101,48.10207,49.18312,50.26417,51.34522,52.42628,53.50733,54.58838,55.66943,56.75049,57.83154,58.91259,59.99364,61.07469,62.15575,63.2368,64.31785,65.3989,66.47996,67.56101,68.64206,69.72311,70.80417,71.88522,72.96627,74.04732,75.12838,76.20943,77.29048,78.37153,79.45259,80.53364,81.61469,82.69574,83.7768,84.85785,85.9389,87.01995,88.10101,89.18206,90.26311,91.34416,92.42522,93.50627,94.58732,95.66837,96.74943,97.83048,98.91153,99.99258,101.07364,102.15469,103.23574,104.31679,105.39785,106.4789,107.55995,108.641,109.72205,110.80311,111.88416,112.96521,114.04626,115.12732,116.20837,117.28942,118.37047,119.45153,120.53258,121.61363,122.69468,123.77574,124.85679,125.93784,127.01889,128.09995,129.181,130.26205,131.3431,132.42416,133.50521,134.58626,135.66731,136.74837,137.82942,138.91047,139.99152,141.07258,142.15363,143.23468,144.31573,145.39679,146.47784,147.55889,148.63994,149.721,150.80205,151.8831,152.96415,154.04521,155.12626,156.20731,157.28836,158.36941,159.45047,160.53152,161.61257,162.69362,163.77468,164.85573,165.93678,167.01783,168.09889,169.17994,170.26099,171.34204,172.4231,173.50415,174.5852,175.66625,176.74731,177.82836,178.90941,179.99046 2.35449,2.38306,-1.89234,-4.79615,-5.55505,-6.41464,-4.88161,-1.06955,-0.92034,-2.27487,-6.23528,nan,nan,-2.43469,-1.43098,-3.22845,-6.19917,-6.56177,-5.20577,-3.05754,-0.99146,-0.96144,-0.95284,-0.96163,-0.98897,-1.95285,-4.24454,-6.50916,-6.5027,-6.12873,-5.71539,-5.62587,-6.38784,-6.46712,-6.45942,-6.45153,-4.7668,-2.993,-1.84427,-0.70584,-0.67945,-0.68872,-0.68382,-0.65144,-0.62885,-0.62236,-0.65042,-0.66876,-0.6854,-0.69694,-0.70321,-0.70919,0.60563,0.20213,-3.44119,-4.11229,-4.72534,-4.95269,-5.99269,-6.10045,-2.11237,0.81018,-0.43358,-1.98811,-5.12007,-6.13873,-6.1264,-5.2085,-1.70432,-0.81067,-0.60141,-0.61048,-0.61165,-0.6135,-0.5971,-0.58057,-3.0295,-5.0695,-4.19624,-3.46895,-2.71198,-4.76638,-3.31426,-0.64015,-0.63112,-0.92281,-3.0757,-1.59821,-0.65291,-2.66821,-4.09759,-5.64091,-5.71752,-5.12641,-2.809,-4.19064,-5.3859,-3.71647,-2.00794,-2.21045,-5.68978,-5.67739,-3.06668,-1.93719,-5.14066,-1.66598,-0.557,-0.55471,-0.55818,-0.55562,-0.54113,-0.51586,-0.48168,-0.48653,-0.50658,-1.20069,-4.68468,-5.35465,-5.05204,-5.47265,-5.46255,-2.8402,-0.57021,-0.55931,-0.54038,-0.51339,-0.48182,-0.46546,-0.44589,-0.44243,-0.44224,-1.1959,-0.43993,-0.42018,-0.38125,-0.34512,-0.34078,-0.33606,-0.33394,-0.33524,-0.34445,-0.35743,-0.36044,-0.3588,-0.35369,-0.3598,-0.3739,-0.37915,-0.37246,-0.35299,-0.33347,-0.31817,-0.31093,-0.304,-0.30271,-0.30503,-0.31157,-0.33717,-0.36469,-0.3866,-0.37412,-0.35459,-0.34484,-0.35736,-0.3783,-0.39134,-0.39881,-0.39979,-0.40537,-0.41288,-0.41772,-0.40066,-0.37753,-0.35184,-0.34032,-0.32916,-0.31807,-0.31127,-0.3232,-0.34591,-0.36548,-0.36589,-0.35334,-0.32807,-0.30688,-0.28175,-0.25721,-0.24901,-0.25287,-0.26235,-0.27292,-0.27615,-0.27507,-0.27106,-0.26912,-0.26927,-0.26462,-0.25177,-0.23483,-0.23338,-0.24269,-0.2579,-0.27207,-0.27812,-0.28453,-0.30345,-0.31901,-0.32797,-0.32584,-0.32369,-0.63589,-0.39307,-0.25556,-0.22434,-0.21473,-2.03948,-3.48986,0.2533,0.47623,-0.6514,-0.60676,-0.58664,-1.27351,-2.47511,-2.68913,-3.66691,-2.2947,-1.14682,0.12678,-0.42475,-0.43544,-0.60212,-0.78919,-0.74835,-0.67829,-0.58811,-0.53547,-1.76272,-5.75121,-4.24492,-0.75069,-0.55969,-0.50658,-0.50698,-0.54036,-0.57277,-0.59253,-0.59208,-0.57912,-0.56697,-0.56762,-0.56356,-0.56269,-0.57796,-1.86162,-0.99229,-0.62189,-0.6223,-0.61854,-0.60912,-0.6068,-0.52493,-0.52657,-0.56497,-0.53052,-0.50525,-0.52822,-0.43852,-1.03946,-4.41888,-1.53354,-0.5088,-1.03654,-2.78734,-3.57524,-4.11972,-4.18486,-4.16219,-5.50123,-6.26857,-6.27967,-6.29061,-6.30138,-6.31203,-6.1712,-5.49555,-6.32657,-6.35316,-6.36312,-2.3744,-2.10603,-3.74104,-3.64419,-3.52531,-1.85134,-0.76504,-0.98786,-2.24984,-3.5023,nan,nan,nan,-1.65111,-0.80161,-0.80473,-0.80929,-0.80827,-0.81764,-0.81573,-0.7748,-0.7474,-2.92593,-6.07361,-5.059,-2.30582,-2.20174,-2.3751,-2.38594,-1.27165,-1.9379,-5.75969,-2.57968,-0.34318,-0.74943,-0.71224,-1.02473,0.72832,-0.0199,-3.06056,-6.0459,-6.59617,-5.89029,-0.39308,2.35427
315.9 -180.0,-178.93897,-177.87793,-176.8169,-175.75587,-174.69484,-173.6338,-172.57277,-171.51174,-170.4507,-169.38967,-168.32864,-167.2676,-166.20657,-165.14554,-164.08451,-163.02347,-161.96244,-160.90141,-159.84037,-158.77934,-157.71831,-156.65728,-155.59624,-154.53521,-153.47418,-152.41314,-151.35211,-150.29108,-149.23004,-148.16901,-147.10798,-146.04695,-144.98591,-143.92488,-142.86385,-141.80281,-140.74178,-139.68075,-138.61971,-137.55868,-136.49765,-135.43662,-134.37558,-133.31455,-132.25352,-131.19248,-130.13145,-129.07042,-128.00939,-126.94835,-125.88732,-124.82629,-123.76525,-122.70422,-121.64319,-120.58215,-119.52112,-118.46009,-117.39906,-116.33802,-115.27699,-114.21596,-113.15492,-112.09389,-111.03286,-109.97183,-108.91079,-107.84976,-106.78873,-105.72769,-104.66666,-103.60563,-102.54459,-101.48356,-100.42253,-99.3615,-98.30046,-97.23943,-96.1784,-95.11736,-94.05633,-92.9953,-91.93426,-90.87323,-89.8122,-88.75117,-87.69013,-86.6291,-85.56807,-84.50703,-83.446,-82.38497,-81.32394,-80.2629,-79.20187,-78.14084,-77.0798,-76.01877,-74.95774,-73.8967,-72.83567,-71.77464,-70.71361,-69.65257,-68.59154,-67.53051,-66.46947,-65.40844,-64.34741,-63.28638,-62.22534,-61.16431,-60.10328,-59.04224,-57.98121,-56.92018,-55.85914,-54.79811,-53.73708,-52.67605,-51.61501,-50.55398,-49.49295,-48.43191,-47.37088,-46.30985,-45.24881,-44.18778,-43.12675,-42.06572,-41.00468,-39.94365,-38.88262,-37.82158,-36.76055,-35.69952,-34.63849,-33.57745,-32.51642,-31.45539,-30.39435,-29.33332,-28.27229,-27.21125,-26.15022,-25.08919,-24.02816,-22.96712,-21.90609,-20.84506,-19.78402,-18.72299,-17.66196,-16.60093,-15.53989,-14.47886,-13.41783,-12.35679,-11.29576,-10.23473,-9.17369,-8.11266,-7.05163,-5.9906,-4.92956,-3.86853,-2.8075,-1.74646,-0.68543,0.3756,1.43664,2.49767,3.5587,4.61973,5.68077,6.7418,7.80283,8.86387,9.9249,10.98593,12.04696,13.108,14.16903,15.23006,16.2911,17.35213,18.41316,19.4742,20.53523,21.59626,22.65729,23.71833,24.77936,25.84039,26.90143,27.96246,29.02349,30.08452,31.14556,32.20659,33.26762,34.32866,35.38969,36.45072,37.51176,38.57279,39.63382,40.69485,41.75589,42.81692,43.87795,44.93899,46.00002,47.06105,48.12209,49.18312,50.24415,51.30518,52.36622,53.42725,54.48828,55.54932,56.61035,57.67138,58.73241,59.79345,60.85448,61.91551,62.97655,64.03758,65.09861,66.15965,67.22068,68.28171,69.34274,70.40378,71.46481,72.52584,73.58688,74.64791,75.70894,76.76997,77.83101,78.89204,79.95307,81.01411,82.07514,83.13617,84.19721,85.25824,86.31927,87.3803,88.44134,89.50237,90.5634,91.62444,92.68547,93.7465,94.80754,95.86857,96.9296,97.99063,99.05167,100.1127,101.17373,102.23477,103.2958,104.35683,105.41786,106.4789,107.53993,108.60096,109.662,110.72303,111.78406,112.8451,113.90613,114.96716,116.02819,117.08923,118.15026,119.21129,120.27233,121.33336,122.39439,123.45542,124.51646,125.57749,126.63852,127.69956,128.76059,129.82162,130.88266,131.94369,133.00472,134.06575,135.12679,136.18782,137.24885,138.30989,139.37092,140.43195,141.49299,142.55402,143.61505,144.67608,145.73712,146.79815,147.85918,148.92022,149.98125,151.04228,152.10331,153.16435,154.22538,155.28641,156.34745,157.40848,158.46951,159.53055,160.59158,161.65261,162.71364,163.77468,164.83571,165.89674,166.95778,168.01881,169.07984,170.14087,171.20191,172.26294,173.32397,174.38501,175.44604,176.50707,177.56811,178.62914,179.69017 2.4092,0.98484,-2.41309,-4.64836,-5.47136,-4.21201,-2.70625,-1.06024,-1.11082,-0.91296,-4.68261,nan,nan,nan,-3.51776,-0.64428,-5.62378,-6.55717,-5.45851,-2.68595,-1.37111,-1.12978,-1.64055,-1.85117,-2.00598,-0.8293,0.81524,-4.94387,-6.50073,-6.06488,-4.74922,-2.36992,-3.8548,-6.4668,-6.45941,-6.45182,-6.44407,-6.40022,-6.14566,-3.51424,-0.72748,-0.74586,-0.74107,-0.7177,-0.67206,-0.66647,-0.67254,-0.69898,-0.72438,-0.73551,-0.7424,-0.74767,-0.74771,-0.71659,-1.55206,-4.98031,-6.13792,-6.2431,-5.44639,-3.1873,-5.18494,-4.02086,-3.1195,-4.89609,-4.67341,-6.1513,-6.1394,-6.12743,-6.11537,-4.16549,-1.32731,-0.63379,-0.63224,-0.63579,-0.65365,-0.49887,-0.57932,-1.43647,-4.92142,-5.97884,-5.96624,-5.55924,-4.85745,-2.86866,-0.84517,-0.66516,-0.33427,-1.97498,-5.6656,-0.9412,-1.08971,-5.16036,-4.03934,-4.41085,-5.45615,-4.16922,-4.10289,-4.69646,-5.67506,-5.59239,-3.26668,-3.03154,-5.69028,-5.67824,-4.77727,-3.79416,-1.63883,-0.75001,-0.56499,-0.54909,-0.54346,-0.54855,-0.5505,-0.54619,-0.53013,-0.53278,-0.53682,-0.6171,-1.37009,-4.07634,-4.5549,-3.34702,-5.11465,-2.96845,-0.58594,-0.56801,-2.8793,-3.10007,-2.08535,-1.02329,-0.52664,-0.49287,-0.4801,-3.06579,-4.41023,-2.95286,-1.42836,-0.41368,-0.40357,-0.38457,-0.36637,-0.35217,-0.34939,-0.36154,-0.37474,-0.37868,-0.37119,-0.36808,-0.37836,-0.39315,-0.39839,-0.39026,-0.37387,-0.35475,-0.33415,-0.31254,-0.30143,-0.29792,-0.30123,-0.31439,-0.34371,-0.39114,-0.41564,-0.40188,-0.36066,-0.34569,-0.35597,-0.38195,-0.4037,-0.41573,-0.41884,-0.42345,-0.43566,-0.44143,-0.43545,-0.41102,-0.38657,-0.36471,-0.35476,-0.35023,-0.34807,-0.35203,-0.37269,-0.39254,-0.40243,-0.38732,-0.35903,-0.32289,-0.28575,-0.24924,-0.22614,-0.223,-0.23001,-0.24053,-0.25195,-0.26188,-0.26762,-0.26971,-0.26835,-0.26438,-0.2533,-0.24207,-0.2328,-0.24551,-0.26729,-0.29292,-0.3169,-0.31964,-0.32356,-0.33577,-0.35823,-0.37234,-0.3806,-0.37784,-0.35805,-0.33484,-0.29638,-0.24953,-0.21648,-0.20855,-0.79671,-0.60736,-0.67062,-0.63746,-0.59174,-0.56768,-2.63308,-5.52261,-5.17324,-5.59263,-5.21975,-1.47853,3.029,0.19888,-0.50486,-0.73785,-0.83737,-0.79617,-0.72224,-0.61186,-0.53374,-0.51554,-1.86513,-4.87113,-2.51247,-0.59617,-0.42664,-0.55402,-0.85537,-1.95184,-0.62761,-0.62677,-0.59846,-0.56306,-0.59162,-0.5764,-0.51705,-0.53159,-1.94759,-5.64102,-1.59844,-0.47884,-0.63207,-0.63223,-0.62118,-0.35035,0.70467,-0.11189,-1.0312,-0.53663,-0.5309,-0.55955,0.67618,2.96679,0.14129,-0.52394,-0.50569,-0.50546,-0.51473,-3.64133,-6.21799,-6.17231,-4.97978,-4.17652,-4.52357,-6.27324,-6.28387,-6.29439,-6.30481,-6.3151,-1.49944,-2.70585,-6.34507,-6.35476,-4.08313,-2.23135,-4.84016,-3.36863,-3.06548,-3.08565,-1.27802,-0.47375,-1.10239,-4.06013,-6.38672,nan,nan,-4.9875,-4.02927,-2.94605,-1.02862,-0.79276,-0.81366,-2.26426,-3.28109,-1.02229,-0.92013,-3.71488,-6.53882,-6.54357,-5.85989,-6.0186,-6.04952,-6.2355,-5.88674,-6.18739,-5.31165,0.04825,1.88552,-0.20101,-1.43809,-4.80564,-2.25839,-1.01802,-2.92815,-5.06905,-6.54299,-6.59045,-4.85393,0.83245
321.75 -180.0,-178.95826,-177.91652,-176.87478,-175.83303,-174.79129,-173.74955,-172.70781,-171.66607,-170.62433,-169.58259,-168.54084,-167.4991,-166.45736,-165.41562,-164.37388,-163.33214,-162.2904,-161.24865,-160.20691,-159.16517,-158.12343,-157.08169,-156.03995,-154.99821,-153.95646,-152.91472,-151.87298,-150.83124,-149.7895,-148.74776,-147.70602,-146.66427,-145.62253,-144.58079,-143.53905,-142.49731,-141.45557,-140.41383,-139.37208,-138.33034,-137.2886,-136.24686,-135.20512,-134.16338,-133.12163,-132.07989,-131.03815,-129.99641,-128.95467,-127.91293,-126.87119,-125.82944,-124.7877,-123.74596,-122.70422,-121.66248,-120.62074,-119.579,-118.53725,-117.49551,-116.45377,-115.41203,-114.37029,-113.32855,-112.28681,-111.24506,-110.20332,-109.16158,-108.11984,-107.0781,-106.03636,-104.99462,-103.95287,-102.91113,-101.86939,-100.82765,-99.78591,-98.74417,-97.70243,-96.66068,-95.61894,-94.5772,-93.53546,-92.49372,-91.45198,-90.41024,-89.36849,-88.32675,-87.28501,-86.24327,-85.20153,-84.15979,-83.11805,-82.0763,-81.03456,-79.99282,-78.95108,-77.90934,-76.8676,-75.82586,-74.78411,-73.74237,-72.70063,-71.65889,-70.61715,-69.57541,-68.53367,-67.49192,-66.45018,-65.40844,-64.3667,-63.32496,-62.28322,-61.24148,-60.19973,-59.15799,-58.11625,-57.07451,-56.03277,-54.99103,-53.94929,-52.90754,-51.8658,-50.82406,-49.78232,-48.74058,-47.69884,-46.65709,-45.61535,-44.57361,-43.53187,-42.49013,-41.44839,-40.40665,-39.3649,-38.32316,-37.28142,-36.23968,-35.19794,-34.1562,-33.11446,-32.07271,-31.03097,-29.98923,-28.94749,-27.90575,-26.86401,-25.82227,-24.78052,-23.73878,-22.69704,-21.6553,-20.61356,-19.57182,-18.53008,-17.48833,-16.44659,-15.40485,-14.36311,-13.32137,-12.27963,-11.23789,-10.19614,-9.1544,-8.11266,-7.07092,-6.02918,-4.98744,-3.9457,-2.90395,-1.86221,-0.82047,0.22127,1.26301,2.30475,3.34649,4.38824,5.42998,6.47172,7.51346,8.5552,9.59694,10.63868,11.68043,12.72217,13.76391,14.80565,15.84739,16.88913,17.93087,18.97262,20.01436,21.0561,22.09784,23.13958,24.18132,25.22306,26.26481,27.30655,28.34829,29.39003,30.43177,31.47351,32.51525,33.557,34.59874,35.64048,36.68222,37.72396,38.7657,39.80745,40.84919,41.89093,42.93267,43.97441,45.01615,46.05789,47.09964,48.14138,49.18312,50.22486,51.2666,52.30834,53.35008,54.39183,55.43357,56.47531,57.51705,58.55879,59.60053,60.64227,61.68402,62.72576,63.7675,64.80924,65.85098,66.89272,67.93446,68.97621,70.01795,71.05969,72.10143,73.14317,74.18491,75.22665,76.2684,77.31014,78.35188,79.39362,80.43536,81.4771,82.51884,83.56059,84.60233,85.64407,86.68581,87.72755,88.76929,89.81103,90.85278,91.89452,92.93626,93.978,95.01974,96.06148,97.10322,98.14497,99.18671,100.22845,101.27019,102.31193,103.35367,104.39541,105.43716,106.4789,107.52064,108.56238,109.60412,110.64586,111.6876,112.72935,113.77109,114.81283,115.85457,116.89631,117.93805,118.97979,120.02154,121.06328,122.10502,123.14676,124.1885,125.23024,126.27199,127.31373,128.35547,129.39721,130.43895,131.48069,132.52243,133.56418,134.60592,135.64766,136.6894,137.73114,138.77288,139.81462,140.85637,141.89811,142.93985,143.98159,145.02333,146.06507,147.10681,148.14856,149.1903,150.23204,151.27378,152.31552,153.35726,154.399,155.44075,156.48249,157.52423,158.56597,159.60771,160.64945,161.69119,162.73294,163.77468,164.81642,165.85816,166.8999,167.94164,168.98338,170.02513,171.06687,172.10861,173.15035,174.19209,175.23383,176.27557,177.31732,178.35906,179.4008 -2.38725,-2.44028,-4.97552,-5.66234,-5.12488,-1.21023,-0.77031,-1.19523,-2.15223,-1.3739,-1.44174,nan,nan,nan,-5.53478,-0.47194,-3.65648,-6.16322,-4.53194,-3.06373,-1.90841,-1.25368,-4.79187,-5.90805,-6.06785,-6.15273,-4.49638,-4.97406,-6.49868,-6.49258,-6.27041,-5.70849,-4.83663,-6.00306,-6.45909,-6.00888,-5.33129,-6.05124,-4.52883,-2.27416,-1.35517,-0.81451,-0.79814,-0.78503,-0.75215,-0.73131,-0.72945,-0.74895,-0.77069,-0.78913,-0.78894,-0.78788,-0.82277,-0.77893,-0.76833,-0.75608,-1.45212,-3.4313,-5.74024,-2.89537,1.06198,-0.47795,-4.38268,-6.0266,-6.1744,-6.15579,-6.15152,-6.13997,-6.12831,-6.08085,-5.27932,-2.9834,-0.94253,-0.65157,-0.64421,-1.0786,0.31051,-0.35049,-3.56741,-5.93008,-5.98392,-5.97165,-5.1023,-2.6654,-0.68609,-0.67105,-0.66328,-0.67823,-1.78148,-4.81581,-5.86033,-1.70175,-1.91926,-2.03277,-0.98566,-1.69043,-2.60558,-3.72572,-4.2237,-4.96997,-5.73832,-5.72635,-5.30339,-5.67335,-5.67501,-4.70086,-4.61572,-5.11922,-3.51726,-1.58453,-0.56568,-0.538,-0.52339,-0.52431,-0.52943,-0.53657,-0.54392,-0.55749,-0.56014,-0.86362,-2.77408,-4.33583,-3.96619,-0.80854,-4.36401,-3.10094,-0.6052,-0.55675,-2.18004,-4.50783,-5.42047,-4.79994,-2.27297,-0.57067,-0.52348,-3.0454,-5.37145,-5.36387,-5.35656,-3.22528,-0.72861,-0.40872,-0.43013,-0.38813,-0.36176,-0.35953,-0.37659,-0.39284,-0.39184,-0.38283,-0.3812,-0.39413,-0.40701,-0.41364,-0.41,-0.39816,-0.37473,-0.34036,-0.31267,-0.29513,-1.02048,-0.41103,-0.32034,-0.36171,-0.41275,-0.43809,-0.42399,-0.3733,-0.32852,-0.34997,-0.38487,-0.41218,-0.42515,-0.43081,-0.43666,-0.44993,-0.46345,-0.46042,-0.44469,-0.42352,-0.4067,-0.39852,-0.39731,-0.4074,-0.4209,-0.42943,-0.43452,-0.43351,-0.49195,-0.97949,-0.61187,-1.28329,-2.72414,-0.66584,-0.16715,-0.1765,-0.18635,-0.19326,-0.21098,-0.23505,-0.25857,-0.26627,-0.2651,-0.25659,-0.23959,-0.23361,-0.23746,-0.25347,-0.28391,-0.30801,-0.323,-0.31696,-0.32901,-0.35335,-0.38706,-0.40328,-0.3977,-0.38539,-0.35928,-0.32631,-0.27719,-0.23192,-0.20264,-0.21465,-0.38728,-0.94173,-0.56448,-0.5142,-0.55669,-0.63787,-2.98522,-3.53761,-2.24636,-5.29171,-5.2037,-2.35204,0.19627,-0.34265,-1.81304,-1.63435,1.16313,-0.15169,-2.8011,-1.41993,-0.62716,-1.21297,-2.18134,-1.47849,-2.40554,0.45411,0.05916,0.23695,-2.68392,-4.89085,-4.32143,-1.10585,-0.69752,-0.74942,-0.71919,-0.5934,-0.67594,-0.52647,-0.53024,-1.37219,-2.91717,-1.05852,-1.50974,-0.64259,-0.64021,-0.6296,-0.64403,-2.06571,-4.05569,-3.86326,-0.56525,-0.97726,-1.06793,-0.06255,1.19221,-0.11636,-0.48207,-0.49524,-0.52564,-0.51574,-2.78042,-6.21313,-6.22412,-3.70072,-1.30258,-0.47625,-5.3739,-6.27736,-6.28766,-6.29787,-6.3079,-2.83361,-0.33219,-3.00261,-4.60527,-5.99643,-5.20563,-2.2619,-2.10149,-2.24682,-2.68225,-3.63645,-1.3958,0.38669,-0.84881,-3.4774,-6.44821,-6.45552,-6.39237,-5.64001,-4.952,-6.12827,-4.06223,-1.94417,-2.11493,-5.58098,-4.04411,-0.80682,-0.81964,-2.41271,-4.97692,-5.05587,-4.83284,-6.54682,-6.55083,-6.55455,-6.55813,-6.45782,-5.63759,-3.37129,1.04755,1.72123,-0.39562,-4.27785,-6.40583,-4.10652,-3.42865,-5.67298,-6.58354,-6.58426,-6.58468,-4.42899
327.6 -180.0,-178.97686,-177.95372,-176.93058,-175.90744,-174.88431,-173.86117,-172.83803,-171.81489,-170.79175,-169.76861,-168.74547,-167.72233,-166.69919,-165.67606,-164.65292,-163.62978,-162.60664,-161.5835,-160.56036,-159.53722,-158.51408,-157.49094,-156.4678,-155.44467,-154.42153,-153.39839,-152.37525,-151.35211,-150.32897,-149.30583,-148.28269,-147.25955,-146.23642,-145.21328,-144.19014,-143.167,-142.14386,-141.12072,-140.09758,-139.07444,-138.0513,-137.02817,-136.00503,-134.98189,-133.95875,-132.93561,-131.91247,-130.88933,-129.86619,-128.84305,-127.81992,-126.79678,-125.77364,-124.7505,-123.72736,-122.70422,-121.68108,-120.65794,-119.6348,-118.61166,-117.58853,-116.56539,-115.54225,-114.51911,-113.49597,-112.47283,-111.44969,-110.42655,-109.40341,-108.38028,-107.35714,-106.334,-105.31086,-104.28772,-103.26458,-102.24144,-101.2183,-100.19516,-99.17203,-98.14889,-97.12575,-96.10261,-95.07947,-94.05633,-93.03319,-92.01005,-90.98691,-89.96378,-88.94064,-87.9175,-86.89436,-85.87122,-84.84808,-83.82494,-82.8018,-81.77866,-80.75552,-79.73239,-78.70925,-77.68611,-76.66297,-75.63983,-74.61669,-73.59355,-72.57041,-71.54727,-70.52414,-69.501,-68.47786,-67.45472,-66.43158,-65.40844,-64.3853,-63.36216,-62.33902,-61.31589,-60.29275,-59.26961,-58.24647,-57.22333,-56.20019,-55.17705,-54.15391,-53.13077,-52.10764,-51.0845,-50.06136,-49.03822,-48.01508,-46.99194,-45.9688,-44.94566,-43.92252,-42.89938,-41.87625,-40.85311,-39.82997,-38.80683,-37.78369,-36.76055,-35.73741,-34.71427,-33.69113,-32.668,-31.64486,-30.62172,-29.59858,-28.57544,-27.5523,-26.52916,-25.50602,-24.48288,-23.45975,-22.43661,-21.41347,-20.39033,-19.36719,-18.34405,-17.32091,-16.29777,-15.27463,-14.25149,-13.22836,-12.20522,-11.18208,-10.15894,-9.1358,-8.11266,-7.08952,-6.06638,-5.04324,-4.02011,-2.99697,-1.97383,-0.95069,0.07245,1.09559,2.11873,3.14187,4.16501,5.18814,6.21128,7.23442,8.25756,9.2807,10.30384,11.32698,12.35012,13.37326,14.39639,15.41953,16.44267,17.46581,18.48895,19.51209,20.53523,21.55837,22.58151,23.60465,24.62778,25.65092,26.67406,27.6972,28.72034,29.74348,30.76662,31.78976,32.8129,33.83603,34.85917,35.88231,36.90545,37.92859,38.95173,39.97487,40.99801,42.02115,43.04428,44.06742,45.09056,46.1137,47.13684,48.15998,49.18312,50.20626,51.2294,52.25253,53.27567,54.29881,55.32195,56.34509,57.36823,58.39137,59.41451,60.43765,61.46079,62.48392,63.50706,64.5302,65.55334,66.57648,67.59962,68.62276,69.6459,70.66904,71.69217,72.71531,73.73845,74.76159,75.78473,76.80787,77.83101,78.85415,79.87729,80.90042,81.92356,82.9467,83.96984,84.99298,86.01612,87.03926,88.0624,89.08554,90.10867,91.13181,92.15495,93.17809,94.20123,95.22437,96.24751,97.27065,98.29379,99.31693,100.34006,101.3632,102.38634,103.40948,104.43262,105.45576,106.4789,107.50204,108.52518,109.54831,110.57145,111.59459,112.61773,113.64087,114.66401,115.68715,116.71029,117.73343,118.75656,119.7797,120.80284,121.82598,122.84912,123.87226,124.8954,125.91854,126.94168,127.96481,128.98795,130.01109,131.03423,132.05737,133.08051,134.10365,135.12679,136.14993,137.17307,138.1962,139.21934,140.24248,141.26562,142.28876,143.3119,144.33504,145.35818,146.38132,147.40445,148.42759,149.45073,150.47387,151.49701,152.52015,153.54329,154.56643,155.58957,156.6127,157.63584,158.65898,159.68212,160.70526,161.7284,162.75154,163.77468,164.79782,165.82095,166.84409,167.86723,168.89037,169.91351,170.93665,171.95979,172.98293,174.00607,175.02921,176.05234,177.07548,178.09862,179.12176 -5.54336,-4.7729,-6.21896,-6.27598,-3.70505,-0.72915,-0.19139,-1.42358,-2.34791,-1.7557,1.10245,1.81262,1.96921,1.77066,0.12792,-1.96166,-6.55157,-6.5481,-4.79613,-3.39691,-1.98109,-1.27275,-3.5707,-6.52289,-6.518,-6.51287,-5.61699,-4.04618,-4.61926,-5.02208,-5.27059,-5.40365,-3.12674,-2.93281,-4.26355,-6.2616,-3.24699,-1.60995,-2.36077,-1.60309,-0.99582,-0.94256,-0.86319,-0.83325,-0.82486,-0.81026,-0.81528,-0.82576,-0.83506,-0.83238,-0.83314,-0.82048,-0.81949,-2.77989,-4.25379,-2.25863,-0.77751,-0.77997,0.28022,-0.62815,0.07685,0.37092,0.18377,-3.37744,-6.18486,-6.17393,-6.1628,-6.15165,-6.14039,-6.12907,-4.80469,-6.03861,-4.08088,-1.20183,-1.86345,-1.07901,-3.66858,-3.57255,0.75885,-2.43593,-6.00066,-5.98868,-5.9767,-5.94584,-2.5113,-0.70142,-0.69811,-0.96344,-0.35937,-0.62946,-3.73923,-5.86838,-5.85636,-4.23415,-2.81562,0.85035,1.85072,0.18919,-3.06916,-4.98195,-5.50891,-5.7493,-5.67264,-3.06986,-0.8562,-0.95024,-5.38108,-2.04037,-2.71654,-5.65748,-5.64632,-2.35313,-0.65689,-0.72148,-0.72009,-0.60654,-0.53293,-0.53176,-0.55666,0.81931,1.52023,0.71632,-4.32434,-4.75004,-3.4177,0.09848,-4.04462,-4.85512,-2.88532,-0.74602,-0.55427,-2.18406,-5.42774,-5.41935,-3.29632,-0.64884,-0.63293,-3.05705,-4.98286,-4.82132,-5.36495,-4.89579,-2.02493,0.48869,0.12954,-1.03437,-2.06086,-2.39326,-0.3295,-1.20843,-1.4299,-0.40356,-0.39325,-0.39645,-0.40572,-0.41168,-0.42034,-0.43379,-0.42152,-0.39347,-0.35566,-0.30757,-1.16256,-4.54526,-2.61353,-0.31699,-0.51941,-0.42823,-0.3552,-0.4243,-0.3676,-1.07302,-0.34824,-0.44495,-0.42322,-0.43505,-0.4385,-0.44573,-0.4614,-0.47538,-0.47831,-0.47179,-0.45663,-0.44782,-0.44481,-0.46329,-0.48872,-0.5211,-1.46779,-1.77696,-0.4796,-0.43079,-1.58332,-2.18211,-1.17582,-4.0602,-3.60715,-1.02587,-0.19791,-0.08243,-0.1877,-0.18181,-0.19672,-0.22664,-0.25818,-0.26699,-0.25994,-0.24497,-0.22659,-0.22556,-0.2383,-0.25799,-0.28358,-0.29362,-0.29735,-0.30003,-0.32521,-0.36545,-0.39225,-0.40218,-0.38163,-0.35724,-0.31994,-0.26384,-0.22668,-0.24707,-0.16975,-1.36756,-1.71242,-3.65573,-3.08588,-1.15157,-0.39849,-0.08052,-0.92234,0.36882,2.07039,-0.66124,-3.35331,-2.6019,-2.14988,-1.36708,-3.63325,-4.36927,-0.57277,0.59844,-4.92921,-5.14861,-2.47692,-1.03368,-4.21696,-4.80439,-5.35869,-3.13552,-1.55754,-0.03425,0.61389,-3.96116,-3.80743,-5.14086,-1.43872,-0.77206,-0.73181,-0.0247,0.00182,-0.84117,-0.77635,-0.74318,-0.7459,-3.16434,-4.7587,-5.09675,-2.61245,-1.8153,-0.63339,-0.66725,-3.83683,-3.94753,-2.53154,-0.74177,-2.17403,-2.28364,-0.6347,-0.56329,-0.45634,-0.41902,-0.38276,1.76807,2.55232,0.18427,-6.20844,-6.21913,-5.84025,-5.32103,-4.8175,-5.82369,-6.27111,-5.49476,-3.20827,-3.6367,-2.84017,-0.61846,1.23958,0.52117,-2.76777,-6.1094,-2.26147,-0.98449,-1.24821,-2.48839,-3.64985,-2.57724,1.81689,-2.45559,-4.54557,-6.43875,-6.44593,-6.45302,-6.46002,-2.79104,-1.69297,-3.73445,-5.86714,-5.21482,-5.68731,-6.37636,-3.87463,-1.05308,-0.79055,-0.82504,-1.6625,-1.32093,-1.58769,-4.3601,-4.14945,-4.38574,-6.55231,-6.53912,-5.65111,-5.10895,-1.6877,2.08997,-1.49669,-5.46147,-5.05837,-2.22294,-1.95324,-3.38188,-6.0661,-6.09966,-6.57861,-6.57888
333.45 -180.0,-178.99481,-177.98962,-176.98443,-175.97924,-174.97405,-173.96887,-172.96368,-171.95849,-170.9533,-169.94811,-168.94292,-167.93773,-166.93254,-165.92735,-164.92216,-163.91697,-162.91179,-161.9066,-160.90141,-159.89622,-158.89103,-157.88584,-156.88065,-155.87546,-154.87027,-153.86508,-152.85989,-151.8547,-150.84952,-149.84433,-148.83914,-147.83395,-146.82876,-145.82357,-144.81838,-143.81319,-142.808,-141.80281,-140.79762,-139.79244,-138.78725,-137.78206,-136.77687,-135.77168,-134.76649,-133.7613,-132.75611,-131.75092,-130.74573,-129.74054,-128.73536,-127.73017,-126.72498,-125.71979,-124.7146,-123.70941,-122.70422,-121.69903,-120.69384,-119.68865,-118.68346,-117.67827,-116.67309,-115.6679,-114.66271,-113.65752,-112.65233,-111.64714,-110.64195,-109.63676,-108.63157,-107.62638,-106.62119,-105.61601,-104.61082,-103.60563,-102.60044,-101.59525,-100.59006,-99.58487,-98.57968,-97.57449,-96.5693,-95.56411,-94.55893,-93.55374,-92.54855,-91.54336,-90.53817,-89.53298,-88.52779,-87.5226,-86.51741,-85.51222,-84.50703,-83.50185,-82.49666,-81.49147,-80.48628,-79.48109,-78.4759,-77.47071,-76.46552,-75.46033,-74.45514,-73.44995,-72.44476,-71.43958,-70.43439,-69.4292,-68.42401,-67.41882,-66.41363,-65.40844,-64.40325,-63.39806,-62.39287,-61.38768,-60.3825,-59.37731,-58.37212,-57.36693,-56.36174,-55.35655,-54.35136,-53.34617,-52.34098,-51.33579,-50.3306,-49.32542,-48.32023,-47.31504,-46.30985,-45.30466,-44.29947,-43.29428,-42.28909,-41.2839,-40.27871,-39.27352,-38.26833,-37.26315,-36.25796,-35.25277,-34.24758,-33.24239,-32.2372,-31.23201,-30.22682,-29.22163,-28.21644,-27.21125,-26.20607,-25.20088,-24.19569,-23.1905,-22.18531,-21.18012,-20.17493,-19.16974,-18.16455,-17.15936,-16.15417,-15.14899,-14.1438,-13.13861,-12.13342,-11.12823,-10.12304,-9.11785,-8.11266,-7.10747,-6.10228,-5.09709,-4.09191,-3.08672,-2.08153,-1.07634,-0.07115,0.93404,1.93923,2.94442,3.94961,4.9548,5.95999,6.96518,7.97036,8.97555,9.98074,10.98593,11.99112,12.99631,14.0015,15.00669,16.01188,17.01707,18.02226,19.02744,20.03263,21.03782,22.04301,23.0482,24.05339,25.05858,26.06377,27.06896,28.07415,29.07934,30.08452,31.08971,32.0949,33.10009,34.10528,35.11047,36.11566,37.12085,38.12604,39.13123,40.13642,41.14161,42.14679,43.15198,44.15717,45.16236,46.16755,47.17274,48.17793,49.18312,50.18831,51.1935,52.19869,53.20387,54.20906,55.21425,56.21944,57.22463,58.22982,59.23501,60.2402,61.24539,62.25058,63.25577,64.26095,65.26614,66.27133,67.27652,68.28171,69.2869,70.29209,71.29728,72.30247,73.30766,74.31285,75.31804,76.32322,77.32841,78.3336,79.33879,80.34398,81.34917,82.35436,83.35955,84.36474,85.36993,86.37512,87.3803,88.38549,89.39068,90.39587,91.40106,92.40625,93.41144,94.41663,95.42182,96.42701,97.4322,98.43738,99.44257,100.44776,101.45295,102.45814,103.46333,104.46852,105.47371,106.4789,107.48409,108.48928,109.49446,110.49965,111.50484,112.51003,113.51522,114.52041,115.5256,116.53079,117.53598,118.54117,119.54636,120.55155,121.55673,122.56192,123.56711,124.5723,125.57749,126.58268,127.58787,128.59306,129.59825,130.60344,131.60863,132.61381,133.619,134.62419,135.62938,136.63457,137.63976,138.64495,139.65014,140.65533,141.66052,142.66571,143.67089,144.67608,145.68127,146.68646,147.69165,148.69684,149.70203,150.70722,151.71241,152.7176,153.72279,154.72798,155.73316,156.73835,157.74354,158.74873,159.75392,160.75911,161.7643,162.76949,163.77468,164.77987,165.78506,166.79024,167.79543,168.80062,169.80581,170.811,171.81619,172.82138,173.82657,174.83176,175.83695,176.84214,177.84732,178.85251,179.8577 -6.57311,nan,-6.57267,-6.57216,-2.41427,-0.1442,-1.68839,-2.69576,-3.34242,-2.90316,0.00231,1.94828,1.72706,1.57966,1.99645,1.20994,-4.8459,-6.54354,-6.48941,-6.27556,-2.80059,-0.84437,-0.21991,-2.40275,-3.61901,-4.90307,-6.48308,-5.40158,-4.93826,-4.79907,-4.43807,-4.41389,-2.42608,1.92397,2.52932,-1.95989,-5.17492,-1.30326,-1.04452,-1.02961,-1.01463,-0.98731,-0.95557,-0.86573,-0.74837,-1.6523,-0.89493,-0.88349,-0.88156,-1.2711,-0.85643,-0.84052,-1.45032,-1.15039,-4.73289,-5.73942,-5.71435,-1.80693,-0.36234,0.90464,1.07179,1.30528,0.99228,-0.64446,-2.76626,-5.7849,-6.17329,-6.16254,-6.15167,-6.14073,-4.30647,-1.93305,-4.35697,-6.06226,-4.91791,-5.87277,-4.52221,-5.71552,-5.29257,-2.37946,-1.5423,-5.10978,-5.99319,-5.98152,-5.57625,-3.48405,-1.05384,-1.90505,-3.83144,-2.60812,-0.26474,-0.66669,-3.51152,-4.62083,-5.55602,-5.64137,nan,nan,-0.95627,-2.59716,-5.78282,-5.77132,-5.75983,-5.7484,-5.71701,0.54866,1.25081,-1.96539,-5.44328,-2.89773,-3.28697,-5.65902,-5.64815,-2.3897,-0.73198,-1.66246,-1.07084,-1.3831,-1.71436,-1.67424,-1.6092,1.41217,3.6571,3.38884,-3.34482,-1.97874,0.47597,0.15913,-0.67475,-3.52111,-4.66575,-1.13146,-0.56279,-2.0935,-5.43479,-5.42659,-3.79371,-0.65452,-0.64024,-2.58906,-4.14092,-1.37429,-2.15839,-3.99583,-5.3402,-1.84913,0.145,-3.87046,-4.39057,-4.79465,0.38789,0.68365,-3.92968,-3.86741,-1.75065,-0.43737,-0.19785,-0.40074,-0.39638,-0.42313,-0.43254,-0.44636,-0.41835,-0.38017,-0.35662,-0.38628,-4.1023,-4.77235,-1.60301,-1.5098,0.14285,1.39388,-0.92492,-3.12711,-4.40328,-2.08588,-1.51321,-0.49812,-0.44442,-0.44382,-0.45112,-0.4701,-0.48608,-0.49143,-0.48899,-0.48843,-0.4854,-0.49176,-0.50819,-0.53852,-0.56811,-1.74015,-5.08715,-3.04449,-1.81059,-0.38743,-0.87511,-2.60399,-5.08725,-5.01733,-3.24446,-1.79716,-0.64999,-0.35361,-0.23904,-0.24074,-0.24559,-0.2602,-0.26797,-0.26832,-0.25865,0.16588,-0.00484,-0.21608,-0.23687,-0.25704,-0.26612,-0.25548,-0.71885,-0.64378,-0.33312,-0.39672,-0.41582,-0.40485,-0.36019,-0.31722,-0.28588,-0.23477,-0.18726,-1.6058,-2.98848,-4.10555,-5.1367,-5.48588,-5.52324,-4.74119,-2.82123,1.13484,1.19922,0.72333,1.56915,-0.21311,-1.61549,-3.48451,-5.12442,-4.58151,-5.53268,-5.44332,-5.66827,-4.47372,-5.30458,-4.92109,-4.4403,-1.18384,-1.74868,-5.14924,-5.75814,-5.76963,-4.87128,-4.57284,-1.62346,-1.4702,-0.84893,-2.20809,-2.14415,-0.69421,-0.47965,0.47876,0.8735,1.2579,-0.60256,-0.91367,-0.78621,-0.64401,-4.05942,-5.97984,-5.94236,-5.96817,-2.99383,0.94005,-0.51208,-1.07845,-0.59567,-0.58237,-0.59797,-1.13754,-1.12692,-0.62945,-0.55802,-0.43087,-0.16231,0.70762,2.88025,3.0302,0.70266,-4.46741,-5.8336,-6.22468,-6.23495,-6.24511,-3.43623,-3.48148,-5.66307,-0.60378,0.14369,-0.83646,-1.37564,-0.41167,-0.10884,-1.55638,-5.88128,-2.62015,-0.82905,-0.99146,-1.2913,-3.48449,-4.24443,0.65356,-0.40652,-3.98488,-6.20616,-6.43662,-6.44369,-6.45057,-3.30308,-0.74391,-0.68907,-0.67298,-2.79739,-5.01269,-6.49364,-6.49915,-3.37567,-0.73931,-0.75039,-0.77706,-0.79536,-0.78873,-0.75273,-1.05692,-0.8399,-1.49642,-4.49098,-6.43409,-5.37121,-2.83669,-0.99608,-1.17977,-5.11662,-5.69453,-2.06137,-0.28653,-0.18776,-0.80682,-3.81439,-3.11037,-4.87171,-6.57296,-6.5731
339.3 -180.0,-179.01214,-178.02428,-177.03643,-176.04857,-175.06071,-174.07285,-173.08499,-172.09713,-171.10928,-170.12142,-169.13356,-168.1457,-167.15784,-166.16998,-165.18213,-164.19427,-163.20641,-162.21855,-161.23069,-160.24283,-159.25498,-158.26712,-157.27926,-156.2914,-155.30354,-154.31569,-153.32783,-152.33997,-151.35211,-150.36425,-149.37639,-148.38854,-147.40068,-146.41282,-145.42496,-144.4371,-143.44924,-142.46139,-141.47353,-140.48567,-139.49781,-138.50995,-137.52209,-136.53424,-135.54638,-134.55852,-133.57066,-132.5828,-131.59494,-130.60709,-129.61923,-128.63137,-127.64351,-126.65565,-125.6678,-124.67994,-123.69208,-122.70422,-121.71636,-120.7285,-119.74065,-118.75279,-117.76493,-116.77707,-115.78921,-114.80135,-113.8135,-112.82564,-111.83778,-110.84992,-109.86206,-108.8742,-107.88635,-106.89849,-105.91063,-104.92277,-103.93491,-102.94706,-101.9592,-100.97134,-99.98348,-98.99562,-98.00776,-97.01991,-96.03205,-95.04419,-94.05633,-93.06847,-92.08061,-91.09276,-90.1049,-89.11704,-88.12918,-87.14132,-86.15346,-85.16561,-84.17775,-83.18989,-82.20203,-81.21417,-80.22631,-79.23846,-78.2506,-77.26274,-76.27488,-75.28702,-74.29917,-73.31131,-72.32345,-71.33559,-70.34773,-69.35987,-68.37202,-67.38416,-66.3963,-65.40844,-64.42058,-63.43272,-62.44487,-61.45701,-60.46915,-59.48129,-58.49343,-57.50557,-56.51772,-55.52986,-54.542,-53.55414,-52.56628,-51.57843,-50.59057,-49.60271,-48.61485,-47.62699,-46.63913,-45.65128,-44.66342,-43.67556,-42.6877,-41.69984,-40.71198,-39.72413,-38.73627,-37.74841,-36.76055,-35.77269,-34.78483,-33.79698,-32.80912,-31.82126,-30.8334,-29.84554,-28.85769,-27.86983,-26.88197,-25.89411,-24.90625,-23.91839,-22.93054,-21.94268,-20.95482,-19.96696,-18.9791,-17.99124,-17.00339,-16.01553,-15.02767,-14.03981,-13.05195,-12.06409,-11.07624,-10.08838,-9.10052,-8.11266,-7.1248,-6.13694,-5.14909,-4.16123,-3.17337,-2.18551,-1.19765,-0.2098,0.77806,1.76592,2.75378,3.74164,4.7295,5.71735,6.70521,7.69307,8.68093,9.66879,10.65665,11.6445,12.63236,13.62022,14.60808,15.59594,16.5838,17.57165,18.55951,19.54737,20.53523,21.52309,22.51094,23.4988,24.48666,25.47452,26.46238,27.45024,28.43809,29.42595,30.41381,31.40167,32.38953,33.37739,34.36524,35.3531,36.34096,37.32882,38.31668,39.30454,40.29239,41.28025,42.26811,43.25597,44.24383,45.23168,46.21954,47.2074,48.19526,49.18312,50.17098,51.15883,52.14669,53.13455,54.12241,55.11027,56.09813,57.08598,58.07384,59.0617,60.04956,61.03742,62.02528,63.01313,64.00099,64.98885,65.97671,66.96457,67.95243,68.94028,69.92814,70.916,71.90386,72.89172,73.87957,74.86743,75.85529,76.84315,77.83101,78.81887,79.80672,80.79458,81.78244,82.7703,83.75816,84.74602,85.73387,86.72173,87.70959,88.69745,89.68531,90.67317,91.66102,92.64888,93.63674,94.6246,95.61246,96.60031,97.58817,98.57603,99.56389,100.55175,101.53961,102.52746,103.51532,104.50318,105.49104,106.4789,107.46676,108.45461,109.44247,110.43033,111.41819,112.40605,113.39391,114.38176,115.36962,116.35748,117.34534,118.3332,119.32106,120.30891,121.29677,122.28463,123.27249,124.26035,125.2482,126.23606,127.22392,128.21178,129.19964,130.1875,131.17535,132.16321,133.15107,134.13893,135.12679,136.11465,137.1025,138.09036,139.07822,140.06608,141.05394,142.0418,143.02965,144.01751,145.00537,145.99323,146.98109,147.96894,148.9568,149.94466,150.93252,151.92038,152.90824,153.89609,154.88395,155.87181,156.85967,157.84753,158.83539,159.82324,160.8111,161.79896,162.78682,163.77468,164.76254,165.75039,166.73825,167.72611,168.71397,169.70183,170.68968,171.67754,172.6654,173.65326,174.64112,175.62898,176.61683,177.60469,178.59255,179.58041 nan,nan,nan,-4.67674,-0.90335,-0.42732,-3.27634,-5.11894,-6.03178,-4.3895,-1.99273,-1.10467,-2.17105,-1.49882,nan,nan,-2.28577,-2.59561,-2.21931,-2.13593,-1.76284,-1.11677,2.44238,3.61742,2.45114,-0.73,-3.96318,-5.91605,-6.49175,-6.48635,-5.51331,-4.56555,-4.45454,-4.12241,-4.11851,-4.53808,-6.03439,-4.95179,-3.21774,-2.37112,-1.14399,-0.9977,-0.98597,-0.97126,-1.90137,-2.72362,-5.63847,-4.42434,-3.02131,-1.76544,-4.20454,-3.8494,-2.38118,-4.60604,-3.67119,-4.60562,-2.7018,-3.19941,-1.52749,-0.72112,0.18072,1.06635,1.92359,2.75489,1.73325,-1.3914,-5.72854,-4.96519,-6.16218,-6.15162,-6.03528,-3.74637,-2.24239,-5.09612,-6.09775,-6.08676,-6.07576,-6.06469,-6.05356,-6.04245,-4.11168,-5.03774,-5.69004,-5.28236,-5.97456,-3.44153,1.04,-0.38013,-2.48427,-5.81621,-5.56559,-3.31165,-0.7614,-0.58476,-1.06234,-1.58621,-5.38579,nan,nan,nan,-1.90675,-3.74015,-5.78109,-5.76988,-4.47286,-1.87088,-0.50757,0.99804,-2.00821,-5.70358,-5.69273,-3.58686,-3.11893,-4.09411,-5.36416,-1.06336,-0.23695,-4.77428,-1.65442,-3.4416,-5.37723,-5.34518,-5.25324,-2.6917,-1.47388,-3.60218,-2.88964,-1.49571,-0.0337,-1.16924,1.02715,-0.48922,-4.31705,-1.26142,-0.57751,-1.42299,-4.10622,-4.77486,-5.38741,-4.25095,-3.10819,-1.80993,-2.95239,-0.94674,-0.37792,-1.34278,-4.78001,-4.18772,-1.36221,-1.09345,-3.21006,-4.15497,1.24575,3.23323,2.46439,-2.11081,-4.5187,-3.02187,-0.39186,1.31224,0.16064,-0.33509,-0.37732,-0.73433,-1.83787,-0.98104,-1.84477,-1.01488,-3.36097,-4.43164,-1.16056,0.20668,-2.02385,-0.24214,3.17159,-0.42118,-3.8695,-3.11856,-3.3768,-3.13811,-1.81353,-0.20255,-0.02027,-0.46363,-0.48011,-0.49056,-0.49588,-0.49947,-0.53019,-0.55638,-0.56288,-0.56499,-0.57669,-0.8075,-2.83258,-4.75065,-5.21654,-4.76373,-2.52117,-2.30138,-3.04289,-4.832,-3.18245,-0.64292,-2.27699,-3.04032,-2.40154,-0.54301,-0.42464,-0.36099,-0.43773,-0.58971,-0.44244,-0.27587,0.33576,3.06447,1.16286,-0.22303,-0.32071,-1.41422,-0.17309,0.08669,-1.95361,-1.98859,-2.40342,-2.94108,-1.92496,-0.64834,-0.39439,-0.3705,-0.32987,-0.22993,-0.23601,-3.26249,-5.48902,-5.45882,-5.50706,-5.21795,-5.52557,-5.535,-5.30202,-3.77996,-2.55859,-5.51235,-3.05533,-2.84541,-4.41799,-4.61426,-5.62449,-5.63489,-5.64535,-5.65595,-5.66653,-5.67731,-3.77254,-2.97717,-3.77045,-1.40567,-1.16246,-4.71634,-4.89839,-5.66516,-5.77632,-5.76013,-5.79882,-5.31274,-5.82144,-4.56156,-4.84327,-1.58273,-0.63025,-0.5024,-0.24402,0.82495,1.26203,-0.63999,-0.84799,-0.76409,-0.69654,-3.35295,-4.64699,-2.72886,-3.36479,-2.18502,1.59249,-2.35955,-2.4801,-0.57477,-0.56517,-0.57809,-0.59925,-0.61887,-0.61214,-0.58469,-0.48087,-0.09767,2.82089,3.32029,2.14015,-0.3294,-3.66542,-5.50745,-6.21979,-6.22983,-6.23972,-2.87937,-0.37485,-5.89649,-0.10109,3.3729,1.55146,-4.49728,-4.59733,-3.76093,-3.19889,-5.47124,-3.278,0.08192,-0.75791,-0.87725,-2.84965,-6.39071,-5.62962,-3.98451,-3.97746,-5.63232,-6.42765,-5.99277,-5.38822,-3.80164,-0.78904,-0.75361,-0.71407,-0.70501,-0.75228,-2.0064,-4.24254,-3.62792,-0.72073,-0.71342,-0.72806,-0.75535,-0.77798,-0.78384,-0.75807,-0.72398,-0.73469,-1.20327,-4.52741,-6.54422,-5.96884,-2.6521,-0.91698,-1.06981,-4.61792,-6.51272,-2.80471,-0.7935,-0.97978,-3.84208,-6.372,-3.67468,-2.53939,-5.14186,nan
345.15 -180.0,-179.02889,-178.05777,-177.08666,-176.11554,-175.14443,-174.17331,-173.2022,-172.23108,-171.25997,-170.28885,-169.31774,-168.34662,-167.37551,-166.40439,-165.43328,-164.46216,-163.49105,-162.51993,-161.54882,-160.5777,-159.60659,-158.63547,-157.66436,-156.69324,-155.72213,-154.75101,-153.7799,-152.80878,-151.83767,-150.86655,-149.89544,-148.92432,-147.95321,-146.98209,-146.01098,-145.03986,-144.06875,-143.09763,-142.12652,-141.1554,-140.18429,-139.21317,-138.24206,-137.27094,-136.29983,-135.32871,-134.3576,-133.38648,-132.41537,-131.44425,-130.47314,-129.50202,-128.53091,-127.5598,-126.58868,-125.61757,-124.64645,-123.67534,-122.70422,-121.73311,-120.76199,-119.79088,-118.81976,-117.84865,-116.87753,-115.90642,-114.9353,-113.96419,-112.99307,-112.02196,-111.05084,-110.07973,-109.10861,-108.1375,-107.16638,-106.19527,-105.22415,-104.25304,-103.28192,-102.31081,-101.33969,-100.36858,-99.39746,-98.42635,-97.45523,-96.48412,-95.513,-94.54189,-93.57077,-92.59966,-91.62854,-90.65743,-89.68631,-88.7152,-87.74408,-86.77297,-85.80185,-84.83074,-83.85962,-82.88851,-81.91739,-80.94628,-79.97516,-79.00405,-78.03293,-77.06182,-76.0907,-75.11959,-74.14848,-73.17736,-72.20625,-71.23513,-70.26402,-69.2929,-68.32179,-67.35067,-66.37956,-65.40844,-64.43733,-63.46621,-62.4951,-61.52398,-60.55287,-59.58175,-58.61064,-57.63952,-56.66841,-55.69729,-54.72618,-53.75506,-52.78395,-51.81283,-50.84172,-49.8706,-48.89949,-47.92837,-46.95726,-45.98614,-45.01503,-44.04391,-43.0728,-42.10168,-41.13057,-40.15945,-39.18834,-38.21722,-37.24611,-36.27499,-35.30388,-34.33276,-33.36165,-32.39053,-31.41942,-30.4483,-29.47719,-28.50607,-27.53496,-26.56384,-25.59273,-24.62161,-23.6505,-22.67939,-21.70827,-20.73716,-19.76604,-18.79493,-17.82381,-16.8527,-15.88158,-14.91047,-13.93935,-12.96824,-11.99712,-11.02601,-10.05489,-9.08378,-8.11266,-7.14155,-6.17043,-5.19932,-4.2282,-3.25709,-2.28597,-1.31486,-0.34374,0.62737,1.59849,2.5696,3.54072,4.51183,5.48295,6.45406,7.42518,8.39629,9.36741,10.33852,11.30964,12.28075,13.25187,14.22298,15.1941,16.16521,17.13633,18.10744,19.07856,20.04967,21.02079,21.9919,22.96302,23.93413,24.90525,25.87636,26.84748,27.81859,28.78971,29.76082,30.73193,31.70305,32.67416,33.64528,34.61639,35.58751,36.55862,37.52974,38.50085,39.47197,40.44308,41.4142,42.38531,43.35643,44.32754,45.29866,46.26977,47.24089,48.212,49.18312,50.15423,51.12535,52.09646,53.06758,54.03869,55.00981,55.98092,56.95204,57.92315,58.89427,59.86538,60.8365,61.80761,62.77873,63.74984,64.72096,65.69207,66.66319,67.6343,68.60542,69.57653,70.54765,71.51876,72.48988,73.46099,74.43211,75.40322,76.37434,77.34545,78.31657,79.28768,80.2588,81.22991,82.20102,83.17214,84.14325,85.11437,86.08548,87.0566,88.02771,88.99883,89.96994,90.94106,91.91217,92.88329,93.8544,94.82552,95.79663,96.76775,97.73886,98.70998,99.68109,100.65221,101.62332,102.59444,103.56555,104.53667,105.50778,106.4789,107.45001,108.42113,109.39224,110.36336,111.33447,112.30559,113.2767,114.24782,115.21893,116.19005,117.16116,118.13228,119.10339,120.07451,121.04562,122.01674,122.98785,123.95897,124.93008,125.9012,126.87231,127.84343,128.81454,129.78566,130.75677,131.72789,132.699,133.67011,134.64123,135.61234,136.58346,137.55457,138.52569,139.4968,140.46792,141.43903,142.41015,143.38126,144.35238,145.32349,146.29461,147.26572,148.23684,149.20795,150.17907,151.15018,152.1213,153.09241,154.06353,155.03464,156.00576,156.97687,157.94799,158.9191,159.89022,160.86133,161.83245,162.80356,163.77468,164.74579,165.71691,166.68802,167.65914,168.63025,169.60137,170.57248,171.5436,172.51471,173.48583,174.45694,175.42806,176.39917,177.37029,178.3414,179.31252 nan,nan,nan,-5.42733,-3.48851,-4.89041,-6.55834,-6.55714,-6.5557,-5.72578,-3.114,-3.53813,-3.78021,-3.78057,nan,nan,-5.8846,-0.91898,-1.05937,-2.55543,-1.3329,-1.15686,0.68104,3.39734,0.43502,-0.84885,-1.29172,-1.62208,-5.1008,-6.48408,-6.43512,-6.17132,-6.02896,-3.76734,-0.53672,-4.39654,-6.00503,-6.43696,-6.43038,-6.19578,-4.09486,-0.99559,-0.99767,-0.99388,-1.96115,-5.99985,-5.90395,-6.3644,-6.32406,-6.20456,-5.57714,nan,nan,-3.84261,-2.98951,-2.17848,-1.12514,-1.09675,-3.9472,-3.15667,-1.16338,-1.26143,-0.19051,1.70067,2.32252,2.02427,-0.014,-2.75421,-0.0957,-1.8818,-5.87177,-5.59999,-6.07692,-5.13326,-6.10971,-6.09905,-6.08841,-6.07766,nan,nan,-5.66074,-1.98791,-2.38846,-4.96768,-4.11523,-4.66966,-5.83272,-1.29883,0.33004,-0.74437,-2.07945,-2.21127,-4.03374,-2.15911,-0.78305,-1.3113,-3.20377,-5.03383,-5.84566,nan,nan,nan,-0.1522,-2.30978,-5.77951,-5.76856,-2.14249,1.58728,1.62431,0.28105,-2.717,-5.70398,-5.6934,-4.27758,-3.65447,-3.80546,-2.56772,-1.64905,-3.19807,-5.51864,-4.307,-4.90488,-5.59149,-5.58173,-5.5721,-4.74793,-4.24258,-5.53232,-1.6823,-0.83188,-1.57153,-3.23358,-0.24715,1.83892,0.07519,-3.36245,-3.13449,-2.54636,-2.60718,-2.17261,-3.88533,-5.4249,-5.4174,-1.43775,0.86154,-2.60793,-1.65904,-1.33786,-4.68645,-4.98255,-4.49935,-1.17748,-0.59684,-1.77426,-0.45603,2.67932,2.54841,1.14351,-1.71148,-2.58771,-1.84452,1.54147,0.02238,-0.34274,-0.33039,-0.78352,-3.1211,-5.00864,-4.52414,-4.94745,-4.49121,-3.58454,0.81359,1.84654,-2.74017,-3.99862,0.29048,3.28753,2.99129,2.13839,1.51853,-2.7329,-3.6424,-0.72041,2.91787,2.91228,-2.12241,-1.61542,-0.48812,-0.5656,-0.54083,-0.60659,-1.08625,-1.25464,-0.62421,-0.61155,-0.73874,-3.0007,-5.26305,-5.26553,-3.60179,-1.49119,-4.6812,-4.55942,-3.88462,-5.27828,-3.19435,-3.45633,-4.11631,-2.78066,-3.49658,-3.02977,-0.38897,-0.38706,-2.40521,-4.2943,-4.12969,-0.06679,0.06517,-1.68044,-2.49923,-0.83965,-1.13497,-3.6807,1.45357,1.60826,-1.3514,-3.69348,-4.62087,-4.84025,-5.36151,-1.60816,-0.46581,-0.5925,-0.60994,0.40536,-0.21753,-4.54186,-5.49225,-5.501,-5.50984,-3.19315,-2.78395,-4.78472,-2.59786,-1.97351,-5.10314,-5.57477,-5.58448,-5.30591,-5.44406,-5.60307,-5.62409,-5.6342,-5.6444,-5.65467,-5.66501,-4.97758,-2.58792,-2.07402,-3.65604,-3.98271,-2.13053,-1.59918,-3.23685,-4.34874,-5.65723,-5.78271,-5.79363,-5.80471,-5.81569,-5.82681,-5.83786,-5.61665,-3.17778,-2.87782,-0.83042,-2.62032,-3.17692,-1.15854,-0.89703,-0.83973,-0.76275,0.35902,0.85302,0.55613,1.54219,0.65887,0.18747,-4.20844,-6.03749,-4.83485,-3.27681,-1.42792,-0.56832,-0.58955,-0.60909,-0.60584,-0.59805,-0.58164,-0.56565,0.06543,0.06794,-0.23035,-0.25855,-3.92483,-6.19152,-6.21434,-6.21658,-6.23452,-6.143,-5.6742,-6.07017,-5.3132,-3.86532,-3.04607,-2.87376,-5.00472,-6.31713,-6.32576,-6.33419,-6.07917,-4.11973,-1.20842,-0.78975,-1.93869,-6.03805,-6.39006,-6.39751,-6.39661,-6.34158,-6.41895,-6.14662,-2.40529,-1.58205,-0.80314,-0.81075,-0.7946,-0.7576,-0.73717,-0.75726,-0.76066,-1.00299,-0.71755,-0.71327,-0.71642,-0.73383,-0.76178,-0.78744,-0.78077,-0.75597,-0.72582,-0.8316,-2.00683,-5.08438,-6.53874,-6.16728,-4.21386,-1.79787,-1.70739,-5.55279,-5.53316,-1.64816,-1.67297,-1.39334,-5.04441,-5.7791,-2.77277,-1.84611,-2.09975,-3.24048
351.0 -180.0,-179.04507,-178.09014,-177.13521,-176.18028,-175.22535,-174.27042,-173.31549,-172.36056,-171.40563,-170.4507,-169.49577,-168.54084,-167.58591,-166.63098,-165.67606,-164.72113,-163.7662,-162.81127,-161.85634,-160.90141,-159.94648,-158.99155,-158.03662,-157.08169,-156.12676,-155.17183,-154.2169,-153.26197,-152.30704,-151.35211,-150.39718,-149.44225,-148.48732,-147.53239,-146.57746,-145.62253,-144.6676,-143.71267,-142.75774,-141.80281,-140.84788,-139.89295,-138.93802,-137.9831,-137.02817,-136.07324,-135.11831,-134.16338,-133.20845,-132.25352,-131.29859,-130.34366,-129.38873,-128.4338,-127.47887,-126.52394,-125.56901,-124.61408,-123.65915,-122.70422,-121.74929,-120.79436,-119.83943,-118.8845,-117.92957,-116.97464,-116.01971,-115.06478,-114.10985,-113.15492,-112.19999,-111.24506,-110.29013,-109.33521,-108.38028,-107.42535,-106.47042,-105.51549,-104.56056,-103.60563,-102.6507,-101.69577,-100.74084,-99.78591,-98.83098,-97.87605,-96.92112,-95.96619,-95.01126,-94.05633,-93.1014,-92.14647,-91.19154,-90.23661,-89.28168,-88.32675,-87.37182,-86.41689,-85.46196,-84.50703,-83.5521,-82.59717,-81.64225,-80.68732,-79.73239,-78.77746,-77.82253,-76.8676,-75.91267,-74.95774,-74.00281,-73.04788,-72.09295,-71.13802,-70.18309,-69.22816,-68.27323,-67.3183,-66.36337,-65.40844,-64.45351,-63.49858,-62.54365,-61.58872,-60.63379,-59.67886,-58.72393,-57.769,-56.81407,-55.85914,-54.90421,-53.94929,-52.99436,-52.03943,-51.0845,-50.12957,-49.17464,-48.21971,-47.26478,-46.30985,-45.35492,-44.39999,-43.44506,-42.49013,-41.5352,-40.58027,-39.62534,-38.67041,-37.71548,-36.76055,-35.80562,-34.85069,-33.89576,-32.94083,-31.9859,-31.03097,-30.07604,-29.12111,-28.16618,-27.21125,-26.25632,-25.3014,-24.34647,-23.39154,-22.43661,-21.48168,-20.52675,-19.57182,-18.61689,-17.66196,-16.70703,-15.7521,-14.79717,-13.84224,-12.88731,-11.93238,-10.97745,-10.02252,-9.06759,-8.11266,-7.15773,-6.2028,-5.24787,-4.29294,-3.33801,-2.38308,-1.42815,-0.47322,0.48171,1.43664,2.39156,3.34649,4.30142,5.25635,6.21128,7.16621,8.12114,9.07607,10.031,10.98593,11.94086,12.89579,13.85072,14.80565,15.76058,16.71551,17.67044,18.62537,19.5803,20.53523,21.49016,22.44509,23.40002,24.35495,25.30988,26.26481,27.21974,28.17467,29.1296,30.08452,31.03945,31.99438,32.94931,33.90424,34.85917,35.8141,36.76903,37.72396,38.67889,39.63382,40.58875,41.54368,42.49861,43.45354,44.40847,45.3634,46.31833,47.27326,48.22819,49.18312,50.13805,51.09298,52.04791,53.00284,53.95777,54.9127,55.86763,56.82256,57.77748,58.73241,59.68734,60.64227,61.5972,62.55213,63.50706,64.46199,65.41692,66.37185,67.32678,68.28171,69.23664,70.19157,71.1465,72.10143,73.05636,74.01129,74.96622,75.92115,76.87608,77.83101,78.78594,79.74087,80.6958,81.65073,82.60566,83.56059,84.51552,85.47045,86.42537,87.3803,88.33523,89.29016,90.24509,91.20002,92.15495,93.10988,94.06481,95.01974,95.97467,96.9296,97.88453,98.83946,99.79439,100.74932,101.70425,102.65918,103.61411,104.56904,105.52397,106.4789,107.43383,108.38876,109.34369,110.29862,111.25355,112.20848,113.16341,114.11833,115.07326,116.02819,116.98312,117.93805,118.89298,119.84791,120.80284,121.75777,122.7127,123.66763,124.62256,125.57749,126.53242,127.48735,128.44228,129.39721,130.35214,131.30707,132.262,133.21693,134.17186,135.12679,136.08172,137.03665,137.99158,138.94651,139.90144,140.85637,141.81129,142.76622,143.72115,144.67608,145.63101,146.58594,147.54087,148.4958,149.45073,150.40566,151.36059,152.31552,153.27045,154.22538,155.18031,156.13524,157.09017,158.0451,159.00003,159.95496,160.90989,161.86482,162.81975,163.77468,164.72961,165.68454,166.63947,167.5944,168.54933,169.50426,170.45918,171.41411,172.36904,173.32397,174.2789,175.23383,176.18876,177.14369,178.09862,179.05355 -1.47565,-3.86452,-6.55594,-6.55549,-6.18219,-6.55404,-6.55304,-6.55183,-6.55051,-6.549,-5.27251,-4.48657,-4.07481,-4.05558,nan,nan,nan,-4.44313,-2.86465,-5.99813,-4.23456,-2.4798,-1.08093,0.66802,0.05238,-1.14976,-1.16175,-1.15256,-3.0206,-6.48183,-6.4767,nan,nan,nan,0.06961,-0.70644,-5.20987,-6.22924,-6.31126,-5.28725,-3.33156,-2.41705,-1.35606,-1.01109,-1.0033,-1.39988,-3.84322,-6.33235,-6.35903,-4.51024,-2.76405,-4.17332,nan,nan,nan,-2.14141,-2.46701,-1.82364,-3.25481,-6.01709,-4.12175,-3.08651,-4.47164,-2.55475,-0.6477,0.50358,-1.63996,-3.78579,-0.92458,-0.00185,2.27908,-1.07033,-4.22199,-5.38177,-6.11309,-6.11061,-6.10026,-6.08988,-6.07945,nan,nan,nan,-4.45854,-0.36529,-1.16484,-4.86812,-4.70232,-3.89856,-4.1753,-2.48319,-1.97668,-1.37588,-1.54605,-0.94201,-0.93504,-0.83931,-1.04188,-4.45505,-5.86415,-5.85334,-5.84247,nan,nan,nan,2.93918,-0.05922,-5.77801,-5.76735,-2.36088,1.58732,1.1765,-1.48907,-4.28896,-5.70442,-5.69411,-5.50551,-5.65869,nan,nan,-3.00196,-5.2095,-3.91507,-3.72617,-3.86747,-3.80062,-3.0514,-4.95156,-5.56648,-5.55724,-5.54808,-0.87742,-0.10016,-2.46976,-5.07034,-4.60492,-2.55384,-0.96269,-4.44595,-5.4707,-5.46268,-5.20566,-4.54446,-4.44484,-5.43176,-5.42442,-4.77256,-1.80891,-2.68881,-5.22535,-4.45637,-5.01992,-4.44818,-3.76828,-3.27658,0.00925,0.99063,-0.35641,0.03874,2.46704,2.48892,0.64039,-2.85895,-3.41679,-2.83741,nan,-4.13589,-1.84975,-0.97676,-2.49915,-3.42473,-4.4791,-5.2811,-5.27806,-4.84436,-1.0439,-0.01361,-3.3752,-5.26554,-5.26356,-0.38145,3.37945,3.36459,3.37106,3.39498,-0.39497,-3.41843,1.7173,4.16906,-0.96024,-4.99538,-4.56281,-3.6287,-2.61639,-0.52802,-0.62159,-2.33127,-4.43645,-2.27093,-1.64608,-1.30659,-4.36946,-5.26765,-5.26996,-5.2724,-3.96056,-4.57691,-4.66821,-0.31722,-2.56113,-5.29112,-5.29478,-5.2987,-4.57925,-3.93879,-5.10764,-4.02519,-2.3194,-0.60469,-4.16916,-5.33571,-4.47764,-1.2067,-3.72262,-5.35806,-4.79897,-0.7252,-2.60142,-4.9302,-3.12404,-2.86782,-3.72211,nan,nan,-0.567,-0.04816,-2.70262,-1.64969,-2.22942,-4.08815,-1.92185,-2.00282,-5.48703,-5.49543,-4.88149,-5.24369,-2.81047,-1.79667,-2.6486,0.32285,1.09775,-2.41552,-4.96342,-5.12056,-4.56767,-4.47718,-4.07779,-5.08168,-5.63362,-5.64355,-5.65351,-5.66362,-5.38038,-3.13883,-3.76665,-4.59035,-4.79735,-4.57005,-4.1486,-2.99195,-2.70296,-5.53129,-5.27821,-5.78883,-5.79949,-5.8103,-5.82097,-5.83184,-5.84265,-5.85344,-5.86424,-4.27112,-4.39121,-5.89692,-5.17985,-1.8336,-0.86261,-0.76343,-0.59824,1.85623,3.19791,1.45786,2.58525,3.20729,1.73395,-4.27715,-6.03728,nan,nan,-3.98606,-2.59911,-0.60021,-0.60469,-0.601,-0.60104,-0.6122,-0.67512,-2.00327,-3.61775,-3.94957,-1.211,-3.15483,-6.20089,-6.21055,-4.53468,-4.9998,-6.23894,-6.24824,-6.2574,-6.26649,-6.27549,-6.28439,-2.72486,-2.28582,-5.79133,-6.3188,-6.32712,-5.27652,-3.38612,-1.81194,-0.87696,-0.84544,-1.98487,-3.48681,-5.14812,-6.37725,-5.2562,-5.13818,-5.8355,-2.93104,-0.80625,-0.80245,-0.80467,-0.81444,-0.82068,-0.78554,-0.75657,-0.7478,-0.73003,-0.70962,-0.7126,-0.71415,-0.73102,-0.75664,-0.78454,-0.79107,-0.78162,-0.73697,-0.71231,-0.79704,-2.2325,-5.35287,-6.23324,-4.7307,-4.34031,-4.65698,-2.73569,-4.81675,-6.54736,-5.12807,-5.65166,-2.42823,-2.08722,-5.50953,-4.4564,-1.20161,-1.43498,-1.42355
356.85 -180.0,-179.06072,-178.12145,-177.18217,-176.2429,-175.30362,-174.36435,-173.42507,-172.4858,-171.54652,-170.60725,-169.66797,-168.7287,-167.78942,-166.85015,-165.91087,-164.9716,-164.03232,-163.09305,-162.15377,-161.2145,-160.27522,-159.33595,-158.39667,-157.4574,-156.51812,-155.57885,-154.63957,-153.7003,-152.76102,-151.82175,-150.88247,-149.9432,-149.00392,-148.06465,-147.12537,-146.1861,-145.24682,-144.30755,-143.36827,-142.429,-141.48972,-140.55045,-139.61117,-138.6719,-137.73262,-136.79335,-135.85407,-134.9148,-133.97552,-133.03625,-132.09697,-131.1577,-130.21842,-129.27915,-128.33987,-127.4006,-126.46132,-125.52205,-124.58277,-123.6435,-122.70422,-121.76495,-120.82567,-119.8864,-118.94712,-118.00785,-117.06857,-116.12929,-115.19002,-114.25074,-113.31147,-112.37219,-111.43292,-110.49364,-109.55437,-108.61509,-107.67582,-106.73654,-105.79727,-104.85799,-103.91872,-102.97944,-102.04017,-101.10089,-100.16162,-99.22234,-98.28307,-97.34379,-96.40452,-95.46524,-94.52597,-93.58669,-92.64742,-91.70814,-90.76887,-89.82959,-88.89032,-87.95104,-87.01177,-86.07249,-85.13322,-84.19394,-83.25467,-82.31539,-81.37612,-80.43684,-79.49757,-78.55829,-77.61902,-76.67974,-75.74047,-74.80119,-73.86192,-72.92264,-71.98337,-71.04409,-70.10482,-69.16554,-68.22627,-67.28699,-66.34772,-65.40844,-64.46917,-63.52989,-62.59062,-61.65134,-60.71207,-59.77279,-58.83352,-57.89424,-56.95497,-56.01569,-55.07642,-54.13714,-53.19787,-52.25859,-51.31931,-50.38004,-49.44076,-48.50149,-47.56221,-46.62294,-45.68366,-44.74439,-43.80511,-42.86584,-41.92656,-40.98729,-40.04801,-39.10874,-38.16946,-37.23019,-36.29091,-35.35164,-34.41236,-33.47309,-32.53381,-31.59454,-30.65526,-29.71599,-28.77671,-27.83744,-26.89816,-25.95889,-25.01961,-24.08034,-23.14106,-22.20179,-21.26251,-20.32324,-19.38396,-18.44469,-17.50541,-16.56614,-15.62686,-14.68759,-13.74831,-12.80904,-11.86976,-10.93049,-9.99121,-9.05194,-8.11266,-7.17339,-6.23411,-5.29484,-4.35556,-3.41629,-2.47701,-1.53774,-0.59846,0.34081,1.28009,2.21936,3.15864,4.09791,5.03719,5.97646,6.91574,7.85501,8.79429,9.73356,10.67284,11.61212,12.55139,13.49067,14.42994,15.36922,16.30849,17.24777,18.18704,19.12632,20.06559,21.00487,21.94414,22.88342,23.82269,24.76197,25.70124,26.64052,27.57979,28.51907,29.45834,30.39762,31.33689,32.27617,33.21544,34.15472,35.09399,36.03327,36.97254,37.91182,38.85109,39.79037,40.72964,41.66892,42.60819,43.54747,44.48674,45.42602,46.36529,47.30457,48.24384,49.18312,50.12239,51.06167,52.00094,52.94022,53.87949,54.81877,55.75804,56.69732,57.63659,58.57587,59.51514,60.45442,61.39369,62.33297,63.27224,64.21152,65.15079,66.09007,67.02934,67.96862,68.90789,69.84717,70.78644,71.72572,72.66499,73.60427,74.54355,75.48282,76.4221,77.36137,78.30065,79.23992,80.1792,81.11847,82.05775,82.99702,83.9363,84.87557,85.81485,86.75412,87.6934,88.63267,89.57195,90.51122,91.4505,92.38977,93.32905,94.26832,95.2076,96.14687,97.08615,98.02542,98.9647,99.90397,100.84325,101.78252,102.7218,103.66107,104.60035,105.53962,106.4789,107.41817,108.35745,109.29672,110.236,111.17527,112.11455,113.05382,113.9931,114.93237,115.87165,116.81092,117.7502,118.68947,119.62875,120.56802,121.5073,122.44657,123.38585,124.32512,125.2644,126.20367,127.14295,128.08222,129.0215,129.96077,130.90005,131.83932,132.7786,133.71787,134.65715,135.59642,136.5357,137.47498,138.41425,139.35353,140.2928,141.23208,142.17135,143.11063,144.0499,144.98918,145.92845,146.86773,147.807,148.74628,149.68555,150.62483,151.5641,152.50338,153.44265,154.38193,155.3212,156.26048,157.19975,158.13903,159.0783,160.01758,160.95685,161.89613,162.8354,163.77468,164.71395,165.65323,166.5925,167.53178,168.47105,169.41033,170.3496,171.28888,172.22815,173.16743,174.1067,175.04598,175.98525,176.92453,177.8638,178.80308,179.74235 0.04075,0.19407,-3.83598,-2.86237,-2.7306,-5.53975,-5.53894,-3.54036,-5.71317,-6.14446,-5.9044,-5.81947,-5.98913,-5.68628,-3.84845,-5.61633,-6.52889,-6.38288,-5.5801,-6.19386,-6.47287,-6.51314,-3.489,-2.26665,-2.49384,-1.69058,-1.45632,-1.38104,-1.10955,-4.93887,-6.47453,nan,nan,nan,-3.03958,1.69409,-4.43983,-6.39289,-5.33401,-2.61951,-2.08585,-1.79205,-1.93966,-1.26657,-1.02899,-1.0269,-1.04217,-3.36043,-5.95158,-6.17959,-2.58981,-1.62131,-1.12322,nan,nan,-3.679,-5.0591,-4.57775,-3.65654,-5.32389,-6.2632,-6.25434,-5.77815,-6.23633,-5.81001,-1.96175,-1.85202,-4.75982,-3.93757,0.74032,-1.47405,-0.58226,-1.7422,-4.65284,-5.72502,-6.12149,-6.11143,-6.1014,-6.09123,-6.08109,-6.07085,nan,nan,nan,-5.0901,-2.4553,-4.86696,-5.99821,-4.07901,-2.28719,-4.61737,-4.76384,-4.25521,-4.52793,-4.12178,-0.81188,-0.8157,-0.94975,-3.07198,-5.48765,-5.86058,-5.85006,-5.83948,nan,nan,nan,0.43526,-1.93881,-4.48918,-4.87338,-3.16121,-0.20864,-0.64704,-3.99225,-5.71497,-5.70487,-5.69482,-5.68482,nan,nan,nan,-5.51727,-4.35489,-0.67441,-0.63231,-1.35309,-1.69289,-0.24174,-4.03179,-5.5703,-5.56128,-5.55234,-2.20519,-0.626,-0.6337,0.32731,-3.10481,-3.27626,-0.91471,-3.92497,-5.39634,-5.46874,-5.46094,-5.45334,-5.44584,-5.43843,-5.4312,-5.42406,-4.41757,0.06193,-2.71848,-5.39682,-5.39035,-5.36441,-4.54436,-4.53478,-1.98347,1.53128,1.19404,1.76183,2.77481,2.16618,0.56552,-4.13838,-5.27067,nan,nan,nan,nan,-4.28667,-3.43765,-1.77919,-1.88819,-4.31034,-5.2603,-5.28281,-5.28002,-4.2326,-4.86561,-5.27275,-5.27065,-3.74349,2.64557,4.09857,3.35549,3.31173,0.13946,-2.18348,-2.97844,-0.66088,4.08466,nan,-5.25894,-5.2591,-5.25943,-4.96007,-1.8568,-0.76564,-2.49478,-4.78437,-5.02472,-4.93088,-2.87753,-4.10149,-5.27208,-5.2743,-5.2767,-5.27922,-5.28189,-3.27337,-0.83809,-0.17094,-4.16687,-5.29324,-5.30171,-5.30553,nan,nan,nan,nan,nan,-2.10418,-2.66519,-3.00757,-4.32807,-5.35288,-5.35844,-5.36419,-5.20542,-4.05411,-2.53207,-4.21008,-5.39491,-5.40146,-5.40819,nan,nan,nan,nan,nan,-5.04698,-4.82394,-5.46647,-5.4743,-5.1738,-5.49034,nan,-2.10892,-2.63585,-3.1018,-2.7213,-2.14504,0.78236,1.87261,-0.11149,-4.27126,-5.2492,nan,-3.49354,-3.64314,-3.46736,-5.05069,nan,-5.6525,-5.66227,-5.67216,-5.68204,-5.42973,-5.70205,-5.63618,-5.68625,-5.67424,-5.16941,-1.66696,-1.11898,-3.19247,-4.59284,-5.7946,-5.28201,-4.76358,-4.26891,-2.9849,-5.84721,-4.9304,-4.93414,-3.093,-5.36072,-5.90015,-5.89729,-2.53119,-0.82362,-0.43917,-0.26224,1.28831,3.35504,2.37988,2.46213,1.41257,-0.16441,-3.8793,nan,nan,nan,-6.06804,-4.79537,-0.91082,-0.68534,-0.62884,-0.60175,-0.60585,-0.63633,-2.79435,-6.15828,-6.16801,-3.80993,-3.89117,-6.19674,-6.20615,-3.67118,-2.81394,-4.77831,-5.97428,-5.13164,-4.55091,-4.97482,-6.06818,-3.45215,-0.69773,-1.3967,-5.03645,-6.3203,-5.46604,-1.18398,-0.54539,-1.16696,-2.10737,-1.04486,-0.76102,-1.30237,-5.41483,-4.25817,-2.82779,-3.67544,-2.53544,-0.8047,-0.79825,-0.78995,-0.7948,-0.82482,-0.81726,-0.77946,-0.76195,-0.73893,-0.70685,-0.70106,-0.70712,-0.71878,-0.73604,-0.76924,-0.79469,-0.79754,-0.75948,-0.71752,-0.69343,-0.90309,-2.12467,-5.14451,-6.37519,-5.30533,-5.78106,-6.53582,-6.07681,-6.54004,-6.54188,-6.54359,-5.33232,-1.72069,-0.87278,-2.54458,-5.88277,-3.71919,-4.6493,-2.25666,-0.39965
362.7 -180.0,-179.07587,-178.15175,-177.22762,-176.3035,-175.37937,-174.45525,-173.53112,-172.607,-171.68287,-170.75875,-169.83462,-168.91049,-167.98637,-167.06224,-166.13812,-165.21399,-164.28987,-163.36574,-162.44162,-161.51749,-160.59337,-159.66924,-158.74511,-157.82099,-156.89686,-155.97274,-155.04861,-154.12449,-153.20036,-152.27624,-151.35211,-150.42798,-149.50386,-148.57973,-147.65561,-146.73148,-145.80736,-144.88323,-143.95911,-143.03498,-142.11086,-141.18673,-140.2626,-139.33848,-138.41435,-137.49023,-136.5661,-135.64198,-134.71785,-133.79373,-132.8696,-131.94548,-131.02135,-130.09722,-129.1731,-128.24897,-127.32485,-126.40072,-125.4766,-124.55247,-123.62835,-122.70422,-121.7801,-120.85597,-119.93184,-119.00772,-118.08359,-117.15947,-116.23534,-115.31122,-114.38709,-113.46297,-112.53884,-111.61471,-110.69059,-109.76646,-108.84234,-107.91821,-106.99409,-106.06996,-105.14584,-104.22171,-103.29759,-102.37346,-101.44933,-100.52521,-99.60108,-98.67696,-97.75283,-96.82871,-95.90458,-94.98046,-94.05633,-93.13221,-92.20808,-91.28395,-90.35983,-89.4357,-88.51158,-87.58745,-86.66333,-85.7392,-84.81508,-83.89095,-82.96683,-82.0427,-81.11857,-80.19445,-79.27032,-78.3462,-77.42207,-76.49795,-75.57382,-74.6497,-73.72557,-72.80144,-71.87732,-70.95319,-70.02907,-69.10494,-68.18082,-67.25669,-66.33257,-65.40844,-64.48432,-63.56019,-62.63606,-61.71194,-60.78781,-59.86369,-58.93956,-58.01544,-57.09131,-56.16719,-55.24306,-54.31894,-53.39481,-52.47068,-51.54656,-50.62243,-49.69831,-48.77418,-47.85006,-46.92593,-46.00181,-45.07768,-44.15356,-43.22943,-42.3053,-41.38118,-40.45705,-39.53293,-38.6088,-37.68468,-36.76055,-35.83643,-34.9123,-33.98817,-33.06405,-32.13992,-31.2158,-30.29167,-29.36755,-28.44342,-27.5193,-26.59517,-25.67105,-24.74692,-23.82279,-22.89867,-21.97454,-21.05042,-20.12629,-19.20217,-18.27804,-17.35392,-16.42979,-15.50567,-14.58154,-13.65741,-12.73329,-11.80916,-10.88504,-9.96091,-9.03679,-8.11266,-7.18854,-6.26441,-5.34029,-4.41616,-3.49203,-2.56791,-1.64378,-0.71966,0.20447,1.12859,2.05272,2.97684,3.90097,4.8251,5.74922,6.67335,7.59747,8.5216,9.44572,10.36985,11.29397,12.2181,13.14222,14.06635,14.99048,15.9146,16.83873,17.76285,18.68698,19.6111,20.53523,21.45935,22.38348,23.3076,24.23173,25.15586,26.07998,27.00411,27.92823,28.85236,29.77648,30.70061,31.62473,32.54886,33.47298,34.39711,35.32124,36.24536,37.16949,38.09361,39.01774,39.94186,40.86599,41.79011,42.71424,43.63837,44.56249,45.48662,46.41074,47.33487,48.25899,49.18312,50.10724,51.03137,51.95549,52.87962,53.80375,54.72787,55.652,56.57612,57.50025,58.42437,59.3485,60.27262,61.19675,62.12087,63.045,63.96913,64.89325,65.81738,66.7415,67.66563,68.58975,69.51388,70.438,71.36213,72.28625,73.21038,74.13451,75.05863,75.98276,76.90688,77.83101,78.75513,79.67926,80.60338,81.52751,82.45164,83.37576,84.29989,85.22401,86.14814,87.07226,87.99639,88.92051,89.84464,90.76876,91.69289,92.61702,93.54114,94.46527,95.38939,96.31352,97.23764,98.16177,99.08589,100.01002,100.93414,101.85827,102.7824,103.70652,104.63065,105.55477,106.4789,107.40302,108.32715,109.25127,110.1754,111.09952,112.02365,112.94778,113.8719,114.79603,115.72015,116.64428,117.5684,118.49253,119.41665,120.34078,121.26491,122.18903,123.11316,124.03728,124.96141,125.88553,126.80966,127.73378,128.65791,129.58203,130.50616,131.43029,132.35441,133.27854,134.20266,135.12679,136.05091,136.97504,137.89916,138.82329,139.74741,140.67154,141.59567,142.51979,143.44392,144.36804,145.29217,146.21629,147.14042,148.06454,148.98867,149.91279,150.83692,151.76105,152.68517,153.6093,154.53342,155.45755,156.38167,157.3058,158.22992,159.15405,160.07818,161.0023,161.92643,162.85055,163.77468,164.6988,165.62293,166.54705,167.47118,168.3953,169.31943,170.24356,171.16768,172.09181,173.01593,173.94006,174.86418,175.78831,176.71243,177.63656,178.56068,179.48481 -0.30991,0.43144,0.40194,1.47416,-0.49211,-3.52722,-5.61983,-1.55402,-2.02836,-2.50812,-4.28317,-5.95353,-6.3143,-5.21714,-4.11764,-4.62878,-6.52461,-6.52187,-6.51899,-6.51599,-6.51279,-6.50941,-6.27632,-6.12773,-6.47663,-4.5523,-2.29352,-1.92069,-1.34492,-2.94738,-6.43387,-6.11779,nan,nan,nan,-4.56547,-5.52944,-6.43522,-6.42936,-3.1516,-0.84427,-0.76235,-0.90896,-1.06288,-1.56341,-3.06493,-1.69521,-1.07191,-1.1785,-3.69751,-4.15429,-2.25783,-3.69646,-3.76584,-2.34426,-4.93716,-5.95261,-6.29384,-6.28559,-5.93509,-6.26874,-6.26021,-6.25155,-6.24278,-6.234,-4.46073,-0.55586,-3.25934,-6.1978,-5.32652,-2.8282,-4.971,-3.72331,-2.28172,-4.93073,-6.1317,-6.12196,-6.11224,-6.10238,-3.73897,-3.43695,-6.07266,-6.06263,nan,nan,-5.77857,-4.44603,-5.21418,-6.00181,-5.99154,-4.92146,-5.55335,-5.9607,-5.71785,-5.94007,-5.92972,-4.38677,-0.28965,0.26047,-1.59882,nan,nan,-5.85723,-5.84049,-5.17147,nan,nan,nan,0.7158,1.33292,2.00506,-2.99259,-4.35134,-3.16714,-4.015,-5.33966,-5.71519,-5.70534,-5.69554,-5.68579,nan,nan,nan,-5.64739,-4.50055,-0.8299,-0.63603,-1.9587,-3.79765,-4.66422,-5.29049,-5.57399,-5.56516,-5.55643,-4.55389,-2.52979,-0.72644,-0.15889,-2.22181,-2.61878,1.68723,-0.38276,-3.61732,-5.47459,-5.46696,-4.64776,-5.23312,-5.44487,-5.43775,-5.43075,-4.44795,0.42769,-1.29784,-4.74806,-5.36999,-4.19419,-3.78839,-3.41243,-3.32401,-0.74158,1.20126,-0.89247,-0.62309,0.41773,-1.10091,-4.52321,-5.33184,-5.32725,-5.3229,nan,nan,-5.31062,-5.30681,-1.92529,1.07313,-2.8323,-5.29325,-5.29028,-5.28742,-5.28476,-5.28222,-5.27989,-5.27767,-5.27567,-4.92628,1.15243,4.98563,1.94342,-1.95846,-5.14571,-1.5068,0.7587,-0.79704,nan,nan,nan,-5.26426,-5.26452,-4.83586,-2.45837,-0.65738,-3.41313,-3.57501,-1.91989,-3.45821,-5.22885,-4.72613,-4.1243,-4.22664,-5.28082,-5.28327,-5.08225,-4.4549,-2.15062,-1.33795,-1.54882,-2.79035,-4.61684,-5.30841,nan,nan,nan,nan,nan,nan,-0.25215,3.65493,3.41661,-3.11408,-5.35903,-5.36449,-5.3701,-2.57241,-2.27675,-3.06658,-4.76185,-5.40028,-5.40672,-5.41327,nan,nan,nan,nan,nan,nan,nan,-5.47025,nan,nan,nan,nan,nan,nan,-4.28641,-4.49378,-3.60288,-1.42851,1.87672,2.79057,0.84814,-4.65946,nan,nan,nan,nan,nan,nan,nan,-5.66109,-5.67074,-5.68036,-5.69011,-5.69987,-5.70971,-5.7196,nan,-5.73952,-5.7495,-2.63125,-1.2455,-3.77732,-4.48357,-4.68296,-3.56101,-0.22224,3.06077,1.85693,1.34925,-1.72335,-2.44922,-4.67727,-5.8929,-5.90321,-5.91357,-3.9759,-3.06407,-0.0873,-0.53246,-1.37116,3.20433,2.95391,0.5659,0.19287,-0.2882,-3.22313,nan,nan,nan,-6.06705,-5.529,-1.0812,0.1916,-0.13058,-0.6461,-0.65144,-0.63126,-2.03024,-6.14773,-6.06439,-5.71502,-5.54936,-5.72726,-5.35206,-3.06752,-0.9032,-2.16866,-4.47238,-3.55991,-0.69822,-0.81124,-4.45344,-4.19246,-0.69549,-0.64357,-3.85304,-6.3137,-6.21811,-1.6938,-0.25141,-0.62411,-1.36821,-1.16903,-0.70791,-0.72966,-1.99712,-2.73898,-0.75903,-1.03556,-1.45235,-0.82273,-0.80592,-0.78762,-0.96372,-1.14917,-0.79963,-0.79609,-0.77887,-0.75421,-0.72138,-0.71065,-0.70883,-0.7127,-0.72136,-0.73378,-0.75617,-0.78763,-0.77978,-0.74314,-0.70472,-0.69227,-0.76119,-2.94199,-5.65602,-6.52316,-6.47097,-6.52828,-6.53059,-6.53275,-6.53473,-6.03055,-4.69973,-6.50389,-2.308,-0.84947,-0.85163,-1.73539,-1.03833,-3.9649,-4.33093,-1.40211
368.55 -180.0,-179.09054,-178.18109,-177.27163,-176.36217,-175.45272,-174.54326,-173.6338,-172.72435,-171.81489,-170.90543,-169.99598,-169.08652,-168.17706,-167.2676,-166.35815,-165.44869,-164.53923,-163.62978,-162.72032,-161.81086,-160.90141,-159.99195,-159.08249,-158.17304,-157.26358,-156.35412,-155.44467,-154.53521,-153.62575,-152.7163,-151.80684,-150.89738,-149.98793,-149.07847,-148.16901,-147.25955,-146.3501,-145.44064,-144.53118,-143.62173,-142.71227,-141.80281,-140.89336,-139.9839,-139.07444,-138.16499,-137.25553,-136.34607,-135.43662,-134.52716,-133.6177,-132.70825,-131.79879,-130.88933,-129.97988,-129.07042,-128.16096,-127.2515,-126.34205,-125.43259,-124.52313,-123.61368,-122.70422,-121.79476,-120.88531,-119.97585,-119.06639,-118.15694,-117.24748,-116.33802,-115.42857,-114.51911,-113.60965,-112.7002,-111.79074,-110.88128,-109.97183,-109.06237,-108.15291,-107.24345,-106.334,-105.42454,-104.51508,-103.60563,-102.69617,-101.78671,-100.87726,-99.9678,-99.05834,-98.14889,-97.23943,-96.32997,-95.42052,-94.51106,-93.6016,-92.69215,-91.78269,-90.87323,-89.96378,-89.05432,-88.14486,-87.2354,-86.32595,-85.41649,-84.50703,-83.59758,-82.68812,-81.77866,-80.86921,-79.95975,-79.05029,-78.14084,-77.23138,-76.32192,-75.41247,-74.50301,-73.59355,-72.6841,-71.77464,-70.86518,-69.95573,-69.04627,-68.13681,-67.22735,-66.3179,-65.40844,-64.49898,-63.58953,-62.68007,-61.77061,-60.86116,-59.9517,-59.04224,-58.13279,-57.22333,-56.31387,-55.40442,-54.49496,-53.5855,-52.67605,-51.76659,-50.85713,-49.94768,-49.03822,-48.12876,-47.2193,-46.30985,-45.40039,-44.49093,-43.58148,-42.67202,-41.76256,-40.85311,-39.94365,-39.03419,-38.12474,-37.21528,-36.30582,-35.39637,-34.48691,-33.57745,-32.668,-31.75854,-30.84908,-29.93963,-29.03017,-28.12071,-27.21125,-26.3018,-25.39234,-24.48288,-23.57343,-22.66397,-21.75451,-20.84506,-19.9356,-19.02614,-18.11669,-17.20723,-16.29777,-15.38832,-14.47886,-13.5694,-12.65995,-11.75049,-10.84103,-9.93158,-9.02212,-8.11266,-7.2032,-6.29375,-5.38429,-4.47483,-3.56538,-2.65592,-1.74646,-0.83701,0.07245,0.98191,1.89136,2.80082,3.71028,4.61973,5.52919,6.43865,7.3481,8.25756,9.16702,10.07647,10.98593,11.89539,12.80485,13.7143,14.62376,15.53322,16.44267,17.35213,18.26159,19.17104,20.0805,20.98996,21.89941,22.80887,23.71833,24.62778,25.53724,26.4467,27.35615,28.26561,29.17507,30.08452,30.99398,31.90344,32.8129,33.72235,34.63181,35.54127,36.45072,37.36018,38.26964,39.17909,40.08855,40.99801,41.90746,42.81692,43.72638,44.63583,45.54529,46.45475,47.3642,48.27366,49.18312,50.09257,51.00203,51.91149,52.82095,53.7304,54.63986,55.54932,56.45877,57.36823,58.27769,59.18714,60.0966,61.00606,61.91551,62.82497,63.73443,64.64388,65.55334,66.4628,67.37225,68.28171,69.19117,70.10062,71.01008,71.91954,72.829,73.73845,74.64791,75.55737,76.46682,77.37628,78.28574,79.19519,80.10465,81.01411,81.92356,82.83302,83.74248,84.65193,85.56139,86.47085,87.3803,88.28976,89.19922,90.10867,91.01813,91.92759,92.83705,93.7465,94.65596,95.56542,96.47487,97.38433,98.29379,99.20324,100.1127,101.02216,101.93161,102.84107,103.75053,104.65998,105.56944,106.4789,107.38835,108.29781,109.20727,110.11672,111.02618,111.93564,112.8451,113.75455,114.66401,115.57347,116.48292,117.39238,118.30184,119.21129,120.12075,121.03021,121.93966,122.84912,123.75858,124.66803,125.57749,126.48695,127.3964,128.30586,129.21532,130.12477,131.03423,131.94369,132.85315,133.7626,134.67206,135.58152,136.49097,137.40043,138.30989,139.21934,140.1288,141.03826,141.94771,142.85717,143.76663,144.67608,145.58554,146.495,147.40445,148.31391,149.22337,150.13282,151.04228,151.95174,152.8612,153.77065,154.68011,155.58957,156.49902,157.40848,158.31794,159.22739,160.13685,161.04631,161.95576,162.86522,163.77468,164.68413,165.59359,166.50305,167.4125,168.32196,169.23142,170.14087,171.05033,171.95979,172.86925,173.7787,174.68816,175.59762,176.50707,177.41653,178.32599,179.23544 -0.92996,-1.43817,-0.58183,-0.33372,-1.0719,-2.03222,-2.52129,-0.91596,-0.74298,-0.69272,-3.30935,-6.40171,-5.84083,-3.818,-2.37412,-1.5992,-4.66428,-6.51771,-5.83074,-5.79786,-6.13772,-6.50581,-6.50246,-2.37774,-2.04505,-6.39841,-5.81579,-3.31719,-1.12839,-1.09793,-4.92348,-5.03219,nan,nan,nan,-5.489,-6.06878,-2.61661,-2.43559,-2.65407,-0.69715,-0.81329,-0.2775,-0.89779,-3.7192,-2.46308,-2.25938,-1.05038,-1.08635,-2.5615,-4.71832,-4.6356,-5.06427,-5.74579,-6.08639,-6.31379,-6.306,-6.29812,-6.29015,-6.28206,-6.27388,-6.26564,-6.25725,-6.24881,-6.24031,-6.21008,-2.23623,-0.91124,-4.46134,-6.19641,-6.18733,-6.17831,-6.16912,-6.15992,-5.22811,-5.96136,-6.13188,-6.1224,-6.11289,-6.02714,-3.58769,2.59468,-1.76288,-6.06457,-6.05475,-6.0449,-6.03505,-5.05241,-3.69577,-4.87604,-5.99526,-5.98521,-5.97518,-5.96517,-5.60357,-5.945,-5.9349,-5.17575,-4.05305,2.15187,-1.05371,nan,nan,nan,nan,nan,-4.29477,nan,nan,nan,2.56184,2.67764,2.43915,-2.95303,-5.68447,-4.41144,-5.26754,-2.72611,-0.83093,-5.70584,-5.69626,-5.68675,-5.67729,-5.66788,-4.93465,-4.09825,-2.89019,-0.94748,-2.58599,-4.08265,nan,nan,nan,-5.57757,-5.56894,-5.56041,-5.55199,-4.40884,-2.25761,-3.99741,-4.24283,-4.17727,-3.13582,-2.94847,-3.38711,-4.72679,-5.42239,-2.51997,-2.74456,-5.45109,-5.44411,-5.43725,-4.54717,0.37576,-0.76222,-3.50477,-5.12628,-4.80575,-3.24114,-2.56972,-3.34926,-3.2255,1.37967,1.11438,-3.27551,-4.78227,-3.73562,-4.99831,-1.45838,-2.38773,-5.33052,-5.32625,-5.32216,-5.31821,-5.31437,-4.06079,-0.26768,-1.73261,-4.84521,-5.29762,-5.2947,-5.29197,-5.28936,-5.28693,-5.28463,-5.28251,-5.28052,-5.27873,-3.45269,-0.46061,-3.4437,-5.20865,-2.67131,2.63538,1.08749,-1.7567,-2.66089,nan,nan,nan,nan,-4.61729,-1.22333,0.18065,1.16725,0.92861,0.4189,-1.21291,0.47796,-0.12779,nan,nan,-3.95915,-3.35399,-1.97352,-4.22675,-5.29513,-4.78499,-2.9017,-2.97442,-3.65902,-4.23371,-4.10194,nan,nan,nan,nan,nan,0.03667,-2.64131,-3.11104,-3.49943,-5.34167,-5.36496,-5.37036,-4.7365,-1.39549,-3.36301,-5.39325,-5.39929,-5.40548,-5.41179,-5.41821,-5.42476,-5.43144,nan,nan,nan,nan,nan,-5.47394,nan,nan,nan,nan,nan,nan,-5.279,-5.53663,-5.53784,-3.63879,nan,2.41417,1.47481,-4.81395,nan,nan,nan,nan,nan,nan,nan,nan,-5.61399,-5.67882,-5.65626,-5.69784,-5.70733,nan,nan,nan,-5.74616,-5.6987,-4.78505,-5.74231,-5.25535,-5.47677,-2.51271,2.31094,3.82578,4.0521,3.37978,-0.61755,-2.10627,1.43643,-3.75197,-5.89611,-5.90614,-5.91626,-5.91436,-3.90631,-0.12799,-2.0583,-5.03075,-2.14446,-3.89365,-4.78095,-0.96271,-2.32727,-5.10648,nan,-6.04645,-6.05628,-6.06607,-6.07582,0.59554,2.65856,-0.34279,-2.10306,-1.38414,-0.54524,-1.20792,-5.39405,-3.53309,-1.51129,-1.47896,-3.20057,-2.13995,-0.89156,-0.55818,-0.75798,-1.11347,-1.2633,-0.64221,-0.69014,-3.53581,-5.70383,-3.48714,-1.27191,-3.1182,-6.30732,-6.31507,-2.76373,-0.45992,-0.52998,-0.55565,-0.58302,-0.60558,-0.65018,-0.69758,-0.724,-0.72382,-0.71974,-0.75005,-0.83002,-0.84286,-0.80605,-0.76459,-4.28666,-4.33898,-2.40412,-0.77284,-1.41418,-1.65296,-0.72861,-0.85532,-0.78333,-0.73398,-0.72845,-0.72768,-0.74317,-0.75361,-0.75246,-0.7327,-0.70446,-0.69988,-1.60377,-5.43301,-6.51552,-6.51825,-5.84209,-6.52325,-5.7068,-6.52763,-6.5296,-5.29893,-1.15021,-1.4789,-1.10614,-1.50408,-0.82717,-0.70983,-0.76067,-1.10697,-3.19937,-1.89005
374.4 -180.0,-179.10475,-178.20951,-177.31426,-176.41901,-175.52377,-174.62852,-173.73327,-172.83803,-171.94278,-171.04753,-170.15229,-169.25704,-168.36179,-167.46655,-166.5713,-165.67606,-164.78081,-163.88556,-162.99032,-162.09507,-161.19982,-160.30458,-159.40933,-158.51408,-157.61884,-156.72359,-155.82834,-154.9331,-154.03785,-153.1426,-152.24736,-151.35211,-150.45686,-149.56162,-148.66637,-147.77112,-146.87588,-145.98063,-145.08538,-144.19014,-143.29489,-142.39964,-141.5044,-140.60915,-139.71391,-138.81866,-137.92341,-137.02817,-136.13292,-135.23767,-134.34243,-133.44718,-132.55193,-131.65669,-130.76144,-129.86619,-128.97095,-128.0757,-127.18045,-126.28521,-125.38996,-124.49471,-123.59947,-122.70422,-121.80897,-120.91373,-120.01848,-119.12323,-118.22799,-117.33274,-116.43749,-115.54225,-114.647,-113.75175,-112.85651,-111.96126,-111.06602,-110.17077,-109.27552,-108.38028,-107.48503,-106.58978,-105.69454,-104.79929,-103.90404,-103.0088,-102.11355,-101.2183,-100.32306,-99.42781,-98.53256,-97.63732,-96.74207,-95.84682,-94.95158,-94.05633,-93.16108,-92.26584,-91.37059,-90.47534,-89.5801,-88.68485,-87.7896,-86.89436,-85.99911,-85.10387,-84.20862,-83.31337,-82.41813,-81.52288,-80.62763,-79.73239,-78.83714,-77.94189,-77.04665,-76.1514,-75.25615,-74.36091,-73.46566,-72.57041,-71.67517,-70.77992,-69.88467,-68.98943,-68.09418,-67.19893,-66.30369,-65.40844,-64.51319,-63.61795,-62.7227,-61.82745,-60.93221,-60.03696,-59.14172,-58.24647,-57.35122,-56.45598,-55.56073,-54.66548,-53.77024,-52.87499,-51.97974,-51.0845,-50.18925,-49.294,-48.39876,-47.50351,-46.60826,-45.71302,-44.81777,-43.92252,-43.02728,-42.13203,-41.23678,-40.34154,-39.44629,-38.55104,-37.6558,-36.76055,-35.8653,-34.97006,-34.07481,-33.17956,-32.28432,-31.38907,-30.49383,-29.59858,-28.70333,-27.80809,-26.91284,-26.01759,-25.12235,-24.2271,-23.33185,-22.43661,-21.54136,-20.64611,-19.75087,-18.85562,-17.96037,-17.06513,-16.16988,-15.27463,-14.37939,-13.48414,-12.58889,-11.69365,-10.7984,-9.90315,-9.00791,-8.11266,-7.21741,-6.32217,-5.42692,-4.53168,-3.63643,-2.74118,-1.84594,-0.95069,-0.05544,0.8398,1.73505,2.6303,3.52554,4.42079,5.31604,6.21128,7.10653,8.00178,8.89702,9.79227,10.68752,11.58276,12.47801,13.37326,14.2685,15.16375,16.059,16.95424,17.84949,18.74474,19.63998,20.53523,21.43047,22.32572,23.22097,24.11621,25.01146,25.90671,26.80195,27.6972,28.59245,29.48769,30.38294,31.27819,32.17343,33.06868,33.96393,34.85917,35.75442,36.64967,37.54491,38.44016,39.33541,40.23065,41.1259,42.02115,42.91639,43.81164,44.70689,45.60213,46.49738,47.39262,48.28787,49.18312,50.07836,50.97361,51.86886,52.7641,53.65935,54.5546,55.44984,56.34509,57.24034,58.13558,59.03083,59.92608,60.82132,61.71657,62.61182,63.50706,64.40231,65.29756,66.1928,67.08805,67.9833,68.87854,69.77379,70.66904,71.56428,72.45953,73.35478,74.25002,75.14527,76.04051,76.93576,77.83101,78.72625,79.6215,80.51675,81.41199,82.30724,83.20249,84.09773,84.99298,85.88823,86.78347,87.67872,88.57397,89.46921,90.36446,91.25971,92.15495,93.0502,93.94545,94.84069,95.73594,96.63119,97.52643,98.42168,99.31693,100.21217,101.10742,102.00266,102.89791,103.79316,104.6884,105.58365,106.4789,107.37414,108.26939,109.16464,110.05988,110.95513,111.85038,112.74562,113.64087,114.53612,115.43136,116.32661,117.22186,118.1171,119.01235,119.9076,120.80284,121.69809,122.59334,123.48858,124.38383,125.27908,126.17432,127.06957,127.96481,128.86006,129.75531,130.65055,131.5458,132.44105,133.33629,134.23154,135.12679,136.02203,136.91728,137.81253,138.70777,139.60302,140.49827,141.39351,142.28876,143.18401,144.07925,144.9745,145.86975,146.76499,147.66024,148.55549,149.45073,150.34598,151.24123,152.13647,153.03172,153.92696,154.82221,155.71746,156.6127,157.50795,158.4032,159.29844,160.19369,161.08894,161.98418,162.87943,163.77468,164.66992,165.56517,166.46042,167.35566,168.25091,169.14616,170.0414,170.93665,171.8319,172.72714,173.62239,174.51764,175.41288,176.30813,177.20338,178.09862,178.99387,179.88912 -3.90962,-4.9851,-1.6844,-1.2962,-2.58018,-2.85307,-1.60148,-0.78173,-0.74388,-0.70045,-1.07766,-1.583,-0.97738,-0.67127,-0.60989,-1.47844,-3.91299,-6.47866,-3.03882,-2.46271,-4.54612,-6.10594,-5.71961,-2.6305,2.24409,-4.13865,-5.14722,-2.90115,-1.23127,-2.47899,-4.45578,-6.11135,-2.70949,-4.26223,-6.44916,-6.44414,-6.43893,-2.63957,2.44071,2.47895,1.49632,-1.33884,-5.02758,-4.1117,-3.42003,-3.43028,1.48053,2.06365,-0.45137,-3.8207,-5.2412,-6.34626,-6.03576,-6.15896,-6.32468,-6.31722,-6.30972,-6.30214,-6.29441,-6.28659,-6.27872,-6.27071,-6.26261,-6.25447,-5.51937,-2.38548,-2.66264,0.03162,-1.03202,-3.52866,-4.67389,-5.75375,-6.17729,-6.16842,-6.1594,-6.15035,-6.14124,-6.13204,-6.12284,-6.1135,-3.93351,-4.64805,-0.04601,2.49168,-2.7236,-5.80586,-5.30028,-6.03315,-5.18834,-3.61337,-1.50746,-2.50937,-4.09983,-4.44601,-4.91024,-1.35781,-2.69181,-3.78804,-1.17687,-2.75107,-4.89422,-4.13174,-5.89042,nan,nan,nan,nan,nan,-4.3781,-3.77949,-3.10184,1.21714,2.29185,0.97951,-0.79479,-4.47917,-3.90418,0.47144,-3.59654,0.75885,1.83816,-4.65875,-5.36648,-5.68769,-5.67846,-5.66928,-3.5867,-1.95459,-0.93187,-0.92412,-3.1682,-4.77342,nan,nan,nan,-3.63039,-4.04293,-5.36136,-5.55602,-5.54786,-5.53976,-5.36466,-4.02075,-2.63743,-1.86789,-2.42679,-3.36708,-3.75914,-5.19855,-2.62562,-1.24827,-3.5108,-4.51197,-5.44353,-5.23011,-2.54015,-1.84122,-2.84024,-2.38114,-2.93656,-4.23169,-2.87768,-3.22902,-3.78265,-2.95271,-0.77978,1.08888,-3.60936,-5.35624,-5.34978,-3.04915,2.00044,-1.54242,-4.18152,-5.32955,-5.32556,-4.66262,-1.71729,-4.32545,-3.86482,-3.52245,-4.91765,-5.30179,-5.29899,-5.29632,-5.29381,-5.29144,-5.28922,-5.28715,-5.28523,-5.28347,-5.28185,-5.27256,-3.81063,-3.64507,-4.5763,0.21685,1.00224,-1.1225,-1.34946,-3.19167,-4.85204,nan,nan,nan,-0.90607,0.35227,0.87472,-1.62803,-3.78851,-5.28023,-2.09467,nan,nan,nan,-4.72475,-1.4238,-1.07897,-3.34419,-5.2805,-5.30141,-5.25499,-5.28374,-4.95966,-3.89353,-3.28349,-3.40667,-4.04291,-4.79595,-5.33302,-5.33724,-3.27613,-3.15977,-5.35075,-5.35554,-5.36047,-5.3655,-5.37065,nan,nan,nan,-5.34962,-5.3985,-3.8004,-1.29957,-2.47251,-4.49758,nan,-5.43592,nan,nan,nan,nan,nan,nan,nan,nan,-1.03186,-1.6367,-2.75432,-3.00187,-2.8991,-5.32497,-5.23318,-4.21786,nan,nan,nan,-0.15384,-5.16392,nan,-5.61441,-5.62316,nan,nan,nan,-3.67357,-1.21567,-2.66206,-1.31872,-3.9688,-5.70519,-4.05932,nan,nan,nan,-3.40984,-3.34981,-5.77178,-5.78147,-5.79118,-5.80086,-1.4551,-0.93678,1.67411,nan,-4.10264,-5.85969,-3.58754,1.57358,-2.64581,-5.89912,-5.90899,-5.91885,-4.97678,-1.14317,-0.19604,-1.97017,-5.92319,-5.97792,-5.98771,-5.49607,-1.62631,-3.96807,-6.02665,-6.03632,-6.04598,-6.05559,-6.06515,-6.07468,-0.30469,1.53437,-5.16728,-6.07367,-3.52837,-1.34724,-0.45133,-3.00491,-2.02049,-0.34362,-0.3469,-1.92382,-3.22373,-4.12017,-4.13567,-1.73003,-0.59875,-0.58796,-0.59562,-0.6331,-2.05862,-4.91136,-6.10733,-3.46321,-2.50187,-6.30121,-6.30884,-5.27738,-2.73683,-0.719,-0.54856,-0.54173,-0.56349,-0.58763,-0.61733,-0.65593,-0.65564,-0.65632,-0.82274,-0.8037,-1.6787,-1.51869,-0.78747,-1.28676,-4.16398,-6.29639,-5.42954,-3.80514,-5.22576,-3.2684,-0.72241,-4.02141,-3.16446,-0.88706,-0.73837,-0.7217,-0.72253,-0.73246,-0.7324,-0.72054,-0.71177,-0.70826,-0.77173,-3.68748,-6.51089,-5.50301,-2.43822,-3.42215,-0.50191,-3.89242,-6.52472,-6.52652,-3.78801,1.11821,-1.28092,-5.26959,-1.36094,1.27889,-0.2317,-0.84645,-3.3405,-2.24533,-3.66604
380.25 -180.0,-179.11853,-178.23705,-177.35558,-176.47411,-175.59263,-174.71116,-173.82969,-172.94821,-172.06674,-171.18526,-170.30379,-169.42232,-168.54084,-167.65937,-166.7779,-165.89642,-165.01495,-164.13348,-163.252,-162.37053,-161.48906,-160.60758,-159.72611,-158.84464,-157.96316,-157.08169,-156.20021,-155.31874,-154.43727,-153.55579,-152.67432,-151.79285,-150.91137,-150.0299,-149.14843,-148.26695,-147.38548,-146.50401,-145.62253,-144.74106,-143.85959,-142.97811,-142.09664,-141.21516,-140.33369,-139.45222,-138.57074,-137.68927,-136.8078,-135.92632,-135.04485,-134.16338,-133.2819,-132.40043,-131.51896,-130.63748,-129.75601,-128.87454,-127.99306,-127.11159,-126.23011,-125.34864,-124.46717,-123.58569,-122.70422,-121.82275,-120.94127,-120.0598,-119.17833,-118.29685,-117.41538,-116.53391,-115.65243,-114.77096,-113.88949,-113.00801,-112.12654,-111.24506,-110.36359,-109.48212,-108.60064,-107.71917,-106.8377,-105.95622,-105.07475,-104.19328,-103.3118,-102.43033,-101.54886,-100.66738,-99.78591,-98.90444,-98.02296,-97.14149,-96.26001,-95.37854,-94.49707,-93.61559,-92.73412,-91.85265,-90.97117,-90.0897,-89.20823,-88.32675,-87.44528,-86.56381,-85.68233,-84.80086,-83.91939,-83.03791,-82.15644,-81.27496,-80.39349,-79.51202,-78.63054,-77.74907,-76.8676,-75.98612,-75.10465,-74.22318,-73.3417,-72.46023,-71.57876,-70.69728,-69.81581,-68.93434,-68.05286,-67.17139,-66.28991,-65.40844,-64.52697,-63.64549,-62.76402,-61.88255,-61.00107,-60.1196,-59.23813,-58.35665,-57.47518,-56.59371,-55.71223,-54.83076,-53.94929,-53.06781,-52.18634,-51.30486,-50.42339,-49.54192,-48.66044,-47.77897,-46.8975,-46.01602,-45.13455,-44.25308,-43.3716,-42.49013,-41.60866,-40.72718,-39.84571,-38.96424,-38.08276,-37.20129,-36.31981,-35.43834,-34.55687,-33.67539,-32.79392,-31.91245,-31.03097,-30.1495,-29.26803,-28.38655,-27.50508,-26.62361,-25.74213,-24.86066,-23.97919,-23.09771,-22.21624,-21.33476,-20.45329,-19.57182,-18.69034,-17.80887,-16.9274,-16.04592,-15.16445,-14.28298,-13.4015,-12.52003,-11.63856,-10.75708,-9.87561,-8.99413,-8.11266,-7.23119,-6.34971,-5.46824,-4.58677,-3.70529,-2.82382,-1.94235,-1.06087,-0.1794,0.70207,1.58355,2.46502,3.34649,4.22797,5.10944,5.99092,6.87239,7.75386,8.63534,9.51681,10.39828,11.27976,12.16123,13.0427,13.92418,14.80565,15.68712,16.5686,17.45007,18.33154,19.21302,20.09449,20.97597,21.85744,22.73891,23.62039,24.50186,25.38333,26.26481,27.14628,28.02775,28.90923,29.7907,30.67217,31.55365,32.43512,33.31659,34.19807,35.07954,35.96102,36.84249,37.72396,38.60544,39.48691,40.36838,41.24986,42.13133,43.0128,43.89428,44.77575,45.65722,46.5387,47.42017,48.30164,49.18312,50.06459,50.94607,51.82754,52.70901,53.59049,54.47196,55.35343,56.23491,57.11638,57.99785,58.87933,59.7608,60.64227,61.52375,62.40522,63.28669,64.16817,65.04964,65.93112,66.81259,67.69406,68.57554,69.45701,70.33848,71.21996,72.10143,72.9829,73.86438,74.74585,75.62732,76.5088,77.39027,78.27174,79.15322,80.03469,80.91617,81.79764,82.67911,83.56059,84.44206,85.32353,86.20501,87.08648,87.96795,88.84943,89.7309,90.61237,91.49385,92.37532,93.25679,94.13827,95.01974,95.90122,96.78269,97.66416,98.54564,99.42711,100.30858,101.19006,102.07153,102.953,103.83448,104.71595,105.59742,106.4789,107.36037,108.24184,109.12332,110.00479,110.88627,111.76774,112.64921,113.53069,114.41216,115.29363,116.17511,117.05658,117.93805,118.81953,119.701,120.58247,121.46395,122.34542,123.22689,124.10837,124.98984,125.87132,126.75279,127.63426,128.51574,129.39721,130.27868,131.16016,132.04163,132.9231,133.80458,134.68605,135.56752,136.449,137.33047,138.21194,139.09342,139.97489,140.85637,141.73784,142.61931,143.50079,144.38226,145.26373,146.14521,147.02668,147.90815,148.78963,149.6711,150.55257,151.43405,152.31552,153.19699,154.07847,154.95994,155.84142,156.72289,157.60436,158.48584,159.36731,160.24878,161.13026,162.01173,162.8932,163.77468,164.65615,165.53762,166.4191,167.30057,168.18204,169.06352,169.94499,170.82647,171.70794,172.58941,173.47089,174.35236,175.23383,176.11531,176.99678,177.87825,178.75973,179.6412 -5.37012,-3.46951,-1.23316,-0.96528,-1.69015,-1.34131,-0.80101,-0.77109,-0.73254,-0.68918,-0.68853,0.47194,1.34909,-0.28458,-0.63589,-1.69998,-4.9884,-6.15151,-4.38108,-0.68369,-1.31907,-3.75788,-5.46074,-1.76672,-0.61848,-2.7995,-6.12724,-3.40636,-1.87088,-2.1355,-5.30655,-6.14458,-3.89204,-1.20532,-4.00715,-5.78924,-6.43826,-5.85332,0.55622,2.44883,1.62181,-0.73097,-2.56308,-4.18793,-4.45896,-1.6735,0.93512,2.50654,2.41098,-3.3345,-6.3556,-6.34872,-6.34196,-5.99136,-6.03217,-6.32065,-6.31349,-6.30614,-6.29858,-6.29111,-6.28352,-6.2757,-6.26789,-6.25999,-6.25192,-3.22012,1.44484,0.39263,-0.08447,0.2706,-2.20029,-3.3552,-3.26961,-5.30358,-6.16781,-6.15913,-6.15019,-6.14136,-6.13237,-6.12336,nan,nan,-2.52032,-0.72437,-0.68483,-3.38303,-3.59258,-3.30116,-5.02229,-6.00218,-3.3594,0.40915,0.63858,-0.93145,1.33295,-0.36606,2.19,3.0634,1.09557,0.90273,0.91578,-2.40136,-5.90601,-5.89635,-5.88663,-4.93393,-5.42258,nan,nan,nan,-2.81532,-1.68097,-1.46457,-1.73423,-3.19466,-4.9761,-5.77188,-5.76245,-4.64796,-3.30753,0.73832,3.99717,1.94231,-2.25758,-1.81588,-0.75196,-0.5551,-3.4431,-3.03094,-2.00265,-0.93466,-0.92892,-0.93293,-2.76708,-5.07773,-1.80509,0.19746,1.27619,0.62165,-4.46194,-5.55984,-5.55182,-5.54385,-5.53599,-4.86653,-3.08168,-0.48097,-0.30489,-2.29364,-5.27812,-5.39283,-2.71605,-0.65978,-0.64747,-0.76217,-1.79266,-3.06407,-4.80151,-5.38278,-4.25686,-1.40171,0.55921,0.11057,-3.81802,-3.09956,-3.29662,-1.9822,-3.96721,-5.12858,-4.51756,-5.11909,-5.35842,-4.55491,-5.19856,-3.76381,-2.51921,-2.53534,-3.3649,-4.65588,-0.0164,4.79407,0.23204,-4.7509,-5.16384,-5.30848,-5.30561,-5.30289,-5.30031,-5.29788,-5.29557,-5.29341,-5.29139,-5.28952,-5.28781,-5.28624,-5.28479,-3.29576,-0.10344,-2.86457,-3.73112,-2.67599,-2.12514,0.61625,-2.26056,-4.1208,nan,nan,-3.63482,0.77845,1.88811,0.75155,-4.58028,-4.98398,-5.28422,-5.28567,-4.98246,nan,nan,nan,-1.44919,3.4567,-0.84106,-3.15617,-5.30438,-5.30719,-5.31022,-4.52716,-3.03602,-3.02498,-3.42648,-4.15599,-5.30634,-5.33476,nan,nan,nan,-5.35178,-5.35637,nan,nan,nan,nan,nan,nan,nan,nan,nan,-1.18199,1.52271,1.36422,-3.424,nan,nan,nan,nan,nan,nan,nan,nan,nan,-2.75847,-1.8942,-1.51637,-1.49688,-0.10466,2.38856,-2.91943,-3.77953,-0.08783,nan,nan,nan,-3.20291,-4.52104,-1.47991,-3.75044,-5.62308,-4.04158,-5.38157,-5.25182,-5.38424,-1.40109,2.80717,2.82527,0.77114,-3.57224,-5.36133,-1.63213,nan,0.65403,0.31202,1.21404,-1.58608,-4.90633,-3.78198,-5.79653,-5.80599,-5.48973,nan,nan,nan,nan,-5.86351,-4.80149,0.14869,-2.08286,-5.90205,-5.91172,-5.92139,-5.36298,-1.86288,-1.23937,-3.29103,-5.72424,-5.97912,-5.98872,-5.99824,-4.97321,-5.85044,-6.02671,-6.03622,-6.04566,-6.05503,-6.06433,-6.07368,-2.94168,-1.40124,-5.69901,-6.11054,-5.72983,-5.06672,-1.22777,-0.41359,-0.40005,-0.38414,-0.38135,-1.06779,-2.38134,-4.25197,-5.79212,-4.24438,-1.81955,-0.18505,-0.46079,-0.5499,-0.78303,-1.49363,-4.96509,-6.01362,-5.30634,-6.12824,-6.30317,nan,nan,nan,-0.5786,-0.53431,-0.52954,-0.54339,-0.54447,-0.54058,-0.49898,-0.54224,-0.79716,-2.13593,-2.40323,-2.5689,-1.10339,-0.70522,-1.16846,-4.9419,-6.43111,-6.43633,-6.43921,-5.76547,-2.39849,-1.1187,-3.26525,-2.01896,-0.76144,-0.74496,-0.71247,-0.70766,-0.71632,-0.71776,-0.71694,-0.70683,-0.70118,-0.71033,-0.71772,-3.66576,-6.38194,-4.85405,-5.36045,-1.17628,0.48514,-4.77383,-6.5223,-6.37513,-2.99861,0.95814,-4.84268,-4.50834,0.12075,-0.79123,3.15687,-2.41764,-5.67035,-6.17833
386.1 -180.0,-179.13188,-178.26376,-177.39565,-176.52753,-175.65941,-174.79129,-173.92317,-173.05506,-172.18694,-171.31882,-170.4507,-169.58259,-168.71447,-167.84635,-166.97823,-166.11011,-165.242,-164.37388,-163.50576,-162.63764,-161.76952,-160.90141,-160.03329,-159.16517,-158.29705,-157.42894,-156.56082,-155.6927,-154.82458,-153.95646,-153.08835,-152.22023,-151.35211,-150.48399,-149.61587,-148.74776,-147.87964,-147.01152,-146.1434,-145.27529,-144.40717,-143.53905,-142.67093,-141.80281,-140.9347,-140.06658,-139.19846,-138.33034,-137.46222,-136.59411,-135.72599,-134.85787,-133.98975,-133.12163,-132.25352,-131.3854,-130.51728,-129.64916,-128.78105,-127.91293,-127.04481,-126.17669,-125.30857,-124.44046,-123.57234,-122.70422,-121.8361,-120.96798,-120.09987,-119.23175,-118.36363,-117.49551,-116.6274,-115.75928,-114.89116,-114.02304,-113.15492,-112.28681,-111.41869,-110.55057,-109.68245,-108.81433,-107.94622,-107.0781,-106.20998,-105.34186,-104.47375,-103.60563,-102.73751,-101.86939,-101.00127,-100.13316,-99.26504,-98.39692,-97.5288,-96.66068,-95.79257,-94.92445,-94.05633,-93.18821,-92.32009,-91.45198,-90.58386,-89.71574,-88.84762,-87.97951,-87.11139,-86.24327,-85.37515,-84.50703,-83.63892,-82.7708,-81.90268,-81.03456,-80.16644,-79.29833,-78.43021,-77.56209,-76.69397,-75.82586,-74.95774,-74.08962,-73.2215,-72.35338,-71.48527,-70.61715,-69.74903,-68.88091,-68.01279,-67.14468,-66.27656,-65.40844,-64.54032,-63.67221,-62.80409,-61.93597,-61.06785,-60.19973,-59.33162,-58.4635,-57.59538,-56.72726,-55.85914,-54.99103,-54.12291,-53.25479,-52.38667,-51.51856,-50.65044,-49.78232,-48.9142,-48.04608,-47.17797,-46.30985,-45.44173,-44.57361,-43.70549,-42.83738,-41.96926,-41.10114,-40.23302,-39.3649,-38.49679,-37.62867,-36.76055,-35.89243,-35.02432,-34.1562,-33.28808,-32.41996,-31.55184,-30.68373,-29.81561,-28.94749,-28.07937,-27.21125,-26.34314,-25.47502,-24.6069,-23.73878,-22.87067,-22.00255,-21.13443,-20.26631,-19.39819,-18.53008,-17.66196,-16.79384,-15.92572,-15.0576,-14.18949,-13.32137,-12.45325,-11.58513,-10.71702,-9.8489,-8.98078,-8.11266,-7.24454,-6.37643,-5.50831,-4.64019,-3.77207,-2.90395,-2.03584,-1.16772,-0.2996,0.56852,1.43664,2.30475,3.17287,4.04099,4.90911,5.77722,6.64534,7.51346,8.38158,9.2497,10.11781,10.98593,11.85405,12.72217,13.59029,14.4584,15.32652,16.19464,17.06276,17.93087,18.79899,19.66711,20.53523,21.40335,22.27146,23.13958,24.0077,24.87582,25.74394,26.61205,27.48017,28.34829,29.21641,30.08452,30.95264,31.82076,32.68888,33.557,34.42511,35.29323,36.16135,37.02947,37.89759,38.7657,39.63382,40.50194,41.37006,42.23818,43.10629,43.97441,44.84253,45.71065,46.57876,47.44688,48.315,49.18312,50.05124,50.91935,51.78747,52.65559,53.52371,54.39183,55.25994,56.12806,56.99618,57.8643,58.73241,59.60053,60.46865,61.33677,62.20489,63.073,63.94112,64.80924,65.67736,66.54548,67.41359,68.28171,69.14983,70.01795,70.88606,71.75418,72.6223,73.49042,74.35854,75.22665,76.09477,76.96289,77.83101,78.69913,79.56724,80.43536,81.30348,82.1716,83.03972,83.90783,84.77595,85.64407,86.51219,87.3803,88.24842,89.11654,89.98466,90.85278,91.72089,92.58901,93.45713,94.32525,95.19337,96.06148,96.9296,97.79772,98.66584,99.53395,100.40207,101.27019,102.13831,103.00643,103.87454,104.74266,105.61078,106.4789,107.34702,108.21513,109.08325,109.95137,110.81949,111.6876,112.55572,113.42384,114.29196,115.16008,116.02819,116.89631,117.76443,118.63255,119.50067,120.36878,121.2369,122.10502,122.97314,123.84125,124.70937,125.57749,126.44561,127.31373,128.18184,129.04996,129.91808,130.7862,131.65432,132.52243,133.39055,134.25867,135.12679,135.99491,136.86302,137.73114,138.59926,139.46738,140.33549,141.20361,142.07173,142.93985,143.80797,144.67608,145.5442,146.41232,147.28044,148.14856,149.01667,149.88479,150.75291,151.62103,152.48914,153.35726,154.22538,155.0935,155.96162,156.82973,157.69785,158.56597,159.43409,160.30221,161.17032,162.03844,162.90656,163.77468,164.64279,165.51091,166.37903,167.24715,168.11527,168.98338,169.8515,170.71962,171.58774,172.45586,173.32397,174.19209,175.06021,175.92833,176.79645,177.66456,178.53268,179.4008 -2.47617,-1.42659,-0.71404,-0.68375,-0.88648,-2.15207,-1.41901,-0.73842,-1.98642,-3.3973,-2.97221,-0.3644,1.01287,0.13573,-0.64244,-0.62683,-4.00107,-6.42741,-5.36157,-1.75648,-0.60522,-0.9996,-2.67771,-1.91859,-2.55693,-5.94633,-6.45316,-6.4775,-5.52791,-1.54533,-3.98967,-5.80027,-5.43289,-1.31473,0.26698,nan,-6.28951,-6.43354,-2.65551,2.41586,2.45145,-0.95946,-2.4704,-1.55209,-1.54333,-1.22893,-0.56755,0.70147,1.01594,-0.50166,-6.07828,-6.35201,-4.09476,-3.25158,-4.93879,-5.58656,-6.31783,-6.31066,-6.30323,-6.29612,-6.28879,-6.28116,-6.27362,-6.26594,-6.25799,-5.96119,-2.83643,0.09047,-0.17505,-1.39866,-0.08224,-0.83951,-4.36048,-3.66889,-4.98696,-6.16796,-6.15921,-6.15071,-6.14182,-6.13324,-6.12429,nan,nan,nan,-6.08847,-5.08415,-5.85965,-4.1912,-3.925,-5.36628,-5.9274,-5.18884,-1.88695,-0.74497,-1.87685,0.273,1.4294,2.34303,3.4376,3.27903,1.69254,0.89183,0.76096,-2.23081,-5.90203,-5.89258,-4.34631,-1.28054,-5.11971,nan,nan,-3.12184,-3.72867,-4.56687,-5.55925,-5.79867,-5.78943,-5.78015,-5.77082,-5.76156,-5.75237,-5.68785,-2.75929,-1.41059,0.03689,1.07213,2.01986,2.65561,2.59693,-3.37154,-1.00655,-0.4897,-3.97261,-4.18394,-4.34329,-4.85939,-5.51158,-4.71209,-4.16871,-2.11923,1.30197,-0.40597,-3.57402,-5.55526,-5.54745,-5.53971,-5.53207,-4.72233,-1.49407,-0.86944,-0.60644,-1.4461,-2.96055,-2.10578,-0.63312,-0.6208,-0.59947,-0.57395,-0.8641,-3.21179,-4.15438,-3.98178,-1.53193,0.50392,0.80314,-3.55436,-2.74344,-0.91404,-0.68216,-2.74273,-5.37912,-5.37402,-4.35699,-3.29244,-3.18991,-3.26364,-5.09664,-4.02331,-1.91418,-1.01757,0.08399,-1.00077,-0.0387,2.42181,2.91001,-2.32028,-5.2536,-5.31136,-5.30859,-5.30591,-5.30343,-5.30106,-5.29879,-5.29675,-4.57021,-4.81935,-3.60478,-4.57785,-4.53064,-0.38226,2.08239,0.72947,-3.88372,-5.28321,-4.99559,-1.2621,-0.08433,-0.16102,-2.3262,-3.60441,-4.67944,-1.15979,2.75793,0.28409,-2.90305,-3.77603,-5.07497,-5.2886,-4.6767,-1.83714,-3.62486,-4.28308,0.04119,3.58393,4.1243,3.18833,-2.73007,-4.35065,-5.31207,-5.31504,-4.79592,-4.70375,-4.88826,-5.08496,-5.26873,-5.33604,-5.32844,nan,nan,-5.35238,-5.35682,-5.36137,nan,nan,nan,nan,nan,nan,nan,nan,-4.70566,0.44822,-1.77706,-4.24885,-5.33223,nan,nan,nan,nan,-5.46295,-4.79533,-4.46386,nan,-4.50491,-1.18128,0.5125,0.10711,-0.50402,1.61517,2.80767,-0.62592,-3.76926,-2.54714,0.8274,nan,-2.057,-4.48963,-4.80495,-0.03802,2.32248,-0.42813,1.54474,-1.88617,-5.26511,-3.02311,-3.95546,-0.42388,0.56561,-2.65788,-2.85418,-5.31207,-5.48583,-2.94871,-1.25294,-1.14118,1.08867,1.25117,-0.14681,1.14681,-0.75881,-5.74201,-5.8109,nan,nan,nan,nan,-5.85769,-5.86714,-5.87657,-3.3624,-5.047,-5.82739,-5.91448,-5.92394,-5.9334,-4.30243,-5.00264,-5.96174,-5.97123,-5.98062,-5.98991,-5.56046,-4.78835,-4.59914,-5.92361,-6.03635,-6.04573,-6.05497,-6.06403,-6.07307,-6.08059,-5.68147,-4.68334,-4.97035,-6.11824,-6.12713,-1.99645,-0.44087,-0.44018,-0.42549,-0.4062,-0.50929,-0.39419,-0.40496,-3.94468,-5.73198,-4.83112,-0.00083,0.00264,-0.41318,-0.41379,-0.56898,-3.96698,-6.27615,-6.11606,-4.30636,-4.48906,nan,nan,nan,-3.00927,-0.54823,-0.51521,-0.50931,-0.49832,-0.46702,-0.43186,-0.23161,-0.48864,-0.98407,-1.83813,-2.47249,-1.22673,-0.60029,-0.65486,-1.03138,-4.21619,-6.40616,-6.43525,-5.84963,-5.82421,-5.17648,-2.66997,-0.70427,-0.73079,-0.77498,-0.71896,-0.67927,-0.68929,-0.6967,-0.70242,-0.69809,-0.69477,-0.69454,-0.69506,-0.70686,-0.70486,-3.69671,-6.49945,-6.51195,-5.5416,-1.81856,-4.2748,-4.50955,-3.70554,-6.07734,-4.86919,-6.49955,-3.52943,-0.91721,-4.09128,1.00723,1.16012,-5.02269,-5.13595
391.95 -180.0,-179.14484,-178.28968,-177.43452,-176.57936,-175.7242,-174.86903,-174.01387,-173.15871,-172.30355,-171.44839,-170.59323,-169.73807,-168.88291,-168.02775,-167.17259,-166.31743,-165.46226,-164.6071,-163.75194,-162.89678,-162.04162,-161.18646,-160.3313,-159.47614,-158.62098,-157.76582,-156.91066,-156.0555,-155.20033,-154.34517,-153.49001,-152.63485,-151.77969,-150.92453,-150.06937,-149.21421,-148.35905,-147.50389,-146.64873,-145.79356,-144.9384,-144.08324,-143.22808,-142.37292,-141.51776,-140.6626,-139.80744,-138.95228,-138.09712,-137.24196,-136.38679,-135.53163,-134.67647,-133.82131,-132.96615,-132.11099,-131.25583,-130.40067,-129.54551,-128.69035,-127.83519,-126.98002,-126.12486,-125.2697,-124.41454,-123.55938,-122.70422,-121.84906,-120.9939,-120.13874,-119.28358,-118.42842,-117.57326,-116.71809,-115.86293,-115.00777,-114.15261,-113.29745,-112.44229,-111.58713,-110.73197,-109.87681,-109.02165,-108.16649,-107.31132,-106.45616,-105.601,-104.74584,-103.89068,-103.03552,-102.18036,-101.3252,-100.47004,-99.61488,-98.75972,-97.90455,-97.04939,-96.19423,-95.33907,-94.48391,-93.62875,-92.77359,-91.91843,-91.06327,-90.20811,-89.35295,-88.49778,-87.64262,-86.78746,-85.9323,-85.07714,-84.22198,-83.36682,-82.51166,-81.6565,-80.80134,-79.94618,-79.09102,-78.23585,-77.38069,-76.52553,-75.67037,-74.81521,-73.96005,-73.10489,-72.24973,-71.39457,-70.53941,-69.68425,-68.82908,-67.97392,-67.11876,-66.2636,-65.40844,-64.55328,-63.69812,-62.84296,-61.9878,-61.13264,-60.27748,-59.42231,-58.56715,-57.71199,-56.85683,-56.00167,-55.14651,-54.29135,-53.43619,-52.58103,-51.72587,-50.87071,-50.01554,-49.16038,-48.30522,-47.45006,-46.5949,-45.73974,-44.88458,-44.02942,-43.17426,-42.3191,-41.46394,-40.60878,-39.75361,-38.89845,-38.04329,-37.18813,-36.33297,-35.47781,-34.62265,-33.76749,-32.91233,-32.05717,-31.20201,-30.34684,-29.49168,-28.63652,-27.78136,-26.9262,-26.07104,-25.21588,-24.36072,-23.50556,-22.6504,-21.79524,-20.94007,-20.08491,-19.22975,-18.37459,-17.51943,-16.66427,-15.80911,-14.95395,-14.09879,-13.24363,-12.38847,-11.53331,-10.67814,-9.82298,-8.96782,-8.11266,-7.2575,-6.40234,-5.54718,-4.69202,-3.83686,-2.9817,-2.12654,-1.27137,-0.41621,0.43895,1.29411,2.14927,3.00443,3.85959,4.71475,5.56991,6.42507,7.28023,8.1354,8.99056,9.84572,10.70088,11.55604,12.4112,13.26636,14.12152,14.97668,15.83184,16.687,17.54217,18.39733,19.25249,20.10765,20.96281,21.81797,22.67313,23.52829,24.38345,25.23861,26.09377,26.94893,27.8041,28.65926,29.51442,30.36958,31.22474,32.0799,32.93506,33.79022,34.64538,35.50054,36.3557,37.21087,38.06603,38.92119,39.77635,40.63151,41.48667,42.34183,43.19699,44.05215,44.90731,45.76247,46.61764,47.4728,48.32796,49.18312,50.03828,50.89344,51.7486,52.60376,53.45892,54.31408,55.16924,56.02441,56.87957,57.73473,58.58989,59.44505,60.30021,61.15537,62.01053,62.86569,63.72085,64.57601,65.43117,66.28634,67.1415,67.99666,68.85182,69.70698,70.56214,71.4173,72.27246,73.12762,73.98278,74.83794,75.69311,76.54827,77.40343,78.25859,79.11375,79.96891,80.82407,81.67923,82.53439,83.38955,84.24471,85.09988,85.95504,86.8102,87.66536,88.52052,89.37568,90.23084,91.086,91.94116,92.79632,93.65148,94.50665,95.36181,96.21697,97.07213,97.92729,98.78245,99.63761,100.49277,101.34793,102.20309,103.05825,103.91341,104.76858,105.62374,106.4789,107.33406,108.18922,109.04438,109.89954,110.7547,111.60986,112.46502,113.32018,114.17535,115.03051,115.88567,116.74083,117.59599,118.45115,119.30631,120.16147,121.01663,121.87179,122.72695,123.58212,124.43728,125.29244,126.1476,127.00276,127.85792,128.71308,129.56824,130.4234,131.27856,132.13372,132.98889,133.84405,134.69921,135.55437,136.40953,137.26469,138.11985,138.97501,139.83017,140.68533,141.54049,142.39565,143.25082,144.10598,144.96114,145.8163,146.67146,147.52662,148.38178,149.23694,150.0921,150.94726,151.80242,152.65759,153.51275,154.36791,155.22307,156.07823,156.93339,157.78855,158.64371,159.49887,160.35403,161.20919,162.06436,162.91952,163.77468,164.62984,165.485,166.34016,167.19532,168.05048,168.90564,169.7608,170.61596,171.47113,172.32629,173.18145,174.03661,174.89177,175.74693,176.60209,177.45725,178.31241,179.16757 -3.6986,-5.15631,-1.7817,-0.62736,-0.8041,-3.48193,-4.25677,-4.37314,-5.86548,-6.52335,-6.02923,-2.03106,-0.47249,-0.66903,-0.64628,-1.88969,-4.58626,-6.41406,-3.19462,-0.67013,-0.60537,-0.59647,-0.99355,-1.91143,-4.07142,-5.83803,-6.48275,-6.47913,-6.47534,-3.47231,-1.04071,-1.53508,-1.55488,-3.25806,-4.20354,0.23074,nan,nan,-6.2082,-3.13666,-0.73841,-0.60491,-4.22016,-2.53309,-1.50386,-1.80576,-3.24326,-1.58939,-0.50239,-1.06756,-1.26296,-3.95386,-5.87778,-0.13975,-1.42968,-5.99558,-6.18574,-5.30443,-6.30913,-6.30225,-6.29515,-6.28766,-6.28051,nan,nan,-6.25747,nan,-5.67038,-2.78905,-2.81338,-5.06006,-0.46714,1.20693,-5.21973,-2.19122,-1.07463,-5.66337,-6.16054,-6.15202,-6.14353,-6.13485,-6.12624,-6.11732,nan,-5.9204,-6.09092,-6.08189,-6.07305,-6.06411,-5.52899,-6.0461,-6.03694,-5.38072,-4.54351,-3.56089,-2.00891,-0.05171,1.63376,1.44738,1.76924,1.28055,0.95669,0.9722,0.54141,0.10059,-3.35882,-5.89843,-5.88906,-4.72515,-4.70115,-5.86112,-5.85186,-5.66286,-5.61676,-5.82424,-5.81515,-5.80615,-5.79714,-5.78813,-5.77897,-5.76968,-5.76055,-5.75159,-5.74276,-5.73383,-4.54269,-3.43317,-2.7537,-3.0019,-0.83622,2.07201,-3.38296,1.25832,0.89048,-5.64683,-5.63842,-5.63005,-5.62173,-5.61345,-5.60525,-5.13665,-3.68848,-0.90783,-1.17485,-3.32879,-5.55805,-5.55043,-5.5428,-5.45445,-5.46777,-4.74378,-1.49885,-1.13652,-1.78201,-1.58647,-0.78077,-0.61852,-0.61059,-0.60162,-0.30652,-0.70699,-4.10541,-3.46511,-2.4983,-1.44605,-0.91881,-0.42532,-2.28603,-2.35464,-1.04533,-0.7113,-2.79311,-5.38363,-5.37872,-5.29523,-4.05373,-2.64051,-2.59485,-3.95261,-5.34461,-3.99606,-4.34457,-2.67026,-0.32068,-0.42946,-0.42226,-2.37285,-2.1268,-3.04114,-4.79431,-5.31286,-5.31002,-5.30747,-5.30497,-5.30271,-5.30053,-5.08327,-3.97086,-3.62039,0.26537,-1.49906,-5.2336,-1.97347,-1.82204,0.43886,-2.68355,-5.27867,-5.28473,-3.89944,-0.1321,1.1236,1.20122,1.07225,-2.4008,-4.72938,0.72445,-0.14629,-3.41165,-4.29964,-5.20465,-5.29027,-5.29145,-3.54442,-1.82878,-4.44297,-0.85165,0.52367,-1.10719,-2.63114,-2.82064,0.25437,-3.1085,-4.36963,-5.31855,-5.32166,-5.32496,-5.32835,-5.16092,-2.72242,-0.23322,nan,nan,nan,-5.35562,-5.35999,-5.3645,nan,nan,nan,nan,nan,nan,nan,-5.21824,-3.90663,-1.15572,-4.36891,-5.42753,-5.43357,-5.43979,nan,nan,-5.4584,-5.46512,-1.01505,nan,nan,nan,-2.62538,-1.61927,-1.47123,-0.77831,-0.38622,2.46722,2.19087,-3.11258,-4.28661,-3.27401,0.64327,0.111,-0.20817,-4.57507,-5.60549,-2.3635,2.29075,2.98699,0.57811,-1.89927,0.50359,-0.65265,-1.45076,-0.61202,-3.55188,-5.49488,-4.86415,-2.74175,-3.81336,-3.81482,-4.07773,-3.06864,0.65613,0.5295,0.33492,2.42881,-0.05194,-5.17095,-5.81556,nan,nan,-5.84291,-5.85213,-5.86144,-5.87071,-5.88002,-3.88068,-1.39882,-4.31912,-5.33246,-5.9267,-5.93601,nan,nan,nan,-5.97329,-5.98262,-5.99182,-4.23624,-3.59657,-4.45901,-5.83126,-6.03713,-5.96491,-4.73418,-5.35359,-6.07331,-5.75877,-4.05422,-1.58032,-2.4888,-5.37283,-3.83235,-1.44338,-0.45015,-0.45423,-0.44225,-2.7326,-3.4302,-0.4031,-0.40034,-0.98208,-1.49765,-1.53575,-0.51578,-0.25362,-0.39356,-0.37126,-0.38494,-3.07067,-6.2734,-6.28095,-3.00536,-0.60142,nan,nan,nan,-5.16594,-1.5842,-0.63803,-0.50423,-0.50146,-0.47255,-0.44376,0.08615,1.41316,0.0829,-0.54253,-0.56727,-0.79716,-0.52321,-0.54574,-0.653,-1.50256,-5.21654,-4.53158,-3.88527,-2.68086,-4.72339,-6.23913,-2.43161,-0.67554,-0.70768,-0.73461,-0.6804,-0.64574,-0.6601,-0.66984,-0.67188,-0.67143,-1.89552,-0.82098,-2.1414,-0.86374,-0.71707,-0.73498,-3.76592,-6.51115,-3.80647,-1.50649,-2.37549,-1.35947,-0.64754,-3.04162,-5.61593,-3.85834,-1.95082,-1.61152,-2.31891,2.75712,-0.87593,-5.54611,-5.37629
100.0 -180.0,-176.6482,-173.29639,-169.94459,-166.59279,-163.24098,-159.88918,-156.53738,-153.18558,-149.83377,-146.48197,-143.13017,-139.77836,-136.42656,-133.07476,-129.72295,-126.37115,-123.01935,-119.66754,-116.31574,-112.96394,-109.61213,-106.26033,-102.90853,-99.55673,-96.20492,-92.85312,-89.50132,-86.14951,-82.79771,-79.44591,-76.0941,-72.7423,-69.3905,-66.03869,-62.68689,-59.33509,-55.98329,-52.63148,-49.27968,-45.92788,-42.57607,-39.22427,-35.87247,-32.52066,-29.16886,-25.81706,-22.46525,-19.11345,-15.76165,-12.40984,-9.05804,-5.70624,-2.35444,0.99737,4.34917,7.70097,11.05278,14.40458,17.75638,21.10819,24.45999,27.81179,31.1636,34.5154,37.8672,41.219,44.57081,47.92261,51.27441,54.62622,57.97802,61.32982,64.68163,68.03343,71.38523,74.73704,78.08884,81.44064,84.79245,88.14425,91.49605,94.84785,98.19966,101.55146,104.90326,108.25507,111.60687,114.95867,118.31048,121.66228,125.01408,128.36589,131.71769,135.06949,138.42129,141.7731,145.1249,148.4767,151.82851,155.18031,158.53211,161.88392,165.23572,168.58752,171.93933,175.29113,178.64293 -0.13274,-0.13465,-0.13814,-0.14062,-0.13329,-0.12648,-0.12155,-0.1205,-0.1242,-0.12724,-0.12721,-0.12151,-0.1203,-0.12565,-0.13896,-0.14443,-0.14393,-0.14032,-0.13361,-0.12697,-0.11663,-0.10607,-0.09605,-0.0743,-0.04382,-0.00697,0.01897,0.04302,0.05426,0.06021,0.07099,0.08376,0.07819,0.06437,0.04637,0.02506,0.00471,-0.0077,-0.01514,-0.02112,-0.02025,-0.01659,-0.00995,0.00376,0.02325,0.04613,0.07642,0.09692,0.1132,0.12197,0.12871,0.13349,0.13729,0.12788,0.12607,0.1219,0.12418,0.12657,0.12584,0.12483,0.12588,0.12944,0.12973,0.12989,0.13105,0.1327,0.13077,0.1257,0.12268,0.11814,0.10869,0.09978,0.09318,0.08418,0.07685,0.0686,0.06282,0.05605,0.04369,0.03054,0.02009,0.01383,0.00363,-0.01016,-0.02685,-0.04244,-0.05703,-0.06953,-0.07737,-0.08158,-0.08195,-0.07696,-0.07244,-0.06947,-0.06933,-0.07761,-0.08548,-0.0896,-0.09068,-0.09395,-0.09521,-0.10738,-0.11423,-0.11966,-0.12389,-0.12927,-0.13319,-0.13282
